n,training_count,pair_count,paired_fraction_of_total,paired_fraction_of_training,overlap,nonlinear,method,task_auc_mean,task_auc_std,universal_biological_score_mean,universal_biological_score_std,factor_separation_score_mean,factor_separation_score_std,task_auc_from_acq_mean,task_auc_from_acq_std,chance_normalized_environment_leakage_mean,chance_normalized_environment_leakage_std,paired_biological_invariance_error_mean,paired_biological_invariance_error_std,counterfactual_transport_error_mean,counterfactual_transport_error_std,biology_cca_from_bio_mean,biology_cca_from_bio_std,biology_procrustes_error_mean,biology_procrustes_error_std,n_seeds,recovery_margin,recovered,observational_log10,pair_count_log10_plus_one
500,300,0,0.0,0.0,0.9,False,factorized,0.9643633290997558,0.028209858292666923,0.23688196390867233,0.10700606909391829,0.6025790467858314,0.06944766904099016,0.7852165054620881,0.0687671595206265,0.256,0.18120583753167435,,,,,0.5572438832568484,0.04915275249921081,0.9963036417961121,0.18315887786290885,5,-0.26311803609132767,False,2.6989700043360187,0.0
500,300,0,0.0,0.0,0.9,False,hybrid_curriculum,0.9698843214967147,0.020925164025482383,0.161663419008255,0.09102685009874209,0.47960538864135743,0.1699703411169883,0.7384110558619583,0.048269759573163845,0.28,0.10498677165349087,,,,,0.5388813022637272,0.05015633735022195,1.013558602333069,0.1557589676870358,5,-0.338336580991745,False,2.6989700043360187,0.0
500,300,0,0.0,0.0,0.9,False,operator,0.9680474742167398,0.023136362377715495,0.18762713074684143,0.037959966732537403,0.47018752098083494,0.06811890008730925,0.8174282285667891,0.04478255496072546,0.2773333333333333,0.06759355656339507,,,,,0.5588463519327533,0.060011577936562956,1.0146432757377624,0.34857337741347916,5,-0.31237286925315855,False,2.6989700043360187,0.0
500,300,0,0.0,0.0,0.9,False,pair_consistency,0.9682769410759473,0.020691090502749494,0.17503438591957093,0.08109760167443,0.5526741653680801,0.16267067856819764,0.7279176307431185,0.09033327534713871,0.3066666666666667,0.09285592184789417,,,,,0.5273451124671025,0.03349463379477645,0.9615838170051575,0.2843920470035817,5,-0.32496561408042907,False,2.6989700043360187,0.0
500,300,0,0.0,0.0,0.9,True,factorized,0.9580369276212901,0.029432453135079927,0.25341926217079164,0.09742243296682956,0.6123709872364997,0.11907598056717424,0.7608316396316981,0.07390065914632331,0.24,0.13432961119739922,,,,,0.5684480259647129,0.059043998464250035,0.933673083782196,0.1390127858960462,5,-0.24658073782920836,False,2.6989700043360187,0.0
500,300,0,0.0,0.0,0.9,True,hybrid_curriculum,0.9649207526102227,0.02042287303171837,0.20103873312473297,0.0866076081960927,0.4781133681535721,0.15618371918906304,0.7667105723062171,0.05546373900911476,0.296,0.1418606515015508,,,,,0.48321604486669356,0.048070947425749216,0.9416032910346985,0.08017178435928476,5,-0.29896126687526703,False,2.6989700043360187,0.0
500,300,0,0.0,0.0,0.9,True,operator,0.9625226475517744,0.027832128979364615,0.19883427321910857,0.1217058724285904,0.5229144126176835,0.1040906288755049,0.7511398883031474,0.07044051541341814,0.2506666666666667,0.1280277747643499,,,,,0.5248517617902397,0.054486096661138274,0.9474021792411804,0.26806440714864327,5,-0.30116572678089143,False,2.6989700043360187,0.0
500,300,0,0.0,0.0,0.9,True,pair_consistency,0.9605963390186993,0.027244417354268052,0.20945545434951782,0.1347082514266984,0.539093354344368,0.23996414537952948,0.7717492089009517,0.08002060848623889,0.2666666666666667,0.07542472332656508,,,,,0.5315059223831483,0.042891850141529804,0.9251900434494018,0.2316031500238196,5,-0.29054454565048216,False,2.6989700043360187,0.0
500,300,0,0.0,0.0,0.95,False,factorized,0.9434569517855451,0.03676524390002391,0.20901424884796144,0.09450814841922979,0.524612519145012,0.09592111225853846,0.7793623350789591,0.05891653851717556,0.264,0.13837148068394248,,,,,0.549853572314182,0.06788937609011589,1.0051039934158326,0.2297946022208708,5,-0.29098575115203856,False,2.6989700043360187,0.0
500,300,0,0.0,0.0,0.95,False,hybrid_curriculum,0.9504159728432435,0.02927630434088356,0.1081318199634552,0.07637330373136401,0.3780220657587051,0.1867945361260533,0.7454291965288531,0.06739778922225455,0.328,0.0663994645226066,,,,,0.5425061362895476,0.06060007746545798,1.005230188369751,0.16611127018639993,5,-0.3918681800365448,False,2.6989700043360187,0.0
500,300,0,0.0,0.0,0.95,False,operator,0.9458540427958623,0.02601580486533107,0.15683855414390563,0.05395337406151886,0.39429102540016175,0.11870154895074783,0.8081034967803546,0.03932869364258308,0.288,0.033466401061363026,,,,,0.5476067702433031,0.05329474344151621,1.035217559337616,0.3331115930483214,5,-0.34316144585609437,False,2.6989700043360187,0.0
500,300,0,0.0,0.0,0.95,False,pair_consistency,0.948408560409671,0.02918113526038105,0.15388652086257934,0.08069386963279224,0.44263110458850863,0.19283039600596408,0.7647505853742463,0.08255782765563169,0.336,0.09950991017090825,,,,,0.5368025092229591,0.04330250269325809,0.9891423344612121,0.2743248466485363,5,-0.34611347913742063,False,2.6989700043360187,0.0
500,300,0,0.0,0.0,0.95,True,factorized,0.9386572140740354,0.03520743420255396,0.21303686797618865,0.07618908972975019,0.521550290286541,0.1269365282768116,0.7600729004258708,0.07511845882779042,0.24533333333333335,0.10353743284435829,,,,,0.550941470117683,0.07750384669096036,0.9609765648841858,0.16027902911584702,5,-0.28696313202381135,False,2.6989700043360187,0.0
500,300,0,0.0,0.0,0.95,True,hybrid_curriculum,0.9444952396417504,0.028430873636506912,0.1606594979763031,0.06291554275892271,0.393667134642601,0.15864660903183772,0.7739882044411968,0.061927206024154934,0.32533333333333336,0.12457929201917951,,,,,0.5177402315329633,0.06685551338599412,0.9522341132164002,0.08921228487150702,5,-0.3393405020236969,False,2.6989700043360187,0.0
500,300,0,0.0,0.0,0.95,True,operator,0.9404148203822592,0.031540476087273644,0.15656400024890899,0.08883274059088267,0.42721154987812043,0.10612777162913636,0.7571340321249272,0.08709768360201271,0.25599999999999995,0.06889605697474036,,,,,0.5110424670067971,0.07556966063563228,0.9727376341819763,0.26334291668325854,5,-0.343435999751091,False,2.6989700043360187,0.0
500,300,0,0.0,0.0,0.95,True,pair_consistency,0.9407283455991091,0.032652243779239885,0.17427996695041656,0.10587771573129051,0.4345662832260132,0.22787050053013982,0.7848019230880758,0.07966099834210548,0.288,0.04676180777800049,,,,,0.531528050176663,0.04555979168252115,0.9597571015357971,0.22830388032766777,5,-0.3257200330495834,False,2.6989700043360187,0.0
500,300,2,0.004,0.006666666666666667,0.9,False,factorized,0.9682060594672652,0.020875455948649993,0.17941997051239014,0.0711737237227536,0.44655451774597166,0.13178261244849293,0.7897073879600149,0.08063909057528691,0.29333333333333333,0.09888264649460882,,,,,0.5376624657589192,0.03699255788569166,1.338891577720642,0.17783266427636696,5,-0.3205800294876099,False,2.6989700043360187,0.47712125471966244
500,300,2,0.004,0.006666666666666667,0.9,False,hybrid_curriculum,0.9652330871672341,0.018564623070749887,0.2584652841091156,0.08657968260978513,0.57790467441082,0.0662720574569615,0.7483728307168278,0.09977607444194073,0.24,0.1143095213298816,,,,,0.5548925112764193,0.053611087730354,0.9452468037605286,0.15283200798550964,5,-0.24153471589088438,False,2.6989700043360187,0.47712125471966244
500,300,2,0.004,0.006666666666666667,0.9,False,operator,0.9702023532504789,0.014827475702404181,0.2844888210296631,0.07203404045395684,0.5834638878703118,0.1664224363434369,0.8003485786198536,0.11477122302559932,0.272,0.11297984087634592,,,,,0.5115575404916919,0.09280034397559199,0.8538402557373047,0.14488174443931384,5,-0.2155111789703369,False,2.6989700043360187,0.47712125471966244
500,300,2,0.004,0.006666666666666667,0.9,False,pair_consistency,0.9623615012768392,0.02155975916379199,0.25603108406066893,0.05789833445229808,0.6181619435548782,0.15940575586226163,0.7397715171865847,0.04744749741165452,0.288,0.06706547381311624,,,,,0.5198060417225112,0.06344668615617705,1.0367412090301513,0.2721485141982072,5,-0.24396891593933107,False,2.6989700043360187,0.47712125471966244
500,300,2,0.004,0.006666666666666667,0.9,True,factorized,0.9587632392473898,0.025655070644516494,0.1661666750907898,0.050858667569851655,0.48446648120880126,0.11883335964454496,0.7370175877887386,0.07220247570751931,0.29066666666666663,0.11407599805977298,,,,,0.5256406733031299,0.09107940283298208,1.1971212387084962,0.12409037709134332,5,-0.3338333249092102,False,2.6989700043360187,0.47712125471966244
500,300,2,0.004,0.006666666666666667,0.9,True,hybrid_curriculum,0.9633925718693275,0.020649217980937263,0.2558550864458084,0.10917162693382335,0.5745331764221191,0.06001492248153526,0.7344914491400425,0.11529737515211443,0.2293333333333333,0.11290113669342156,,,,,0.5260399246796656,0.05878044856494202,0.9107045292854309,0.09695840459467593,5,-0.2441449135541916,False,2.6989700043360187,0.47712125471966244
500,300,2,0.004,0.006666666666666667,0.9,True,operator,0.966998554088302,0.019067997119906886,0.2979562014341354,0.04634654500627191,0.6238842964172363,0.18242868474093185,0.7809085982605601,0.10453265215414816,0.22133333333333333,0.07808826914318037,,,,,0.5165734148899463,0.09126603849863071,0.8264631509780884,0.10735965083146375,5,-0.20204379856586457,False,2.6989700043360187,0.47712125471966244
500,300,2,0.004,0.006666666666666667,0.9,True,pair_consistency,0.9625998562516793,0.019227664331072973,0.2953064113855362,0.04672064453056665,0.625581219792366,0.15513980875098377,0.7620817600856767,0.04652609387349777,0.184,0.06626545941220893,,,,,0.47340802018831785,0.058459423029979786,0.9831075668334961,0.18056132793642496,5,-0.2046935886144638,False,2.6989700043360187,0.47712125471966244
500,300,2,0.004,0.006666666666666667,0.95,False,factorized,0.9443375280160374,0.031352480673218566,0.14961398243904114,0.09142742514413228,0.36818199753761294,0.12588397217153238,0.7849509722343043,0.07000603926394028,0.24533333333333332,0.10180591556704569,,,,,0.5337649599384359,0.03853338149810235,1.297104835510254,0.07245780072446986,5,-0.3503860175609589,False,2.6989700043360187,0.47712125471966244
500,300,2,0.004,0.006666666666666667,0.95,False,hybrid_curriculum,0.9448835829597539,0.023530535610874176,0.21950438916683196,0.07115312888884462,0.48387269079685213,0.08894259042988585,0.7568017968926701,0.0989022135537325,0.24533333333333332,0.10439242203233806,,,,,0.5502118153185113,0.051540796876388656,0.9752701997756958,0.16343362706325917,5,-0.28049561083316804,False,2.6989700043360187,0.47712125471966244
500,300,2,0.004,0.006666666666666667,0.95,False,operator,0.9499345229879392,0.01776568521462089,0.23950519263744355,0.07702401191296712,0.48173087537288667,0.17974320300187085,0.8062751794437581,0.1002052295706003,0.2666666666666667,0.08944271909999159,,,,,0.5183053043635036,0.07374276751777643,0.8920914888381958,0.12049732016060082,5,-0.2604948073625565,False,2.6989700043360187,0.47712125471966244
500,300,2,0.004,0.006666666666666667,0.95,False,pair_consistency,0.941053030758197,0.02587608429840969,0.2035127103328705,0.06133995718440847,0.48999266922473905,0.16129435239012158,0.7631911111111112,0.04105859713799063,0.27466666666666667,0.13616982860465904,,,,,0.4888797750632269,0.07292480892561211,1.0678389191627502,0.2679440634939132,5,-0.2964872896671295,False,2.6989700043360187,0.47712125471966244
500,300,2,0.004,0.006666666666666667,0.95,True,factorized,0.9375372140740353,0.03311957646130615,0.14205451607704161,0.03118232071740345,0.40680990517139437,0.0986099956958313,0.7395443475167844,0.07888670063878568,0.2773333333333333,0.11940593694526992,,,,,0.5216053271024231,0.09255285873523655,1.1835530281066895,0.06769806529612571,5,-0.3579454839229584,False,2.6989700043360187,0.47712125471966244
500,300,2,0.004,0.006666666666666667,0.95,True,hybrid_curriculum,0.943685903346846,0.024197518361662524,0.19698138236999513,0.07211318440734803,0.4540811091661453,0.07404979618816168,0.743536679599376,0.1135698568261666,0.264,0.11290113669342157,,,,,0.49948125102692237,0.06686915116561956,0.9524284958839416,0.1058158319625561,5,-0.30301861763000487,False,2.6989700043360187,0.47712125471966244
500,300,2,0.004,0.006666666666666667,0.95,True,operator,0.9467317895274052,0.020466885484765975,0.2522944211959839,0.04999183373344062,0.5107853710651398,0.15407834847383747,0.7883637381522657,0.11453015374073798,0.25600000000000006,0.11329411085998936,,,,,0.5083160244146803,0.09903509862126765,0.8685307741165161,0.1007820363090966,5,-0.2477055788040161,False,2.6989700043360187,0.47712125471966244
500,300,2,0.004,0.006666666666666667,0.95,True,pair_consistency,0.9440131526233682,0.022271166959696796,0.24194458425045012,0.05781053359243407,0.5057106405496598,0.15144032530489437,0.7730346017440792,0.0404073541361443,0.2053333333333333,0.06572670690061994,,,,,0.45944864045735007,0.06479467330623415,1.0104944705963135,0.1708362436593339,5,-0.2580554157495499,False,2.6989700043360187,0.47712125471966244
500,300,5,0.01,0.016666666666666666,0.9,False,factorized,0.9651694455560001,0.020945403402206433,0.249270436167717,0.03887685263789962,0.5539191454648972,0.19792962529391928,0.7868171788135545,0.07243431146141674,0.2506666666666667,0.08506206884126179,,,,,0.5576643044172693,0.04490538831337879,1.3888156771659852,1.039729507187674,5,-0.250729563832283,False,2.6989700043360187,0.7781512503836436
500,300,5,0.01,0.016666666666666666,0.9,False,hybrid_curriculum,0.9639518644945901,0.02053356475290796,0.39860937744379044,0.0385503924364733,0.6745451673865318,0.12157372620990445,0.7694917693454193,0.06058307146126419,0.18666666666666665,0.08379870059984355,,,,,0.5589308224987174,0.07366954377549548,0.998628568649292,0.3247693333648625,5,-0.10139062255620956,False,2.6989700043360187,0.7781512503836436
500,300,5,0.01,0.016666666666666666,0.9,False,operator,0.9577791864958544,0.026840214099280165,0.2820425480604172,0.028794709715420273,0.6607889235019684,0.07836477467016051,0.7495465953724485,0.03370497658590501,0.26399999999999996,0.03932768321000697,,,,,0.5120578877325352,0.033669714421053556,1.0969818115234375,0.3049365640680161,5,-0.21795745193958282,False,2.6989700043360187,0.7781512503836436
500,300,5,0.01,0.016666666666666666,0.9,False,pair_consistency,0.9652394855526751,0.026255984868128513,0.3186562567949295,0.08779305047551612,0.6717617839574814,0.11914296880112932,0.7333165128466845,0.11029676716269983,0.21066666666666664,0.061391276977180505,,,,,0.4894024557756308,0.10196111286093788,0.8891073107719422,0.10887854814347397,5,-0.18134374320507052,False,2.6989700043360187,0.7781512503836436
500,300,5,0.01,0.016666666666666666,0.9,True,factorized,0.96188948066183,0.025633939173607206,0.24598567485809325,0.08319935604774809,0.5856219619512558,0.15321658047009537,0.7653006123802177,0.06193064392738737,0.23733333333333334,0.09399763590407771,,,,,0.5655576456703725,0.03973246221138901,1.189265787601471,0.6935596488332801,5,-0.25401432514190675,False,2.6989700043360187,0.7781512503836436
500,300,5,0.01,0.016666666666666666,0.9,True,hybrid_curriculum,0.9593942261735611,0.019159288782061426,0.3622502237558365,0.04645303984903753,0.6448263317346573,0.13286634839821534,0.7636241291492442,0.05415418129622887,0.192,0.06837803415977645,,,,,0.5149601981076938,0.04435164461751386,0.9583970904350281,0.1960844301401495,5,-0.1377497762441635,False,2.6989700043360187,0.7781512503836436
500,300,5,0.01,0.016666666666666666,0.9,True,operator,0.9555509805081452,0.02847607297959557,0.2837565362453461,0.07160526617883302,0.6763031095266342,0.14576566734061186,0.7249266774535901,0.05125340856930016,0.19466666666666668,0.058575687030636786,,,,,0.5267695045904554,0.05412086691212546,1.0665296077728272,0.2670796303456618,5,-0.21624346375465392,False,2.6989700043360187,0.7781512503836436
500,300,5,0.01,0.016666666666666666,0.9,True,pair_consistency,0.9592310869081931,0.027798078408658403,0.32489738166332244,0.08295720894476913,0.6407698214054107,0.12979577024669878,0.7445671433404281,0.11450555852909008,0.1333333333333333,0.09092121131323902,,,,,0.4553011995203368,0.07820999890285743,0.8820657372474671,0.09948777487524664,5,-0.17510261833667756,False,2.6989700043360187,0.7781512503836436
500,300,5,0.01,0.016666666666666666,0.95,False,factorized,0.9489072133587735,0.027394317837902533,0.21139521896839142,0.030525772403694227,0.44718439877033234,0.16366791067346592,0.7987898332279771,0.06532981749448026,0.2586666666666667,0.10180591556704574,,,,,0.5446687267685209,0.06604660201227379,1.3872712135314942,0.9918085407442941,5,-0.2886047810316086,False,2.6989700043360187,0.7781512503836436
500,300,5,0.01,0.016666666666666666,0.95,False,hybrid_curriculum,0.9438388812529842,0.026367898786414014,0.3068527042865753,0.015045387847114107,0.5289041876792908,0.11381003033237168,0.7849961235895325,0.05805571856544608,0.16799999999999998,0.03069563848859023,,,,,0.5443047698638688,0.045169833572690166,1.0403350114822387,0.2762480815458451,5,-0.1931472957134247,False,2.6989700043360187,0.7781512503836436
500,300,5,0.01,0.016666666666666666,0.95,False,operator,0.9375077171351632,0.03270303949980513,0.22841508090496063,0.03613905264078597,0.5475758582353591,0.12350784870068925,0.7573841634818178,0.032203231972030864,0.2693333333333333,0.03699849846803096,,,,,0.5034957242179365,0.034063805888391196,1.1415371537208556,0.29380646916156766,5,-0.27158491909503935,False,2.6989700043360187,0.7781512503836436
500,300,5,0.01,0.016666666666666666,0.95,False,pair_consistency,0.9456097221497295,0.030252359131606312,0.26330208480358125,0.07492301087409473,0.5325732350349426,0.06396682760469531,0.7527754849959307,0.11918667508238275,0.184,0.04844240566555987,,,,,0.4941698599035648,0.07605979116010463,0.9221473813056946,0.10729242631469996,5,-0.23669791519641875,False,2.6989700043360187,0.7781512503836436
500,300,5,0.01,0.016666666666666666,0.95,True,factorized,0.9426646750680948,0.032399122749342334,0.21652959585189818,0.04405740869668502,0.4802976816892624,0.12522862938644427,0.7753364860533585,0.07800620491307904,0.24266666666666667,0.07854227453345677,,,,,0.5517733732667911,0.04592378921513231,1.2020874857902526,0.6568848594427393,5,-0.2834704041481018,False,2.6989700043360187,0.7781512503836436
500,300,5,0.01,0.016666666666666666,0.95,True,hybrid_curriculum,0.935363310309631,0.027322950606859735,0.3050643473863602,0.05888844459411908,0.5285445570945739,0.14879884134951676,0.7757890374700604,0.05940157165557688,0.1733333333333333,0.0549747416749021,,,,,0.5074718598574739,0.05816790484212749,0.9900354385375977,0.17038670775567194,5,-0.19493565261363982,False,2.6989700043360187,0.7781512503836436
500,300,5,0.01,0.016666666666666666,0.95,True,operator,0.9329643150786884,0.031020453387240268,0.23466646373271943,0.05832245810082412,0.5457681208848953,0.1564833732764578,0.7519143198148825,0.06544325733527483,0.22666666666666666,0.03999999999999999,,,,,0.5188443050761714,0.06438785609680114,1.103204321861267,0.2275497046428895,5,-0.26533353626728057,False,2.6989700043360187,0.7781512503836436
500,300,5,0.01,0.016666666666666666,0.95,True,pair_consistency,0.9396062844074828,0.03084312180829886,0.2726631835103035,0.08387645846689143,0.5178394868969918,0.12867062072652047,0.7629016977225673,0.1055988327931121,0.16,0.05887840577551898,,,,,0.4758178515488744,0.0667414511938749,0.9197169423103333,0.0982066301764442,5,-0.2273368164896965,False,2.6989700043360187,0.7781512503836436
500,300,10,0.02,0.03333333333333333,0.9,False,factorized,0.9614810438184935,0.02749615741598908,0.1262548565864563,0.10725460092858452,0.4980224549770355,0.2150395775155544,0.7339652166180481,0.11138651563782649,0.312,0.12809718532773814,,,,,0.49727123450231964,0.053181090948837335,1.5629863500595094,0.4215069184253607,5,-0.3737451434135437,False,2.6989700043360187,1.0413926851582251
500,300,10,0.02,0.03333333333333333,0.9,False,hybrid_curriculum,0.9702025453273098,0.016917138084887002,0.3718261867761612,0.062233909693068065,0.6509407937526703,0.15222414104902482,0.7974111692986373,0.1071315806256464,0.18666666666666668,0.08379870059984357,,,,,0.47957771247272935,0.08132104497544913,0.8611872792243958,0.20419024260458477,5,-0.1281738132238388,False,2.6989700043360187,1.0413926851582251
500,300,10,0.02,0.03333333333333333,0.9,False,operator,0.9652328248787437,0.017494652740337284,0.31645648926496506,0.07188521516623896,0.6498553410172463,0.21466751575682358,0.7638810663975735,0.1206259222660986,0.17866666666666667,0.10004443457228836,,,,,0.5211416039482459,0.049456643141583004,0.9154719471931457,0.21867380087265822,5,-0.18354351073503494,False,2.6989700043360187,1.0413926851582251
500,300,10,0.02,0.03333333333333333,0.9,False,pair_consistency,0.9687574914796837,0.016675386880747902,0.3859322890639305,0.06425035188678037,0.7404932141304016,0.1817702266230373,0.7555538806827078,0.12447029811179795,0.11466666666666665,0.08568676806965135,,,,,0.5521024028068637,0.08592778283215151,0.9104113459587098,0.2653111687165692,5,-0.11406771093606949,False,2.6989700043360187,1.0413926851582251
500,300,10,0.02,0.03333333333333333,0.9,True,factorized,0.9558759930638923,0.02938373051246082,0.19256695806980134,0.09585120257579043,0.5383044809103013,0.221534887306492,0.7395249216208223,0.08252932279424659,0.2586666666666667,0.12132600710482484,,,,,0.4686879307848722,0.062399053830762774,1.353913950920105,0.32679355028486906,5,-0.30743304193019866,False,2.6989700043360187,1.0413926851582251
500,300,10,0.02,0.03333333333333333,0.9,True,hybrid_curriculum,0.9663581699346405,0.018484242234912837,0.34753655046224596,0.1154393229709489,0.6160647228360177,0.23023185784603725,0.8024635808332995,0.09608415114915468,0.15199999999999997,0.0916999939415968,,,,,0.5373283907081368,0.04029745031150009,0.8407340764999389,0.15200819196889134,5,-0.15246344953775404,False,2.6989700043360187,1.0413926851582251
500,300,10,0.02,0.03333333333333333,0.9,True,operator,0.9629181761206898,0.02024716673676901,0.33299630880355835,0.06948934568971239,0.6643809422850608,0.2345479547409449,0.7605951086134938,0.08065160577306657,0.152,0.08722894524691266,,,,,0.49440673248856,0.052194959438656374,0.8978642582893371,0.18839741399482238,5,-0.16700369119644165,False,2.6989700043360187,1.0413926851582251
500,300,10,0.02,0.03333333333333333,0.9,True,pair_consistency,0.9647558846533784,0.021111026841197835,0.34643193930387495,0.06994678905175288,0.6848127081990242,0.18749832844893258,0.7531674725155763,0.09059257224495078,0.13866666666666666,0.08874432689223324,,,,,0.4921074718061623,0.046684569811208616,0.8913345217704773,0.2053999271328182,5,-0.15356806069612505,False,2.6989700043360187,1.0413926851582251
500,300,10,0.02,0.03333333333333333,0.95,False,factorized,0.9373677786476909,0.031461167751813665,0.133879417181015,0.10650333421810268,0.4626451790332794,0.22559087099231973,0.7156988434794208,0.11152112805982047,0.2986666666666667,0.07217263254786328,,,,,0.5122238206457641,0.023982090784036483,1.5500357151031494,0.3991535198816479,5,-0.36612058281898496,False,2.6989700043360187,1.0413926851582251
500,300,10,0.02,0.03333333333333333,0.95,False,hybrid_curriculum,0.9488861150643831,0.02240919906358681,0.2899624973535538,0.04963206810252553,0.5318295031785965,0.1648384313770845,0.7994552319091888,0.09151382780542555,0.19466666666666665,0.0629638344166272,,,,,0.47311910824013814,0.03585153588861319,0.9003461241722107,0.16885139627492932,5,-0.21003750264644622,False,2.6989700043360187,1.0413926851582251
500,300,10,0.02,0.03333333333333333,0.95,False,operator,0.9459312742294985,0.022946107498687966,0.24456363320350646,0.0900778658562854,0.5291844606399536,0.24693650138855502,0.7495840025672105,0.12688499688294716,0.16799999999999998,0.0751886516259823,,,,,0.4947618536295395,0.051499094682832425,0.9350797653198242,0.22034991892979874,5,-0.2554363667964935,False,2.6989700043360187,1.0413926851582251
500,300,10,0.02,0.03333333333333333,0.95,False,pair_consistency,0.9509738414399577,0.023880312145695165,0.3085124060511589,0.05819095495455627,0.606931684911251,0.1807012250765322,0.7643186795877772,0.11871501343941426,0.13066666666666665,0.08401058134412459,,,,,0.49268954105526747,0.07504350680101345,0.9481810688972473,0.20488782258472266,5,-0.19148759394884107,False,2.6989700043360187,1.0413926851582251
500,300,10,0.02,0.03333333333333333,0.95,True,factorized,0.934808521128258,0.031237310660545227,0.165804323554039,0.09061964259351543,0.4522040784358978,0.21566429613872212,0.7377173926575461,0.0879008098979786,0.272,0.08305286134611968,,,,,0.4942541781938938,0.05829079266205434,1.34039648771286,0.29569940292169705,5,-0.334195676445961,False,2.6989700043360187,1.0413926851582251
500,300,10,0.02,0.03333333333333333,0.95,True,hybrid_curriculum,0.9472111079794236,0.023549306521530804,0.27751495838165285,0.11924850560255497,0.5043495386838913,0.23120134182885824,0.809170822570574,0.06922431894045093,0.184,0.10889342394184222,,,,,0.47335781492258305,0.06284766863085449,0.89431791305542,0.13819979017169254,5,-0.22248504161834715,False,2.6989700043360187,1.0413926851582251
500,300,10,0.02,0.03333333333333333,0.95,True,operator,0.9423360141351227,0.026252302724115127,0.2826425790786743,0.08735903421002224,0.5385387718677521,0.2686655237748818,0.774142852116692,0.07966405299452449,0.17066666666666666,0.049351348062191346,,,,,0.49987984878484887,0.03326799831389468,0.9169219374656677,0.17617186548328553,5,-0.2173574209213257,False,2.6989700043360187,1.0413926851582251
500,300,10,0.02,0.03333333333333333,0.95,True,pair_consistency,0.9484176467881837,0.025653126781319792,0.28431105315685273,0.05966165942174467,0.5712361514568329,0.193514174102446,0.7585193785340223,0.09326533519526677,0.13599999999999998,0.047516079149881235,,,,,0.455032042364161,0.07671520555321772,0.9378769516944885,0.1579687698793005,5,-0.21568894684314727,False,2.6989700043360187,1.0413926851582251
500,300,15,0.03,0.05,0.9,False,factorized,0.9662825835261641,0.02216291926431028,0.21018562614917755,0.04648664751684153,0.5083861857652664,0.07753712391356546,0.79138614007922,0.044271292397510896,0.23733333333333334,0.07854227453345677,,,,,0.5762418384137493,0.05686419806226793,1.3583147764205932,0.42508617480668914,5,-0.2898143738508224,False,2.6989700043360187,1.2041199826559248
500,300,15,0.03,0.05,0.9,False,hybrid_curriculum,0.9714097305782217,0.016933226301826587,0.4934392038732767,0.09389832105344015,0.7365526501089334,0.16777687388971185,0.7910161492229741,0.059723791257838145,0.06666666666666668,0.02309401076758502,,,,,0.5858525936574436,0.0567950860326266,0.7704785704612732,0.11426827520689843,5,-0.006560796126723278,False,2.6989700043360187,1.2041199826559248
500,300,15,0.03,0.05,0.9,False,operator,0.9732423181446492,0.014322813838641391,0.37975461781024933,0.06718877987151015,0.7348744362592697,0.12166900930059742,0.7481267054454632,0.10282416080620821,0.18933333333333333,0.03699849846803096,,,,,0.5728240320608118,0.03789324518651611,0.8019335985183715,0.08361067026237279,5,-0.12024538218975067,False,2.6989700043360187,1.2041199826559248
500,300,15,0.03,0.05,0.9,False,pair_consistency,0.9724542722209657,0.01712828871772073,0.3969469919800758,0.0891198090014349,0.7537354722619056,0.17930651915851842,0.7308065015378131,0.07178396429156146,0.128,0.05042045440317074,,,,,0.46511460161018325,0.07542930428059215,0.7975654482841492,0.09463151316609023,5,-0.10305300801992417,False,2.6989700043360187,1.2041199826559248
500,300,15,0.03,0.05,0.9,True,factorized,0.9617146619807343,0.027427354269029945,0.22608795762062073,0.07225349903739439,0.49828983545303346,0.08690108073904218,0.7994779991996799,0.05945983566094213,0.22666666666666666,0.08110350040397626,,,,,0.5238454362184463,0.06246332419270558,1.2276334524154664,0.33914193293612616,5,-0.2739120423793793,False,2.6989700043360187,1.2041199826559248
500,300,15,0.03,0.05,0.9,True,hybrid_curriculum,0.9642023625295529,0.022414539539089708,0.43908276706933974,0.06596618294148598,0.6891786769032479,0.12519651736797094,0.7831784611042484,0.06713093536356195,0.039999999999999994,0.03771236166328253,,,,,0.5517881536485735,0.07223138250709188,0.8142809629440307,0.10548995689209935,5,-0.06091723293066026,False,2.6989700043360187,1.2041199826559248
500,300,15,0.03,0.05,0.9,True,operator,0.9645187874570118,0.021086969643445502,0.3624205902218819,0.026365079914449103,0.7337463602423668,0.11557413472686169,0.722411857264645,0.12174876164671858,0.13333333333333336,0.055777335102271716,,,,,0.44559139988908125,0.03991996543801447,0.8297593832015991,0.07936207448029393,5,-0.1375794097781181,False,2.6989700043360187,1.2041199826559248
500,300,15,0.03,0.05,0.9,True,pair_consistency,0.9653252302273566,0.021148641056255104,0.40501753576099875,0.0884854456384043,0.7301022309809924,0.16475980508510646,0.7541748465183175,0.06496420146666576,0.11733333333333332,0.03183289703016885,,,,,0.44308495763331585,0.06614593414469035,0.8343906998634338,0.09465513747009464,5,-0.09498246423900125,False,2.6989700043360187,1.2041199826559248
500,300,15,0.03,0.05,0.95,False,factorized,0.945615044471895,0.027303691654209757,0.17124849557876587,0.04098596446023269,0.3932717561721802,0.07010364323972978,0.8092523862491857,0.046880510725902644,0.2373333333333333,0.06953815898882826,,,,,0.5648395039052823,0.0711793179607378,1.362535262107849,0.42515246488272296,5,-0.32875150442123413,False,2.6989700043360187,1.2041199826559248
500,300,15,0.03,0.05,0.95,False,hybrid_curriculum,0.9561884618581733,0.02211865946929309,0.3923348441720009,0.06864277443805973,0.5742951467633247,0.12963215889497856,0.8038631890244019,0.0531395386377086,0.144,0.08401058134412462,,,,,0.5658677962873115,0.053851787099646366,0.8621504426002502,0.10527516217852209,5,-0.10766515582799913,False,2.6989700043360187,1.2041199826559248
500,300,15,0.03,0.05,0.95,False,operator,0.9528120394437968,0.023540830587055892,0.2995320692658424,0.08596695500444922,0.5870519652962685,0.1378728531118219,0.7602335309389456,0.09493828359497965,0.17066666666666666,0.09587028273198692,,,,,0.5612498376108783,0.04260343037857273,0.8438130736351013,0.10335112402113622,5,-0.20046793073415758,False,2.6989700043360187,1.2041199826559248
500,300,15,0.03,0.05,0.95,False,pair_consistency,0.9550771289771948,0.02766917988510055,0.3495405465364456,0.06356569167851824,0.6404770344495774,0.15166488666100214,0.7436074599115008,0.06941573815700189,0.14666666666666667,0.03265986323710905,,,,,0.4445152820748445,0.07015390712266877,0.8643789649009704,0.11196227178710125,5,-0.15045945346355438,False,2.6989700043360187,1.2041199826559248
500,300,15,0.03,0.05,0.95,True,factorized,0.940651312428353,0.03133560072350623,0.187296000123024,0.040993848449457596,0.3922115921974182,0.08641949757543267,0.8170959902415073,0.04319892480661501,0.20533333333333337,0.08773698067393121,,,,,0.49651270306717715,0.07107884600167247,1.2421300888061524,0.3219699518788505,5,-0.312703999876976,False,2.6989700043360187,1.2041199826559248
500,300,15,0.03,0.05,0.95,True,hybrid_curriculum,0.9464951694300907,0.025849894700215127,0.36312268376350404,0.046705296734244756,0.5578519582748414,0.12150558595892477,0.7945706409327016,0.06750251140018391,0.07200000000000001,0.020221001184137454,,,,,0.5139229559636785,0.04682458697802313,0.9024785757064819,0.09913920714697239,5,-0.13687731623649596,False,2.6989700043360187,1.2041199826559248
500,300,15,0.03,0.05,0.95,True,operator,0.9449763342631738,0.027035139176708634,0.3030465319752693,0.04290661191414973,0.6027995392680168,0.16403275889272378,0.7398158083716578,0.11370494299397411,0.144,0.06422183775355891,,,,,0.44412867285533525,0.05233853279093987,0.8808889031410218,0.08100574165683791,5,-0.19695346802473068,False,2.6989700043360187,1.2041199826559248
500,300,15,0.03,0.05,0.95,True,pair_consistency,0.9469059648593736,0.025304870466738266,0.353928379714489,0.06823007904455483,0.6017855510115624,0.14831330095627457,0.7750253375166493,0.04913709650193818,0.10400000000000001,0.057657995494505725,,,,,0.42491062368502613,0.061062252223850796,0.89948068857193,0.11005917211054946,5,-0.14607162028551102,False,2.6989700043360187,1.2041199826559248
500,300,20,0.04,0.06666666666666667,0.9,False,factorized,0.9657289973767285,0.020446226076721846,0.2562607765197754,0.07462592979426252,0.6158602833747864,0.11020676504321932,0.7083132674132455,0.08311023416391147,0.22933333333333333,0.05992588014465128,,,,,0.5837365424531096,0.07329461152197725,1.3677045106887817,0.7378873831323807,5,-0.2437392234802246,False,2.6989700043360187,1.3222192947339193
500,300,20,0.04,0.06666666666666667,0.9,False,hybrid_curriculum,0.9778115584011383,0.01251773891056567,0.45503242686390877,0.08233087735009535,0.7681305356323719,0.1966328230444054,0.7610949031979941,0.1098255217248207,0.10399999999999998,0.0750703373880493,,,,,0.599552464203887,0.07538220858481895,0.7625079989433289,0.07874464929237217,5,-0.04496757313609123,False,2.6989700043360187,1.3222192947339193
500,300,20,0.04,0.06666666666666667,0.9,False,operator,0.9776568425244493,0.011300806737571051,0.41729645282030103,0.05439669886101485,0.717264537513256,0.11276831206013116,0.7822201214398803,0.11694701854850285,0.16533333333333336,0.05042045440317074,,,,,0.5586577423413305,0.06775836091982053,0.7373350620269775,0.09422586220601158,5,-0.08270354717969897,False,2.6989700043360187,1.3222192947339193
500,300,20,0.04,0.06666666666666667,0.9,False,pair_consistency,0.9786185133763651,0.012901753029207243,0.5033660903573036,0.07600829738342922,0.803656317293644,0.19149476258376372,0.7955624856319339,0.10030126848305258,0.056000000000000015,0.047516079149881235,,,,,0.5642331743084414,0.1050248240364589,0.7629562020301819,0.10083194624437694,5,0.0033660903573036194,True,2.6989700043360187,1.3222192947339193
500,300,20,0.04,0.06666666666666667,0.9,True,factorized,0.9598834664300503,0.022620811353385235,0.24503186643123626,0.08174953896335342,0.5950390130281449,0.07368702166208213,0.7202594687343536,0.07225836436435695,0.24,0.08793937305515279,,,,,0.5534975177682868,0.037809275807930746,1.2311434507369996,0.5333003934570767,5,-0.25496813356876374,False,2.6989700043360187,1.3222192947339193
500,300,20,0.04,0.06666666666666667,0.9,True,hybrid_curriculum,0.9711635790161475,0.015522832398882538,0.44340452887117865,0.07994110851484129,0.751366725936532,0.1669876982462431,0.7679423537530955,0.09880249919699065,0.07733333333333334,0.044621868081817374,,,,,0.5296746702796369,0.045738197891594994,0.7981348991394043,0.0833435675916521,5,-0.05659547112882135,False,2.6989700043360187,1.3222192947339193
500,300,20,0.04,0.06666666666666667,0.9,True,operator,0.9730905339913744,0.013222435395842787,0.43643478979356587,0.022695332152864508,0.7158218734432011,0.10878597464860813,0.7976632144645297,0.06503215285543539,0.10933333333333335,0.07624521842931094,,,,,0.5060951997163949,0.09499799839130967,0.7706797122955322,0.10933386113821818,5,-0.06356521020643413,False,2.6989700043360187,1.3222192947339193
500,300,20,0.04,0.06666666666666667,0.9,True,pair_consistency,0.9726909212380604,0.014574745263731093,0.45330711770802734,0.043018165574506134,0.7530084567144513,0.1328558805224775,0.7847771289385319,0.07481972807715181,0.06399999999999999,0.12872019611890312,,,,,0.4887865176293539,0.0736008536863404,0.8081291437149047,0.09184506361431867,5,-0.04669288229197266,False,2.6989700043360187,1.3222192947339193
500,300,20,0.04,0.06666666666666667,0.95,False,factorized,0.9435408820919673,0.027536735617953823,0.20506582856178285,0.07549020244368335,0.4853421300649643,0.1251594030182968,0.7335361151223775,0.0987198869473744,0.24,0.07241853660800145,,,,,0.5507494355142082,0.09785096480276557,1.364770269393921,0.686745776895822,5,-0.29493417143821715,False,2.6989700043360187,1.3222192947339193
500,300,20,0.04,0.06666666666666667,0.95,False,hybrid_curriculum,0.9637913522897081,0.017640044185568367,0.38097668066620827,0.08980023300429937,0.6441047199070453,0.20828576318644723,0.7753759915560426,0.09533935477962392,0.13333333333333336,0.07423685817106694,,,,,0.5572128452998705,0.049449752308423946,0.8284558176994323,0.08784317902290223,5,-0.11902331933379173,False,2.6989700043360187,1.3222192947339193
500,300,20,0.04,0.06666666666666667,0.95,False,operator,0.9609945463016125,0.01691841478927661,0.34016278833150865,0.06088568617750026,0.6022242531180382,0.13478175770155992,0.7678865594546997,0.10552676174075268,0.152,0.04279148409568325,,,,,0.5383341957329605,0.07034727341531812,0.7941728711128235,0.10214805272362522,5,-0.15983721166849135,False,2.6989700043360187,1.3222192947339193
500,300,20,0.04,0.06666666666666667,0.95,False,pair_consistency,0.9641257837241177,0.02061174826432411,0.431724825501442,0.06979646186948643,0.6776001766324043,0.17410696274762655,0.8005431202819292,0.09661389149317764,0.09866666666666667,0.08773698067393121,,,,,0.5239646794429901,0.07557789000335666,0.8693520545959472,0.08213032807773842,5,-0.06827517449855802,False,2.6989700043360187,1.3222192947339193
500,300,20,0.04,0.06666666666666667,0.95,True,factorized,0.939777729371942,0.028865982691433412,0.1997569292783737,0.07226439857905335,0.49645386934280394,0.12038242415398334,0.7275348476008761,0.08534436791765611,0.22666666666666666,0.07601169500660915,,,,,0.5432962098366179,0.061508079148687195,1.2195934414863587,0.468266566631872,5,-0.30024307072162626,False,2.6989700043360187,1.3222192947339193
500,300,20,0.04,0.06666666666666667,0.95,True,hybrid_curriculum,0.9561020862064634,0.019707271128256598,0.38312574177980424,0.06819548766673104,0.6355241879820823,0.1833458510691975,0.7764649972839377,0.09326568754387873,0.11733333333333336,0.0738767742783737,,,,,0.5033406253025603,0.0389869429930906,0.8608325719833374,0.08269660321818695,5,-0.11687425822019576,False,2.6989700043360187,1.3222192947339193
500,300,20,0.04,0.06666666666666667,0.95,True,operator,0.9549906603800942,0.015423733406500294,0.3540119811892509,0.032991600215886534,0.6016883596777916,0.14391143901423387,0.7795698920341083,0.05655555182677857,0.10933333333333335,0.06759355656339508,,,,,0.48112616453808627,0.11614004259257783,0.8306931972503662,0.11100578835565059,5,-0.14598801881074908,False,2.6989700043360187,1.3222192947339193
500,300,20,0.04,0.06666666666666667,0.95,True,pair_consistency,0.9544286312012729,0.01956939045843693,0.3977171048521996,0.06242394437079653,0.6391401454806328,0.1443616885890517,0.7920564060986713,0.07184805568787547,0.05866666666666668,0.0825159917160843,,,,,0.45906168172764117,0.04721418026026819,0.8989219427108764,0.0735258168807124,5,-0.10228289514780042,False,2.6989700043360187,1.3222192947339193
500,300,30,0.06,0.1,0.9,False,factorized,0.9560271049482594,0.028341550753622723,0.16358793377876282,0.04336547554360563,0.44645053446292876,0.12107877521145259,0.7923185475156246,0.11335430147557347,0.30133333333333334,0.04173993557999607,,,,,0.5142259320514386,0.09425994535350672,2.421833539009094,1.9655625386521844,5,-0.3364120662212372,False,2.6989700043360187,1.4913616938342726
500,300,30,0.06,0.1,0.9,False,hybrid_curriculum,0.9798256666144718,0.01383392690419285,0.48209215700626373,0.05500382623841462,0.7144131302833557,0.13559529431598896,0.7914788612256497,0.07879626037917098,0.09866666666666667,0.03841296077570116,,,,,0.5270528237565331,0.09288153170509052,0.7517275094985962,0.09106288062498143,5,-0.017907842993736267,False,2.6989700043360187,1.4913616938342726
500,300,30,0.06,0.1,0.9,False,operator,0.9788639606567264,0.014578421103888668,0.46296711564064025,0.0948324093804058,0.6974833726882934,0.09133069053774244,0.8454751475856043,0.08250015202122804,0.16,0.132664991614216,,,,,0.6528750915921213,0.055560717088100085,0.7251196384429932,0.10883259973404698,5,-0.03703288435935975,False,2.6989700043360187,1.4913616938342726
500,300,30,0.06,0.1,0.9,False,pair_consistency,0.9789398062606685,0.013307934980547617,0.4902185581624508,0.03214195130571916,0.7102874241769314,0.08417742312733954,0.8565151630507275,0.024460964482998046,0.05066666666666667,0.04935134806219131,,,,,0.5230752026189925,0.06207900712109084,0.766846752166748,0.09365162576307075,5,-0.009781441837549198,False,2.6989700043360187,1.4913616938342726
500,300,30,0.06,0.1,0.9,True,factorized,0.9512309454023156,0.029849257600046496,0.22534883618354798,0.03836500373251432,0.505423155426979,0.10958515582154553,0.775266315994997,0.13336775256708353,0.2586666666666667,0.08251599171608429,,,,,0.5042073430635142,0.06533275094921247,1.944264280796051,1.3414099479242523,5,-0.27465116381645205,False,2.6989700043360187,1.4913616938342726
500,300,30,0.06,0.1,0.9,True,hybrid_curriculum,0.9738169127361089,0.014622431206983153,0.4403901256620884,0.06032824068239306,0.6755444504320621,0.15793611102988192,0.7812045769032251,0.08817252620335565,0.11200000000000002,0.11948035635850586,,,,,0.5253396419227597,0.030681439080163797,0.7894446134567261,0.10097531102463847,5,-0.059609874337911595,False,2.6989700043360187,1.4913616938342726
500,300,30,0.06,0.1,0.9,True,operator,0.9732552708039737,0.016704277665226055,0.42923234328627585,0.10470733603754094,0.6589143685996532,0.1274763251209682,0.8469150040692606,0.07387346399596349,0.152,0.11059435388441448,,,,,0.586459628686935,0.07647373319778715,0.7675810575485229,0.10968996639085328,5,-0.07076765671372415,False,2.6989700043360187,1.4913616938342726
500,300,30,0.06,0.1,0.9,True,pair_consistency,0.9718924733178296,0.01313899433466926,0.45880941972136496,0.04181818163647164,0.7139621995389461,0.10189562400419529,0.8170044370211853,0.020552498200550065,0.06933333333333336,0.08506206884126179,,,,,0.48921111062878353,0.08921018246379858,0.7888929009437561,0.10570573840760018,5,-0.041190580278635036,False,2.6989700043360187,1.4913616938342726
500,300,30,0.06,0.1,0.95,False,factorized,0.9367996588393812,0.03443733960940778,0.13959679007530212,0.048590623355324165,0.35190859735012053,0.08899437025442422,0.817331180278875,0.08738009312406309,0.2853333333333333,0.060809356005287384,,,,,0.47567331341530544,0.0922310483479638,2.4227965831756593,1.983394907112303,5,-0.3604032099246979,False,2.6989700043360187,1.4913616938342726
500,300,30,0.06,0.1,0.95,False,hybrid_curriculum,0.9690977574411408,0.017505119518960506,0.41762608736753465,0.05832836166979395,0.632277549803257,0.15064352532028585,0.7790968480918938,0.06745429216321788,0.10933333333333335,0.051982903172314465,,,,,0.5019977647634637,0.05380274241086243,0.8433818936347961,0.10405746505228082,5,-0.08237391263246535,False,2.6989700043360187,1.4913616938342726
500,300,30,0.06,0.1,0.95,False,operator,0.9681369540279879,0.020605207407209242,0.3739773169159889,0.11130715107837162,0.5646639600396156,0.10600389688524273,0.8437977468088684,0.0663796261250979,0.18133333333333335,0.10938210294396634,,,,,0.581648067689269,0.033663505963297084,0.7899236559867859,0.09875997424390512,5,-0.1260226830840111,False,2.6989700043360187,1.4913616938342726
500,300,30,0.06,0.1,0.95,False,pair_consistency,0.9675681650437953,0.01505342295459494,0.4260704018175602,0.03500845617657332,0.5806646443903446,0.08218927214740436,0.8660694804685158,0.016651212897109215,0.07200000000000002,0.08671793355471522,,,,,0.48422774717972866,0.0637600706704442,0.8277209520339965,0.09326720167752954,5,-0.07392959818243983,False,2.6989700043360187,1.4913616938342726
500,300,30,0.06,0.1,0.95,True,factorized,0.9313638545273182,0.034045166085400584,0.2186891883611679,0.06110445894615234,0.44450495541095736,0.08040941644755079,0.7906409903864928,0.10196585467833334,0.23733333333333334,0.093523615556001,,,,,0.4757625221021919,0.0814845646180895,1.9543612241744994,1.3404470918944131,5,-0.2813108116388321,False,2.6989700043360187,1.4913616938342726
500,300,30,0.06,0.1,0.95,True,hybrid_curriculum,0.9625292978640732,0.01624156312601276,0.38122439160943034,0.06395515850483448,0.5784803666174412,0.15666993438894206,0.7824069698217451,0.0763869974976206,0.136,0.12592766883325435,,,,,0.5097094824681437,0.049766772214560384,0.8908884286880493,0.1017239231132616,5,-0.11877560839056966,False,2.6989700043360187,1.4913616938342726
500,300,30,0.06,0.1,0.95,True,operator,0.9572379034705669,0.021347144064599654,0.36657326072454455,0.1122557606643212,0.5510470911860466,0.1421903940990889,0.8383613126023356,0.08068806565099389,0.136,0.11865917579353062,,,,,0.5320340189996972,0.09563755680590935,0.8478447794914246,0.0995281015468432,5,-0.13342673927545545,False,2.6989700043360187,1.4913616938342726
500,300,30,0.06,0.1,0.95,True,pair_consistency,0.9586026082703614,0.018192685949797206,0.3983036279678345,0.03840849877062382,0.5726794421672821,0.10520052636231396,0.8289804898964416,0.035951947648434096,0.07466666666666669,0.08033264176742437,,,,,0.4394803000336842,0.09595538452410726,0.8814958453178405,0.09002595428115166,5,-0.10169637203216553,False,2.6989700043360187,1.4913616938342726
500,300,40,0.08,0.13333333333333333,0.9,False,factorized,0.9585975131308562,0.02287949387148722,0.2827880412340164,0.05103857987291106,0.5412165254354477,0.09173695160647986,0.8307637526894815,0.03906765683858448,0.2373333333333333,0.07017438595701742,,,,,0.5484283746032311,0.04608003815751356,1.5165738463401794,0.49179273628740194,5,-0.2172119587659836,False,2.6989700043360187,1.6127838567197355
500,300,40,0.08,0.13333333333333333,0.9,False,hybrid_curriculum,0.9826207026192119,0.009570070966309534,0.5044264189898968,0.05405588176382244,0.7882194392383098,0.13164163358548484,0.7743723180479921,0.08690621787085899,0.072,0.0636657940603377,,,,,0.5188501140166186,0.07666937641612973,0.7636115312576294,0.08575449384566904,5,0.004426418989896819,True,2.6989700043360187,1.6127838567197355
500,300,40,0.08,0.13333333333333333,0.9,False,operator,0.980297870027238,0.011896894449687802,0.4527894154191017,0.11667408969960505,0.7881376966834068,0.13692980733234145,0.7727917423974421,0.067220989069497,0.11466666666666667,0.11139519239576226,,,,,0.6256096460412826,0.04886508172813576,0.7153469204902649,0.07702389930871847,5,-0.047210584580898274,False,2.6989700043360187,1.6127838567197355
500,300,40,0.08,0.13333333333333333,0.9,False,pair_consistency,0.9838998610072048,0.00898136883768602,0.5386331816203892,0.036310798646771565,0.8668887306936085,0.14583425227315108,0.7483517336596475,0.1146461811910512,0.02666666666666668,0.032659863237109045,,,,,0.5601593993661661,0.035003462788120186,0.7546766996383667,0.082800076781895,5,0.0386331816203892,True,2.6989700043360187,1.6127838567197355
500,300,40,0.08,0.13333333333333333,0.9,True,factorized,0.9552339060455101,0.024494795416099426,0.27959477007389066,0.06081573379143248,0.5391411036252975,0.09180016668453186,0.8220535275752813,0.027792636749498164,0.23466666666666666,0.10774455387113027,,,,,0.512554503726626,0.04471708120868428,1.3114373922348022,0.3095690633056391,5,-0.22040522992610934,False,2.6989700043360187,1.6127838567197355
500,300,40,0.08,0.13333333333333333,0.9,True,hybrid_curriculum,0.9772542660349164,0.012204729502408019,0.467120248824358,0.07486398042767005,0.771147108823061,0.16433738953962673,0.7518341554206224,0.09067807836647529,0.07733333333333334,0.08506206884126177,,,,,0.5236343953194644,0.05374570147650309,0.7907301306724548,0.08459212360062406,5,-0.032879751175642014,False,2.6989700043360187,1.6127838567197355
500,300,40,0.08,0.13333333333333333,0.9,True,operator,0.9764519776606295,0.015034375316053065,0.43627352118492124,0.08019917135517807,0.7743036195635795,0.14753994264767034,0.7416118221588153,0.06992202299906311,0.10666666666666666,0.08379870059984358,,,,,0.5582390185019721,0.0758094727387615,0.7550012469291687,0.0907998092418519,5,-0.06372647881507876,False,2.6989700043360187,1.6127838567197355
500,300,40,0.08,0.13333333333333333,0.9,True,pair_consistency,0.9778159688996372,0.01493204875247355,0.4857777003198862,0.056689115106937936,0.8193574730306864,0.13363593981914387,0.7445877215427233,0.09979505085276343,0.029333333333333333,0.02732520204255892,,,,,0.48002615471517507,0.047656905970719414,0.7860600233078003,0.09521004053285549,5,-0.014222299680113792,False,2.6989700043360187,1.6127838567197355
500,300,40,0.08,0.13333333333333333,0.95,False,factorized,0.937286043770165,0.02995370271553655,0.2159716784954071,0.052725992716143893,0.41466612815856935,0.08282087588110681,0.8329261278231099,0.04151804415725593,0.2826666666666667,0.05198290317231449,,,,,0.5498294583188771,0.04372640430239097,1.5173313975334168,0.48739871919573413,5,-0.2840283215045929,False,2.6989700043360187,1.6127838567197355
500,300,40,0.08,0.13333333333333333,0.95,False,hybrid_curriculum,0.9762971048129396,0.012126140316927993,0.43480914980173113,0.03859339825832221,0.6539287969470025,0.089617585865929,0.7915397616437879,0.08148537234919044,0.09866666666666667,0.09023426301700603,,,,,0.5031565513348077,0.07754473399180173,0.8358327150344849,0.11327686384058502,5,-0.06519085019826887,False,2.6989700043360187,1.6127838567197355
500,300,40,0.08,0.13333333333333333,0.95,False,operator,0.972045028871452,0.015437231215716777,0.37388096302747725,0.09874949570573574,0.640747819840908,0.14776191308875228,0.7826691164968403,0.07783633882382834,0.13066666666666668,0.0829457654133109,,,,,0.5799190709181374,0.06836661275624623,0.7742545008659363,0.10097975756968572,5,-0.12611903697252275,False,2.6989700043360187,1.6127838567197355
500,300,40,0.08,0.13333333333333333,0.95,False,pair_consistency,0.9755738498684497,0.01326520772216046,0.4676230657845736,0.05814668802691533,0.719039948657155,0.13120441784283043,0.7796104477733122,0.08773222456343674,0.05066666666666667,0.051982903172314486,,,,,0.5000177065226598,0.048686728680010324,0.8207173824310303,0.10302311578223218,5,-0.03237693421542642,False,2.6989700043360187,1.6127838567197355
500,300,40,0.08,0.13333333333333333,0.95,True,factorized,0.9360106463454947,0.03244006227351907,0.22570254206657409,0.06546410151109468,0.4251551806926727,0.11856708581027119,0.8283157432248262,0.032283470306804785,0.22400000000000003,0.0732727022081818,,,,,0.5043891257063924,0.03669670981132118,1.3206888437271118,0.3078592475742537,5,-0.2742974579334259,False,2.6989700043360187,1.6127838567197355
500,300,40,0.08,0.13333333333333333,0.95,True,hybrid_curriculum,0.9678033611125609,0.013806457226136642,0.41142613664269445,0.07283855247260862,0.6616181381046772,0.18084451927028325,0.7601819691354803,0.08679207874583653,0.08266666666666667,0.1194059369452699,,,,,0.4983201197943572,0.04013585645683464,0.8785285472869873,0.097323282701281,5,-0.08857386335730555,False,2.6989700043360187,1.6127838567197355
500,300,40,0.08,0.13333333333333333,0.95,True,operator,0.965478851482622,0.019460802987646988,0.3372356742620468,0.053823441007645974,0.6124232575297356,0.14425354653412392,0.7465543165672066,0.10254768425853648,0.15999999999999998,0.08432740427115676,,,,,0.538348066190874,0.06857800743562648,0.8267769694328309,0.09979569216306335,5,-0.16276432573795319,False,2.6989700043360187,1.6127838567197355
500,300,40,0.08,0.13333333333333333,0.95,True,pair_consistency,0.9666866449768314,0.01970970931533872,0.43980569802224634,0.05211336151062074,0.718517204746604,0.13388712509969605,0.7581763429236429,0.0781851912843616,0.05333333333333333,0.09092121131323902,,,,,0.4287781072556577,0.051153073599019015,0.8703184247016906,0.10193120000513663,5,-0.06019430197775366,False,2.6989700043360187,1.6127838567197355
500,300,50,0.1,0.16666666666666666,0.9,False,factorized,0.9616336923175067,0.027924639893677144,0.2419725626707077,0.10757778246045038,0.6106261909008026,0.07269074458625,0.7096772520022501,0.06199556610590973,0.312,0.09361861163489042,,,,,0.6004565803640455,0.0777594416876049,1.1893059611320496,0.36287045014282554,5,-0.2580274373292923,False,2.6989700043360187,1.7075701760979363
500,300,50,0.1,0.16666666666666666,0.9,False,hybrid_curriculum,0.9819017972406353,0.009731912338073698,0.5377662718296051,0.03950211055931936,0.8387544080615044,0.15435547951191664,0.7522640037270947,0.11049789403700662,0.05066666666666667,0.0642218377535589,,,,,0.592074775880127,0.07296564224227617,0.7378757715225219,0.08207414706383319,5,0.037766271829605125,True,2.6989700043360187,1.7075701760979363
500,300,50,0.1,0.16666666666666666,0.9,False,operator,0.9807067581428706,0.01322345742024954,0.4927538260817528,0.04315251365453062,0.9181923806667328,0.10731097904451357,0.6857337485718926,0.05058086355342153,0.07733333333333334,0.09304718038596213,,,,,0.5849157335311126,0.09907765120343325,0.7339774608612061,0.08855472847421215,5,-0.007246173918247223,False,2.6989700043360187,1.7075701760979363
500,300,50,0.1,0.16666666666666666,0.9,False,pair_consistency,0.9827817972406354,0.010745490787791984,0.5330156968906522,0.043850520572671865,0.7976012514904142,0.050755085099562315,0.8145771296344625,0.05189773069356835,0.05066666666666667,0.0502438498171114,,,,,0.566532153927426,0.06729213085640591,0.7399009227752685,0.08696614014454726,5,0.0330156968906522,True,2.6989700043360187,1.7075701760979363
500,300,50,0.1,0.16666666666666666,0.9,True,factorized,0.9557925109367418,0.03017963702754,0.25867254436016085,0.11518577124788812,0.6096662938594818,0.08273788056757293,0.709265188432861,0.07589801826657763,0.27466666666666667,0.1521987005346775,,,,,0.5411545790975972,0.03937257683619619,1.0786482095718384,0.2582260148368325,5,-0.24132745563983915,False,2.6989700043360187,1.7075701760979363
500,300,50,0.1,0.16666666666666666,0.9,True,hybrid_curriculum,0.9776551974992896,0.01241813487365398,0.4960945650935173,0.03857937743634397,0.7698715701699257,0.15112464391397912,0.7710874536481259,0.08027489667341652,0.06666666666666667,0.06036923425424943,,,,,0.5379927095367736,0.034700441266198756,0.7677847266197204,0.09717631609047273,5,-0.0039054349064827076,False,2.6989700043360187,1.7075701760979363
500,300,50,0.1,0.16666666666666666,0.9,True,operator,0.9761384844565846,0.01488447578208614,0.4496229972690344,0.06572388653863849,0.831130626425147,0.12081044985202977,0.7221726923813003,0.04984592614086565,0.12799999999999997,0.11179346035335776,,,,,0.534379034636556,0.0640300898938471,0.7600284576416015,0.106632562650335,5,-0.050377002730965625,False,2.6989700043360187,1.7075701760979363
500,300,50,0.1,0.16666666666666666,0.9,True,pair_consistency,0.9791003824911607,0.012752456545735246,0.4893170766532421,0.029773558546371294,0.7702861420810223,0.06507512221356831,0.7830575921962988,0.07756150039644466,0.034666666666666665,0.025991451586157226,,,,,0.5047177628709162,0.07584053903512598,0.7712544322013855,0.09315452710700634,5,-0.010682923346757911,False,2.6989700043360187,1.7075701760979363
500,300,50,0.1,0.16666666666666666,0.95,False,factorized,0.9396033557770934,0.030016177627505664,0.1559216558933258,0.05914329146830542,0.4471237599849701,0.05977624602908435,0.7337890383979679,0.0630608885026776,0.328,0.11835915211291811,,,,,0.5871665196159611,0.05727089633094614,1.1754551172256469,0.3427095074453178,5,-0.3440783441066742,False,2.6989700043360187,1.7075701760979363
500,300,50,0.1,0.16666666666666666,0.95,False,hybrid_curriculum,0.9743630575321915,0.01158655362529182,0.46628458276391027,0.02918709592781396,0.6956311710178852,0.154237731667237,0.7751430983987798,0.09095178886444504,0.10133333333333334,0.06706547381311623,,,,,0.5588271461401337,0.0801011069467838,0.8046125769615173,0.11083794004914471,5,-0.03371541723608973,False,2.6989700043360187,1.7075701760979363
500,300,50,0.1,0.16666666666666666,0.95,False,operator,0.974055747903026,0.01617360115890973,0.39854150265455246,0.05628925542139708,0.765557299554348,0.12591683125814263,0.6842700883251851,0.09947623077572021,0.11466666666666667,0.11139519239576226,,,,,0.544913084705146,0.09766522787527368,0.7832744598388672,0.10924015995301481,5,-0.10145849734544754,False,2.6989700043360187,1.7075701760979363
500,300,50,0.1,0.16666666666666666,0.95,False,pair_consistency,0.9778146822013831,0.012244702417101103,0.4628307089209557,0.05326656721559017,0.6532945737242699,0.07534035980123283,0.8331218793217771,0.026555813887015837,0.08,0.06599663291074444,,,,,0.518653617292504,0.06992933473556645,0.8084296822547913,0.08619169603428753,5,-0.03716929107904432,False,2.6989700043360187,1.7075701760979363
500,300,50,0.1,0.16666666666666666,0.95,True,factorized,0.9357652630907435,0.031345996648045965,0.20259639024734497,0.11091558718088652,0.4764787763357162,0.10410643086703095,0.7377903250962221,0.0749737601433168,0.29333333333333333,0.17256238807393048,,,,,0.5409786494960871,0.03496087705093779,1.082539141178131,0.2548703377641595,5,-0.297403609752655,False,2.6989700043360187,1.7075701760979363
500,300,50,0.1,0.16666666666666666,0.95,True,hybrid_curriculum,0.9665927608531335,0.013043272689404924,0.41237893104553225,0.06868297711566718,0.624320337176323,0.15929806393571405,0.7966029701542452,0.06045770642242418,0.09066666666666665,0.07740226812639994,,,,,0.4687189812555957,0.05760943201491198,0.8603449106216431,0.10691666241943201,5,-0.08762106895446775,False,2.6989700043360187,1.7075701760979363
500,300,50,0.1,0.16666666666666666,0.95,True,operator,0.9641994628189441,0.018759328428032265,0.37546723186969755,0.08278363799071088,0.6934524655342102,0.15054882254865956,0.729678992137918,0.08255536841513507,0.13066666666666665,0.11677138157766036,,,,,0.475308413342055,0.05732371468096299,0.8340466260910034,0.10119938991779046,5,-0.12453276813030245,False,2.6989700043360187,1.7075701760979363
500,300,50,0.1,0.16666666666666666,0.95,True,pair_consistency,0.9708466708035871,0.014987686016026349,0.43584503307938577,0.02748109520433802,0.6424300886690617,0.057820541983806935,0.8044920530531053,0.05547348832794215,0.07733333333333334,0.08240819808193302,,,,,0.4976750478581019,0.06414159688377961,0.854024350643158,0.09007920531698994,5,-0.06415496692061423,False,2.6989700043360187,1.7075701760979363
500,300,60,0.12,0.2,0.9,False,factorized,0.9670752960507875,0.023078458255015834,0.2673772633075714,0.06403698752360404,0.6102688163518906,0.18121592163863554,0.7611011260542864,0.09225138172680536,0.27466666666666667,0.04770278351999553,,,,,0.6088051292453015,0.04855781457950394,1.3688085913658141,0.5897667090906006,5,-0.2326227366924286,False,2.6989700043360187,1.7853298350107671
500,300,60,0.12,0.2,0.9,False,hybrid_curriculum,0.9832639544706773,0.010200185250683697,0.5415017353370786,0.051082617094140595,0.7863016488030553,0.16032443234105978,0.7845401161817384,0.13642958948483197,0.013333333333333345,0.013333333333333346,,,,,0.5808411228690028,0.04094530415001603,0.7397961378097534,0.10018120584038984,5,0.04150173533707857,True,2.6989700043360187,1.7853298350107671
500,300,60,0.12,0.2,0.9,False,operator,0.9823033431343552,0.01037336567081362,0.5256544195115567,0.04805646124643843,0.7524242185056209,0.09080605595074447,0.8438869176269541,0.08996209767283979,0.06666666666666668,0.05887840577551896,,,,,0.6168730688880539,0.03232977428955287,0.7350594997406006,0.08021167984280717,5,0.02565441951155667,True,2.6989700043360187,1.7853298350107671
500,300,60,0.12,0.2,0.9,False,pair_consistency,0.9822163210404934,0.00932851065966584,0.5532064475119114,0.07291424988835064,0.790395850688219,0.1757996063733525,0.8300607337041097,0.09270484638430643,0.02133333333333334,0.03346640106136302,,,,,0.5795931509854464,0.057547639162787385,0.7795937299728394,0.08558987672942887,5,0.05320644751191139,True,2.6989700043360187,1.7853298350107671
500,300,60,0.12,0.2,0.9,True,factorized,0.9614753373426665,0.02564913219912873,0.23497245609760284,0.05993664223273282,0.5759028494358063,0.15455836658520755,0.769248590643987,0.09429274607006805,0.2693333333333333,0.11977757163453708,,,,,0.5560708569619577,0.05588969470280473,1.2115879297256469,0.4355431142486595,5,-0.26502754390239713,False,2.6989700043360187,1.7853298350107671
500,300,60,0.12,0.2,0.9,True,hybrid_curriculum,0.9769305629111548,0.014590731072960121,0.4966402793303132,0.035473712469717665,0.7529572943225503,0.16210890586553384,0.777403703046436,0.12603073740528492,0.021333333333333336,0.03069563848859024,,,,,0.49416242969502144,0.04525847734484603,0.7710049510002136,0.09464031424796757,5,-0.0033597206696868165,False,2.6989700043360187,1.7853298350107671
500,300,60,0.12,0.2,0.9,True,operator,0.9744513084847466,0.01605974091890175,0.4547677844762802,0.05937075222275293,0.703721222281456,0.14756550919829725,0.8218724076297186,0.06794111808709652,0.09333333333333334,0.07774602526460402,,,,,0.5476796105247592,0.09428752506536595,0.7636895775794983,0.0826071399343126,5,-0.04523221552371981,False,2.6989700043360187,1.7853298350107671
500,300,60,0.12,0.2,0.9,True,pair_consistency,0.9752472181142988,0.015660361673930586,0.5055796781554818,0.07435820156682998,0.7330998161807656,0.13896644201254674,0.8335012118857204,0.0737356762479219,0.05066666666666667,0.04657133119086128,,,,,0.540788195646285,0.081260157528117,0.7962766289710999,0.07752080821476026,5,0.005579678155481771,True,2.6989700043360187,1.7853298350107671
500,300,60,0.12,0.2,0.95,False,factorized,0.9485702312615867,0.028084178124420586,0.21961463391780853,0.049710914570142185,0.5153410881757736,0.14890572658075438,0.7609950224727572,0.09641608769826975,0.2533333333333333,0.06182412330330469,,,,,0.603476613030192,0.022568723998221144,1.334667706489563,0.5957859349816603,5,-0.28038536608219145,False,2.6989700043360187,1.7853298350107671
500,300,60,0.12,0.2,0.95,False,hybrid_curriculum,0.9775729762436376,0.012741399300919075,0.4793107308447361,0.06300175800486878,0.6757005430758,0.15180325697994215,0.7928530176901679,0.11854652686208916,0.04000000000000001,0.03651483716701107,,,,,0.541002187715089,0.04286839530040197,0.8056429147720336,0.11278927994734694,5,-0.020689269155263923,False,2.6989700043360187,1.7853298350107671
500,300,60,0.12,0.2,0.95,False,operator,0.9750967495790587,0.015361211063981412,0.4336110755801201,0.05363355847388466,0.6137852892279625,0.0766716021863466,0.8470810325289536,0.07735964315656156,0.11733333333333332,0.04657133119086128,,,,,0.5805634194215452,0.06616019503281344,0.7681933164596557,0.10107786282660283,5,-0.06638892441987992,False,2.6989700043360187,1.7853298350107671
500,300,60,0.12,0.2,0.95,False,pair_consistency,0.9759662484510713,0.012007801025717265,0.5041543051600457,0.05817861911848274,0.699046216905117,0.1615693339739043,0.8334334529947245,0.07560308420147287,0.018666666666666682,0.017888543819998333,,,,,0.5548927296756663,0.049609379450672876,0.8242936134338379,0.11109589331643763,5,0.004154305160045668,True,2.6989700043360187,1.7853298350107671
500,300,60,0.12,0.2,0.95,True,factorized,0.9424919816042359,0.031175851777085473,0.23210544288158416,0.06166175432295485,0.5108940303325653,0.16106022573776288,0.7683622852039367,0.0926594306518657,0.23466666666666666,0.06436009805945159,,,,,0.5393639342215101,0.048004880957824736,1.1985097765922545,0.4347230821645915,5,-0.2678945571184158,False,2.6989700043360187,1.7853298350107671
500,300,60,0.12,0.2,0.95,True,hybrid_curriculum,0.9698827466832144,0.01778246060914215,0.44551787674427035,0.039027321541244955,0.6396012902259827,0.16744848042822455,0.7928386533743932,0.11096560204487739,0.053333333333333344,0.04320493798938573,,,,,0.4604176993479337,0.0521850374469771,0.8563815116882324,0.1111160134898107,5,-0.05448212325572965,False,2.6989700043360187,1.7853298350107671
500,300,60,0.12,0.2,0.95,True,operator,0.9639592480083821,0.020188338126316555,0.389390204846859,0.09218865137257817,0.5926070913672448,0.13717326951808506,0.8221144089713179,0.06580849729145041,0.12266666666666666,0.11091538316312223,,,,,0.5042308642855006,0.08057651577595015,0.8283683300018311,0.09052574013812953,5,-0.11060979515314101,False,2.6989700043360187,1.7853298350107671
500,300,60,0.12,0.2,0.95,True,pair_consistency,0.9677963100989189,0.018163846099537258,0.4555572189390659,0.0650650782541838,0.6289825476706028,0.13284447475592193,0.8439104108503305,0.0501721752968088,0.058666666666666686,0.047702783519995524,,,,,0.5399950502839408,0.0655940686825919,0.8603091955184936,0.11787394545133606,5,-0.04444278106093408,False,2.6989700043360187,1.7853298350107671
500,300,75,0.15,0.25,0.9,False,factorized,0.9628438092918327,0.02838920557572156,0.25907541811466217,0.07303747835351208,0.6124957799911499,0.14263615399511115,0.7412649086687815,0.07541729946182624,0.21600000000000003,0.08814130069887155,,,,,0.5443839960560561,0.04101237942942792,1.239155375957489,0.2553282889942107,5,-0.24092458188533783,False,2.6989700043360187,1.8808135922807914
500,300,75,0.15,0.25,0.9,False,hybrid_curriculum,0.98422321199011,0.009932614310818698,0.5416529316455125,0.041334398013207825,0.812299545481801,0.1481163542573594,0.7642874086446172,0.05082661523522211,0.03466666666666668,0.015202339001321832,,,,,0.5802364731603323,0.08556787493529555,0.7628248453140258,0.09330516362640916,5,0.041652931645512536,True,2.6989700043360187,1.8808135922807914
500,300,75,0.15,0.25,0.9,False,operator,0.980782667772423,0.01232625179879989,0.5174709983170033,0.08455765219832344,0.8322238154709339,0.15968920892776706,0.7875628977774685,0.1014637874469152,0.08533333333333334,0.052153619241621194,,,,,0.6372690325978938,0.050540113175609074,0.7197426676750183,0.10392745725752711,5,0.017470998317003272,True,2.6989700043360187,1.8808135922807914
500,300,75,0.15,0.25,0.9,False,pair_consistency,0.9843073343733628,0.01135256311168402,0.5611059723421932,0.06664307280010791,0.8326423821970821,0.18637227166065465,0.8156562692323306,0.06920158850002771,0.045333333333333344,0.045801504099513786,,,,,0.5918988872280989,0.08096437133275419,0.7385466933250427,0.08787209106902465,5,0.06110597234219317,True,2.6989700043360187,1.8808135922807914
500,300,75,0.15,0.25,0.9,True,factorized,0.9577186273929861,0.03252782233886123,0.3056610181927681,0.1311874854186807,0.6695154920220375,0.17360933466995127,0.7355393858412931,0.08788052189067724,0.20800000000000002,0.1465454044163636,,,,,0.5520978567955506,0.03544456421585611,1.1135425925254823,0.1766925887951516,5,-0.19433898180723191,False,2.6989700043360187,1.8808135922807914
500,300,75,0.15,0.25,0.9,True,hybrid_curriculum,0.9784575498991867,0.013677258246538017,0.5002800598740578,0.04615367109173551,0.7547122463583946,0.1519079919640037,0.7826620436773744,0.048426178094609404,0.01866666666666667,0.03476907949441412,,,,,0.5162777243990229,0.054365635025200164,0.788489842414856,0.08503202886057382,5,0.0002800598740577698,True,2.6989700043360187,1.8808135922807914
500,300,75,0.15,0.25,0.9,True,operator,0.9748536867113995,0.01621485435646354,0.44743118807673454,0.07262940185690349,0.7812922917306423,0.20284939044852673,0.7579866104509436,0.11221365943811623,0.11466666666666665,0.0907254711264213,,,,,0.5878887534150901,0.046513926321969434,0.7614690899848938,0.10757997294796276,5,-0.05256881192326546,False,2.6989700043360187,1.8808135922807914
500,300,75,0.15,0.25,0.9,True,pair_consistency,0.9766958759542463,0.015332539089252552,0.512118583638221,0.06449382467936554,0.7693505194969475,0.17180937917284772,0.805481344151187,0.0647974313895832,0.021333333333333336,0.047702783519995524,,,,,0.5571170916556148,0.05220871282311113,0.7636053800582886,0.08246035310116069,5,0.012118583638221048,True,2.6989700043360187,1.8808135922807914
500,300,75,0.15,0.25,0.95,False,factorized,0.9418576880800629,0.0352229910171901,0.21011473536491393,0.05774452808200406,0.48143850862979887,0.12243170173339384,0.7603090548683241,0.07731012134886778,0.2186666666666667,0.0751886516259823,,,,,0.5337133572970949,0.03784269886748516,1.2104190707206726,0.25343981126933623,5,-0.28988526463508607,False,2.6989700043360187,1.8808135922807914
500,300,75,0.15,0.25,0.95,False,hybrid_curriculum,0.980140833763457,0.011640172206234025,0.4904619600623846,0.05364413883042081,0.6942937757819891,0.16115067532100133,0.7872898438602494,0.05833070012143885,0.032000000000000015,0.020221001184137468,,,,,0.546408414048014,0.03805524996615388,0.7886078238487244,0.11653404263064215,5,-0.009538039937615372,False,2.6989700043360187,1.8808135922807914
500,300,75,0.15,0.25,0.95,False,operator,0.9750981323157282,0.015999936098423866,0.41101917922496795,0.08603307738595692,0.6996670484542846,0.16767908150935698,0.7654809395835629,0.10599536511289308,0.1226666666666667,0.05992588014465128,,,,,0.601463337445123,0.057667651423510824,0.7670941948890686,0.12024477529669918,5,-0.08898082077503205,False,2.6989700043360187,1.8808135922807914
500,300,75,0.15,0.25,0.95,False,pair_consistency,0.9785410289333123,0.01430061197646394,0.4943657323718071,0.07095266773037048,0.6938849911093712,0.1702518440906853,0.8278337264181035,0.05769577652674597,0.072,0.08620389266797125,,,,,0.5579141189198734,0.0452115098642301,0.7901801943778992,0.10396884166003156,5,-0.005634267628192913,False,2.6989700043360187,1.8808135922807914
500,300,75,0.15,0.25,0.95,True,factorized,0.937214375296012,0.03700542756626462,0.23598504662513733,0.11548587519983738,0.5067606151103974,0.17873820192366333,0.7648545335815486,0.09102635206935523,0.2213333333333333,0.12982038874280621,,,,,0.5473561799164821,0.03729460436241228,1.1011557579040527,0.1878846122733221,5,-0.2640149533748627,False,2.6989700043360187,1.8808135922807914
500,300,75,0.15,0.25,0.95,True,hybrid_curriculum,0.9726932096123473,0.014940219200786897,0.45382694005966184,0.036947689902001445,0.651817587018013,0.15074695941782554,0.79606080778205,0.058883291320236994,0.039999999999999994,0.059628479399994376,,,,,0.47387025957485623,0.06970577807079321,0.8397336959838867,0.10991381009786615,5,-0.04617305994033816,False,2.6989700043360187,1.8808135922807914
500,300,75,0.15,0.25,0.95,True,operator,0.9648470322235173,0.022333862005122194,0.37329034954309465,0.08503586604445953,0.6442454770207405,0.1980713103171197,0.7656388610709984,0.08405690054965777,0.15733333333333333,0.09111653100410606,,,,,0.5451149195932106,0.05688791702660333,0.8262553453445435,0.11919298995798751,5,-0.12670965045690535,False,2.6989700043360187,1.8808135922807914
500,300,75,0.15,0.25,0.95,True,pair_consistency,0.9686852911599422,0.01714726245663367,0.45181954428553583,0.06856039928353769,0.6659352295100689,0.18775321675779966,0.7999594017317071,0.06738148657937909,0.07999999999999999,0.10666666666666666,,,,,0.5197638444342345,0.07313625374613877,0.8424721598625183,0.0833416465208664,5,-0.048180455714464165,False,2.6989700043360187,1.8808135922807914
500,300,100,0.2,0.3333333333333333,0.9,False,factorized,0.9666128316447352,0.024278009216028875,0.20003338754177094,0.16194705345442584,0.6167241498827934,0.18333208407541907,0.6775462283850737,0.09874603651547346,0.29866666666666664,0.1093821029439663,,,,,0.5604053213888393,0.029394935032722926,0.9895726799964905,0.2212891310518998,5,-0.2999666124582291,False,2.6989700043360187,2.0043213737826426
500,300,100,0.2,0.3333333333333333,0.9,False,hybrid_curriculum,0.9839068190754563,0.010520804466922131,0.5418449673801661,0.07359448052329048,0.7773951325565577,0.11603879429139397,0.7959042342347568,0.09177798493805596,0.06666666666666667,0.0748331477354788,,,,,0.6339985016737704,0.09123970563079313,0.7493613600730896,0.07815940643045068,5,0.041844967380166076,True,2.6989700043360187,2.0043213737826426
500,300,100,0.2,0.3333333333333333,0.9,False,operator,0.9822208946960427,0.010720436077984471,0.5088614344596862,0.10026072871339398,0.8170725286006928,0.1647672171442361,0.7984922097148038,0.06998947346027375,0.07999999999999999,0.013333333333333345,,,,,0.6457440424027929,0.07395709388978622,0.7387239694595337,0.11192019808435077,5,0.008861434459686235,True,2.6989700043360187,2.0043213737826426
500,300,100,0.2,0.3333333333333333,0.9,False,pair_consistency,0.9842237913136269,0.009834860622063459,0.538661652430892,0.02814940960325252,0.8899236973375082,0.052804020173739266,0.7498638124235202,0.09023474225532406,0.024000000000000007,0.028905977851571733,,,,,0.5687144138306689,0.08676273339248163,0.7889119267463685,0.1265068645186933,5,0.038661652430892035,True,2.6989700043360187,2.0043213737826426
500,300,100,0.2,0.3333333333333333,0.9,True,factorized,0.9634055214356273,0.023920094167350147,0.1935557872056961,0.0784401242585229,0.5877327054738999,0.1263903366405904,0.6881445979744555,0.1027991024243124,0.32,0.10241527663824809,,,,,0.5073115646864684,0.04481564962715245,0.942736279964447,0.15615896735427245,5,-0.3064442127943039,False,2.6989700043360187,2.0043213737826426
500,300,100,0.2,0.3333333333333333,0.9,True,hybrid_curriculum,0.97933522641907,0.013512565561287236,0.4826071599498391,0.0724455610827435,0.7127316171303392,0.06374405047367375,0.7740047242858495,0.13428073455952635,0.07466666666666669,0.07155417527999328,,,,,0.5429177030682822,0.08980862839217016,0.7636377930641174,0.0986718582289575,5,-0.017392840050160896,False,2.6989700043360187,2.0043213737826426
500,300,100,0.2,0.3333333333333333,0.9,True,operator,0.978055581652951,0.014778577256759443,0.4824346460402012,0.06415322453154795,0.7827803261578083,0.22327943246551274,0.7827436252955289,0.09114194216869789,0.06666666666666668,0.03771236166328253,,,,,0.598187737919106,0.0435914238688857,0.7533789157867432,0.10505611334098715,5,-0.017565353959798802,False,2.6989700043360187,2.0043213737826426
500,300,100,0.2,0.3333333333333333,0.9,True,pair_consistency,0.9780539108010355,0.01336883793814661,0.48358279168605806,0.03364368928727781,0.8498327687382699,0.0754953580701188,0.6934321679976339,0.09975639237645284,0.029333333333333343,0.033199732261303294,,,,,0.4618677469940666,0.11837242967540906,0.7802902340888977,0.10206471604837815,5,-0.016417208313941944,False,2.6989700043360187,2.0043213737826426
500,300,100,0.2,0.3333333333333333,0.95,False,factorized,0.9451421016715866,0.0338531949306008,0.17383616268634797,0.15468125764971066,0.5134558051824569,0.15878535461464907,0.6965945135155511,0.11625406303807768,0.30933333333333335,0.08914407813571613,,,,,0.5676634009121047,0.03685767527603437,0.9892979145050049,0.22255399161084466,5,-0.32616383731365206,False,2.6989700043360187,2.0043213737826426
500,300,100,0.2,0.3333333333333333,0.95,False,hybrid_curriculum,0.9804662428449641,0.012993741498083135,0.4736581355333328,0.07242818780642574,0.6638573080301284,0.10292977637937836,0.8016736541959778,0.0973057132369403,0.12000000000000002,0.12400716825158851,,,,,0.5848707698843074,0.09064623166441065,0.7778798580169678,0.10744079723348024,5,-0.026341864466667197,False,2.6989700043360187,2.0043213737826426
500,300,100,0.2,0.3333333333333333,0.95,False,operator,0.9770143940861369,0.011972076535536776,0.4215406209230423,0.08134006645350061,0.6683872371912003,0.17107208992968892,0.805986629936999,0.06885645522154371,0.12533333333333335,0.04482063017059097,,,,,0.6062840909351308,0.05549313438226159,0.7443074464797974,0.10193166854282666,5,-0.07845937907695771,False,2.6989700043360187,2.0043213737826426
500,300,100,0.2,0.3333333333333333,0.95,False,pair_consistency,0.9794992558569321,0.011772054160724157,0.47794296592473984,0.018249863911508547,0.7626503333449364,0.10727529859035989,0.7580221808530176,0.08874357321079925,0.04533333333333333,0.02764858847110362,,,,,0.5460664522920065,0.10385811901645291,0.7841098308563232,0.09400036899625329,5,-0.022057034075260162,False,2.6989700043360187,2.0043213737826426
500,300,100,0.2,0.3333333333333333,0.95,True,factorized,0.9429831673732295,0.03317798367097119,0.17720278203487397,0.05675120523591011,0.49324694126844404,0.1350767882731296,0.7040728603712016,0.12118395438998354,0.31466666666666665,0.10180591556704571,,,,,0.49312283601797313,0.040074400565135705,0.9561120748519898,0.15969592495374868,5,-0.32279721796512606,False,2.6989700043360187,2.0043213737826426
500,300,100,0.2,0.3333333333333333,0.95,True,hybrid_curriculum,0.9724482776298926,0.01585889770809307,0.4416974939405918,0.06490079118270363,0.6357581995427608,0.06907162491900516,0.7786397541045403,0.1332214211196998,0.10666666666666666,0.10284832413694342,,,,,0.532732972967475,0.05217129636841347,0.8387794256210327,0.10584245947321208,5,-0.05830250605940818,False,2.6989700043360187,2.0043213737826426
500,300,100,0.2,0.3333333333333333,0.95,True,operator,0.9694831917694614,0.016557771170134322,0.4200487419962883,0.05731261571846124,0.663508303463459,0.20214300529256887,0.7895559049126897,0.0630477906698651,0.13066666666666665,0.07017438595701743,,,,,0.5656941170067658,0.05625033087319162,0.8011130928993225,0.09796853675348809,5,-0.07995125800371172,False,2.6989700043360187,2.0043213737826426
500,300,100,0.2,0.3333333333333333,0.95,True,pair_consistency,0.9706857073264088,0.014061416561332757,0.4349554739892483,0.0074498681177009324,0.7361301235854626,0.12098493787483841,0.7074792243467435,0.10905393676382433,0.02933333333333333,0.028905977851571726,,,,,0.4463649461699883,0.09682736735043812,0.848515260219574,0.1078044715440162,5,-0.06504452601075172,False,2.6989700043360187,2.0043213737826426
500,300,150,0.3,0.5,0.9,False,factorized,0.9698140130255002,0.0216331067728595,0.21007171273231506,0.0526070863071954,0.6041550993919372,0.07749705530757832,0.6813414935056148,0.04920130056818471,0.2853333333333333,0.0709303257507754,,,,,0.5134362367786366,0.0666227336551451,0.9157809495925904,0.18016607656175876,5,-0.28992828726768494,False,2.6989700043360187,2.1789769472931693
500,300,150,0.3,0.5,0.9,False,hybrid_curriculum,0.9835819893174662,0.00879236823400259,0.5635461196303367,0.0836814154869002,0.8151307985186577,0.1250112763331268,0.8092941096051949,0.055728682035112,0.04000000000000001,0.04216370213557839,,,,,0.611472346305001,0.07832113878510866,0.7338687181472778,0.08664585907845315,5,0.06354611963033674,True,2.6989700043360187,2.1789769472931693
500,300,150,0.3,0.5,0.9,False,operator,0.9823823765641523,0.010972482347794205,0.5351430639624596,0.07325093162121465,0.8786990985274314,0.17815679084963026,0.7356454326658199,0.08745196324110865,0.064,0.03577708763999664,,,,,0.6443929962219579,0.08150790822467206,0.7389880418777466,0.08038744095177262,5,0.035143063962459586,True,2.6989700043360187,2.1789769472931693
500,300,150,0.3,0.5,0.9,False,pair_consistency,0.9835016660963902,0.009473103850909086,0.529762153327465,0.037783632056282594,0.8697513595223427,0.12189182054687334,0.7994818521804857,0.05165809049411864,0.008000000000000007,0.01192569587999889,,,,,0.5499784690239127,0.048303852090526005,0.7465823888778687,0.07933175751586236,5,0.029762153327465013,True,2.6989700043360187,2.1789769472931693
500,300,150,0.3,0.5,0.9,True,factorized,0.9631672883259583,0.026841413264357794,0.26242879331111907,0.03025996815400245,0.5922907501459121,0.0952944756513215,0.7554060945730949,0.10124044840068441,0.23466666666666666,0.07217263254786326,,,,,0.5115694662774297,0.06148162065102669,0.8896607637405396,0.14372658685432083,5,-0.23757120668888093,False,2.6989700043360187,2.1789769472931693
500,300,150,0.3,0.5,0.9,True,hybrid_curriculum,0.9784566793673992,0.01334861199939551,0.5183162923902274,0.056988432269025446,0.7472242560237646,0.08657771762698256,0.8037043600435343,0.032441763027297094,0.04,0.054160256030906385,,,,,0.5104892084550615,0.07185520064783944,0.7732463955879212,0.0940246784707942,5,0.018316292390227362,True,2.6989700043360187,2.1789769472931693
500,300,150,0.3,0.5,0.9,True,operator,0.977655293537705,0.013973909096770104,0.47955739200115205,0.05358283165913736,0.7834431082010269,0.14822515938536718,0.7786745727469733,0.05372973917298557,0.07733333333333334,0.07327270220818179,,,,,0.5552729903858504,0.05109103495413349,0.7638697266578675,0.09019140801877641,5,-0.02044260799884795,False,2.6989700043360187,2.1789769472931693
500,300,150,0.3,0.5,0.9,True,pair_consistency,0.9781321697374603,0.011823630268862578,0.489362190454267,0.04922439273000563,0.825240115611814,0.11371241995279442,0.7903787297334393,0.06436865115326328,0.021333333333333336,0.022310934040908677,,,,,0.498963708851199,0.05923794803861865,0.77570561170578,0.08607776321221315,5,-0.010637809545733012,False,2.6989700043360187,2.1789769472931693
500,300,150,0.3,0.5,0.95,False,factorized,0.9504304331974336,0.026316942506514406,0.190080988407135,0.059295675970479356,0.5030958950519562,0.10511684452640863,0.714338526908348,0.059237213556880296,0.296,0.033199732261303294,,,,,0.5221879162088087,0.042887019977529875,0.9619875907897949,0.17310878594548954,5,-0.309919011592865,False,2.6989700043360187,2.1789769472931693
500,300,150,0.3,0.5,0.95,False,hybrid_curriculum,0.9797367113802042,0.010071555250829806,0.5027551531791687,0.07201756785184078,0.7043080300092697,0.136053672286576,0.8112049757487536,0.05515978121443097,0.04266666666666667,0.03699849846803095,,,,,0.5856595759971609,0.05664964444959334,0.7967342495918274,0.10925576935784782,5,0.0027551531791687456,True,2.6989700043360187,2.1789769472931693
500,300,150,0.3,0.5,0.95,False,operator,0.9782990957929065,0.01286431790376522,0.4430460721254349,0.08697526897026268,0.7177152127027512,0.21605756306863788,0.7617720635693892,0.07040131737648736,0.09333333333333335,0.0541602560309064,,,,,0.5760140109881517,0.09898192961969161,0.7597400546073914,0.11502829016166899,5,-0.0569539278745651,False,2.6989700043360187,2.1789769472931693
500,300,150,0.3,0.5,0.95,False,pair_consistency,0.9787745861629678,0.011079539220763953,0.48241947502829136,0.06065165369478243,0.7385005912277848,0.13738034752627157,0.8253582866189954,0.04310803238976344,0.045333333333333344,0.05129435749779026,,,,,0.5221312431176545,0.07656608774785474,0.7845314264297485,0.08959910709284037,5,-0.017580524971708644,False,2.6989700043360187,2.1789769472931693
500,300,150,0.3,0.5,0.95,True,factorized,0.9425085124291263,0.03365631167587767,0.21388165950775145,0.03710273327708076,0.4716015368700027,0.10072137553499107,0.779239253266524,0.0849530523716449,0.248,0.061535897382476404,,,,,0.5119998105357138,0.04707742709150332,0.9373562455177307,0.13741573415331304,5,-0.28611834049224855,False,2.6989700043360187,2.1789769472931693
500,300,150,0.3,0.5,0.95,True,hybrid_curriculum,0.9724474422039349,0.01400626630464463,0.4719900868833065,0.05800909225884585,0.6570233009755612,0.12205880289383628,0.8011900116954995,0.049501746661746705,0.04000000000000002,0.024944382578492935,,,,,0.4888585714229004,0.06588118917519958,0.8599988579750061,0.10866504655697481,5,-0.028009913116693486,False,2.6989700043360187,2.1789769472931693
500,300,150,0.3,0.5,0.95,True,operator,0.9691644495479352,0.017557034132337442,0.40268198400735855,0.05872579664714036,0.6553303703665734,0.20564132083965056,0.785006482438386,0.07325925964202228,0.10933333333333337,0.05917957605645908,,,,,0.5486969538419,0.041266614133821516,0.8157290935516357,0.12012064190534476,5,-0.09731801599264145,False,2.6989700043360187,2.1789769472931693
500,300,150,0.3,0.5,0.95,True,pair_consistency,0.9703657073264089,0.013483377175190046,0.44897719463333485,0.05759858240850091,0.7064396246336401,0.13696178220970373,0.8074846951340924,0.05882494050397634,0.05066666666666666,0.04751607914988123,,,,,0.4791520860548582,0.048717644640051135,0.8574520349502563,0.09678457975340514,5,-0.05102280536666515,False,2.6989700043360187,2.1789769472931693
500,300,200,0.4,0.6666666666666666,0.9,False,factorized,0.9666033229137065,0.023413417246045776,0.17464625239372253,0.03752978667343791,0.4334055334329605,0.06576152397036113,0.830368301291531,0.0517176289992285,0.30666666666666664,0.09428090415820631,,,,,0.5421283170240562,0.0778171163594411,1.0360171675682068,0.22988237184920335,5,-0.32535374760627744,False,2.6989700043360187,2.303196057420489
500,300,200,0.4,0.6666666666666666,0.9,False,hybrid_curriculum,0.9839855643900073,0.009420207472577024,0.6103272624313831,0.056654753152813646,0.9038692064583301,0.13291586790065016,0.7883648108132142,0.06259779877389154,0.010666666666666675,0.01738453974720708,,,,,0.6760356926437467,0.054024750453738585,0.7719700574874878,0.08990811800715363,5,0.11032726243138313,True,2.6989700043360187,2.303196057420489
500,300,200,0.4,0.6666666666666666,0.9,False,operator,0.9840632760157202,0.010134676499427451,0.5277972675859928,0.07767810425831172,0.811122027784586,0.20548716464578243,0.7966174108677287,0.08434065581712036,0.06133333333333335,0.07399699693606192,,,,,0.6271206706806682,0.05973288880355289,0.7588918089866639,0.08303147166673239,5,0.02779726758599277,True,2.6989700043360187,2.303196057420489
500,300,200,0.4,0.6666666666666666,0.9,False,pair_consistency,0.9853465278671856,0.00916158363433928,0.569847418833524,0.04056104433756155,0.9851689119823277,0.15496664039178104,0.7107419358854653,0.09814572480123485,0.010666666666666675,0.01738453974720708,,,,,0.6229538772678679,0.08042049500275804,0.774266242980957,0.08548676354207026,5,0.06984741883352397,True,2.6989700043360187,2.303196057420489
500,300,200,0.4,0.6666666666666666,0.9,True,factorized,0.9606759837848182,0.028050598618098225,0.16550607681274415,0.03649713312270078,0.41467083990573883,0.05966052571895937,0.8381010248350549,0.05508829500279132,0.31733333333333336,0.08610071621846906,,,,,0.5013077266658467,0.054332480895219935,0.9801564455032349,0.17941235771931685,5,-0.33449392318725585,False,2.6989700043360187,2.303196057420489
500,300,200,0.4,0.6666666666666666,0.9,True,hybrid_curriculum,0.979176292120713,0.013519427462196944,0.5431718119420111,0.030495164170320544,0.7962856837548316,0.14602828209140012,0.8106387193331439,0.07306609828014544,0.013333333333333345,0.018856180831641284,,,,,0.5854431170485801,0.04539872563291793,0.7594827294349671,0.08132055102758069,5,0.04317181194201114,True,2.6989700043360187,2.303196057420489
500,300,200,0.4,0.6666666666666666,0.9,True,operator,0.9787736195927647,0.012493641118768389,0.4893223732709885,0.08082373615022184,0.7430317550897598,0.19505964376063276,0.8135051955468178,0.05766602564070543,0.088,0.09870269612438266,,,,,0.5428797494117663,0.06254485145878218,0.7584409236907959,0.09056366470421012,5,-0.010677626729011513,False,2.6989700043360187,2.303196057420489
500,300,200,0.4,0.6666666666666666,0.9,True,pair_consistency,0.9802215411381944,0.013646771097280633,0.5153469190001487,0.042446428005735386,0.886701588332653,0.13339209993603812,0.7555148340302305,0.08910424466090945,0.01866666666666667,0.02599145158615724,,,,,0.5330070747336217,0.06920389459796827,0.7742709755897522,0.09315709730663681,5,0.015346919000148729,True,2.6989700043360187,2.303196057420489
500,300,200,0.4,0.6666666666666666,0.95,False,factorized,0.9441707940374217,0.02978900535115982,0.1637478470802307,0.06617475416251303,0.3689097225666046,0.09815901374768042,0.8263689095348283,0.011843325806262189,0.2613333333333333,0.06296383441662719,,,,,0.5163519170071248,0.10117175199310109,1.0577757835388184,0.24376176711326766,5,-0.3362521529197693,False,2.6989700043360187,2.303196057420489
500,300,200,0.4,0.6666666666666666,0.95,False,hybrid_curriculum,0.9811033462273798,0.011723561038881785,0.5584372356534004,0.058351262053822094,0.7861184075474739,0.1545473243476,0.8049337061974547,0.05954946851724543,0.01333333333333333,0.02309401076758502,,,,,0.6825799793597971,0.015077780673786827,0.7498812913894654,0.09258640083562553,5,0.05843723565340042,True,2.6989700043360187,2.303196057420489
500,300,200,0.4,0.6666666666666666,0.95,False,operator,0.9805368363384002,0.01190135731516855,0.44757710546255114,0.09338200126518939,0.667785431444645,0.21902287546419522,0.8042552744382778,0.07390503526921194,0.11200000000000002,0.10004443457228838,,,,,0.6013678241984719,0.05170044816349564,0.730952525138855,0.10707854340003523,5,-0.05242289453744886,False,2.6989700043360187,2.303196057420489
500,300,200,0.4,0.6666666666666666,0.95,False,pair_consistency,0.9819840505090924,0.011594616045466041,0.5157090816646814,0.049870819255000254,0.8523810628801585,0.1621315957336014,0.7397605609200202,0.08572893327179987,0.01333333333333333,0.02309401076758502,,,,,0.5806619872098,0.07271991744460082,0.7860993027687073,0.10487624729487321,5,0.015709081664681435,True,2.6989700043360187,2.303196057420489
500,300,200,0.4,0.6666666666666666,0.95,True,factorized,0.9416093121693121,0.031356813215772404,0.14545016884803771,0.027165982338051065,0.3259900569915771,0.041601657222088986,0.8393587142296532,0.02001977711888557,0.28,0.06531972647421808,,,,,0.489517978998934,0.06008531622369324,1.0036146521568299,0.18602758107281342,5,-0.35454983115196226,False,2.6989700043360187,2.303196057420489
500,300,200,0.4,0.6666666666666666,0.95,True,hybrid_curriculum,0.9746082136042823,0.013935890703944761,0.49730748385190965,0.03360497280774729,0.6965758368372917,0.14893319735865768,0.82151545510958,0.059527214030281175,0.016000000000000014,0.01738453974720708,,,,,0.5702215738204426,0.05411590672415059,0.8051631569862365,0.095969684781938,5,-0.0026925161480903514,False,2.6989700043360187,2.303196057420489
500,300,200,0.4,0.6666666666666666,0.95,True,operator,0.9726047056503762,0.013709389391257262,0.4242290899157524,0.08272929543501573,0.6155172720551491,0.20030773723527504,0.8188498430096678,0.050194895743446245,0.13066666666666668,0.10683320332805403,,,,,0.5199976112307265,0.07245531557685986,0.7861514449119568,0.10686392193827764,5,-0.07577091008424758,False,2.6989700043360187,2.303196057420489
500,300,200,0.4,0.6666666666666666,0.95,True,pair_consistency,0.9743731104809074,0.014296825511503583,0.4549423433840275,0.047992458563392223,0.7606334336102009,0.15607075092542821,0.766579322588939,0.082999313790898,0.05600000000000001,0.07797435475847173,,,,,0.49352627039727404,0.1000022014869888,0.8398283958435059,0.10937877165760038,5,-0.0450576566159725,False,2.6989700043360187,2.303196057420489
500,300,250,0.5,0.8333333333333334,0.9,False,factorized,0.9661338591475237,0.02399406425617346,0.20845812559127808,0.13047420404418777,0.5088837504386902,0.12257683665242418,0.8007297538532321,0.04472974062869151,0.296,0.1742029467795154,,,,,0.5608859873185811,0.03725524391258483,1.2782525897026062,0.4504099546785155,5,-0.2915418744087219,False,2.6989700043360187,2.399673721481038
500,300,250,0.5,0.8333333333333334,0.9,False,hybrid_curriculum,0.9856667199440162,0.008948603908525383,0.5633488936815411,0.07887432346789532,0.9118580176029354,0.1137602408581548,0.7204261626583001,0.07895137066694823,0.02133333333333335,0.020221001184137485,,,,,0.6052630507818034,0.025438017508225334,0.7854044318199158,0.1065689476515197,5,0.06334889368154106,True,2.6989700043360187,2.399673721481038
500,300,250,0.5,0.8333333333333334,0.9,False,operator,0.9820606385936017,0.010641429900201817,0.563880655169487,0.11463631765899135,0.8711674332618713,0.18290804030815938,0.7510183884181691,0.07254015738229555,0.05333333333333333,0.0421637021355784,,,,,0.6759460598252343,0.11454565326335912,0.8228715896606446,0.2206917377679664,5,0.06388065516948704,True,2.6989700043360187,2.399673721481038
500,300,250,0.5,0.8333333333333334,0.9,False,pair_consistency,0.9848650139862709,0.009045682324546686,0.5680304939160123,0.04688598155519386,0.9202629933366552,0.07709244455278731,0.7449207218346275,0.14229045139723268,0.01333333333333333,0.02981423969999719,,,,,0.5645388059436045,0.04574757458707809,0.7867416381835938,0.08958295077404695,5,0.06803049391601235,True,2.6989700043360187,2.399673721481038
500,300,250,0.5,0.8333333333333334,0.9,True,factorized,0.9581249482981598,0.026795401544071465,0.2628985673189163,0.12250754912486876,0.5737531512975693,0.16175257551802005,0.781138371947813,0.10204534888316738,0.2693333333333333,0.21445538256502472,,,,,0.5499746353862227,0.03780387293641544,1.1340205192565918,0.31799946824686925,5,-0.2371014326810837,False,2.6989700043360187,2.399673721481038
500,300,250,0.5,0.8333333333333334,0.9,True,hybrid_curriculum,0.9808598320874242,0.012683784054702826,0.5094871822278947,0.07173116775487759,0.8293625715654344,0.10807840722209969,0.7391346787217302,0.08329290502073372,0.034666666666666665,0.05781195570314345,,,,,0.5159826716425109,0.0960858838731578,0.7819613575935364,0.11080672867532078,5,0.009487182227894686,True,2.6989700043360187,2.399673721481038
500,300,250,0.5,0.8333333333333334,0.9,True,operator,0.9774173578223561,0.013988177146169567,0.4852531090378761,0.08462648646076622,0.754400072991848,0.18193943732088247,0.7608721973813679,0.059149512789288906,0.024000000000000004,0.02564717874889512,,,,,0.6012690357810389,0.09679349194634462,0.7998739838600158,0.11460372290343186,5,-0.014746890962123893,False,2.6989700043360187,2.399673721481038
500,300,250,0.5,0.8333333333333334,0.9,True,pair_consistency,0.9802972555978913,0.012070015718747976,0.5410071269659966,0.04656877154084288,0.9043250338225335,0.040950330876945856,0.7483205703537454,0.09420694292924453,0.034666666666666665,0.05299895177160478,,,,,0.5020696059587497,0.031166513862268173,0.7682528257369995,0.09564127356412716,5,0.04100712696599662,True,2.6989700043360187,2.399673721481038
500,300,250,0.5,0.8333333333333334,0.95,False,factorized,0.9441073537820925,0.029553982663046773,0.17761667668819428,0.11948078751582145,0.4376324534416199,0.13878475317639483,0.7832250349415129,0.07710078270407737,0.27466666666666667,0.15336231610144652,,,,,0.542802880933632,0.06554118610203297,1.274349844455719,0.4137305751025047,5,-0.32238332331180575,False,2.6989700043360187,2.399673721481038
500,300,250,0.5,0.8333333333333334,0.95,False,hybrid_curriculum,0.9820632440029151,0.011664461588286875,0.5063979841768742,0.09435003751355844,0.7869171001017093,0.1263293879110432,0.740522791686723,0.1030384947679416,0.03466666666666668,0.03841296077570116,,,,,0.5681992290375687,0.03866092647259449,0.7752801537513733,0.12697495165565606,5,0.006397984176874205,True,2.6989700043360187,2.399673721481038
500,300,250,0.5,0.8333333333333334,0.95,False,operator,0.9780563272265429,0.011338060193715757,0.4741675592958927,0.10749464846070747,0.7318548627197743,0.1411196993550014,0.7592691467311562,0.06091834594266582,0.11200000000000002,0.03602468289628345,,,,,0.6271338806662989,0.10859099023167022,0.7647928476333619,0.10130071800785552,5,-0.025832440704107285,False,2.6989700043360187,2.399673721481038
500,300,250,0.5,0.8333333333333334,0.95,False,pair_consistency,0.981823954470677,0.011084837671775661,0.5219961483962834,0.04734063677827224,0.8191016723401845,0.04900917910580875,0.7366199344665402,0.12791195968453045,0.037333333333333336,0.04560701700396552,,,,,0.4931183230234814,0.043275251793897865,0.7665361166000366,0.10597237392632615,5,0.021996148396283388,True,2.6989700043360187,2.399673721481038
500,300,250,0.5,0.8333333333333334,0.95,True,factorized,0.9359412786177274,0.03260471070414962,0.20592367202043532,0.11593482847470778,0.4587033674120903,0.1821061957729066,0.7820639711730102,0.08928700924880568,0.2693333333333333,0.1824280680158621,,,,,0.5342884599399195,0.05668243983776258,1.1476452708244325,0.28815292432904216,5,-0.2940763279795647,False,2.6989700043360187,2.399673721481038
500,300,250,0.5,0.8333333333333334,0.95,True,hybrid_curriculum,0.9754930753750776,0.01452217734416384,0.45927899107337,0.07831017133979291,0.71120710298419,0.11502935851991605,0.7603336915829133,0.09215252076089264,0.02933333333333333,0.058423739467217704,,,,,0.4708934836895574,0.07649575679056993,0.8368081450462341,0.13738923620807805,5,-0.04072100892663,False,2.6989700043360187,2.399673721481038
500,300,250,0.5,0.8333333333333334,0.95,True,operator,0.9698895736072206,0.015675789622715156,0.4262010984122753,0.09642495391452548,0.6553558461368084,0.17997300248920609,0.769865064943852,0.051599281320367514,0.12266666666666666,0.047516079149881235,,,,,0.5682001800416725,0.07471071342341919,0.8095911383628845,0.10395784939031537,5,-0.07379890158772467,False,2.6989700043360187,2.399673721481038
500,300,250,0.5,0.8333333333333334,0.95,True,pair_consistency,0.9754116575325782,0.014334937787299456,0.4949423551559448,0.043305231443311124,0.8019878298044205,0.07326879343602145,0.7294211934822238,0.11297712057923406,0.048,0.08088400473654987,,,,,0.48497043858567135,0.028483217053290696,0.8133792281150818,0.10659074071491702,5,-0.005057644844055187,False,2.6989700043360187,2.399673721481038
500,300,300,0.6,1.0,0.9,False,factorized,0.9650812358953245,0.01967179519343107,0.2091268002986908,0.09576471182278026,0.5382071733474731,0.18372148397074817,0.7835074400001546,0.08076594856416439,0.2826666666666667,0.06626545941220893,,,,,0.5744069222179718,0.036414520746367175,0.9786174774169922,0.1432159024628331,5,-0.2908731997013092,False,2.6989700043360187,2.4785664955938436
500,300,300,0.6,1.0,0.9,False,hybrid_curriculum,0.9846226326665931,0.008910205023399679,0.5567910723388195,0.073115781115614,0.7928644172847271,0.10643987947463765,0.8115309491526078,0.060060168159383656,0.029333333333333343,0.030404678002643678,,,,,0.5932251427158609,0.09945916789376524,0.7388939142227173,0.09316552971681225,5,0.056791072338819526,True,2.6989700043360187,2.4785664955938436
500,300,300,0.6,1.0,0.9,False,operator,0.9827822805257369,0.01060652177110008,0.5973908789455891,0.10543189115995515,0.9481608249247074,0.2031879878137471,0.7319023174873814,0.12407801661559728,0.05066666666666668,0.05609515724790033,,,,,0.6899517176338767,0.09450501424406386,0.7430554866790772,0.106027538955115,5,0.09739087894558907,True,2.6989700043360187,2.4785664955938436
500,300,300,0.6,1.0,0.9,False,pair_consistency,0.9851094916034047,0.010400853478546242,0.565365395322442,0.028981332348262168,0.8736777994781733,0.06319194848188177,0.7911409442617627,0.08652809008961976,0.021333333333333336,0.04066120181860508,,,,,0.5567910499678796,0.04829516951472884,0.7584767699241638,0.07005748458965229,5,0.06536539532244201,True,2.6989700043360187,2.4785664955938436
500,300,300,0.6,1.0,0.9,True,factorized,0.9600380831752992,0.024786657608245857,0.22215152084827422,0.06262172050205053,0.5376234441995621,0.11835721935805288,0.7899363950411082,0.03811260392596234,0.24533333333333335,0.06296383441662716,,,,,0.48864615372032094,0.048568015994565845,0.9375047802925109,0.11776760399908272,5,-0.2778484791517258,False,2.6989700043360187,2.4785664955938436
500,300,300,0.6,1.0,0.9,True,hybrid_curriculum,0.9798163561463232,0.01189426752283316,0.5063163176178932,0.05297326865031,0.7805121973156929,0.12704325896006305,0.7840486130684157,0.048658925003753205,0.024000000000000007,0.03577708763999664,,,,,0.5606689976264388,0.06989217454913813,0.7751693010330201,0.0934304814032744,5,0.006316317617893197,True,2.6989700043360187,2.4785664955938436
500,300,300,0.6,1.0,0.9,True,operator,0.9786939077080108,0.013288405777470338,0.5302568461745978,0.07522577325670664,0.8591513570398093,0.19861004589532083,0.7409067303829744,0.11770111988478135,0.06133333333333334,0.05042045440317077,,,,,0.5766321250808296,0.05369064791625741,0.7600546598434448,0.08921161523615291,5,0.030256846174597785,True,2.6989700043360187,2.4785664955938436
500,300,300,0.6,1.0,0.9,True,pair_consistency,0.9808608946960427,0.012670268071715915,0.5438349636271596,0.037267540539903124,0.8533473463729024,0.07313935273326767,0.7971798319327731,0.038205674001134206,0.029333333333333343,0.04657133119086129,,,,,0.5322085776821626,0.04450521914901344,0.7621278405189514,0.08872289612788997,5,0.04383496362715955,True,2.6989700043360187,2.4785664955938436
500,300,300,0.6,1.0,0.95,False,factorized,0.9452131113314891,0.029957085275424237,0.16857488751411437,0.08275784879597511,0.43114874958992006,0.15997736695115658,0.7988077235918521,0.05849241586591336,0.30666666666666664,0.03265986323710905,,,,,0.5735276324070314,0.05322658724797243,0.9823078274726867,0.1756675630362419,5,-0.33142511248588563,False,2.6989700043360187,2.4785664955938436
500,300,300,0.6,1.0,0.95,False,hybrid_curriculum,0.9816575468061621,0.01007143311203832,0.4935227632522583,0.07805202764950135,0.6867919802665711,0.131490807191788,0.8111265810285466,0.0669671471358696,0.029333333333333343,0.028905977851571733,,,,,0.567778171077519,0.11427842406628906,0.7953262567520142,0.10967863557496975,5,-0.006477236747741699,False,2.6989700043360187,2.4785664955938436
500,300,300,0.6,1.0,0.95,False,operator,0.9796576779504071,0.01130206551355468,0.49886136054992675,0.1013042674294572,0.7950143545866013,0.22131581127399458,0.7388305386695742,0.1101837659340845,0.08000000000000003,0.06394442031083626,,,,,0.6567030412038359,0.0723751830687972,0.7389728665351868,0.09023341344553588,5,-0.0011386394500732533,False,2.6989700043360187,2.4785664955938436
500,300,300,0.6,1.0,0.95,False,pair_consistency,0.9829477536328541,0.011985404677304167,0.5389429876115173,0.018079687001501313,0.7759300002362579,0.09592932372359067,0.8001021834820884,0.08302282694973648,0.018666666666666668,0.04173993557999608,,,,,0.5429570025927843,0.044612733929694746,0.7639134764671326,0.09644356398491703,5,0.038942987611517266,True,2.6989700043360187,2.4785664955938436
500,300,300,0.6,1.0,0.95,True,factorized,0.9392118308192842,0.03356669180135628,0.18856010138988494,0.06518206120895392,0.44118258357048035,0.13521465408552238,0.7988909353886482,0.036437270262066994,0.296,0.0528309673497572,,,,,0.4828128430106619,0.024360754854899254,0.95729159116745,0.13376151337535497,5,-0.31143989861011506,False,2.6989700043360187,2.4785664955938436
500,300,300,0.6,1.0,0.95,True,hybrid_curriculum,0.9738082487101121,0.011229833974242803,0.4596994139254093,0.04720079526596624,0.680431018024683,0.1606491504362453,0.7837087447152774,0.07076590715758428,0.05866666666666668,0.06966586921393668,,,,,0.5177249930492052,0.061672509932250826,0.858053469657898,0.10635458125014889,5,-0.040300586074590694,False,2.6989700043360187,2.4785664955938436
500,300,300,0.6,1.0,0.95,True,operator,0.9716478965692558,0.01715251251555667,0.4452765926718712,0.05948437290604072,0.716160024702549,0.21305380816827105,0.7484654601550765,0.10672450389840138,0.11200000000000002,0.07577745193804174,,,,,0.5488711088678027,0.03450415289420539,0.8008551001548767,0.09298321499317755,5,-0.054723407328128804,False,2.6989700043360187,2.4785664955938436
500,300,300,0.6,1.0,0.95,True,pair_consistency,0.9750924960515608,0.013040174277216857,0.4955146795138717,0.02878881027200667,0.7364961689338088,0.10062046325638625,0.7996397198492924,0.051670825183011374,0.034666666666666665,0.037237973450050504,,,,,0.457058775383343,0.061295820835827866,0.8298384070396423,0.09860554867626757,5,-0.004485320486128319,False,2.6989700043360187,2.4785664955938436
1000,600,0,0.0,0.0,0.9,False,factorized,0.9766306806589528,0.0088310027152165,0.3364931017160416,0.10806357760276017,0.7444118171930313,0.11094440411164373,0.7190550180198285,0.08004397672629666,0.284,0.1582262795984142,,,,,0.6087518513081253,0.05159613362149033,1.3298704147338867,0.28355420753133276,5,-0.16350689828395842,False,3.0,0.0
1000,600,0,0.0,0.0,0.9,False,hybrid_curriculum,0.9770913160051276,0.00852303838492182,0.26649208962917326,0.08738127917825661,0.576675632596016,0.10429987217457003,0.7915713785465734,0.07692135283453515,0.27999999999999997,0.11972189997378647,,,,,0.5524126960448053,0.0627261375647603,1.371716022491455,0.2714545366453501,5,-0.23350791037082674,False,3.0,0.0
1000,600,0,0.0,0.0,0.9,False,operator,0.9770541100947305,0.008621160622749272,0.20132736563682557,0.06278278926413747,0.5797844856977463,0.09759447482513492,0.7620479972345067,0.10480856557482005,0.3466666666666667,0.08445906306213287,,,,,0.6056941468899234,0.0384988205435215,1.361012589931488,0.44847565242008336,5,-0.2986726343631744,False,3.0,0.0
1000,600,0,0.0,0.0,0.9,False,pair_consistency,0.9779355690884669,0.008492016772527384,0.22702900767326356,0.054336829687841225,0.6809906095266343,0.11182121956535965,0.7185748347408454,0.13166750237129451,0.28,0.10934146311237818,,,,,0.5778827275578753,0.08860318623509471,1.3177315235137939,0.42891658697423096,5,-0.27297099232673644,False,3.0,0.0
1000,600,0,0.0,0.0,0.9,True,factorized,0.9738269314119474,0.010527380889888594,0.33296822756528854,0.10169992972766838,0.7194695189595223,0.15074020062289653,0.7221406204397816,0.10147100672736087,0.25866666666666666,0.09242414306999129,,,,,0.5893530149644407,0.03198121932745876,1.1184405446052552,0.17659138031942065,5,-0.16703177243471146,False,3.0,0.0
1000,600,0,0.0,0.0,0.9,True,hybrid_curriculum,0.974304702471723,0.009335582725386407,0.29461241960525514,0.10747487444193021,0.5918441504240036,0.09116065182405604,0.7935508245210052,0.053933345143220866,0.26,0.1396026106091462,,,,,0.547297768804079,0.06334149055165873,1.1439544081687927,0.15757581565812265,5,-0.20538758039474486,False,3.0,0.0
1000,600,0,0.0,0.0,0.9,True,operator,0.9733245679207976,0.010263789559978314,0.25817260444164275,0.08295443642849946,0.6441728740930557,0.06541767687305847,0.7305715655576477,0.11950191174464339,0.26266666666666666,0.0867435556363955,,,,,0.5545529014469118,0.04451318957347214,1.172820222377777,0.35802239563752725,5,-0.24182739555835725,False,3.0,0.0
1000,600,0,0.0,0.0,0.9,True,pair_consistency,0.9738439584328011,0.010176452412588095,0.27488426566123964,0.06987888922272545,0.699925085902214,0.15744867974295337,0.7308127054433906,0.15182639959931574,0.2733333333333333,0.10903618155864084,,,,,0.5641185863990738,0.08611640904372543,1.1334370970726013,0.33581213030943197,5,-0.22511573433876036,False,3.0,0.0
1000,600,0,0.0,0.0,0.95,False,factorized,0.9717227980925303,0.011193968007960606,0.2825517863035202,0.10340118585341238,0.5892137348651886,0.10039789802114675,0.7465975084182432,0.06777377186667703,0.29200000000000004,0.12870293098622287,,,,,0.620133846619413,0.044586552491537784,1.0259335517883301,0.1873824893004471,5,-0.21744821369647982,False,3.0,0.0
1000,600,0,0.0,0.0,0.95,False,hybrid_curriculum,0.9741861683387232,0.009680580170514165,0.25118314623832705,0.062425426609403006,0.4909536331892014,0.08395407940176601,0.7849465417599429,0.0818286191927785,0.28933333333333333,0.11931284740360344,,,,,0.5584329002115461,0.06404358174001194,1.0535043954849244,0.11414264372850934,5,-0.24881685376167295,False,3.0,0.0
1000,600,0,0.0,0.0,0.95,False,operator,0.9726092771890359,0.011900599561955383,0.19835153818130494,0.052696307923253395,0.4704658091068268,0.08762292616785167,0.7959492971623194,0.08445498148222366,0.3453333333333334,0.07879650302449276,,,,,0.5920344514046352,0.035127527391622705,1.074147140979767,0.3668942266182029,5,-0.3016484618186951,False,3.0,0.0
1000,600,0,0.0,0.0,0.95,False,pair_consistency,0.9735013071837674,0.009795993678720178,0.20473251342773438,0.05667099908145789,0.5297080904245377,0.0830445061921167,0.766905103727862,0.08965674963032193,0.2986666666666667,0.10417933256329366,,,,,0.5767027924027824,0.07475996810408331,1.0698190093040467,0.3300819965206265,5,-0.29526748657226565,False,3.0,0.0
1000,600,0,0.0,0.0,0.95,True,factorized,0.9684340860949272,0.012558282770276,0.28939264714717866,0.07926481942081563,0.5935451298952102,0.06486882442364812,0.7551387704489028,0.05472247739768829,0.2666666666666667,0.12092238098144704,,,,,0.5871485715029838,0.033830154040377626,0.9462282180786132,0.13718484820746096,5,-0.21060735285282134,False,3.0,0.0
1000,600,0,0.0,0.0,0.95,True,hybrid_curriculum,0.9701150187416904,0.010737900215787183,0.2867773860692978,0.08006724504824803,0.51226786673069,0.09595248171798747,0.7968808627645705,0.04793806867675622,0.244,0.1098079130927174,,,,,0.5414120643870212,0.04056516486208225,0.9590906977653504,0.056443681631755505,5,-0.2132226139307022,False,3.0,0.0
1000,600,0,0.0,0.0,0.95,True,operator,0.9684544284634804,0.012813325043596295,0.24818225502967833,0.0586611967911814,0.5295704662799835,0.07937162401377408,0.7780190967361474,0.09886032965573528,0.26,0.08944271909999157,,,,,0.5391841979931291,0.05428436656652247,1.0008697271347047,0.28572653561697914,5,-0.25181774497032167,False,3.0,0.0
1000,600,0,0.0,0.0,0.95,True,pair_consistency,0.9684646062899347,0.01070538089574529,0.25048111379146576,0.07727451430029919,0.5564936518669128,0.15870116624800581,0.7799581198619646,0.1273924806528399,0.26799999999999996,0.09677005964886272,,,,,0.5587450452727176,0.06850407906027929,0.977200984954834,0.2568025167705045,5,-0.24951888620853424,False,3.0,0.0
1000,600,2,0.002,0.0033333333333333335,0.9,False,factorized,0.9772929252762456,0.008251885482928357,0.22892482280731202,0.10267319879333214,0.588535699248314,0.16881379820936135,0.7946438078257032,0.08646159155207275,0.2733333333333333,0.15326085243430201,,,,,0.5584223373516998,0.03594676131668043,1.939371609687805,0.8248991620471933,5,-0.271075177192688,False,3.0,0.47712125471966244
1000,600,2,0.002,0.0033333333333333335,0.9,False,hybrid_curriculum,0.975023150447571,0.009056481884195557,0.2657124102115631,0.09446379938042983,0.6374727368354798,0.12070658411444424,0.7129882608818805,0.1255386991584719,0.22266666666666665,0.13454449904110619,,,,,0.5070661776483273,0.0617516059293374,1.1738064646720887,0.17525830883944662,5,-0.2342875897884369,False,3.0,0.47712125471966244
1000,600,2,0.002,0.0033333333333333335,0.9,False,operator,0.9766316725469991,0.00894602306168268,0.24438832998275756,0.11309868350227965,0.6734516903758049,0.16313195432539096,0.7138502654182474,0.15972840832237664,0.292,0.11826523862347153,,,,,0.5231689888062598,0.045764355788782046,1.1086244940757752,0.24438654319466221,5,-0.25561167001724244,False,3.0,0.47712125471966244
1000,600,2,0.002,0.0033333333333333335,0.9,False,pair_consistency,0.9755661493801595,0.009068207608383918,0.26268499791622163,0.08343559945207625,0.6890204533934593,0.13299828756074217,0.7186359226783382,0.10933761154450825,0.30133333333333334,0.09870269612438268,,,,,0.5663909052233034,0.037342357154772965,1.4314118862152099,0.361899607288136,5,-0.23731500208377837,False,3.0,0.47712125471966244
1000,600,2,0.002,0.0033333333333333335,0.9,True,factorized,0.9736232815434125,0.009389260648127033,0.2511438727378845,0.06227751975420515,0.664768859744072,0.07838202756490655,0.7272232558208098,0.09851131561199285,0.2733333333333333,0.1396026106091462,,,,,0.5476155811820264,0.025105769033843945,1.5338072776794434,0.46891482811173013,5,-0.24885612726211548,False,3.0,0.47712125471966244
1000,600,2,0.002,0.0033333333333333335,0.9,True,hybrid_curriculum,0.9726794343022693,0.009455635277388517,0.2736868917942047,0.08463199387216915,0.6465333998203278,0.1225423346226781,0.7150004052182583,0.13598086020927486,0.19066666666666668,0.11931284740360343,,,,,0.4969872153234462,0.05552554888389448,1.0538991928100585,0.1424117506571956,5,-0.2263131082057953,False,3.0,0.47712125471966244
1000,600,2,0.002,0.0033333333333333335,0.9,True,operator,0.9738042894668657,0.009989945206464278,0.2338458240032196,0.13323879600480756,0.6588642850518227,0.17591383147100792,0.7166679426377922,0.14953111736030011,0.2986666666666667,0.1355154767709004,,,,,0.5369406935598773,0.026154552932749323,1.004158341884613,0.24426406290185207,5,-0.2661541759967804,False,3.0,0.47712125471966244
1000,600,2,0.002,0.0033333333333333335,0.9,True,pair_consistency,0.9722379206838291,0.010495222502626586,0.29361259937286377,0.10363386816028704,0.7040161356329918,0.14016190949809712,0.7278051960860701,0.10625790306901706,0.27599999999999997,0.09123839347798957,,,,,0.5296254164539297,0.03093682945182766,1.2727555632591248,0.3898474914195628,5,-0.20638740062713623,False,3.0,0.47712125471966244
1000,600,2,0.002,0.0033333333333333335,0.95,False,factorized,0.9732450458096531,0.009979186014682697,0.2307397723197937,0.09963567006437164,0.5124224483966827,0.1286054060343259,0.7911612142755615,0.06881459348594567,0.2506666666666667,0.17292259025998372,,,,,0.5836219764567063,0.026666723973210432,1.4068974256515503,0.5012769941750866,5,-0.2692602276802063,False,3.0,0.47712125471966244
1000,600,2,0.002,0.0033333333333333335,0.95,False,hybrid_curriculum,0.9695902123935323,0.011127658948348005,0.2788622140884399,0.1272107350871975,0.5746045678853988,0.13693400484635743,0.7175735663117304,0.11402094820971789,0.21599999999999997,0.08712698268109091,,,,,0.5153162892909464,0.025498035852661194,0.9626418828964234,0.09006645705437556,5,-0.22113778591156008,False,3.0,0.47712125471966244
1000,600,2,0.002,0.0033333333333333335,0.95,False,operator,0.9718413776400663,0.011610437560779695,0.22794563174247742,0.11273930789421938,0.5751086086034775,0.138211486877045,0.7234096626403992,0.12961295979045523,0.296,0.13602287389340892,,,,,0.522784362284557,0.06389908982502827,0.9261159777641297,0.19428953389269468,5,-0.2720543682575226,False,3.0,0.47712125471966244
1000,600,2,0.002,0.0033333333333333335,0.95,False,pair_consistency,0.9705550616068486,0.011704859845500099,0.2524868667125702,0.0693263805025739,0.5892036765813827,0.14695372361955686,0.7327721051251993,0.0948748941526521,0.2733333333333333,0.11195237082497778,,,,,0.5597754664412868,0.03779063771763108,1.112498414516449,0.2537991765997599,5,-0.2475131332874298,False,3.0,0.47712125471966244
1000,600,2,0.002,0.0033333333333333335,0.95,True,factorized,0.9683516075345585,0.011198612898349163,0.24122124612331391,0.05433149946368199,0.547975605726242,0.09846693813320638,0.766325085341527,0.06979926341753288,0.26000000000000006,0.14313940369055927,,,,,0.5673626981381458,0.03117451887403194,1.2083502292633057,0.3025487407520941,5,-0.2587787538766861,False,3.0,0.47712125471966244
1000,600,2,0.002,0.0033333333333333335,0.95,True,hybrid_curriculum,0.9670390223158511,0.010639836841116652,0.2662693113088608,0.11791749406419226,0.5700776726007462,0.13558989437285252,0.718792993563667,0.1281871334103761,0.18933333333333333,0.12636806910327028,,,,,0.5005495369020909,0.05299117888613528,0.9391971230506897,0.10623475424960925,5,-0.23373068869113922,False,3.0,0.47712125471966244
1000,600,2,0.002,0.0033333333333333335,0.95,True,operator,0.9680289076851911,0.011886518158216645,0.21568234860897065,0.1324169004721728,0.5563265949487686,0.16396449011869993,0.7346162168249994,0.13398154597639395,0.2906666666666667,0.11743556152678417,,,,,0.5393434658346277,0.051748422012323554,0.8893240690231323,0.15982360764560308,5,-0.2843176513910294,False,3.0,0.47712125471966244
1000,600,2,0.002,0.0033333333333333335,0.95,True,pair_consistency,0.9672833137733872,0.011967553661602919,0.3005266308784485,0.11649467518073282,0.6318897008895874,0.16102688634400075,0.7440017312044314,0.08209863836982396,0.24,0.08666666666666671,,,,,0.5361510573819758,0.03114295752932763,1.0660993099212646,0.304664641346204,5,-0.1994733691215515,False,3.0,0.47712125471966244
1000,600,5,0.005,0.008333333333333333,0.9,False,factorized,0.9759490488313975,0.008820160952759578,0.27267677783966066,0.11212693443726289,0.7372388988733292,0.11291372970072229,0.6859091358678376,0.09765663434703874,0.27999999999999997,0.14212670403551897,,,,,0.5972911415456881,0.01996383079653128,1.7061597466468812,1.076961491440083,5,-0.22732322216033934,False,3.0,0.7781512503836436
1000,600,5,0.005,0.008333333333333333,0.9,False,hybrid_curriculum,0.9738863232365323,0.01001369570641305,0.3853160053491592,0.0739183962866928,0.7214950352907181,0.08587094780291375,0.7564584787932881,0.07931004436333931,0.20933333333333332,0.08801515021101008,,,,,0.5507819760558079,0.05041668506583414,1.1989781260490417,0.39706162282853374,5,-0.11468399465084078,False,3.0,0.7781512503836436
1000,600,5,0.005,0.008333333333333333,0.9,False,operator,0.9748389078367966,0.008929302269251913,0.3521362245082855,0.06487583706468462,0.7988443464040756,0.11054958129242738,0.6935867171742466,0.11066371643427793,0.22266666666666665,0.054487511311206806,,,,,0.5486321033175668,0.05428501584936884,1.3498703122138977,0.26646704694664136,5,-0.14786377549171448,False,3.0,0.7781512503836436
1000,600,5,0.005,0.008333333333333333,0.9,False,pair_consistency,0.9778339569826333,0.0075045353570474494,0.35993699729442596,0.06263883745985764,0.7822587877511978,0.1045017636363949,0.6972513597383676,0.1219268670556593,0.2053333333333333,0.08911914621573876,,,,,0.5156652638945054,0.02911833027965191,1.183475422859192,0.40833664576864853,5,-0.14006300270557404,False,3.0,0.7781512503836436
1000,600,5,0.005,0.008333333333333333,0.9,True,factorized,0.9727190131092177,0.009384312664347522,0.2923999488353729,0.04600780903244696,0.7267786175012588,0.05370387615338368,0.7030559688234546,0.10798069889759523,0.2826666666666667,0.07624521842931092,,,,,0.5691388914119576,0.04609192564346034,1.4542626023292542,0.879208777235137,5,-0.2076000511646271,False,3.0,0.7781512503836436
1000,600,5,0.005,0.008333333333333333,0.9,True,hybrid_curriculum,0.971920178747224,0.010287300642664091,0.3689889281988144,0.10103908433787004,0.6675060123205185,0.09914929932988298,0.7678553549002626,0.12524789344248638,0.2146666666666667,0.11356838370681246,,,,,0.5299709576637215,0.059849826785993335,1.0773328423500061,0.24945049168452213,5,-0.1310110718011856,False,3.0,0.7781512503836436
1000,600,5,0.005,0.008333333333333333,0.9,True,operator,0.9712950473568321,0.011518849978296282,0.34603591859340666,0.08731198697924243,0.7846391573548317,0.12031135015344233,0.6855719094886009,0.10208710113536139,0.23466666666666666,0.06572670690061992,,,,,0.5339481633611969,0.06605473388319559,1.2331420302391052,0.23778831931371977,5,-0.15396408140659334,False,3.0,0.7781512503836436
1000,600,5,0.005,0.008333333333333333,0.9,True,pair_consistency,0.9750262087706643,0.008506884718197421,0.32138129621744155,0.09138071844894259,0.7535446241497994,0.10918978202952986,0.668722089163737,0.0959545944033983,0.1973333333333333,0.12715694589321058,,,,,0.476624093109559,0.06327340850841043,1.0510915756225585,0.2567345069734533,5,-0.17861870378255845,False,3.0,0.7781512503836436
1000,600,5,0.005,0.008333333333333333,0.95,False,factorized,0.9695339447831588,0.010839476452683858,0.28526957929134367,0.10597061013388129,0.6402260720729828,0.09916187651156212,0.7100360966667704,0.11398225861388651,0.25599999999999995,0.16908906265962653,,,,,0.5861086820428978,0.03784031295049834,1.4312935948371888,0.9581305359437828,5,-0.21473042070865633,False,3.0,0.7781512503836436
1000,600,5,0.005,0.008333333333333333,0.95,False,hybrid_curriculum,0.9652965771244293,0.011992847442347757,0.3572169154882431,0.08609154325274895,0.6114019066095352,0.12714843432113213,0.7853230140361098,0.060491323456098325,0.1813333333333333,0.08318653737234168,,,,,0.5372788226973226,0.03340910029779688,1.0459046483039856,0.3112111193165822,5,-0.14278308451175692,False,3.0,0.7781512503836436
1000,600,5,0.005,0.008333333333333333,0.95,False,operator,0.9654362134077529,0.01420168225860579,0.3130719244480133,0.06778196087352616,0.6633535981178283,0.07868941197911719,0.7374000738116153,0.08349413797256393,0.21466666666666664,0.04147288270665543,,,,,0.5216883203916174,0.06603652610534504,1.1459479808807373,0.21744257724800006,5,-0.1869280755519867,False,3.0,0.7781512503836436
1000,600,5,0.005,0.008333333333333333,0.95,False,pair_consistency,0.9705316864526401,0.009996461183703328,0.3264745593070984,0.0745550280746981,0.6421156257390976,0.10439116613464847,0.759418355974731,0.07935481784348568,0.18533333333333335,0.08555699854482975,,,,,0.5088330851255861,0.0472526154313676,1.0223608016967773,0.34252401466807686,5,-0.1735254406929016,False,3.0,0.7781512503836436
1000,600,5,0.005,0.008333333333333333,0.95,True,factorized,0.9658228525290735,0.011350363967829598,0.3051545828580856,0.0463144110741797,0.6399386495351791,0.03398953234266323,0.7398961820211047,0.10089219573317448,0.23066666666666666,0.06335087476375788,,,,,0.5607585602728309,0.050042849846010255,1.261185646057129,0.7255560501130021,5,-0.1948454171419144,False,3.0,0.7781512503836436
1000,600,5,0.005,0.008333333333333333,0.95,True,hybrid_curriculum,0.9620232454181548,0.012062063411897962,0.3316115617752075,0.08494621135659224,0.5709178358316421,0.11448932407189144,0.7744260152430945,0.12152560138087035,0.2053333333333333,0.10332258008565,,,,,0.5302180775671564,0.06469555579810585,0.9703143000602722,0.1941202130531158,5,-0.1683884382247925,False,3.0,0.7781512503836436
1000,600,5,0.005,0.008333333333333333,0.95,True,operator,0.9606432719801135,0.016607205518126698,0.3077822715044022,0.09113315693784976,0.669098162651062,0.12521727697065596,0.7071152062124486,0.1019379592301426,0.22666666666666666,0.07287737036358478,,,,,0.5134738556786912,0.06632414182675782,1.0989706873893739,0.20748843859867494,5,-0.19221772849559782,False,3.0,0.7781512503836436
1000,600,5,0.005,0.008333333333333333,0.95,True,pair_consistency,0.9669339802033626,0.010770284403770381,0.29093927443027495,0.1083222432329725,0.632512679696083,0.11578056550801756,0.717014187757297,0.08326698445189078,0.22800000000000004,0.12635048256514278,,,,,0.49397286594749196,0.05374376468748114,0.9523646354675293,0.21704878199580577,5,-0.20906072556972505,False,3.0,0.7781512503836436
1000,600,10,0.01,0.016666666666666666,0.9,False,factorized,0.9762126105076543,0.009298539336932851,0.30025050342082976,0.06645563902139594,0.7439266920089722,0.12392523593088701,0.6995728241757757,0.13586742096129234,0.21466666666666664,0.04908043285148258,,,,,0.5595804415504656,0.08311485769835983,2.1938318252563476,0.9783473005175856,5,-0.19974949657917024,False,3.0,1.0413926851582251
1000,600,10,0.01,0.016666666666666666,0.9,False,hybrid_curriculum,0.9751432093371767,0.010172339181848218,0.4568732038140297,0.03710315741976422,0.7619879081845283,0.06791760192268695,0.7848123096801576,0.11336073333220488,0.11600000000000002,0.02607680962081058,,,,,0.5733678467540206,0.06715089223550107,1.0007187604904175,0.4160186081895515,5,-0.04312679618597032,False,3.0,1.0413926851582251
1000,600,10,0.01,0.016666666666666666,0.9,False,operator,0.9749222767853377,0.009628064188917023,0.41506997048854827,0.14173595942529882,0.7283077657222747,0.24060226556411138,0.8120397219413718,0.1531046375832073,0.18266666666666667,0.12370215124330791,,,,,0.5369855652369037,0.06856879909145329,1.0512572169303893,0.37164016232171926,5,-0.08493002951145173,False,3.0,1.0413926851582251
1000,600,10,0.01,0.016666666666666666,0.9,False,pair_consistency,0.9756239372777193,0.008620663058419999,0.45639268308877945,0.02226402901375303,0.9043936684727669,0.10885061200986594,0.6871536332389722,0.1302912836133978,0.11999999999999997,0.0581186525805423,,,,,0.5909579583507808,0.04359439368698051,1.0250094294548036,0.426602634051865,5,-0.04360731691122055,False,3.0,1.0413926851582251
1000,600,10,0.01,0.016666666666666666,0.9,True,factorized,0.9727266432355893,0.010575441272952025,0.32859942615032195,0.05942157141947973,0.7373255372047425,0.09394767640279843,0.7307473615386982,0.1343850893664325,0.21200000000000002,0.04457203906785809,,,,,0.5997380150815406,0.04097402236587628,1.7720836877822876,0.7035288613572795,5,-0.17140057384967805,False,3.0,1.0413926851582251
1000,600,10,0.01,0.016666666666666666,0.9,True,hybrid_curriculum,0.9704152517337278,0.01161318199581001,0.4328487992286682,0.07650054664661386,0.7432538747787476,0.07444381855471259,0.774183639663232,0.10612432626340769,0.12933333333333336,0.12343239265101992,,,,,0.5323520361369919,0.08238383544407527,0.9521698474884033,0.29963986151367755,5,-0.0671512007713318,False,3.0,1.0413926851582251
1000,600,10,0.01,0.016666666666666666,0.9,True,operator,0.971776660490633,0.011138129561099362,0.3979522556066513,0.128221945072284,0.7197637408971786,0.19101635103973064,0.8037076196587349,0.11561678662559594,0.19466666666666668,0.1027834833251162,,,,,0.5849852325757035,0.061702865406669916,0.9806484341621399,0.2656468575159488,5,-0.10204774439334868,False,3.0,1.0413926851582251
1000,600,10,0.01,0.016666666666666666,0.9,True,pair_consistency,0.9719114493621415,0.010526935996202582,0.4424379959702492,0.06818768547186357,0.8564586102962494,0.18686606616633686,0.689796557075543,0.17984012503631894,0.164,0.06559132733999383,,,,,0.556403139190088,0.06905265145519494,0.973872697353363,0.29786256509773246,5,-0.05756200402975081,False,3.0,1.0413926851582251
1000,600,10,0.01,0.016666666666666666,0.95,False,factorized,0.9700449671377793,0.013239816216287366,0.2782758355140686,0.07935928386087242,0.6456275016069413,0.1296359137442642,0.722773289733991,0.1215712338534653,0.2333333333333333,0.10132456102380445,,,,,0.5687441141830553,0.07602633667706289,1.6337006092071533,0.6797110294465157,5,-0.2217241644859314,False,3.0,1.0413926851582251
1000,600,10,0.01,0.016666666666666666,0.95,False,hybrid_curriculum,0.9683606904602637,0.012814374104353439,0.41584080308675764,0.02714568193475017,0.6695639207959175,0.0508600786072396,0.7683376937870895,0.10294385456592338,0.10800000000000001,0.03753516869402466,,,,,0.559745717489238,0.09024183065719411,0.9018838167190552,0.28831890479112204,5,-0.08415919691324236,False,3.0,1.0413926851582251
1000,600,10,0.01,0.016666666666666666,0.95,False,operator,0.967558168739864,0.011796805074623126,0.36374462842941285,0.13520514177187223,0.6124404281377792,0.22065699200479685,0.8251915907219584,0.10360222769081501,0.17466666666666666,0.09549869109050654,,,,,0.5551689032043448,0.03935174879871077,0.9075806498527527,0.27409022296694374,5,-0.13625537157058715,False,3.0,1.0413926851582251
1000,600,10,0.01,0.016666666666666666,0.95,False,pair_consistency,0.9702082786795913,0.01234496845493537,0.4123118445277214,0.051676433954593495,0.7643486514687539,0.11779264550826032,0.7167713818291997,0.11877736952659956,0.13466666666666666,0.06135506861249889,,,,,0.5633759202948411,0.05879400586695048,0.9148476719856262,0.2898606165022736,5,-0.0876881554722786,False,3.0,1.0413926851582251
1000,600,10,0.01,0.016666666666666666,0.95,True,factorized,0.966353834853764,0.013989407444830211,0.28339273035526275,0.0422798476138508,0.6279079914093018,0.0737660562694923,0.7242364307432888,0.14015845311339456,0.22666666666666666,0.09556847457887636,,,,,0.5780957112953371,0.03523962067541336,1.4176023602485657,0.5192233506613997,5,-0.21660726964473725,False,3.0,1.0413926851582251
1000,600,10,0.01,0.016666666666666666,0.95,True,hybrid_curriculum,0.9612089197863865,0.015552123024867309,0.36393368542194365,0.03065571594554354,0.6250899404287338,0.0630784134363891,0.7576226225943963,0.11128850963961211,0.18666666666666668,0.06765927710061478,,,,,0.5636629294368675,0.06288797710714299,0.9019585490226746,0.21533255407575047,5,-0.13606631457805635,False,3.0,1.0413926851582251
1000,600,10,0.01,0.016666666666666666,0.95,True,operator,0.9637493617510534,0.012058493154036122,0.3391164571046829,0.12902587764511542,0.6248556405305863,0.1806064345286408,0.7931520857556357,0.09712406708703324,0.19866666666666666,0.08019420871304307,,,,,0.5601509425551483,0.06796359448496515,0.9020599365234375,0.21464123853779576,5,-0.1608835428953171,False,3.0,1.0413926851582251
1000,600,10,0.01,0.016666666666666666,0.95,True,pair_consistency,0.9640470823533477,0.013370309398464935,0.3678477227687836,0.0420498818043557,0.7013931155204773,0.15538970868075522,0.7198414565828712,0.15564568082400135,0.152,0.0650469915608025,,,,,0.5368325148103443,0.036081839268962156,0.9197277069091797,0.19731509114486348,5,-0.13215227723121642,False,3.0,1.0413926851582251
1000,600,15,0.015,0.025,0.9,False,factorized,0.9766909542369955,0.008602651579465772,0.3265945643186569,0.14093781681841439,0.7413789659738541,0.1361336696288822,0.7219989330861377,0.09952970877367925,0.22800000000000004,0.13219514195141802,,,,,0.5970626694453314,0.035205867487409316,2.01479514837265,0.8286366046918939,5,-0.1734054356813431,False,3.0,1.2041199826559248
1000,600,15,0.015,0.025,0.9,False,hybrid_curriculum,0.976269690320932,0.009668092354940922,0.44901876896619797,0.08320201488874897,0.7868207916617393,0.18140113195361757,0.7735193245881076,0.0980004832701182,0.1373333333333333,0.0677577383854502,,,,,0.5599928063498101,0.05909689720590425,0.8361003279685975,0.11557023995698747,5,-0.05098123103380203,False,3.0,1.2041199826559248
1000,600,15,0.015,0.025,0.9,False,operator,0.9774493108145037,0.007993794057076542,0.4753022402524948,0.062128600227248316,0.916487543284893,0.13217680030328086,0.7248831331408765,0.10762490375625444,0.13333333333333333,0.07958224257542215,,,,,0.5825000832636988,0.039314605980743544,0.8793790102005005,0.11720050971275547,5,-0.02469775974750521,False,3.0,1.2041199826559248
1000,600,15,0.015,0.025,0.9,False,pair_consistency,0.9769539272865003,0.008870365933071634,0.4573853060603142,0.06428124567249996,0.85518728941679,0.17887924133410135,0.761499948216254,0.06255650902422645,0.11866666666666666,0.07247988226627672,,,,,0.5356018977007746,0.05812905479034152,0.8895503282546997,0.09884512950730544,5,-0.04261469393968581,False,3.0,1.2041199826559248
1000,600,15,0.015,0.025,0.9,True,factorized,0.9734597745458344,0.009461593967811398,0.27466979920864104,0.09193816444686477,0.6505498260259628,0.10683832876330526,0.7570385812439179,0.08105560541005015,0.2786666666666667,0.0981382245157875,,,,,0.5386846454082319,0.03642060336520111,1.6146610617637633,0.5862654987450987,5,-0.22533020079135896,False,3.0,1.2041199826559248
1000,600,15,0.015,0.025,0.9,True,hybrid_curriculum,0.9722237251658683,0.01155851188008948,0.43383880108594897,0.08755704957719754,0.7963606104254722,0.11381131057437971,0.7417031439936136,0.07664368847941276,0.172,0.10576703960434303,,,,,0.5326373039599656,0.06124364169411196,0.8428556323051453,0.10380714226531997,5,-0.06616119891405103,False,3.0,1.2041199826559248
1000,600,15,0.015,0.025,0.9,True,operator,0.9718834547501893,0.011119680159786694,0.4442046046257019,0.027278923567015424,0.8583001911640167,0.12635859334471036,0.7285822733540968,0.10156961545400589,0.13866666666666666,0.06555743876767745,,,,,0.5290034791033721,0.060850021722699696,0.8979441165924072,0.11360672435016013,5,-0.05579539537429812,False,3.0,1.2041199826559248
1000,600,15,0.015,0.025,0.9,True,pair_consistency,0.9714280553717127,0.012914565270393532,0.40463112145662306,0.08185532302549706,0.7856071457266808,0.1442390435442814,0.7626525777952531,0.08214745273922985,0.148,0.08773698067393124,,,,,0.4844197251688344,0.05665928979002051,0.8704514145851135,0.08112727326799751,5,-0.09536887854337694,False,3.0,1.2041199826559248
1000,600,15,0.015,0.025,0.95,False,factorized,0.972188657762046,0.011811190795463255,0.3071123450994492,0.11481303625238223,0.6055317968130112,0.14393610683440203,0.775460207649245,0.06276884709621967,0.25333333333333335,0.11642832797715323,,,,,0.5907290013886076,0.027540253435465206,1.4897732615470887,0.6072386631487842,5,-0.19288765490055082,False,3.0,1.2041199826559248
1000,600,15,0.015,0.025,0.95,False,hybrid_curriculum,0.9717024524819788,0.012686063686838297,0.42157036662101743,0.08089332203092318,0.6753875106573105,0.17187414473715992,0.7928310253671436,0.08916976475258503,0.13333333333333333,0.07318166133366719,,,,,0.5708139374580842,0.02226316909001847,0.78544762134552,0.07280183677428513,5,-0.07842963337898257,False,3.0,1.2041199826559248
1000,600,15,0.015,0.025,0.95,False,operator,0.9705762608749771,0.009084868919359263,0.41037423014640806,0.06525775813942637,0.7592470109462738,0.1325401413227193,0.7512642780583103,0.0717790814547392,0.16399999999999998,0.08091147425839348,,,,,0.5686569430161831,0.018489090648972622,0.7841126084327698,0.06862066126242036,5,-0.08962576985359194,False,3.0,1.2041199826559248
1000,600,15,0.015,0.025,0.95,False,pair_consistency,0.9714433027003239,0.01201565491119706,0.4152678295969963,0.0682614789138131,0.6939962312579155,0.16907741045615635,0.7839381122855192,0.061103198467578786,0.11466666666666665,0.026832815729997468,,,,,0.5155742497988645,0.046417052262373526,0.8044607520103455,0.05362261850393147,5,-0.08473217040300368,False,3.0,1.2041199826559248
1000,600,15,0.015,0.025,0.95,True,factorized,0.9690911041789203,0.011434188537544361,0.25953687727451324,0.08844212460556514,0.5716379314661026,0.11005576175770955,0.7577621148615801,0.08068774076987602,0.25866666666666666,0.10169671687041931,,,,,0.5549376870306424,0.026001994081896313,1.2781572580337524,0.42672921759551874,5,-0.24046312272548676,False,3.0,1.2041199826559248
1000,600,15,0.015,0.025,0.95,True,hybrid_curriculum,0.9631759228368166,0.01489149576649957,0.3886197879910469,0.09028328107312185,0.6694920614361763,0.09232724524641492,0.7661508281480299,0.0542299861951746,0.168,0.08607490278175683,,,,,0.5164617803222117,0.05954985053003519,0.8477757096290588,0.07161400133113936,5,-0.1113802120089531,False,3.0,1.2041199826559248
1000,600,15,0.015,0.025,0.95,True,operator,0.9630061485430055,0.013092877603512645,0.3653729110956192,0.05532047815285877,0.7007982164621354,0.12119988616312148,0.7517494318774357,0.0877459031898508,0.172,0.08581634136016549,,,,,0.4982115857807326,0.06276447918619557,0.8493258357048035,0.08292331596658609,5,-0.1346270889043808,False,3.0,1.2041199826559248
1000,600,15,0.015,0.025,0.95,True,pair_consistency,0.9626854652398166,0.016614237123288998,0.3628692626953125,0.08857580858236619,0.6400506883859635,0.12683954677287024,0.7952130188811062,0.0807668008942446,0.124,0.11011105505100043,,,,,0.47850655885860827,0.050642299645432626,0.8504493951797485,0.04111764894967949,5,-0.1371307373046875,False,3.0,1.2041199826559248
1000,600,20,0.02,0.03333333333333333,0.9,False,factorized,0.9753258563564764,0.00897516329980492,0.2490195542573929,0.1229539423655575,0.6341826528310776,0.18817658626713335,0.7541702882890573,0.13346801877019582,0.276,0.09563820714895628,,,,,0.624375402472623,0.017923199106987645,1.7359209775924682,0.8055016645642975,5,-0.25098044574260714,False,3.0,1.3222192947339193
1000,600,20,0.02,0.03333333333333333,0.9,False,hybrid_curriculum,0.9775748949574684,0.008059220311273013,0.5178322657942772,0.024768326157318013,0.8775993213057518,0.12562689359307858,0.7419375945344399,0.08172676364808623,0.10799999999999998,0.07108680140035374,,,,,0.600448706333043,0.0696003360895233,0.9644317626953125,0.15332641081249515,5,0.017832265794277213,True,3.0,1.3222192947339193
1000,600,20,0.02,0.03333333333333333,0.9,False,operator,0.9769719921797888,0.007963115973220358,0.46720788925886153,0.052890130672670066,0.8522177174687385,0.1107550725840823,0.7263125477916387,0.14318207812314518,0.18133333333333332,0.07851397610899888,,,,,0.5957360093110242,0.05333996152857553,0.880721914768219,0.018076264099732123,5,-0.03279211074113847,False,3.0,1.3222192947339193
1000,600,20,0.02,0.03333333333333333,0.9,False,pair_consistency,0.9769943558762174,0.009158607106752264,0.552261371910572,0.04786516647961952,1.0403332367539406,0.10389020817816536,0.6831834746482024,0.02544377540806346,0.09200000000000003,0.06384007797266193,,,,,0.5980275455529225,0.05909696926096482,0.8771286368370056,0.1833235193351218,5,0.05226137191057201,True,3.0,1.3222192947339193
1000,600,20,0.02,0.03333333333333333,0.9,True,factorized,0.9726415896328726,0.009875832594252827,0.2953497976064682,0.07269581278023687,0.6591909319162369,0.17566526874898153,0.7358352545685152,0.16671488907800208,0.24133333333333334,0.07577745193804172,,,,,0.5648814946268145,0.045455340625580765,1.5093907356262206,0.6916697774170244,5,-0.20465020239353182,False,3.0,1.3222192947339193
1000,600,20,0.02,0.03333333333333333,0.9,True,hybrid_curriculum,0.9743427813958114,0.008861357193428298,0.47771941423416137,0.032162472119425266,0.8593695312738419,0.09788728867861538,0.7135061508757108,0.07646791720839267,0.12533333333333332,0.09607867146828744,,,,,0.5614563344351449,0.09488875487213153,0.8872869491577149,0.1107681040547913,5,-0.022280585765838634,False,3.0,1.3222192947339193
1000,600,20,0.02,0.03333333333333333,0.9,True,operator,0.9729371926487597,0.008604739936184465,0.4367358833551407,0.054121009790661125,0.7851896673440933,0.11340300967377862,0.750791295141603,0.15203401991842977,0.16,0.07702813338860896,,,,,0.5774882851128467,0.07491632146637187,0.8381855964660645,0.0445190084450595,5,-0.06326411664485931,False,3.0,1.3222192947339193
1000,600,20,0.02,0.03333333333333333,0.9,True,pair_consistency,0.9733287250423615,0.011253608169157957,0.5357076980173587,0.04421327417352856,1.0282659091055393,0.10597121999123633,0.6514780675639348,0.0730674327897186,0.05333333333333333,0.02357022603955157,,,,,0.5551515723980811,0.03555187628801394,0.8309265971183777,0.09775858826453591,5,0.035707698017358735,True,3.0,1.3222192947339193
1000,600,20,0.02,0.03333333333333333,0.95,False,factorized,0.9709606454897461,0.01129581580768188,0.22773711383342743,0.11242788787053425,0.490329784154892,0.15927502891266887,0.7995250770654174,0.11830456986038053,0.2786666666666667,0.08761024800533074,,,,,0.5983235686866621,0.04190291785524819,1.3687123298645019,0.5610709058425728,5,-0.27226288616657257,False,3.0,1.3222192947339193
1000,600,20,0.02,0.03333333333333333,0.95,False,hybrid_curriculum,0.973700705605854,0.008386383163253616,0.44969525188207626,0.022712742596055064,0.7209544822573661,0.0914495443294672,0.7662019030953218,0.05151315716870302,0.164,0.09050475739490778,,,,,0.5687801758790039,0.08538114433583216,0.8048064947128296,0.05861637506562639,5,-0.05030474811792374,False,3.0,1.3222192947339193
1000,600,20,0.02,0.03333333333333333,0.95,False,operator,0.972538658596829,0.008275925139943878,0.41928263902664187,0.04627916859869876,0.7231667369604111,0.1248226187170057,0.752976287264757,0.08104965985044994,0.17733333333333334,0.0822732574345327,,,,,0.565868919018033,0.05659485979426532,0.7649491429328918,0.02899536319351386,5,-0.08071736097335813,False,3.0,1.3222192947339193
1000,600,20,0.02,0.03333333333333333,0.95,False,pair_consistency,0.9717250581215204,0.010839326721153763,0.49883329272270205,0.035075746269676245,0.9032483398914337,0.07856217109269165,0.7004763221456441,0.02998464286682666,0.06666666666666667,0.05676462121975466,,,,,0.5650416071752338,0.039504426318911316,0.8169548988342286,0.0798473483521478,5,-0.0011667072772979514,False,3.0,1.3222192947339193
1000,600,20,0.02,0.03333333333333333,0.95,True,factorized,0.9668510411709228,0.013147000106100993,0.24184647500514983,0.10282111311741395,0.5098159581422805,0.16089372116207848,0.7757822629080848,0.12619269205536257,0.25733333333333336,0.12051740307708449,,,,,0.5541734115014053,0.030592403700775227,1.2500306248664856,0.48986659066893684,5,-0.25815352499485017,False,3.0,1.3222192947339193
1000,600,20,0.02,0.03333333333333333,0.95,True,hybrid_curriculum,0.9685221918816111,0.009880032654140794,0.44334494322538376,0.024272645946856318,0.7287152990698814,0.10452230732597574,0.7507680796891761,0.049183607284742956,0.11866666666666667,0.05485333981526458,,,,,0.5016122162231184,0.06361883896586833,0.8404919862747192,0.03753735095188987,5,-0.05665505677461624,False,3.0,1.3222192947339193
1000,600,20,0.02,0.03333333333333333,0.95,True,operator,0.9666572639447863,0.009002999504894459,0.39091695845127106,0.03813705411054371,0.6541469693183899,0.111367844888557,0.7893203599484147,0.1000773037832453,0.156,0.059740178179252944,,,,,0.5551383837130927,0.08655362725007411,0.8083486080169677,0.036689549123890434,5,-0.10908304154872894,False,3.0,1.3222192947339193
1000,600,20,0.02,0.03333333333333333,0.95,True,pair_consistency,0.9657481076770529,0.013483630389360533,0.4872506231069565,0.033143685441705865,0.904675766825676,0.0990955958056482,0.6680474940218395,0.0794378149225717,0.058666666666666686,0.03571492062927699,,,,,0.5189731296438098,0.025411853513163937,0.8453645706176758,0.043812042814885946,5,-0.012749376893043507,False,3.0,1.3222192947339193
1000,600,30,0.03,0.05,0.9,False,factorized,0.9747093228722085,0.010467722568960261,0.26991167962551116,0.07434005342478664,0.6571319788694382,0.0950389514647997,0.7404698868602518,0.10182901058190827,0.2666666666666667,0.10749676997731401,,,,,0.5807744824464938,0.0716199143271617,2.817425322532654,1.6717367353224495,5,-0.23008832037448884,False,3.0,1.4913616938342726
1000,600,30,0.03,0.05,0.9,False,hybrid_curriculum,0.9788956454986645,0.007123167895847387,0.5479084238409996,0.0651143223430507,0.8320216611027718,0.19628760160701247,0.8003990096893467,0.10803574926484419,0.10133333333333334,0.07563068160475614,,,,,0.6274304890174192,0.055927135722316654,0.8469648003578186,0.049617196734175535,5,0.04790842384099958,True,3.0,1.4913616938342726
1000,600,30,0.03,0.05,0.9,False,operator,0.9779116321520535,0.0075406105754931944,0.5385958433151246,0.02008031025686551,0.9783228039741516,0.11064368849857441,0.6928029026544454,0.10038606009521286,0.11599999999999999,0.05842373946721774,,,,,0.6312578896341347,0.07846078151274427,0.8454347133636475,0.2035739298379703,5,0.038595843315124556,True,3.0,1.4913616938342726
1000,600,30,0.03,0.05,0.9,False,pair_consistency,0.9786322367241385,0.007135853936750508,0.5304305121302605,0.032265110729438023,0.9635776415467262,0.12730253088533422,0.7187097073125381,0.08084344747779389,0.07333333333333333,0.0621825270205921,,,,,0.5262251502323763,0.023997391794570482,0.9565335273742676,0.08732750239063457,5,0.03043051213026049,True,3.0,1.4913616938342726
1000,600,30,0.03,0.05,0.9,True,factorized,0.9723423086900569,0.010894168201603526,0.2858813017606735,0.07281984936947515,0.6852004408836365,0.13451446137608547,0.7209949771148594,0.11316821843015519,0.236,0.09399763590407768,,,,,0.5561819689979942,0.06458336560998885,2.084782862663269,0.9998450320721104,5,-0.2141186982393265,False,3.0,1.4913616938342726
1000,600,30,0.03,0.05,0.9,True,hybrid_curriculum,0.9754303371685216,0.009623030308514424,0.5292310141026974,0.027381082228898995,0.789848779886961,0.14064568961555482,0.8076862124199493,0.10056528077138864,0.12266666666666667,0.07417696557707265,,,,,0.5978477482654334,0.0429413374907288,0.8026477932929993,0.030186613651746217,5,0.02923101410269735,True,3.0,1.4913616938342726
1000,600,30,0.03,0.05,0.9,True,operator,0.9755884466734346,0.008452952767631142,0.5006869658827782,0.016431342788179176,0.9098073780536652,0.13134139735439926,0.7169047192646438,0.13594611122337125,0.14266666666666666,0.036696957185394376,,,,,0.6091639893003247,0.04846329269901613,0.8021291732788086,0.12309834333529539,5,0.0006869658827781677,True,3.0,1.4913616938342726
1000,600,30,0.03,0.05,0.9,True,pair_consistency,0.9748279863450271,0.009294386173912228,0.5100526861846447,0.051918320092502586,0.9418436519801616,0.13692803372070414,0.699645458045307,0.09980257797130046,0.06399999999999999,0.06084588911522471,,,,,0.4894386121180939,0.07332593125754164,0.8642715215682983,0.05626162580629167,5,0.010052686184644721,True,3.0,1.4913616938342726
1000,600,30,0.03,0.05,0.95,False,factorized,0.9679123235375569,0.013242651162274367,0.24881777167320251,0.060836149987677696,0.5113428324460983,0.08213951862266294,0.7932091292722565,0.06725955598625036,0.2786666666666667,0.10169671687041928,,,,,0.5758660616099713,0.07433080682541433,2.1371306657791136,1.1104083876493809,5,-0.2511822283267975,False,3.0,1.4913616938342726
1000,600,30,0.03,0.05,0.95,False,hybrid_curriculum,0.9766101491891526,0.008039197937225217,0.47887561917304994,0.05905038082736004,0.6978282451629638,0.190310930994994,0.8030867656467929,0.08212300625655715,0.14,0.07745966692414835,,,,,0.5887414959431765,0.04704617108700039,0.7741745829582214,0.045448586816089084,5,-0.021124380826950062,False,3.0,1.4913616938342726
1000,600,30,0.03,0.05,0.95,False,operator,0.9758308483811595,0.00942513473175121,0.44983510971069335,0.040144015296216834,0.8136578768491745,0.06813585802130182,0.7094830792258415,0.05565850765748738,0.1733333333333333,0.07348469228349536,,,,,0.6018742342794864,0.05607011281558891,0.7584806680679321,0.11819596575782076,5,-0.05016489028930665,False,3.0,1.4913616938342726
1000,600,30,0.03,0.05,0.95,False,pair_consistency,0.9760832882322357,0.007968725684870451,0.48855654522776604,0.011229235848431338,0.7972918264567852,0.07993558844076949,0.7669925628994193,0.04128360949836476,0.08666666666666668,0.06616477747093069,,,,,0.4825450759945751,0.035872900348388054,0.8104585409164429,0.05917032479048264,5,-0.011443454772233963,False,3.0,1.4913616938342726
1000,600,30,0.03,0.05,0.95,True,factorized,0.9631799547024187,0.015074271418202743,0.24850684702396392,0.08999514166482489,0.556161642074585,0.1272874308227238,0.7639642771138709,0.0935852627045963,0.2546666666666667,0.10825894882179488,,,,,0.5644930596548166,0.060740421901037164,1.6804906845092773,0.7092484890790635,5,-0.2514931529760361,False,3.0,1.4913616938342726
1000,600,30,0.03,0.05,0.95,True,hybrid_curriculum,0.9703947856582171,0.011008933221813786,0.446279813349247,0.04577780855359513,0.6426522508263588,0.15246708443749454,0.8179945348013273,0.07004069432327283,0.13466666666666666,0.08761024800533071,,,,,0.5740640723338665,0.04730309452814123,0.8078752994537354,0.03266778206058994,5,-0.05372018665075301,False,3.0,1.4913616938342726
1000,600,30,0.03,0.05,0.95,True,operator,0.9711560183825787,0.010487161910757332,0.43802851885557176,0.029783124794102712,0.7893699035048485,0.08800521773686362,0.735899213946888,0.08018043233075345,0.15333333333333332,0.08393118874676114,,,,,0.5847367420826217,0.03962786736381524,0.7814412713050842,0.0737045770869603,5,-0.06197148114442824,False,3.0,1.4913616938342726
1000,600,30,0.03,0.05,0.95,True,pair_consistency,0.9701082342460767,0.009759195394532827,0.4711973801255226,0.022438041481249754,0.8004856094717979,0.08946390583131827,0.7404443880718603,0.06472962970866193,0.08266666666666667,0.09304718038596213,,,,,0.4645674193928023,0.029210469623312852,0.8249191045761108,0.03288859289052433,5,-0.02880261987447741,False,3.0,1.4913616938342726
1000,600,40,0.04,0.06666666666666667,0.9,False,factorized,0.9759910633178691,0.009589934998864924,0.34792680442333224,0.08716884637555669,0.7165101617574692,0.1529581227224434,0.7652098410256719,0.08329649569116765,0.21333333333333332,0.08944271909999157,,,,,0.6347063488265791,0.027893757951177153,1.924048399925232,0.4544220951723447,5,-0.15207319557666776,False,3.0,1.6127838567197355
1000,600,40,0.04,0.06666666666666667,0.9,False,hybrid_curriculum,0.9779674428669741,0.006558808022163828,0.5556524276733399,0.08121185536604539,0.9551708668470382,0.11025495456890252,0.6874272300298272,0.08478351941652176,0.06666666666666668,0.05676462121975467,,,,,0.575803824826278,0.0437239785587919,0.9115350484848023,0.18706326891850747,5,0.05565242767333989,True,3.0,1.6127838567197355
1000,600,40,0.04,0.06666666666666667,0.9,False,operator,0.9785936838236957,0.007486712455922947,0.5777599811553955,0.0740835282427739,1.0000243723392486,0.09341437537229369,0.7483400251694758,0.08726867315098641,0.14133333333333334,0.06689959308961121,,,,,0.6992340737227429,0.07516106296858474,0.7840647459030151,0.062387889628960407,5,0.07775998115539551,True,3.0,1.6127838567197355
1000,600,40,0.04,0.06666666666666667,0.9,False,pair_consistency,0.9783077925834377,0.0066045939343396705,0.5483709156513215,0.07553238424781497,0.9297759830951691,0.12366773358164727,0.7608753406968513,0.08858717775910846,0.07466666666666669,0.04604345773288536,,,,,0.530372763698012,0.09499287110637687,1.008159911632538,0.09094934679297287,5,0.048370915651321456,True,3.0,1.6127838567197355
1000,600,40,0.04,0.06666666666666667,0.9,True,factorized,0.972962112974149,0.010195756215253428,0.3575384646654129,0.1120905353115958,0.7015023827552795,0.17580547868942797,0.7852367305555327,0.07903773165418754,0.21466666666666664,0.08424831023692866,,,,,0.6084875027370285,0.01190091492429712,1.5777727603912353,0.3540692313643841,5,-0.1424615353345871,False,3.0,1.6127838567197355
1000,600,40,0.04,0.06666666666666667,0.9,True,hybrid_curriculum,0.9752642082253808,0.008191879872363965,0.5142010934650898,0.03715897568787321,0.8717211820185184,0.037580946582054235,0.7204492634783581,0.13550138989462848,0.057333333333333326,0.027728845790780558,,,,,0.5433309736683747,0.06252653612345443,0.8294641494750976,0.10694736431507469,5,0.014201093465089798,True,3.0,1.6127838567197355
1000,600,40,0.04,0.06666666666666667,0.9,True,operator,0.9752685269157773,0.008884344419830591,0.5199981823563575,0.05113400980465258,0.9431779250502587,0.08688545498421753,0.7380671366775227,0.06839198512710098,0.164,0.07432660657156659,,,,,0.6557176880266677,0.08098947849349801,0.7640216112136841,0.04847214880989624,5,0.01999818235635753,True,3.0,1.6127838567197355
1000,600,40,0.04,0.06666666666666667,0.9,True,pair_consistency,0.9753457120464007,0.008060368227025591,0.49544722214341164,0.05877017087032894,0.8919446147978306,0.06557534915102739,0.725113166330386,0.09191612098972451,0.08533333333333332,0.06998412518405711,,,,,0.49410585198110335,0.08323576310629478,0.855618417263031,0.05815386486502057,5,-0.004552777856588364,False,3.0,1.6127838567197355
1000,600,40,0.04,0.06666666666666667,0.95,False,factorized,0.9694960675870575,0.011305267008872707,0.3145612567663193,0.051744616014675254,0.5649487048387527,0.11705544622227651,0.8046372050025195,0.06705343116135065,0.2373333333333333,0.07342418614537795,,,,,0.6272076588106242,0.03224136395802284,1.4703447461128234,0.30912469377174473,5,-0.1854387432336807,False,3.0,1.6127838567197355
1000,600,40,0.04,0.06666666666666667,0.95,False,hybrid_curriculum,0.9765631831402695,0.006230858140168682,0.5001445680856704,0.08683442757883707,0.8106935828924179,0.13932609941725713,0.6945621398200357,0.08798159659550787,0.10266666666666666,0.0354651628753877,,,,,0.5562554463916684,0.086380821118238,0.7727387905120849,0.07315712252398357,5,0.00014456808567042678,True,3.0,1.6127838567197355
1000,600,40,0.04,0.06666666666666667,0.95,False,operator,0.9773529498375606,0.008280490379913722,0.5075824797153473,0.072938164186375,0.8092895209789276,0.1302687961763793,0.7805628383515633,0.07409054057590202,0.13866666666666666,0.06171619632550994,,,,,0.6533565048734659,0.05187918794949864,0.6963403820991516,0.03390024268986787,5,0.007582479715347312,True,3.0,1.6127838567197355
1000,600,40,0.04,0.06666666666666667,0.95,False,pair_consistency,0.9771862648795931,0.0063903830704315195,0.4781864121556282,0.06703206891317649,0.753256906569004,0.11886292014672678,0.7939937381208287,0.0687779028145134,0.068,0.042531034420630894,,,,,0.4852092103910991,0.0855355718273386,0.8008630394935607,0.051089733173217605,5,-0.021813587844371818,False,3.0,1.6127838567197355
1000,600,40,0.04,0.06666666666666667,0.95,True,factorized,0.9662849752834625,0.011981290475851633,0.3136503428220749,0.10243298691790692,0.5362080842256546,0.12543536817192072,0.8325561301498869,0.04615005135893291,0.22000000000000003,0.10677078252031313,,,,,0.6048874710406908,0.02299164611707747,1.2672209978103637,0.24479950661346092,5,-0.18634965717792512,False,3.0,1.6127838567197355
1000,600,40,0.04,0.06666666666666667,0.95,True,hybrid_curriculum,0.9715500120996612,0.008534123957482834,0.46233013197779654,0.04002456110088303,0.7349455170333385,0.044877841783495596,0.735365502703139,0.13063547900069036,0.08666666666666668,0.03197221015541813,,,,,0.4885326568145635,0.08149467018695819,0.824000883102417,0.05371638198630856,5,-0.03766986802220346,False,3.0,1.6127838567197355
1000,600,40,0.04,0.06666666666666667,0.95,True,operator,0.9722757871401038,0.008923148045060801,0.4391194522380829,0.046258951032245234,0.7490387260913849,0.13410569670156966,0.7674692700912948,0.08421696438183679,0.18133333333333332,0.06487595000374863,,,,,0.6150479207078595,0.07186481958184511,0.751664650440216,0.03714056091695573,5,-0.06088054776191709,False,3.0,1.6127838567197355
1000,600,40,0.04,0.06666666666666667,0.95,True,pair_consistency,0.9725791939080315,0.009461179798407033,0.450221112370491,0.058461072836593554,0.7616157442331314,0.05624157283520754,0.7486925581004288,0.08247252498200643,0.07866666666666666,0.0877369806739312,,,,,0.4454612754470932,0.0931940197316466,0.8161661148071289,0.03678198501616066,5,-0.049778887629508994,False,3.0,1.6127838567197355
1000,600,50,0.05,0.08333333333333333,0.9,False,factorized,0.9766740408421863,0.009365635350591303,0.29638519287109377,0.14854893502483102,0.6846061587333679,0.17162697251560982,0.7293129126323015,0.13554459481567088,0.23866666666666667,0.11579675681507184,,,,,0.6040766789057295,0.055118513427239446,1.6068109035491944,0.46971868212654894,5,-0.20361480712890623,False,3.0,1.7075701760979363
1000,600,50,0.05,0.08333333333333333,0.9,False,hybrid_curriculum,0.9785697536993965,0.006855486880857331,0.5756865434348584,0.017701734445949507,0.9463270924985409,0.13130857165417564,0.7257555790015157,0.1265200484752498,0.12133333333333333,0.051510516725551625,,,,,0.619456068688872,0.05305422088337455,1.0250664591789245,0.08475677226835229,5,0.07568654343485837,True,3.0,1.7075701760979363
1000,600,50,0.05,0.08333333333333333,0.9,False,operator,0.9780113198002633,0.007541831649477509,0.5964097507297993,0.07735967376732673,1.1086373053491116,0.11754257240094183,0.642107437088223,0.09497765871319692,0.08666666666666667,0.0454606056566195,,,,,0.7028050328162645,0.1024604895014521,0.9329654932022095,0.14288990342497182,5,0.09640975072979929,True,3.0,1.7075701760979363
1000,600,50,0.05,0.08333333333333333,0.9,False,pair_consistency,0.9787139395085029,0.007549545572110598,0.5903776072897017,0.03580753331577732,0.9593969606794417,0.19126923326926323,0.792397132146922,0.0836723178921529,0.07200000000000001,0.04482063017059097,,,,,0.6086630905036985,0.0243577289601561,0.9244631290435791,0.1429986983505786,5,0.09037760728970168,True,3.0,1.7075701760979363
1000,600,50,0.05,0.08333333333333333,0.9,True,factorized,0.973664519099007,0.010224359471817044,0.3159585207700729,0.09606584394489309,0.7032638534903526,0.14451255840897909,0.7262844284163568,0.12806761170208428,0.25599999999999995,0.1333833239618473,,,,,0.5722398365411808,0.04371877596373998,1.3616141557693482,0.37145305881048674,5,-0.18404147922992709,False,3.0,1.7075701760979363
1000,600,50,0.05,0.08333333333333333,0.9,True,hybrid_curriculum,0.9760036901349693,0.00801295720677943,0.5384324785321951,0.026208214767709966,0.9082286681979894,0.14682275547816723,0.7319117421411165,0.10277734261676941,0.07199999999999998,0.05988878581726853,,,,,0.5753272173318704,0.04367427587017013,0.875414252281189,0.015111771955854328,5,0.03843247853219511,True,3.0,1.7075701760979363
1000,600,50,0.05,0.08333333333333333,0.9,True,operator,0.9753461653430918,0.00885001726704303,0.5533497639000415,0.02859230138533806,1.0467337988317014,0.0796531276071343,0.6491442521315681,0.1045008127954402,0.08399999999999999,0.04821249261803878,,,,,0.65568712889834,0.09235585124825109,0.8610301494598389,0.10542188113357435,5,0.053349763900041536,True,3.0,1.7075701760979363
1000,600,50,0.05,0.08333333333333333,0.9,True,pair_consistency,0.9764898510157689,0.009052445355031384,0.5312237117439509,0.024359437320481552,0.8700760576874018,0.1617871390032761,0.8035775606500497,0.0921440783348797,0.04533333333333332,0.058003831291083205,,,,,0.5031755051942948,0.04406846332772572,0.8221415877342224,0.06467572745795494,5,0.031223711743950888,True,3.0,1.7075701760979363
1000,600,50,0.05,0.08333333333333333,0.95,False,factorized,0.9709617629242615,0.011972005029256652,0.2787871688604355,0.13248530410784307,0.5707689315080643,0.17731556480460445,0.7611179537711792,0.08692478012961809,0.2533333333333333,0.10934146311237818,,,,,0.5901652540539831,0.035928780597283015,1.2511138558387755,0.3531858996073956,5,-0.22121283113956453,False,3.0,1.7075701760979363
1000,600,50,0.05,0.08333333333333333,0.95,False,hybrid_curriculum,0.9768037319633788,0.00697242286005038,0.5258564822375774,0.03584970154374752,0.8099144451320172,0.16126509516732754,0.7537421126170643,0.10556653102402179,0.13066666666666668,0.08104868221562203,,,,,0.566657164020129,0.047412184174722635,0.7918765425682068,0.032889797623833095,5,0.025856482237577416,True,3.0,1.7075701760979363
1000,600,50,0.05,0.08333333333333333,0.95,False,operator,0.9760677198231589,0.00847529334432106,0.5046433076262474,0.08109923293087246,0.909143440425396,0.10584542888248766,0.6691899895383618,0.09893892308109287,0.148,0.03176301133219091,,,,,0.6584024635699387,0.07192982292208659,0.7473432183265686,0.028782714997173567,5,0.004643307626247428,True,3.0,1.7075701760979363
1000,600,50,0.05,0.08333333333333333,0.95,False,pair_consistency,0.9781333715474911,0.007562797152698519,0.5400193395093084,0.04449439013636724,0.8289010198786855,0.20514101804437843,0.7849639879396445,0.11550161496338837,0.05600000000000001,0.04821249261803879,,,,,0.5562066448085636,0.028274609562614517,0.7834954142570496,0.07167918533264511,5,0.04001933950930836,True,3.0,1.7075701760979363
1000,600,50,0.05,0.08333333333333333,0.95,True,factorized,0.9683914154251136,0.012609198739061156,0.2965198874473572,0.09254264350141007,0.5906922817230225,0.1534183309972054,0.749427168681186,0.12748664503716683,0.25333333333333335,0.1258747172566614,,,,,0.5615554947640606,0.03186187947527789,1.1290128231048584,0.27853850091789917,5,-0.2034801125526428,False,3.0,1.7075701760979363
1000,600,50,0.05,0.08333333333333333,0.95,True,hybrid_curriculum,0.9730313568528883,0.008068008429833334,0.4727427244186401,0.023672526465393758,0.7721875488758088,0.15916057171448417,0.7436565277909785,0.10931425128727768,0.12533333333333332,0.05042045440317078,,,,,0.5169581907624992,0.09742745663176396,0.804480516910553,0.024530961706967495,5,-0.027257275581359874,False,3.0,1.7075701760979363
1000,600,50,0.05,0.08333333333333333,0.95,True,operator,0.9721336699149186,0.008902393429769038,0.4577991865575314,0.047825298392332766,0.8555144809186459,0.06246722307089509,0.677878962657332,0.08798961118653033,0.14666666666666667,0.0737864787372622,,,,,0.6150548018866953,0.07738339585958434,0.778750193119049,0.03494376016318833,5,-0.04220081344246862,False,3.0,1.7075701760979363
1000,600,50,0.05,0.08333333333333333,0.95,True,pair_consistency,0.9735177593281714,0.009196605409326512,0.4797228675335646,0.028832454155195857,0.7546392749994993,0.16818632981516132,0.8041282101012396,0.08011909093944812,0.07333333333333333,0.08459051693633013,,,,,0.44340534590645114,0.07084527118847407,0.8071218609809876,0.035186349393034166,5,-0.02027713246643542,False,3.0,1.7075701760979363
1000,600,60,0.06,0.1,0.9,False,factorized,0.976227595645135,0.008510115389716275,0.23890703320503234,0.06983874453827571,0.6434001594781875,0.12276373008553138,0.7381183123877696,0.057403795079752844,0.296,0.09679302086870153,,,,,0.6226799063883517,0.05108334095635075,1.911829912662506,0.8654491027288205,5,-0.26109296679496763,False,3.0,1.7853298350107671
1000,600,60,0.06,0.1,0.9,False,hybrid_curriculum,0.9788144046804501,0.007191690425545152,0.564575693756342,0.07126233226253409,0.929959449917078,0.173846085022341,0.7351204971178034,0.10559069196854194,0.09999999999999998,0.0668331255192114,,,,,0.5977543090788778,0.07697143477212354,1.0255992770195008,0.15582087876459758,5,0.06457569375634198,True,3.0,1.7853298350107671
1000,600,60,0.06,0.1,0.9,False,operator,0.9789943398719716,0.007034298502847723,0.5508811563253403,0.03890973576909437,0.9499474823474884,0.17921063237105198,0.7410943390763743,0.17001936418171565,0.12666666666666668,0.06616477747093069,,,,,0.685667020853922,0.09758173310513393,0.9339572548866272,0.08606155507647531,5,0.05088115632534029,True,3.0,1.7853298350107671
1000,600,60,0.06,0.1,0.9,False,pair_consistency,0.9786548946721163,0.0076299297088787315,0.567133603990078,0.04411019007771653,0.943825189769268,0.133597458631109,0.7552407272361734,0.10265054784711367,0.06799999999999998,0.044572039067858074,,,,,0.5457471363038371,0.08999823836094965,1.0633479714393617,0.29463140556779804,5,0.06713360399007795,True,3.0,1.7853298350107671
1000,600,60,0.06,0.1,0.9,True,factorized,0.972719133263379,0.009642467715246789,0.27473459839820863,0.07641856880650545,0.7005330413579941,0.15605401279008188,0.7180062833291104,0.06394307647653834,0.2613333333333333,0.0770858107709987,,,,,0.5841355422948031,0.044792984232942,1.5875837326049804,0.6847215243864578,5,-0.22526540160179137,False,3.0,1.7853298350107671
1000,600,60,0.06,0.1,0.9,True,hybrid_curriculum,0.9758722234693433,0.009614769307432859,0.5016942419111728,0.053505793956538976,0.8512957103550434,0.12406664477726567,0.7267814203215565,0.1344139577523785,0.08000000000000002,0.06782329983125268,,,,,0.5089576265329823,0.038794924589291846,0.8647933840751648,0.09669801832951401,5,0.0016942419111728446,True,3.0,1.7853298350107671
1000,600,60,0.06,0.1,0.9,True,operator,0.9759510004642099,0.008854415318325027,0.4837085768580437,0.03397838198826575,0.8681790485978127,0.15009782793396015,0.7543847681601982,0.1399330326379658,0.12266666666666666,0.04536273556321067,,,,,0.617619942953502,0.06393439201505387,0.8591134309768677,0.06455041928993599,5,-0.016291423141956307,False,3.0,1.7853298350107671
1000,600,60,0.06,0.1,0.9,True,pair_consistency,0.9751092960209636,0.01011833291881694,0.5085592489689589,0.03279083942440367,0.8630600612610578,0.09621149323770446,0.7706532886857211,0.07052281567818809,0.07599999999999998,0.03669695718539434,,,,,0.5007982682817612,0.04869639674875103,0.8811671614646912,0.1261646498158348,5,0.008559248968958877,True,3.0,1.7853298350107671
1000,600,60,0.06,0.1,0.95,False,factorized,0.9710956660537716,0.011030636297926043,0.22167403101921082,0.07731342141211935,0.5549952894449234,0.144828459869173,0.7459128588941022,0.04631895541395295,0.30933333333333335,0.07854227453345677,,,,,0.6315610490024972,0.04292523608973475,1.4823643207550048,0.7707995085462452,5,-0.2783259689807892,False,3.0,1.7853298350107671
1000,600,60,0.06,0.1,0.95,False,hybrid_curriculum,0.9780137120320527,0.00784203973101048,0.4838227331638336,0.08143353429046034,0.7616782188415527,0.1372391507517789,0.7507892921368166,0.10155434527683149,0.11866666666666667,0.09011104260855046,,,,,0.5707846109964689,0.06675809360942207,0.7861713767051697,0.071520614004496,5,-0.016177266836166382,False,3.0,1.7853298350107671
1000,600,60,0.06,0.1,0.95,False,operator,0.9773534744648732,0.007663218273471406,0.45575917363166807,0.0428824308817901,0.7815034776926041,0.14434363178947154,0.7537457147607078,0.17042067502165031,0.15733333333333333,0.0725105356329532,,,,,0.6480519391838684,0.07127590452928981,0.7464922785758972,0.07130555298012485,5,-0.04424082636833193,False,3.0,1.7853298350107671
1000,600,60,0.06,0.1,0.95,False,pair_consistency,0.9774128336669765,0.008026470403348168,0.5070442967116833,0.0407071291012679,0.7647213660180568,0.11665158828367597,0.7907253618262456,0.08025747655749993,0.06133333333333335,0.0648759500037486,,,,,0.5220881955458123,0.03761397783137573,0.8228851199150086,0.10458758569879636,5,0.007044296711683273,True,3.0,1.7853298350107671
1000,600,60,0.06,0.1,0.95,True,factorized,0.967445354164837,0.012686264222178417,0.2554479956626892,0.05393874615464983,0.6070997595787049,0.17247294729771417,0.7246812264496478,0.07819691146909061,0.2853333333333333,0.042531034420630894,,,,,0.577100142090128,0.050776350712955484,1.2975507736206056,0.5813687513648005,5,-0.24455200433731078,False,3.0,1.7853298350107671
1000,600,60,0.06,0.1,0.95,True,hybrid_curriculum,0.9734050204564874,0.010421844730814043,0.4529169872403145,0.05857989974298798,0.7296604916453362,0.06647154993309547,0.7368328025116796,0.12510691997042434,0.05733333333333335,0.04511713150850302,,,,,0.4859889134978734,0.02556081904882311,0.798737633228302,0.05807283502966282,5,-0.047083012759685516,False,3.0,1.7853298350107671
1000,600,60,0.06,0.1,0.95,True,operator,0.9730609092670349,0.009139257108254953,0.38768543899059293,0.06486052053267584,0.707641851902008,0.12006064568593976,0.7496539682528878,0.16404196223649498,0.128,0.09133576639095019,,,,,0.5969940994595287,0.04038223227074362,0.7789245963096618,0.056296163243129735,5,-0.11231456100940707,False,3.0,1.7853298350107671
1000,600,60,0.06,0.1,0.95,True,pair_consistency,0.9722013635440103,0.01121067918389824,0.4708187021315098,0.020399987715317272,0.7251185961067677,0.09036669657251235,0.7918528583086981,0.065769770401439,0.08,0.041096093353126514,,,,,0.4865849593221278,0.04850523659100801,0.8245278239250183,0.05771173968605238,5,-0.02918129786849022,False,3.0,1.7853298350107671
1000,600,75,0.075,0.125,0.9,False,factorized,0.9771742649556948,0.008495758044303761,0.2518300175666809,0.0398099445865508,0.629972742497921,0.21034434243972677,0.7394982528000968,0.16826247840626038,0.29200000000000004,0.1182652386234716,,,,,0.5719414996794419,0.049833452869893165,1.6692367792129517,0.21353675597332042,5,-0.24816998243331911,False,3.0,1.8808135922807914
1000,600,75,0.075,0.125,0.9,False,hybrid_curriculum,0.9787295634422897,0.007278953478440814,0.5769428558647632,0.010824805806796825,0.9008306123316288,0.08608955324266027,0.7674363643598872,0.03638772917210033,0.11199999999999999,0.05299895177160478,,,,,0.6016933647877274,0.02738118297413322,1.1303486943244934,0.38515208686901137,5,0.07694285586476324,True,3.0,1.8808135922807914
1000,600,75,0.075,0.125,0.9,False,operator,0.9784095214326353,0.007158969400836659,0.6368532165884971,0.06212744215321825,1.0345822259783746,0.163213298400439,0.7333968815043111,0.1615278701179668,0.13733333333333336,0.041257995858042136,,,,,0.7506560889562779,0.07482660467201888,0.8800814747810364,0.0933953661946951,5,0.13685321658849714,True,3.0,1.8808135922807914
1000,600,75,0.075,0.125,0.9,False,pair_consistency,0.9786686643034793,0.007070158440223583,0.5982437901198864,0.04848303830101002,0.9298457615077496,0.04216539550087036,0.796453732100064,0.13585840117022616,0.04533333333333332,0.05236623169774793,,,,,0.621108211031431,0.03980905849054808,1.0119374871253968,0.21711334351499992,5,0.09824379011988638,True,3.0,1.8808135922807914
1000,600,75,0.075,0.125,0.9,True,factorized,0.9736031053516883,0.009832252108916657,0.22177926301956177,0.08384019961557637,0.5645077228546143,0.17664140302280218,0.7949972429638428,0.09472094912156918,0.29066666666666674,0.14068088395766895,,,,,0.5748851428256613,0.05219827724220196,1.397940182685852,0.20115477344756993,5,-0.27822073698043825,False,3.0,1.8808135922807914
1000,600,75,0.075,0.125,0.9,True,hybrid_curriculum,0.9768644889341365,0.007847665108129825,0.535541997011751,0.017937711389250488,0.8426479018293321,0.06729713992946924,0.7857485338301513,0.035095366482499654,0.09066666666666667,0.0792464510246358,,,,,0.5228904499760034,0.07264056103127146,0.9434657573699952,0.20365114059177458,5,0.03554199701175098,True,3.0,1.8808135922807914
1000,600,75,0.075,0.125,0.9,True,operator,0.9760630720142858,0.00793849133347892,0.5791793510317802,0.07058721212645695,0.965539962053299,0.18687803707062894,0.7324217271093717,0.17277668810990748,0.14666666666666664,0.11841546445554406,,,,,0.6948650412795379,0.08386977925248491,0.8226301193237304,0.06022334474209603,5,0.0791793510317802,True,3.0,1.8808135922807914
1000,600,75,0.075,0.125,0.9,True,pair_consistency,0.976863037088405,0.007727232054188091,0.5490927202627063,0.04558723384702794,0.9069975985214114,0.055884021836974496,0.7671928815847329,0.086400800300182,0.04533333333333335,0.03508719297850871,,,,,0.5017509269960034,0.07313178051679912,0.8733574509620666,0.11329240417398073,5,0.04909272026270628,True,3.0,1.8808135922807914
1000,600,75,0.075,0.125,0.95,False,factorized,0.9727873001811105,0.012081390804006983,0.2511114239692688,0.050093039979867686,0.5470665097236633,0.20244326106148272,0.7628427826283817,0.12830967143675723,0.2653333333333333,0.12368418564140599,,,,,0.5734765926940175,0.04738635989453392,1.2328659534454345,0.14844954230068966,5,-0.24888857603073122,False,3.0,1.8808135922807914
1000,600,75,0.075,0.125,0.95,False,hybrid_curriculum,0.9779692852535344,0.007683504756021469,0.5181952334940434,0.0349735111620415,0.7492903091013432,0.11920025529171156,0.7912611886674084,0.04065103058331296,0.10666666666666666,0.04921607686744468,,,,,0.5547320048732967,0.0671462495741492,0.8570216417312622,0.14808558298952565,5,0.018195233494043395,True,3.0,1.8808135922807914
1000,600,75,0.075,0.125,0.95,False,operator,0.9774500149657944,0.007907836265621216,0.5579784840345383,0.06736365253750118,0.8528946310281753,0.1498530369420524,0.7614693487966201,0.1331171700788459,0.16266666666666668,0.05823324747179322,,,,,0.7246243587708184,0.06431894566230062,0.7220276474952698,0.0450539494860818,5,0.05797848403453831,True,3.0,1.8808135922807914
1000,600,75,0.075,0.125,0.95,False,pair_consistency,0.9782077432352141,0.007152408310967564,0.545464463531971,0.037178961805487486,0.7900966897606849,0.0694620652209308,0.820857988348552,0.05613241702721513,0.06933333333333334,0.08077403323125845,,,,,0.5771981860858765,0.016971648768116052,0.8099647879600524,0.06639239810641119,5,0.04546446353197098,True,3.0,1.8808135922807914
1000,600,75,0.075,0.125,0.95,True,factorized,0.9687563607670869,0.013095825103096653,0.21663870215415953,0.08776349700647365,0.488042888045311,0.1895948397316913,0.7990105792305577,0.09562144646999655,0.308,0.13253091882441786,,,,,0.5664994102836527,0.058952576908721105,1.103244388103485,0.13558406709119972,5,-0.28336129784584047,False,3.0,1.8808135922807914
1000,600,75,0.075,0.125,0.95,True,hybrid_curriculum,0.9746721849607379,0.008806355247036218,0.5022248888388277,0.03403616953750874,0.7257195496931672,0.06983999231154556,0.7996069169509751,0.047035898362658146,0.06399999999999999,0.05155363981114987,,,,,0.49499420453241294,0.07442484363295884,0.8376182556152344,0.06837923191560637,5,0.0022248888388276544,True,3.0,1.8808135922807914
1000,600,75,0.075,0.125,0.95,True,operator,0.9737755993451342,0.00893555984099409,0.4952046826481819,0.06733873926422682,0.7933937057852745,0.16365411294428267,0.7629409781230313,0.13924406985841067,0.15866666666666665,0.11788883652737342,,,,,0.6422951260330448,0.07173787913099004,0.7608341097831726,0.02910972725303688,5,-0.004795317351818096,False,3.0,1.8808135922807914
1000,600,75,0.075,0.125,0.95,True,pair_consistency,0.9740086473248615,0.008403068750257451,0.49579126946628094,0.033309664212492804,0.7699283491820097,0.08198705746526357,0.7805035818768615,0.04805220200146395,0.068,0.06007402840570032,,,,,0.49862154817628934,0.048566559329572837,0.8038411378860474,0.04272011278991618,5,-0.004208730533719063,False,3.0,1.8808135922807914
1000,600,100,0.1,0.16666666666666666,0.9,False,factorized,0.9779540812164628,0.008016694837494865,0.25798179507255553,0.09396674942987518,0.6481789857149124,0.14495002133335544,0.7768353731856688,0.05375947597358943,0.24933333333333332,0.0966781602362533,,,,,0.5530618956803968,0.05539318343480183,1.3371182441711427,0.18844753862825028,5,-0.24201820492744447,False,3.0,2.0043213737826426
1000,600,100,0.1,0.16666666666666666,0.9,False,hybrid_curriculum,0.9786526740138196,0.007737169083943129,0.5972747217863799,0.059739056698382344,0.941088454052806,0.08000545768550225,0.7380746694679907,0.14641370150725128,0.08400000000000002,0.025210227201585375,,,,,0.6329794359998562,0.0682381815915883,1.0192140698432923,0.1291758394116563,5,0.09727472178637986,True,3.0,2.0043213737826426
1000,600,100,0.1,0.16666666666666666,0.9,False,operator,0.9785912482650589,0.007633553302809787,0.649077320098877,0.06962354250229334,1.0438018977642058,0.07869536311382246,0.7698159611086481,0.09966418901085747,0.07466666666666666,0.04580150409951377,,,,,0.7218200903927428,0.09101413822514426,1.1401862740516662,0.3175930044351088,5,0.14907732009887698,True,3.0,2.0043213737826426
1000,600,100,0.1,0.16666666666666666,0.9,False,pair_consistency,0.9787712935977286,0.0075821211943837485,0.595917246863246,0.06688480158724894,0.9602552574127913,0.14598720921341932,0.7741520449420171,0.0880603718622456,0.04133333333333334,0.04253103442063089,,,,,0.5633696602113598,0.04215208798878213,1.3137861847877503,0.4376739823934646,5,0.09591724686324599,True,3.0,2.0043213737826426
1000,600,100,0.1,0.16666666666666666,0.9,True,factorized,0.9742255835641721,0.009463824473879608,0.2579201698303223,0.06648379427448214,0.6572211265563965,0.10260736149025595,0.7645581102336877,0.06814610115402008,0.268,0.09630968567883275,,,,,0.5214595441205215,0.06964509547317264,1.147709357738495,0.16300331085039496,5,-0.2420798301696777,False,3.0,2.0043213737826426
1000,600,100,0.1,0.16666666666666666,0.9,True,hybrid_curriculum,0.9767294077905901,0.00883415334645852,0.5604295946657658,0.06106052932463598,0.8997917450964451,0.13722932715955127,0.7385613822836934,0.1202264873801605,0.11200000000000002,0.05085928299402842,,,,,0.5919334239596534,0.04705857928498144,0.8251456141471862,0.04102868540638359,5,0.06042959466576581,True,3.0,2.0043213737826426
1000,600,100,0.1,0.16666666666666666,0.9,True,operator,0.9770348744940426,0.009384414006849128,0.5823402293026447,0.052342449888534114,0.9695035792887211,0.09822943602255065,0.7519950495932453,0.09818901742818763,0.06666666666666668,0.04371625682868,,,,,0.6470625905465294,0.05953666206744941,0.9539861798286438,0.17209868451418892,5,0.08234022930264473,True,3.0,2.0043213737826426
1000,600,100,0.1,0.16666666666666666,0.9,True,pair_consistency,0.9768292229413106,0.009062591094334148,0.5569664941169321,0.04872266252827061,0.919629214797169,0.11777261765708964,0.7543778101100747,0.12424039836202261,0.021333333333333322,0.023758039574940597,,,,,0.5171752431510276,0.009693123452407392,0.9510063171386719,0.18693937729365048,5,0.05696649411693211,True,3.0,2.0043213737826426
1000,600,100,0.1,0.16666666666666666,0.95,False,factorized,0.9742063010981896,0.009209222284342261,0.24583628475666047,0.08851052003847727,0.546829542517662,0.10750913541293067,0.7750528343353709,0.06373395462490954,0.23066666666666666,0.09268824688767781,,,,,0.5645961930825624,0.04603290592702303,1.0074063062667846,0.12277731532851321,5,-0.2541637152433395,False,3.0,2.0043213737826426
1000,600,100,0.1,0.16666666666666666,0.95,False,hybrid_curriculum,0.977870373308664,0.00768702982470297,0.5510318920016288,0.054382880150898,0.8017123445868493,0.0498135361758498,0.7727701075633737,0.1445070800111908,0.10266666666666664,0.034189017079888216,,,,,0.6045765868937013,0.0684000298548652,0.797672688961029,0.048848606733094345,5,0.05103189200162883,True,3.0,2.0043213737826426
1000,600,100,0.1,0.16666666666666666,0.95,False,operator,0.9780097965816337,0.00771446842612496,0.5687574878334999,0.06766741096339575,0.9050063833594322,0.09224371694987617,0.7469746474136507,0.1097705342848827,0.10799999999999998,0.02641548367487859,,,,,0.6776983218806123,0.08380776118639055,0.8102373600006103,0.15283526605844572,5,0.06875748783349989,True,3.0,2.0043213737826426
1000,600,100,0.1,0.16666666666666666,0.95,False,pair_consistency,0.9776670366029055,0.0078122138186058915,0.5456760607659816,0.06406849485810825,0.800088533014059,0.10746158913987647,0.8076647952481706,0.07620350347844476,0.03333333333333333,0.038873012632302,,,,,0.5448503534420782,0.05488057092712569,0.9262311458587646,0.2122138018082082,5,0.04567606076598163,True,3.0,2.0043213737826426
1000,600,100,0.1,0.16666666666666666,0.95,True,factorized,0.9709563942321335,0.010134838093424747,0.2624223351478577,0.06347919656697379,0.5662789672613144,0.1107970334792392,0.7783927166764429,0.07675336075229405,0.27066666666666667,0.09364234559689806,,,,,0.5301646307467834,0.0598875024760066,0.9514334201812744,0.11888404320307132,5,-0.23757766485214232,False,3.0,2.0043213737826426
1000,600,100,0.1,0.16666666666666666,0.95,True,hybrid_curriculum,0.974598308634017,0.009505267559811476,0.5096869468688965,0.051228344727401814,0.7522259682416916,0.08441435791174308,0.785226462235882,0.09732090724060048,0.09999999999999999,0.032317865716108854,,,,,0.5368752548730463,0.05951232708673349,0.7901311159133911,0.04170058728637514,5,0.009686946868896484,True,3.0,2.0043213737826426
1000,600,100,0.1,0.16666666666666666,0.95,True,operator,0.9756689047660295,0.009607107505985781,0.49934768229722976,0.046776643626692704,0.7966858819127083,0.09708028392884491,0.7842769268950406,0.04843027254022489,0.10933333333333332,0.04487018312123692,,,,,0.6326643939647641,0.05161423663982158,0.8023014664649963,0.06923742731499256,5,-0.0006523177027702443,False,3.0,2.0043213737826426
1000,600,100,0.1,0.16666666666666666,0.95,True,pair_consistency,0.9760812058991395,0.009085109123894462,0.5016654621809721,0.06550120205163926,0.7823176991194487,0.08929750124966654,0.7663352060789828,0.14225371121963692,0.037333333333333336,0.04152643067305983,,,,,0.45922877607683066,0.04954094952035265,0.8349711656570434,0.08291287976948296,5,0.001665462180972077,True,3.0,2.0043213737826426
1000,600,150,0.15,0.25,0.9,False,factorized,0.975966764580183,0.00812962111189272,0.258250093460083,0.058887957349177567,0.7293765246868134,0.05207430060931085,0.6659771912677558,0.0776100228191624,0.3,0.09345230512584125,,,,,0.5570976387344282,0.07763356430931742,1.1760337591171264,0.31618851547899735,5,-0.24174990653991701,False,3.0,2.1789769472931693
1000,600,150,0.15,0.25,0.9,False,hybrid_curriculum,0.9791732085649066,0.007881334543177914,0.6351772911846638,0.04916011543093286,0.9741750814020633,0.09364446566193793,0.7566281165321233,0.09925446080093052,0.07866666666666666,0.046043457732885346,,,,,0.6684684789366125,0.09100210082042218,0.9156751275062561,0.19788424638679555,5,0.13517729118466382,True,3.0,2.1789769472931693
1000,600,150,0.15,0.25,0.9,False,operator,0.9786910378677967,0.0065381013296610365,0.6600428327918053,0.044371832350265504,0.9813248291611671,0.1718544620244641,0.7848743657169115,0.12749982225893394,0.072,0.04279148409568323,,,,,0.7381383073701974,0.0403598852379993,0.9152011156082154,0.31754294032998753,5,0.1600428327918053,True,3.0,2.1789769472931693
1000,600,150,0.15,0.25,0.9,False,pair_consistency,0.9787928755457445,0.007856525564212206,0.6155844016058836,0.03215594597603297,0.996478916524211,0.18090895669717708,0.7611007515898845,0.10717004007878135,0.046666666666666676,0.05142416206847171,,,,,0.5882579413372293,0.04417128894802364,0.9763415455818176,0.157848944661116,5,0.11558440160588357,True,3.0,2.1789769472931693
1000,600,150,0.15,0.25,0.9,True,factorized,0.9737250517439426,0.009833468201176615,0.24806587696075438,0.08668625225756299,0.7215578377246856,0.06164512433235055,0.6487886356382846,0.07227554566695593,0.296,0.12636806910327028,,,,,0.5423463299067961,0.0860812626042177,1.0282355070114135,0.24226935188330811,5,-0.2519341230392456,False,3.0,2.1789769472931693
1000,600,150,0.15,0.25,0.9,True,hybrid_curriculum,0.9770339166616072,0.009339686233338602,0.5853725221939385,0.03574183317502943,0.914184355456382,0.05078190861419013,0.7388864320972282,0.1173257381507932,0.08266666666666664,0.06676659177895615,,,,,0.6075436118145241,0.07951823455298293,0.8034590601921081,0.07048109156580895,5,0.08537252219393854,True,3.0,2.1789769472931693
1000,600,150,0.15,0.25,0.9,True,operator,0.9762903676756782,0.008837448389574369,0.5909439526498318,0.02493211077359709,0.8504597507417202,0.14246456143310243,0.8369666126521462,0.10295529477180523,0.088,0.049306298898934904,,,,,0.6773881444958867,0.056075511922169245,0.806074857711792,0.10074962348254107,5,0.0909439526498318,True,3.0,2.1789769472931693
1000,600,150,0.15,0.25,0.9,True,pair_consistency,0.9766301693933424,0.00875679400308223,0.5599384205881506,0.02602362867877192,0.9604171859566122,0.16577456398732232,0.7259598969119365,0.10979265495226523,0.057333333333333326,0.07251053563295319,,,,,0.521889608472357,0.06023618569094314,0.8187585949897767,0.06802936949832297,5,0.059938420588150576,True,3.0,2.1789769472931693
1000,600,150,0.15,0.25,0.95,False,factorized,0.9720595744480652,0.008940029924887695,0.23749801516532898,0.06268553202930711,0.5930365353822709,0.05951638249527825,0.6941384679731301,0.11250843961989991,0.30000000000000004,0.10677078252031312,,,,,0.5618311471695655,0.05569271837340059,0.9385405302047729,0.23603073845986444,5,-0.262501984834671,False,3.0,2.1789769472931693
1000,600,150,0.15,0.25,0.95,False,hybrid_curriculum,0.9785730651424943,0.007902390801057608,0.5672332979738712,0.046029705688142034,0.8329310961067676,0.06202438090670318,0.7523394014039081,0.1052047152520848,0.092,0.0827848617401354,,,,,0.6315223176586123,0.09032346432559006,0.7872994303703308,0.07370185626023627,5,0.06723329797387123,True,3.0,2.1789769472931693
1000,600,150,0.15,0.25,0.95,False,operator,0.9776698639635756,0.006841262395868383,0.5678165510296822,0.06368976171927726,0.8533177211880684,0.17504287940245428,0.77461221985736,0.11574252975553566,0.096,0.05785038173311104,,,,,0.7064552162612381,0.057364536967522056,0.746260404586792,0.12521548702084914,5,0.0678165510296822,True,3.0,2.1789769472931693
1000,600,150,0.15,0.25,0.95,False,pair_consistency,0.9781513537996596,0.007815657889865445,0.5822714655660093,0.04154717108906542,0.8302612154744565,0.18268943916017258,0.8202817250269021,0.0746344395135942,0.04533333333333333,0.045801504099513786,,,,,0.5690257212381378,0.031314740755586226,0.8097243785858155,0.08729931249620553,5,0.08227146556600928,True,3.0,2.1789769472931693
1000,600,150,0.15,0.25,0.95,True,factorized,0.9689927622292667,0.011279992063754461,0.24099233150482177,0.07010218191871499,0.5886684268712997,0.045880383110215923,0.7056243455061555,0.09928252832630974,0.2866666666666667,0.13630032200173917,,,,,0.5283237765034927,0.08523337387242615,0.8942186713218689,0.17094947668468943,5,-0.2590076684951782,False,3.0,2.1789769472931693
1000,600,150,0.15,0.25,0.95,True,hybrid_curriculum,0.9753856608235629,0.009208497551735027,0.5347371440380811,0.040242309308210746,0.8186523657292127,0.0384544258550342,0.7264287662765707,0.09876777554253538,0.088,0.056450568346710785,,,,,0.5858656082849262,0.07168491945695989,0.7957898378372192,0.04012889061111189,5,0.03473714403808115,True,3.0,2.1789769472931693
1000,600,150,0.15,0.25,0.95,True,operator,0.9740206375346748,0.009471154351395856,0.49599080830812453,0.0364647480999786,0.7128251835703849,0.17241813565429961,0.8302490305177004,0.1085789652149781,0.10133333333333334,0.0506403440395545,,,,,0.6223644768992275,0.08221189826297211,0.7662384390830994,0.03686498898705339,5,-0.004009191691875469,False,3.0,2.1789769472931693
1000,600,150,0.15,0.25,0.95,True,pair_consistency,0.9750244847253496,0.009157810551680542,0.5224248375743628,0.02630922431678018,0.7984407361596823,0.1613965959757997,0.7892113373563779,0.07695627963721033,0.072,0.056055528025541076,,,,,0.4791432898977159,0.060020515466322845,0.799211585521698,0.038968685854346985,5,0.022424837574362755,True,3.0,2.1789769472931693
1000,600,200,0.2,0.3333333333333333,0.9,False,factorized,0.977152582899581,0.00844976353096322,0.3231030613183975,0.06261180423690775,0.7124209940433502,0.13515820400648584,0.7337336849589569,0.14849406580805527,0.21600000000000003,0.11514242388354425,,,,,0.5846385881310596,0.05250230447679449,1.4460938572883606,0.3971707095939869,5,-0.1768969386816025,False,3.0,2.303196057420489
1000,600,200,0.2,0.3333333333333333,0.9,False,hybrid_curriculum,0.979113289301581,0.007697526666588092,0.6814421951770783,0.048258406484754796,0.9952526807785034,0.06943608977692307,0.7981122864762019,0.07679462542261926,0.03866666666666668,0.032455097185701554,,,,,0.7250642870691977,0.07489996745337466,1.2114591598510742,0.2641466851188864,5,0.18144219517707827,True,3.0,2.303196057420489
1000,600,200,0.2,0.3333333333333333,0.9,False,operator,0.9791328200641901,0.007602858096988002,0.6616231426596642,0.06664431690702562,1.0863689675927162,0.11913938958410557,0.7214982574642591,0.03803187127934075,0.10400000000000002,0.01382429423555183,,,,,0.7655578974565962,0.040164846912939964,1.1724198937416077,0.20128741202104616,5,0.16162314265966415,True,3.0,2.303196057420489
1000,600,200,0.2,0.3333333333333333,0.9,False,pair_consistency,0.9794537036922328,0.007055176309748889,0.6399493933655321,0.028148071216292966,1.0139991850592196,0.15995561605338002,0.7793134872752175,0.12430518713470325,0.034666666666666665,0.04038701661562922,,,,,0.6374711840774282,0.078366565272545,1.0414990425109862,0.2536155665182631,5,0.13994939336553214,True,3.0,2.303196057420489
1000,600,200,0.2,0.3333333333333333,0.9,True,factorized,0.9746858412292676,0.00976118641620085,0.3051584750413895,0.050504171298270006,0.6809620231389999,0.1403335060099469,0.730119967547737,0.15932847536873712,0.22133333333333333,0.11882760622010358,,,,,0.5444776179206279,0.045591286189486435,1.2084964871406556,0.2340593378496898,5,-0.1948415249586105,False,3.0,2.303196057420489
1000,600,200,0.2,0.3333333333333333,0.9,True,hybrid_curriculum,0.9776924639692298,0.008416056941710274,0.6086363041773438,0.025340666424571157,0.8848475778475404,0.10862826516702628,0.8123686440931774,0.11031639150248769,0.04133333333333334,0.04011095721731019,,,,,0.6444338016077665,0.04292531547136737,0.8721581220626831,0.08881705012235044,5,0.10863630417734382,True,3.0,2.303196057420489
1000,600,200,0.2,0.3333333333333333,0.9,True,operator,0.9776107812919097,0.008486265635883866,0.588119039684534,0.08029234009450731,1.0071521438658237,0.16196474542064465,0.726276354673525,0.10648972530255116,0.10666666666666666,0.037416573867739424,,,,,0.6635885953004956,0.09466025075381189,0.9100505590438843,0.07270353255457292,5,0.08811903968453405,True,3.0,2.303196057420489
1000,600,200,0.2,0.3333333333333333,0.9,True,pair_consistency,0.9785113243609029,0.007476258520475369,0.5806204134831205,0.044901575801353566,0.9317986989626661,0.15904871363062886,0.7847265310700399,0.13064053068158196,0.036,0.04412104562073146,,,,,0.5483079471066741,0.04124588119338869,0.8157732725143433,0.059251633161034246,5,0.08062041348312055,True,3.0,2.303196057420489
1000,600,200,0.2,0.3333333333333333,0.95,False,factorized,0.9737435038224529,0.009781783372447351,0.29222722053527833,0.06734194151870575,0.5873716443777084,0.08910477146723556,0.7694771508052097,0.1225405106256015,0.2266666666666667,0.15260697523012798,,,,,0.5703116290805578,0.03578389696515136,1.1225786209106445,0.28494969962985234,5,-0.20777277946472167,False,3.0,2.303196057420489
1000,600,200,0.2,0.3333333333333333,0.95,False,hybrid_curriculum,0.9788534889034818,0.007615836833784891,0.6176500491797924,0.03998158892404071,0.841376917809248,0.06535618510497675,0.8135059468672203,0.03723129195506705,0.04266666666666667,0.026499475885802377,,,,,0.6963325689855477,0.0472441630280621,0.8782950401306152,0.10817162096146472,5,0.11765004917979238,True,3.0,2.303196057420489
1000,600,200,0.2,0.3333333333333333,0.95,False,operator,0.9790142064703687,0.007735644975105942,0.560242523252964,0.06461929669492336,0.8919993713498116,0.12038983637668287,0.7456995408122801,0.057277254388176595,0.13999999999999999,0.066332495807108,,,,,0.6989543351444149,0.02935992717281831,0.8485606789588929,0.06584259362406959,5,0.060242523252963975,True,3.0,2.303196057420489
1000,600,200,0.2,0.3333333333333333,0.95,False,pair_consistency,0.9791140975555057,0.007269146276280699,0.5847681974526495,0.0313237956054039,0.8578971897717566,0.1567161982804722,0.8027496776592985,0.11434780618125802,0.04666666666666666,0.040276819911981905,,,,,0.5907386988195451,0.0523925384260628,0.833441686630249,0.07960534483494294,5,0.08476819745264952,True,3.0,2.303196057420489
1000,600,200,0.2,0.3333333333333333,0.95,True,factorized,0.9701119023921297,0.0112460538803045,0.2875793069601059,0.06850787948062861,0.574078044295311,0.12544992751971545,0.7647702489763338,0.15558232001731828,0.2026666666666667,0.1380499104591444,,,,,0.5169231219882016,0.04145394883334823,1.019196105003357,0.17487021885765705,5,-0.21242069303989408,False,3.0,2.303196057420489
1000,600,200,0.2,0.3333333333333333,0.95,True,hybrid_curriculum,0.9765084032923115,0.009300720440938593,0.5532510008662939,0.026260350433429263,0.7604706909507513,0.10109947988699133,0.8195896588560323,0.08781386674439123,0.04666666666666666,0.03681787005729086,,,,,0.5763421912938788,0.06023593758545443,0.8033623337745667,0.03696656545128468,5,0.05325100086629386,True,3.0,2.303196057420489
1000,600,200,0.2,0.3333333333333333,0.95,True,operator,0.9762635213138857,0.008612790573907882,0.5051784753799439,0.0710268898711976,0.8211797773838043,0.15511476729850238,0.766817516097319,0.08076418194527935,0.10000000000000002,0.04268749491621899,,,,,0.6022365026660006,0.09038255721084473,0.7940070748329162,0.04810905279050378,5,0.00517847537994387,True,3.0,2.303196057420489
1000,600,200,0.2,0.3333333333333333,0.95,True,pair_consistency,0.9769064454138183,0.008408470372913729,0.5354926130734384,0.04515130513122979,0.8079469463787973,0.14848374754896865,0.8003409888331472,0.11033839945237507,0.053333333333333344,0.05312459150169743,,,,,0.49213339294868225,0.041938631493979237,0.7931536674499512,0.03660032745083356,5,0.03549261307343843,True,3.0,2.303196057420489
1000,600,250,0.25,0.4166666666666667,0.9,False,factorized,0.9765706212063179,0.008267406911605097,0.25307329893112185,0.08535340433858478,0.6333319514989852,0.12659604133301602,0.7426827947342044,0.16394103158529605,0.28400000000000003,0.11865917579353062,,,,,0.5692119419830683,0.06045291769902823,1.7110467195510863,0.5841967076232487,5,-0.24692670106887815,False,3.0,2.399673721481038
1000,600,250,0.25,0.4166666666666667,0.9,False,hybrid_curriculum,0.9787524269623875,0.007546781416532605,0.6205432649701834,0.023174148960769702,0.961788072809577,0.10852450261154524,0.7505124042412474,0.14525745923175964,0.064,0.015347819244295104,,,,,0.604613780983818,0.06051139196304664,1.034810972213745,0.20177349727242663,5,0.12054326497018342,True,3.0,2.399673721481038
1000,600,250,0.25,0.4166666666666667,0.9,False,operator,0.978810899676359,0.007168928101667107,0.6771796315908432,0.05602830848090224,1.0727084189653397,0.08704717067499436,0.7141167414350036,0.05834232199281781,0.072,0.01966384160500349,,,,,0.7462261862379416,0.04928465984551663,1.1948869228363037,0.7039050330367442,5,0.17717963159084316,True,3.0,2.399673721481038
1000,600,250,0.25,0.4166666666666667,0.9,False,pair_consistency,0.9790342111286735,0.007943661438300768,0.6342721145600081,0.03689658713691689,1.0891916077584027,0.07946383391430428,0.7102530109757773,0.05501800226672301,0.032000000000000015,0.03753516869402466,,,,,0.623173108991426,0.04674920620587206,1.1040234208106994,0.13376774823683724,5,0.1342721145600081,True,3.0,2.399673721481038
1000,600,250,0.25,0.4166666666666667,0.9,True,factorized,0.9721814796998579,0.010792937463373961,0.25211494266986845,0.09680309151829548,0.6335310608148574,0.12921733113338454,0.7349977845534286,0.1511184301886782,0.2773333333333333,0.09038190576043909,,,,,0.5402494807191458,0.05488587000676449,1.4210399389266968,0.45893301447018886,5,-0.24788505733013155,False,3.0,2.399673721481038
1000,600,250,0.25,0.4166666666666667,0.9,True,hybrid_curriculum,0.9777374461516765,0.009164823837441561,0.571674270182848,0.030344673271813224,0.9115949727594852,0.10792370606219238,0.7348696633593909,0.14519624256776936,0.05333333333333332,0.03197221015541813,,,,,0.559363587988957,0.03634153697058784,0.8057369589805603,0.031174566889147593,5,0.071674270182848,True,3.0,2.399673721481038
1000,600,250,0.25,0.4166666666666667,0.9,True,operator,0.9773543917467358,0.008625308108168108,0.6117016017436981,0.05916850029805413,0.9982118904590607,0.11072041835780518,0.7305941839163361,0.06892950551647169,0.09066666666666665,0.026499475885802384,,,,,0.6997895208384513,0.05875927218964017,0.9053553581237793,0.2649564008501812,5,0.11170160174369814,True,3.0,2.399673721481038
1000,600,250,0.25,0.4166666666666667,0.9,True,pair_consistency,0.9773968435044033,0.009439275905132417,0.5687820668681525,0.05032152085643397,0.9815750475390814,0.05889220360142885,0.7119540088727548,0.14239535497726624,0.030666666666666682,0.04560701700396553,,,,,0.5349217043279718,0.05747657495128706,0.8328608751296998,0.03721796081291759,5,0.06878206686815247,True,3.0,2.399673721481038
1000,600,250,0.25,0.4166666666666667,0.95,False,factorized,0.9717240120753792,0.010068949430693327,0.23126492500305176,0.1040413040630151,0.5025444269180298,0.15168568242408023,0.7638778373082725,0.1780001816654544,0.264,0.11485256249257618,,,,,0.5637790807084362,0.051762395934664314,1.32102689743042,0.4528613507028947,5,-0.26873507499694826,False,3.0,2.399673721481038
1000,600,250,0.25,0.4166666666666667,0.95,False,hybrid_curriculum,0.9783926619927368,0.007610932656972102,0.5648950867354869,0.022702466817046293,0.8170958660542965,0.07757313580027426,0.7544692266480328,0.157310583842536,0.084,0.02290075204975691,,,,,0.5928235337743992,0.033300024510629876,0.8311924695968628,0.07482434627557938,5,0.06489508673548694,True,3.0,2.399673721481038
1000,600,250,0.25,0.4166666666666667,0.95,False,operator,0.9783092049878096,0.007015881402113209,0.5960311472415925,0.05746740296143593,0.9119125872850418,0.12841317704950478,0.7300380493610179,0.07758282317494858,0.08399999999999999,0.015347819244295131,,,,,0.7126064954419219,0.025819066086470367,0.8673308253288269,0.30375471548333277,5,0.09603114724159245,True,3.0,2.399673721481038
1000,600,250,0.25,0.4166666666666667,0.95,False,pair_consistency,0.9785539255153681,0.007965048949701086,0.581481633335352,0.043207340164433235,0.9207707025110722,0.10263000703039615,0.7537053274648198,0.04815726112111014,0.025333333333333326,0.029211869733608845,,,,,0.5864838904881536,0.02811938985651716,0.8605172276496887,0.04080696433225233,5,0.08148163333535197,True,3.0,2.399673721481038
1000,600,250,0.25,0.4166666666666667,0.95,True,factorized,0.9656873870549327,0.01354326848369188,0.2613943785429001,0.05743347379418092,0.5516371339559555,0.12422769641289291,0.7490372322661296,0.15821844380658442,0.29333333333333333,0.07363574011458175,,,,,0.5495036373878037,0.06728616374964753,1.1605470657348633,0.33406320457356115,5,-0.2386056214570999,False,3.0,2.399673721481038
1000,600,250,0.25,0.4166666666666667,0.95,True,hybrid_curriculum,0.9764521759352288,0.009400838700471415,0.5200228802859783,0.04249711250463287,0.7883592747151852,0.07112294183100486,0.7557026602599238,0.1269556188619713,0.06933333333333333,0.03252349578040125,,,,,0.5041924925278685,0.03501117862806559,0.786195433139801,0.03171332258824274,5,0.020022880285978317,True,3.0,2.399673721481038
1000,600,250,0.25,0.4166666666666667,0.95,True,operator,0.9755057542066774,0.009086427138095128,0.5180712684988975,0.06337196303967677,0.8187830105423928,0.1627963099601638,0.7528121360499826,0.08631566919074943,0.09733333333333333,0.020330600909302533,,,,,0.6614394026595571,0.04429208282701707,0.8067836403846741,0.1207306637410086,5,0.018071268498897508,True,3.0,2.399673721481038
1000,600,250,0.25,0.4166666666666667,0.95,True,pair_consistency,0.976092982390286,0.01012163908764788,0.5286862201057374,0.04349639679171334,0.8783959961496294,0.06512540517562933,0.7166928361968976,0.11407137158517076,0.05199999999999998,0.04604345773288534,,,,,0.49494894591162575,0.06575475473301685,0.7894466400146485,0.035933604421139555,5,0.028686220105737403,True,3.0,2.399673721481038
1000,600,300,0.3,0.5,0.9,False,factorized,0.9772700236140676,0.007556800569167671,0.3301404774188995,0.13691391555967766,0.7647767037153244,0.21362983056257231,0.7362190068729333,0.1694619122378343,0.23733333333333334,0.13602287389340892,,,,,0.6351289057312203,0.05125437796684201,1.248634672164917,0.2672160585687594,5,-0.16985952258110049,False,3.0,2.4785664955938436
1000,600,300,0.3,0.5,0.9,False,hybrid_curriculum,0.9788722340327544,0.007769541459397384,0.6289077930152416,0.08353715343445617,0.9709192596375942,0.1124575119707676,0.7469774128709981,0.056074829228233564,0.05466666666666668,0.0420052906720623,,,,,0.6585600832034827,0.0819508981992614,0.8586026549339294,0.12405401602582249,5,0.12890779301524158,True,3.0,2.4785664955938436
1000,600,300,0.3,0.5,0.9,False,operator,0.9789107675548117,0.00748653478536359,0.6929788064211607,0.08823908905733747,1.1268449407070875,0.17547111185645728,0.7022242594338415,0.13316581061529442,0.09333333333333332,0.031622776601683784,,,,,0.7637374832910553,0.11016292488380468,1.0480329155921937,0.2845199665772352,5,0.19297880642116072,True,3.0,2.4785664955938436
1000,600,300,0.3,0.5,0.9,False,pair_consistency,0.9791344233368605,0.007359683155968431,0.6098212306387722,0.040172304455235994,0.9381400858052075,0.08108070107677873,0.8140412648689589,0.09241533170929951,0.031999999999999994,0.032455097185701554,,,,,0.5762940371416935,0.03851556300989278,1.0050742268562316,0.16950721425486875,5,0.10982123063877225,True,3.0,2.4785664955938436
1000,600,300,0.3,0.5,0.9,True,factorized,0.9743846209895668,0.008932043664770049,0.3159922957420349,0.144565664906443,0.7796524375677109,0.2581538841914867,0.683444095131,0.18265782705453643,0.252,0.09870269612438266,,,,,0.5841958525342374,0.05241379880102339,1.04536691904068,0.09147996928066808,5,-0.1840077042579651,False,3.0,2.4785664955938436
1000,600,300,0.3,0.5,0.9,True,hybrid_curriculum,0.977210339461179,0.008608585067423027,0.5723882848396897,0.058504143972435155,0.8743059748783708,0.11779172457118019,0.7880779538553797,0.05171216943848227,0.04133333333333334,0.033132729706104466,,,,,0.5742668909594657,0.0847437731229339,0.7811354994773865,0.04987165377490161,5,0.07238828483968973,True,3.0,2.4785664955938436
1000,600,300,0.3,0.5,0.9,True,operator,0.9769285526457049,0.008531258763882044,0.6004042088985443,0.05747634318134724,1.0215513974428176,0.13074827164369113,0.696091650443208,0.15888495048172716,0.096,0.012110601416389978,,,,,0.6721608308387432,0.06488570646801842,0.8532876968383789,0.11284811360631551,5,0.10040420889854429,True,3.0,2.4785664955938436
1000,600,300,0.3,0.5,0.9,True,pair_consistency,0.9777945372226204,0.008808750312294819,0.5740574898169143,0.029068168187782833,0.8986727418348892,0.14120025929559196,0.7921481384710443,0.1151376961595219,0.030666666666666665,0.04258325179379016,,,,,0.5341511034831736,0.06279257036612118,0.8065863966941833,0.03933245334077686,5,0.07405748981691429,True,3.0,2.4785664955938436
1000,600,300,0.3,0.5,0.95,False,factorized,0.972998945549399,0.008396715491262393,0.30892349779605865,0.13754497277929872,0.643551367521286,0.1873676412174297,0.7553505890946282,0.15662410706700003,0.22933333333333333,0.13000854672759873,,,,,0.6391063452286669,0.04185472540300921,0.9818641781806946,0.2006841494312485,5,-0.19107650220394135,False,3.0,2.4785664955938436
1000,600,300,0.3,0.5,0.95,False,hybrid_curriculum,0.9782293873047241,0.00804973560353189,0.5630853921175003,0.06664452546420901,0.8079679518938064,0.1114097399607459,0.77885603230495,0.05272081867403185,0.06000000000000001,0.047140452079103175,,,,,0.6375741287256336,0.04993364869112522,0.7714267611503601,0.06308115604314507,5,0.0630853921175003,True,3.0,2.4785664955938436
1000,600,300,0.3,0.5,0.95,False,operator,0.9782092738091113,0.00740213418496394,0.6003134220838546,0.07222415689360832,0.9381765514612198,0.14190791217143806,0.7179644311169295,0.1360388799282655,0.11066666666666666,0.0502438498171114,,,,,0.7197014278873544,0.09055042731689966,0.8132964730262756,0.15175387686064906,5,0.10031342208385463,True,3.0,2.4785664955938436
1000,600,300,0.3,0.5,0.95,False,pair_consistency,0.9785722781374184,0.007628125236247872,0.5668264606501907,0.04438579542033766,0.8352600642945618,0.09095875499251653,0.7993862446651223,0.09683187304065376,0.02666666666666666,0.02260776661041754,,,,,0.5148381322843736,0.08034374208452341,0.830501651763916,0.07102488037924688,5,0.06682646065019071,True,3.0,2.4785664955938436
1000,600,300,0.3,0.5,0.95,True,factorized,0.9690683359925327,0.009602911568502528,0.288702929019928,0.17290912287897994,0.6364411026239395,0.24192252341077566,0.7542086514892803,0.12626618097662498,0.24,0.13148721948877343,,,,,0.6025260306993356,0.03240647951028577,0.8919269323349,0.0943602680607064,5,-0.211297070980072,False,3.0,2.4785664955938436
1000,600,300,0.3,0.5,0.95,True,hybrid_curriculum,0.9756839959494265,0.008855522058966114,0.5280512280762195,0.04301630354810735,0.7581596858799458,0.11783116174053779,0.7989652868414054,0.03992174878142005,0.04933333333333333,0.03418901707988822,,,,,0.5556981508363095,0.06726156533237973,0.7912598133087159,0.03682494018308502,5,0.028051228076219514,True,3.0,2.4785664955938436
1000,600,300,0.3,0.5,0.95,True,operator,0.9756017118083582,0.00839945064124498,0.5209158957004547,0.06179305450463438,0.870220011472702,0.09405249778941034,0.7059985257578086,0.13609154325329667,0.09733333333333333,0.06370068898982002,,,,,0.6236142627011714,0.04804829358995344,0.7780201315879822,0.06751793470610701,5,0.020915895700454712,True,3.0,2.4785664955938436
1000,600,300,0.3,0.5,0.95,True,pair_consistency,0.9764097729894173,0.009250852935825052,0.5349047569558024,0.01865312484094871,0.8034118441864848,0.10103492213399932,0.7982134043770153,0.085681960819807,0.03600000000000002,0.0409878030638384,,,,,0.49200100627453613,0.08673275654195804,0.7903604149818421,0.028220563380091986,5,0.03490475695580242,True,3.0,2.4785664955938436
3000,1800,0,0.0,0.0,0.9,False,factorized,0.9824728280787849,0.0034172844819366573,0.31686086654663087,0.1547170696465502,0.9618786856532097,0.12609463570664678,0.6754328879634509,0.08969927448243013,0.26266666666666666,0.12581978097243143,,,,,0.6339183151559378,0.07278273671430666,1.400439238548279,0.259029286236069,5,-0.18313913345336913,False,3.4771212547196626,0.0
3000,1800,0,0.0,0.0,0.9,False,hybrid_curriculum,0.9825412604017517,0.003405077005210987,0.2628219723701477,0.08176436741391384,0.8797648347914219,0.11819017742887897,0.6442097410843288,0.09949817668702089,0.2626666666666667,0.0902178433529602,,,,,0.5704329131572429,0.05366472593276363,1.4771124958992004,0.47910747929398134,5,-0.2371780276298523,False,3.4771212547196626,0.0
3000,1800,0,0.0,0.0,0.9,False,operator,0.9819474902873431,0.0036832559192402367,0.25684933066368104,0.08864315217760253,0.7702991992235184,0.07955346193402121,0.7686359256247378,0.050223188704856724,0.2897777777777778,0.11774213297092594,,,,,0.5983805880445215,0.04545882798363716,1.4266391277313233,0.41821253779454937,5,-0.24315066933631896,False,3.4771212547196626,0.0
3000,1800,0,0.0,0.0,0.9,False,pair_consistency,0.9823168280711971,0.0035076294715555155,0.2396825909614563,0.06420527030489684,0.8396872535347939,0.14314462217909588,0.6773044671437144,0.0823868712452336,0.3244444444444444,0.06210306049992053,,,,,0.632214997956235,0.025359103177349476,1.3543186426162719,0.21796945123386965,5,-0.2603174090385437,False,3.4771212547196626,0.0
3000,1800,0,0.0,0.0,0.9,True,factorized,0.9804975759504442,0.003551517164967948,0.3395223915576935,0.1128637636287877,0.9880990251898766,0.07954154681864768,0.6605318756096381,0.0445938992912885,0.2604444444444444,0.09911210761830871,,,,,0.5973039178811199,0.04662293921810347,1.2236560821533202,0.17375973911918066,5,-0.16047760844230652,False,3.4771212547196626,0.0
3000,1800,0,0.0,0.0,0.9,True,hybrid_curriculum,0.9804191481286034,0.0032999190937658667,0.232345786690712,0.1085225379035552,0.8205966845154762,0.14552311349465397,0.6611186411132867,0.12415108828229927,0.2817777777777778,0.12443849192112919,,,,,0.5380215242582265,0.029680245704203464,1.279359185695648,0.3259955273179702,5,-0.267654213309288,False,3.4771212547196626,0.0
3000,1800,0,0.0,0.0,0.9,True,operator,0.9799409593222151,0.0031322813595853695,0.2779575616121292,0.1232359605741724,0.8459735229611397,0.1124168600938036,0.6999500170931504,0.09473203691419554,0.2777777777777778,0.12392749772087722,,,,,0.5567232162390138,0.06347054754242921,1.2480652809143067,0.3056090315838864,5,-0.2220424383878708,False,3.4771212547196626,0.0
3000,1800,0,0.0,0.0,0.9,True,pair_consistency,0.980555273135678,0.003597076775750466,0.22989687323570251,0.10628789013070138,0.8438675172626973,0.13719583639737884,0.6725686123579532,0.07754269055589287,0.316,0.08763560920082661,,,,,0.6047658931693036,0.024772985058025575,1.2120658874511718,0.2032599060098824,5,-0.2701031267642975,False,3.4771212547196626,0.0
3000,1800,0,0.0,0.0,0.95,False,factorized,0.9819210882683216,0.003027603015324196,0.23440409898757936,0.11716615738978362,0.8482554897665977,0.08618172148087738,0.6712638950553833,0.07940557631706913,0.31066666666666665,0.09863763336602004,,,,,0.6006695157138312,0.05719769540389361,1.152207088470459,0.17334003684662586,5,-0.26559590101242064,False,3.4771212547196626,0.0
3000,1800,0,0.0,0.0,0.95,False,hybrid_curriculum,0.9818983330591914,0.0031368883971089373,0.2515323281288147,0.07436592978344882,0.7929977849125862,0.15352696999877588,0.6774249778964118,0.11478406339946311,0.2746666666666667,0.08357151147887779,,,,,0.5474173869276318,0.03408164265025056,1.2272846579551697,0.35802932389557457,5,-0.2484676718711853,False,3.4771212547196626,0.0
3000,1800,0,0.0,0.0,0.95,False,operator,0.981437715474847,0.0034757812424257182,0.2747821420431137,0.10658817756530167,0.7741835981607437,0.10458284683271206,0.7604792542196683,0.05740623979093821,0.2617777777777778,0.1262116583998855,,,,,0.5633355451503448,0.04527953829445591,1.1933085799217225,0.30462780346872204,5,-0.2252178579568863,False,3.4771212547196626,0.0
3000,1800,0,0.0,0.0,0.95,False,pair_consistency,0.9818274743889361,0.003177555713376023,0.21300266981124877,0.06543935726228099,0.7353931903839112,0.1653844716277204,0.7262727404566369,0.10337868633108609,0.344,0.061169668914109146,,,,,0.5936388062883503,0.024735059214946956,1.1541783809661865,0.17935726990606607,5,-0.28699733018875123,False,3.4771212547196626,0.0
3000,1800,0,0.0,0.0,0.95,True,factorized,0.9787651198887322,0.0034921809011924532,0.29485545456409457,0.1118874552898944,0.8864473208785058,0.08450765033515205,0.669646446153999,0.05790157993743594,0.2591111111111111,0.10319106095843962,,,,,0.5538057077974422,0.05578964058642444,1.0328716039657593,0.11170609972484886,5,-0.20514454543590543,False,3.4771212547196626,0.0
3000,1800,0,0.0,0.0,0.95,True,hybrid_curriculum,0.9789647179614885,0.003549273752928449,0.19247902631759645,0.05564872798452106,0.7104893013834953,0.1357656477499512,0.6850581137338587,0.11726297140378651,0.324,0.08572710074689996,,,,,0.5402633480961586,0.028020083998553907,1.069847297668457,0.21395535012549666,5,-0.30752097368240355,False,3.4771212547196626,0.0
3000,1800,0,0.0,0.0,0.95,True,operator,0.978061396321636,0.003108080701921473,0.2667248725891113,0.11925360237532108,0.7956785976886749,0.15074378508582467,0.7129066352760878,0.09256045670498654,0.2657777777777778,0.10594198272499769,,,,,0.5186941749439841,0.06252519993480084,1.0709460377693176,0.22404662623403188,5,-0.23327512741088868,False,3.4771212547196626,0.0
3000,1800,0,0.0,0.0,0.95,True,pair_consistency,0.978564634875211,0.0036705911068214514,0.20181161165237427,0.08521560760532496,0.7601286306977272,0.11408921360087135,0.7016066961231349,0.0726242748124124,0.33066666666666666,0.06607889037420664,,,,,0.5605867810524227,0.03884366357488303,1.041090452671051,0.17259887317809045,5,-0.29818838834762573,False,3.4771212547196626,0.0
3000,1800,2,0.0006666666666666666,0.0011111111111111111,0.9,False,factorized,0.9826173397926897,0.003519937874228459,0.2236449599266052,0.07505335307690308,0.8372615315020084,0.154925467588952,0.6447607892416255,0.11633357274181383,0.3466666666666667,0.08960820068291532,,,,,0.5945859973787858,0.05894351773509673,2.153058338165283,0.8531004890888899,5,-0.2763550400733948,False,3.4771212547196626,0.47712125471966244
3000,1800,2,0.0006666666666666666,0.0011111111111111111,0.9,False,hybrid_curriculum,0.9826150808586769,0.0034728563787153185,0.3489418774843216,0.06901288738673894,0.9731564149260521,0.07870048884040459,0.6713740794629242,0.07838287364300732,0.22800000000000004,0.07698965779510523,,,,,0.5813797604832024,0.06142870694270619,1.2762145757675172,0.29245976693860265,5,-0.1510581225156784,False,3.4771212547196626,0.47712125471966244
3000,1800,2,0.0006666666666666666,0.0011111111111111111,0.9,False,operator,0.9826523894963639,0.0036316539504906015,0.3248202443122864,0.08953148668281438,0.9266348734498024,0.14550812558799398,0.6926656231567339,0.08219549544698265,0.26799999999999996,0.07273493225658746,,,,,0.5676062935404049,0.06638189142825617,1.1257489800453186,0.31903799524414495,5,-0.1751797556877136,False,3.4771212547196626,0.47712125471966244
3000,1800,2,0.0006666666666666666,0.0011111111111111111,0.9,False,pair_consistency,0.9829128303785039,0.003511749300272548,0.27646982073783877,0.09309032766291166,0.9189553275704384,0.0522369528677289,0.6333921507034048,0.0852588438005196,0.27466666666666667,0.08421899729973539,,,,,0.5620776682192997,0.04801657423257939,1.4179174423217773,0.33991284797728877,5,-0.22353017926216123,False,3.4771212547196626,0.47712125471966244
3000,1800,2,0.0006666666666666666,0.0011111111111111111,0.9,True,factorized,0.9803947884296198,0.0036623381309364507,0.23916088938713073,0.07636241963498662,0.8456819951534271,0.0816368785915048,0.6625506319457046,0.054199573115593085,0.3088888888888889,0.05713315614303309,,,,,0.5547842337375697,0.05329793605704177,1.7853335380554198,0.6421722602065921,5,-0.26083911061286924,False,3.4771212547196626,0.47712125471966244
3000,1800,2,0.0006666666666666666,0.0011111111111111111,0.9,True,hybrid_curriculum,0.9809957021423908,0.0037074075619911093,0.3520074874162674,0.10013199202222517,0.9670630425214768,0.1492002233137635,0.6607350500617579,0.08713083792357477,0.19111111111111112,0.07628730619454165,,,,,0.5401252837605645,0.05498213167439405,1.1110327005386353,0.22615485934116916,5,-0.14799251258373258,False,3.4771212547196626,0.47712125471966244
3000,1800,2,0.0006666666666666666,0.0011111111111111111,0.9,True,operator,0.9806164917969916,0.003648158924313726,0.30308028757572175,0.10211340335031685,0.9205106034874916,0.1314558713596621,0.670671473468322,0.04112006710898445,0.26622222222222225,0.09191246506632222,,,,,0.5351971407597493,0.06863148417002098,1.0083812594413757,0.21751786467098075,5,-0.19691971242427825,False,3.4771212547196626,0.47712125471966244
3000,1800,2,0.0006666666666666666,0.0011111111111111111,0.9,True,pair_consistency,0.9810154858942347,0.003550217823517025,0.299698731303215,0.09853948681781925,0.9120522797107696,0.07955199357927378,0.6498072756971325,0.09495385051821066,0.2564444444444444,0.1073312629199899,,,,,0.5980693856360848,0.03987824408172583,1.2382845640182496,0.30862847744094546,5,-0.200301268696785,False,3.4771212547196626,0.47712125471966244
3000,1800,2,0.0006666666666666666,0.0011111111111111111,0.95,False,factorized,0.9820009947706618,0.0031973699229631103,0.2021414041519165,0.05884863551580981,0.7876192197203636,0.12510453491456325,0.659753287394526,0.11572657276604661,0.34844444444444445,0.07362567990002361,,,,,0.585044252060027,0.04308458846453523,1.6726646184921266,0.5902018962562806,5,-0.2978585958480835,False,3.4771212547196626,0.47712125471966244
3000,1800,2,0.0006666666666666666,0.0011111111111111111,0.95,False,hybrid_curriculum,0.9820658941141213,0.003068307866607664,0.33626801073551177,0.07569429142412067,0.9081109866499901,0.12442399478314518,0.6595411831166246,0.08884437824676963,0.24266666666666667,0.07511965763342485,,,,,0.5601149331991863,0.046002991614227856,1.0120813250541687,0.1926517165603838,5,-0.16373198926448823,False,3.4771212547196626,0.47712125471966244
3000,1800,2,0.0006666666666666666,0.0011111111111111111,0.95,False,operator,0.9819982771785506,0.0031288264680360417,0.31689363420009614,0.08081074647363842,0.874418617784977,0.19694582586279208,0.7031567260242653,0.1122209182990567,0.2613333333333333,0.05899571024371598,,,,,0.551394338012857,0.05962346889641274,0.9361540913581848,0.22232155467861472,5,-0.18310636579990386,False,3.4771212547196626,0.47712125471966244
3000,1800,2,0.0006666666666666666,0.0011111111111111111,0.95,False,pair_consistency,0.9817954938381594,0.0035183823257639267,0.2682448148727417,0.12148913032947556,0.8651602923870086,0.10015120542793324,0.6529194646180805,0.10639972524581956,0.26311111111111113,0.08505045706469531,,,,,0.5418138558311032,0.08193731223399045,1.0842067003250122,0.23540041646839532,5,-0.2317551851272583,False,3.4771212547196626,0.47712125471966244
3000,1800,2,0.0006666666666666666,0.0011111111111111111,0.95,True,factorized,0.9786622323567815,0.004016428403430391,0.2159126043319702,0.06908899554992864,0.7744088135659695,0.12715961172772863,0.6744702686423553,0.10291979958048657,0.31866666666666665,0.07829352810552014,,,,,0.5477015770725404,0.049031125498207116,1.4304500102996827,0.46888894445468826,5,-0.28408739566802976,False,3.4771212547196626,0.47712125471966244
3000,1800,2,0.0006666666666666666,0.0011111111111111111,0.95,True,hybrid_curriculum,0.9789299286661329,0.0037299755157922544,0.31654499769210814,0.12332426712741734,0.8755141913890838,0.20858763321435092,0.6398388043904675,0.12249502861410985,0.21422222222222223,0.10308332959070622,,,,,0.5363641312291999,0.0286187361130263,0.9253198146820069,0.12501443842619483,5,-0.18345500230789186,False,3.4771212547196626,0.47712125471966244
3000,1800,2,0.0006666666666666666,0.0011111111111111111,0.95,True,operator,0.978861951878258,0.0035851905712994078,0.29923276603221893,0.07129893677620677,0.8591728612780571,0.16304647158433924,0.6920321787986066,0.07609591334953231,0.2653333333333333,0.058765068989437355,,,,,0.5355472884025525,0.06568215823332058,0.8662861347198486,0.14573157015049293,5,-0.20076723396778107,False,3.4771212547196626,0.47712125471966244
3000,1800,2,0.0006666666666666666,0.0011111111111111111,0.95,True,pair_consistency,0.9791566920007357,0.0037205060883922485,0.27053059339523317,0.10293417500316888,0.8305707544088363,0.11146578147400091,0.6791385363322064,0.11086842896092394,0.24533333333333332,0.1061399030164701,,,,,0.5749795676100549,0.043448835706195954,1.0073849320411683,0.2147170857819366,5,-0.22946940660476683,False,3.4771212547196626,0.47712125471966244
3000,1800,5,0.0016666666666666668,0.002777777777777778,0.9,False,factorized,0.9824416186853788,0.003466412513366349,0.3121103584766388,0.0663617970191325,0.9768482357263565,0.0834428416574435,0.628687211430313,0.08013029936377718,0.2546666666666667,0.08796183235140842,,,,,0.6314946597491756,0.009967105680345346,1.9409358501434326,1.7260677934019262,5,-0.18788964152336118,False,3.4771212547196626,0.7781512503836436
3000,1800,5,0.0016666666666666668,0.002777777777777778,0.9,False,hybrid_curriculum,0.9826883725405281,0.003052674047783703,0.3870839446783066,0.0670354361067048,0.9607954606413841,0.15044535953780105,0.6682337886399283,0.13281613315093438,0.18844444444444444,0.09025888691240697,,,,,0.5795949556356386,0.061573962672272914,1.130210769176483,0.20393401102059477,5,-0.11291605532169341,False,3.4771212547196626,0.7781512503836436
3000,1800,5,0.0016666666666666668,0.002777777777777778,0.9,False,operator,0.9829353577177731,0.002884432729958053,0.34069904088974,0.07607334493432982,0.920380474627018,0.06007367585510925,0.7178251606649688,0.05563616309190909,0.2551111111111111,0.08618670517050846,,,,,0.5978152556097034,0.05632077910458919,1.3975462436676025,0.3955327921884523,5,-0.15930095911026,False,3.4771212547196626,0.7781512503836436
3000,1800,5,0.0016666666666666668,0.002777777777777778,0.9,False,pair_consistency,0.982869091831363,0.0024858399154443454,0.40301027297973635,0.03645710412295091,1.0693747401237488,0.10510258616864518,0.6048638555004668,0.06047254113903013,0.18711111111111112,0.02860544712005517,,,,,0.5667597216834562,0.05485945798530677,1.104775595664978,0.2199327623671885,5,-0.09698972702026365,False,3.4771212547196626,0.7781512503836436
3000,1800,5,0.0016666666666666668,0.002777777777777778,0.9,True,factorized,0.9805323793563442,0.003918837334231026,0.33105515241622924,0.07541254380022488,0.9808031052350998,0.14590037026551328,0.6231801222250601,0.10943436386745493,0.23155555555555551,0.09928634235270116,,,,,0.5708572006986761,0.037815543889886616,1.5785381197929382,1.110344482765693,5,-0.16894484758377076,False,3.4771212547196626,0.7781512503836436
3000,1800,5,0.0016666666666666668,0.002777777777777778,0.9,True,hybrid_curriculum,0.9802144551485661,0.0035051333075573916,0.3366146832704544,0.10002892541452868,0.8941141933202743,0.13631806044515368,0.6628894828182088,0.1423675259049346,0.2302222222222222,0.1229533686573797,,,,,0.5852425500329369,0.058508210399987146,1.0634933948516845,0.2046429724488055,5,-0.1633853167295456,False,3.4771212547196626,0.7781512503836436
3000,1800,5,0.0016666666666666668,0.002777777777777778,0.9,True,operator,0.9809731950733465,0.00307150775887639,0.36080107688903806,0.10689229341648059,0.9222628548741341,0.18612555950765852,0.6828917175768241,0.13283066974439295,0.21866666666666665,0.13092830947591974,,,,,0.5927601918913286,0.06451185227277752,1.2698398232460022,0.4285377221131793,5,-0.13919892311096194,False,3.4771212547196626,0.7781512503836436
3000,1800,5,0.0016666666666666668,0.002777777777777778,0.9,True,pair_consistency,0.9808754929918679,0.003040388718998341,0.37168106734752654,0.0741130347191278,1.0118140965700149,0.1580201617798892,0.6166226970205365,0.057838728346669685,0.19022222222222224,0.022531185521131696,,,,,0.5447123865147793,0.061515871538811315,1.0165731549263,0.20189732358571108,5,-0.12831893265247346,False,3.4771212547196626,0.7781512503836436
3000,1800,5,0.0016666666666666668,0.002777777777777778,0.95,False,factorized,0.9819230719316889,0.0034190839332828332,0.2946084588766098,0.04341618430136688,0.8893128573894501,0.08750614352809925,0.6772333667425035,0.13308998378435938,0.2568888888888889,0.08831201699473869,,,,,0.6042991160040685,0.04171140925890463,1.570474886894226,1.249079156813461,5,-0.2053915411233902,False,3.4771212547196626,0.7781512503836436
3000,1800,5,0.0016666666666666668,0.002777777777777778,0.95,False,hybrid_curriculum,0.981743264986544,0.0025148547213233664,0.35593541264533995,0.11288371320608356,0.8833319783210755,0.1542313765848228,0.6696388131225991,0.13526882743188245,0.20355555555555555,0.12767242033258494,,,,,0.5617887288636277,0.06976340425242053,0.9067293882369996,0.12343951324155687,5,-0.14406458735466005,False,3.4771212547196626,0.7781512503836436
3000,1800,5,0.0016666666666666668,0.002777777777777778,0.95,False,operator,0.9820789725321415,0.0021866766422479825,0.32075032889842986,0.06525307356835922,0.8830975487828254,0.057806730950066,0.7024135232405887,0.06973487360709,0.2586666666666667,0.08034800849514442,,,,,0.5892721495065488,0.0667218733116224,1.013518464565277,0.18953332200033832,5,-0.17924967110157014,False,3.4771212547196626,0.7781512503836436
3000,1800,5,0.0016666666666666668,0.002777777777777778,0.95,False,pair_consistency,0.9820861327872967,0.002395753556399109,0.3673016637563705,0.05506662187426702,1.0037647947669028,0.1129940370038849,0.6068677709094084,0.07674824543762984,0.1968888888888889,0.03737035201702738,,,,,0.5415869492633946,0.03999722180320667,0.9207065820693969,0.15998786103920057,5,-0.13269833624362948,False,3.4771212547196626,0.7781512503836436
3000,1800,5,0.0016666666666666668,0.002777777777777778,0.95,True,factorized,0.9784034114686257,0.004193706139734766,0.2998879015445709,0.08199313551474709,0.8771392196416855,0.14576106143799722,0.6786427466922136,0.10799215312691329,0.23066666666666666,0.10260074843901926,,,,,0.5563972526703849,0.04514320264673956,1.2935428500175477,0.7790455557790237,5,-0.2001120984554291,False,3.4771212547196626,0.7781512503836436
3000,1800,5,0.0016666666666666668,0.002777777777777778,0.95,True,hybrid_curriculum,0.9778085275465018,0.0031474478701733473,0.3172586798667908,0.122884432933003,0.8383968576788903,0.15094285672227675,0.6600585407552158,0.12946156394265473,0.2524444444444444,0.15044460856711875,,,,,0.580115355088352,0.04006872719576123,0.8692173719406128,0.12730386195894677,5,-0.1827413201332092,False,3.4771212547196626,0.7781512503836436
3000,1800,5,0.0016666666666666668,0.002777777777777778,0.95,True,operator,0.9789609916888168,0.002626577426563492,0.3149413764476776,0.10015872253880802,0.8360625803470612,0.2052574197572746,0.686155097520672,0.15856259219945373,0.23199999999999998,0.10572033921368577,,,,,0.5748565574595867,0.06918257145455511,0.9983297109603881,0.26349227058689373,5,-0.1850586235523224,False,3.4771212547196626,0.7781512503836436
3000,1800,5,0.0016666666666666668,0.002777777777777778,0.95,True,pair_consistency,0.9789256816632619,0.00308634378136109,0.35041327476501466,0.07108200510309919,0.9517103493213653,0.16983685217843764,0.6289020886923767,0.08379416078027187,0.1968888888888889,0.023861741680970872,,,,,0.525330431657594,0.05043340785045467,0.8701514482498169,0.13627143296505825,5,-0.14958672523498534,False,3.4771212547196626,0.7781512503836436
3000,1800,10,0.0033333333333333335,0.005555555555555556,0.9,False,factorized,0.9822834854749439,0.0037234754474462337,0.32482272684574126,0.1189670832122481,0.9733150079846382,0.154094000943373,0.6318209820013421,0.07905700569738289,0.2311111111111111,0.07672300667392032,,,,,0.6049474752530193,0.08280661584531684,2.371280837059021,1.0677590038745013,5,-0.17517727315425874,False,3.4771212547196626,1.0413926851582251
3000,1800,10,0.0033333333333333335,0.005555555555555556,0.9,False,hybrid_curriculum,0.9827727939815224,0.003185722708485505,0.4547174721956253,0.08527058611929257,1.0741507455706596,0.13764535553762935,0.6858077561511292,0.07585410407060969,0.15599999999999997,0.08620102832304623,,,,,0.6055617365545546,0.04504754306994757,0.9898910760879517,0.14568983998244162,5,-0.045282527804374695,False,3.4771212547196626,1.0413926851582251
3000,1800,10,0.0033333333333333335,0.005555555555555556,0.9,False,operator,0.9828078641105901,0.0034302385158789073,0.4552937388420105,0.09684629927113834,1.083614218235016,0.07536769234560549,0.6631849140724723,0.0826668730618894,0.17111111111111113,0.094385602584868,,,,,0.5988842193606578,0.06520939092615824,1.1527005195617677,0.18485338563068518,5,-0.04470626115798948,False,3.4771212547196626,1.0413926851582251
3000,1800,10,0.0033333333333333335,0.005555555555555556,0.9,False,pair_consistency,0.9828920780076101,0.0036171195028619823,0.4583578988909721,0.04734614430476967,1.1316864803433417,0.055836410839107405,0.5963055576140605,0.05191286584921602,0.15955555555555553,0.06297951852059859,,,,,0.5723507381970295,0.041695570073908554,1.0223543167114257,0.13220052764883364,5,-0.041642101109027885,False,3.4771212547196626,1.0413926851582251
3000,1800,10,0.0033333333333333335,0.005555555555555556,0.9,True,factorized,0.9804614487996343,0.0035025767612924096,0.2837548732757568,0.10395400243405538,0.9314537584781647,0.1388058466130941,0.6381046218296859,0.059091040328079845,0.2613333333333333,0.06957720642797455,,,,,0.573535224236264,0.07539552778301238,2.0503089904785154,0.8469625301038938,5,-0.21624512672424318,False,3.4771212547196626,1.0413926851582251
3000,1800,10,0.0033333333333333335,0.005555555555555556,0.9,True,hybrid_curriculum,0.9808308017640657,0.0031490796521535165,0.4916044041514397,0.02679940614415638,1.1407627299427987,0.10347450905441938,0.6232074447487437,0.08457683878527204,0.09688888888888889,0.04821761370707741,,,,,0.5896592889986418,0.022895962377249897,0.9294811129570008,0.13856582247912463,5,-0.008395595848560311,False,3.4771212547196626,1.0413926851582251
3000,1800,10,0.0033333333333333335,0.005555555555555556,0.9,True,operator,0.9804079106177224,0.0030985762248701876,0.4558395281434059,0.0857595028297716,1.0355884209275246,0.12498816498108292,0.6725606165145822,0.15994366819033617,0.14266666666666666,0.08728271080195821,,,,,0.5845149407077856,0.01824001515998179,1.0622066736221314,0.15274722929222337,5,-0.04416047185659411,False,3.4771212547196626,1.0413926851582251
3000,1800,10,0.0033333333333333335,0.005555555555555556,0.9,True,pair_consistency,0.9806405938405851,0.0033345967986837585,0.4478096589446068,0.05753410726509954,1.0985859587788582,0.07028091425343856,0.5793091947694816,0.0463753666664024,0.13466666666666666,0.08206591749816006,,,,,0.5694692130061533,0.03472834821472327,0.964185106754303,0.14025952100940314,5,-0.05219034105539322,False,3.4771212547196626,1.0413926851582251
3000,1800,10,0.0033333333333333335,0.005555555555555556,0.95,False,factorized,0.9815133864894647,0.0035750220281200733,0.2749719560146332,0.10983720410140797,0.9100333333015442,0.14489396955726408,0.6125641646469591,0.09243547122934666,0.26222222222222225,0.07895928001973274,,,,,0.5794017858287165,0.08326147865149475,1.8513118028640747,0.7255321215360517,5,-0.2250280439853668,False,3.4771212547196626,1.0413926851582251
3000,1800,10,0.0033333333333333335,0.005555555555555556,0.95,False,hybrid_curriculum,0.9817468988111967,0.0030880198774036597,0.42250042259693144,0.07747389470838492,0.9261557564139367,0.21623381144708842,0.7303379479221321,0.12630150210728552,0.196,0.09540556703999102,,,,,0.5891355173314387,0.052833517519559614,0.8068328619003295,0.06804406181617795,5,-0.07749957740306856,False,3.4771212547196626,1.0413926851582251
3000,1800,10,0.0033333333333333335,0.005555555555555556,0.95,False,operator,0.9818641567912489,0.0034779844913392075,0.40571347773075106,0.10835194660878386,1.0086339086294174,0.060519337110916165,0.6457482200824839,0.0900511747447292,0.18,0.11174264966021889,,,,,0.5717329162824649,0.07598074861578002,0.8941878199577331,0.1077561796523321,5,-0.09428652226924894,False,3.4771212547196626,1.0413926851582251
3000,1800,10,0.0033333333333333335,0.005555555555555556,0.95,False,pair_consistency,0.9820533483807461,0.003343205483054264,0.42501222938299177,0.01258945104882289,1.0404714033007623,0.07631479204631188,0.6490608471502416,0.05021017556451605,0.16,0.03810317377662722,,,,,0.520883554108124,0.06042900159502103,0.8297627925872803,0.0782370493452338,5,-0.07498777061700823,False,3.4771212547196626,1.0413926851582251
3000,1800,10,0.0033333333333333335,0.005555555555555556,0.95,True,factorized,0.9785530702375859,0.0035778943192352856,0.2548486113548279,0.08911640510711108,0.8669556692242623,0.16454489878196915,0.64341067756234,0.0752103547333691,0.2591111111111111,0.05808890589135177,,,,,0.5784221857209448,0.0648303523425008,1.6021681308746338,0.6118094783725712,5,-0.2451513886451721,False,3.4771212547196626,1.0413926851582251
3000,1800,10,0.0033333333333333335,0.005555555555555556,0.95,True,hybrid_curriculum,0.9783902646479763,0.0030794865142428464,0.43905526399612427,0.06739336709407594,0.9895405158400535,0.16622348102678847,0.6714621193789106,0.12502371084799146,0.14311111111111113,0.11038205257587938,,,,,0.5869455603138949,0.023173194240305478,0.7982924818992615,0.07893016065046422,5,-0.06094473600387573,False,3.4771212547196626,1.0413926851582251
3000,1800,10,0.0033333333333333335,0.005555555555555556,0.95,True,operator,0.9782236446325216,0.0032977603997237583,0.41136002987623216,0.08427179576740725,0.9734243854880333,0.1287096740660043,0.6636092954186308,0.12421543471791392,0.1671111111111111,0.07192932058968599,,,,,0.5615048523009186,0.047332799539388605,0.8613101959228515,0.10446012280884077,5,-0.08863997012376784,False,3.4771212547196626,1.0413926851582251
3000,1800,10,0.0033333333333333335,0.005555555555555556,0.95,True,pair_consistency,0.9781489049059037,0.00352092270491281,0.42123106569051744,0.07082963562913629,1.0221183896064758,0.07819607403991122,0.6033243290436217,0.07237872300986135,0.14222222222222222,0.06825876690403411,,,,,0.5333901458930581,0.01674905177999728,0.8237788796424865,0.07771913242425131,5,-0.07876893430948256,False,3.4771212547196626,1.0413926851582251
3000,1800,15,0.005,0.008333333333333333,0.9,False,factorized,0.9825013013743641,0.003411396962351492,0.2812616407871246,0.0873122161559199,0.8841364294290542,0.06419424860811149,0.6713184593534152,0.08994203542277471,0.26711111111111113,0.11875277774528993,,,,,0.5790686620005326,0.03750332397381436,1.9647973299026489,0.6359025068829459,5,-0.21873835921287538,False,3.4771212547196626,1.2041199826559248
3000,1800,15,0.005,0.008333333333333333,0.9,False,hybrid_curriculum,0.9827687044079803,0.0032808661584318942,0.48840262591838834,0.04172398529966826,1.0729324460029601,0.06943319257108646,0.719595647823197,0.05480359113101068,0.196,0.06331188720713034,,,,,0.6284618348472806,0.01417107356515145,0.867369270324707,0.16122778197101204,5,-0.011597374081611656,False,3.4771212547196626,1.2041199826559248
3000,1800,15,0.005,0.008333333333333333,0.9,False,operator,0.9830623731180731,0.002982929254430468,0.46965540051460264,0.08210262132509386,1.0293341815471648,0.1365836198297175,0.7377814962013832,0.09144458039449718,0.20222222222222222,0.0921217659029961,,,,,0.6389383267269846,0.0726404676731733,0.9803084850311279,0.1727257173126536,5,-0.03034459948539736,False,3.4771212547196626,1.2041199826559248
3000,1800,15,0.005,0.008333333333333333,0.9,False,pair_consistency,0.9830539494778602,0.003161190190767432,0.48375861793756486,0.06684208633796847,1.1139372035861015,0.06228637008155385,0.7082222866147488,0.06418598365260932,0.16133333333333333,0.07876516118998267,,,,,0.5437542969839183,0.02251461617018405,0.9732065320014953,0.157697005581458,5,-0.01624138206243514,False,3.4771212547196626,1.2041199826559248
3000,1800,15,0.005,0.008333333333333333,0.9,True,factorized,0.9803211672487094,0.0034237719053684603,0.26632782220840456,0.08274517511873766,0.8931365117430687,0.125464838958437,0.6252397466581417,0.10504539321592099,0.2737777777777778,0.08233325835954003,,,,,0.5825958346686502,0.04629890024180919,1.7016001224517823,0.5366886840191135,5,-0.23367217779159544,False,3.4771212547196626,1.2041199826559248
3000,1800,15,0.005,0.008333333333333333,0.9,True,hybrid_curriculum,0.980646788658255,0.003255126192433328,0.5036147892475128,0.028417929936639216,1.0657688826322556,0.13715935621457168,0.7093378675143717,0.09382324813288075,0.16044444444444445,0.03404427037959565,,,,,0.567280069954389,0.030834980307644845,0.832972276210785,0.12810898890073286,5,0.003614789247512795,True,3.4771212547196626,1.2041199826559248
3000,1800,15,0.005,0.008333333333333333,0.9,True,operator,0.9807133408549629,0.0033215331425885475,0.4587423503398895,0.06327411554341422,1.0442740082740785,0.08194651368821916,0.7005677885478139,0.05752052685122814,0.17777777777777778,0.07078048137170215,,,,,0.6361357489414889,0.0336013783710724,0.9527918577194214,0.17513654909288232,5,-0.041257649660110474,False,3.4771212547196626,1.2041199826559248
3000,1800,15,0.005,0.008333333333333333,0.9,True,pair_consistency,0.9810028755586924,0.0031520589767851195,0.48745727688074114,0.019290650464085287,1.1184930250048637,0.06253749565461453,0.6666342268954443,0.05861032660786562,0.12666666666666665,0.046904157598234276,,,,,0.5347067494470832,0.026878669719364888,0.8928007841110229,0.09907796395087694,5,-0.012542723119258858,False,3.4771212547196626,1.2041199826559248
3000,1800,15,0.005,0.008333333333333333,0.95,False,factorized,0.9820363805914945,0.0031335825539753575,0.2889105319976807,0.08184209760078022,0.8635198518633842,0.08452784058026866,0.673814767346082,0.11237705534289148,0.2457777777777778,0.1336533197363358,,,,,0.5673948252105581,0.04460017372531142,1.5353207111358642,0.4756032684328353,5,-0.2110894680023193,False,3.4771212547196626,1.2041199826559248
3000,1800,15,0.005,0.008333333333333333,0.95,False,hybrid_curriculum,0.9817766781566007,0.00301335222006761,0.4448806867003441,0.06006530925296238,0.9370443269610405,0.08124429651561234,0.7677433292140157,0.06496832457794037,0.1915555555555556,0.05073290017822585,,,,,0.5611568935757054,0.03446489630593332,0.7487436175346375,0.07366715696324781,5,-0.055119313299655914,False,3.4771212547196626,1.2041199826559248
3000,1800,15,0.005,0.008333333333333333,0.95,False,operator,0.982357364135473,0.002699385590178833,0.4126371622085571,0.08217595291537887,0.9357122749090194,0.12367763903862888,0.7468590835787026,0.10934804610800541,0.21866666666666665,0.08245612376093735,,,,,0.6090657965679921,0.05599921409174093,0.782317292690277,0.07647188994583433,5,-0.08736283779144288,False,3.4771212547196626,1.2041199826559248
3000,1800,15,0.005,0.008333333333333333,0.95,False,pair_consistency,0.982241790785071,0.003153280486704356,0.4410109668970108,0.03528609636243683,1.033907726407051,0.0594583125168947,0.6962825160571251,0.08886189023410682,0.16355555555555557,0.06401388738217496,,,,,0.512999100375248,0.015188409313119978,0.8182948708534241,0.07708558956350293,5,-0.0589890331029892,False,3.4771212547196626,1.2041199826559248
3000,1800,15,0.005,0.008333333333333333,0.95,True,factorized,0.9786820698671883,0.003476188595688551,0.2211093157529831,0.0837958678949422,0.7596561804413795,0.2109304822956069,0.7062500419276516,0.13681582478509774,0.2826666666666666,0.08069757595759675,,,,,0.5464590181970055,0.03169611508710048,1.3519938349723817,0.39523957542225235,5,-0.2788906842470169,False,3.4771212547196626,1.2041199826559248
3000,1800,15,0.005,0.008333333333333333,0.95,True,hybrid_curriculum,0.978123129708325,0.003536873359805647,0.4647937551140785,0.03292290679501702,0.9729141548275948,0.11512792282905046,0.7314175899921075,0.06481691783529109,0.15644444444444444,0.048038050761741516,,,,,0.543748357512411,0.04276856191582852,0.7559368848800659,0.05618042559777042,5,-0.0352062448859215,False,3.4771212547196626,1.2041199826559248
3000,1800,15,0.005,0.008333333333333333,0.95,True,operator,0.9784249349529489,0.0036371193562064787,0.4187730461359024,0.05643551468140157,0.9447322219610215,0.1353368685934399,0.7215868241511535,0.10432639432030694,0.16933333333333334,0.0601520706621,,,,,0.5884468228112172,0.04450150701351036,0.8047781348228454,0.08080164452471013,5,-0.08122695386409762,False,3.4771212547196626,1.2041199826559248
3000,1800,15,0.005,0.008333333333333333,0.95,True,pair_consistency,0.9785901793702619,0.003585807136511637,0.45567707568407056,0.0504737585397326,1.026840391755104,0.08862912012634876,0.682610839967361,0.0823214312879117,0.11777777777777779,0.08753129951658278,,,,,0.4909813082883857,0.018375585582682548,0.7971335530281067,0.039071817083682014,5,-0.044322924315929435,False,3.4771212547196626,1.2041199826559248
3000,1800,20,0.006666666666666667,0.011111111111111112,0.9,False,factorized,0.9827396730536322,0.0036675277907531976,0.2884579122066498,0.10584735512541012,0.9187357574701309,0.15380712029512872,0.6462990964835352,0.08604864824556367,0.30133333333333334,0.09035731538975937,,,,,0.6382755203245123,0.04793444239504998,2.049039125442505,1.3002882655359678,5,-0.2115420877933502,False,3.4771212547196626,1.3222192947339193
3000,1800,20,0.006666666666666667,0.011111111111111112,0.9,False,hybrid_curriculum,0.983101040718501,0.0030242395310355556,0.5731621816754341,0.03891093481785695,1.1268228203058244,0.10032560054616316,0.7490130723407624,0.11151270047341362,0.1288888888888889,0.06267691011631311,,,,,0.6408242507582244,0.028800195022835033,0.9817723870277405,0.12110258948651503,5,0.07316218167543409,True,3.4771212547196626,1.3222192947339193
3000,1800,20,0.006666666666666667,0.011111111111111112,0.9,False,operator,0.9829894719159838,0.0030016056443741327,0.5514238849282265,0.07614790590201671,1.1789191648364068,0.06210864452809242,0.6527557868040567,0.11803343423875912,0.13733333333333334,0.05793568166403624,,,,,0.6863855237644498,0.018378998974488057,0.8793333888053894,0.1012449387181691,5,0.05142388492822647,True,3.4771212547196626,1.3222192947339193
3000,1800,20,0.006666666666666667,0.011111111111111112,0.9,False,pair_consistency,0.9834702643248298,0.0031552427336227116,0.49363463222980497,0.08792760758563094,1.164406467974186,0.14120370152371603,0.6440243949988683,0.10084967793767477,0.132,0.06191591271162513,,,,,0.5348458600638073,0.05485555729213628,0.9008812665939331,0.092084610669595,5,-0.0063653677701950295,False,3.4771212547196626,1.3222192947339193
3000,1800,20,0.006666666666666667,0.011111111111111112,0.9,True,factorized,0.9810246471269359,0.0035977224383307313,0.307806795835495,0.09207237300807596,0.9358969300985336,0.10339556252398543,0.6265367211605167,0.13174394084193786,0.28088888888888885,0.08281468230294835,,,,,0.6342499263522521,0.04457283031978217,1.6931943893432617,0.8729173193181082,5,-0.19219320416450503,False,3.4771212547196626,1.3222192947339193
3000,1800,20,0.006666666666666667,0.011111111111111112,0.9,True,hybrid_curriculum,0.9807026269092626,0.0031660968809453524,0.5095295757055283,0.03400294048168008,1.0063788533210754,0.09904985452197175,0.7936279078822366,0.07837095389412806,0.12933333333333333,0.05257328805851835,,,,,0.5971618093185874,0.04318702406655588,0.9186229348182678,0.10386650514695207,5,0.00952957570552826,True,3.4771212547196626,1.3222192947339193
3000,1800,20,0.006666666666666667,0.011111111111111112,0.9,True,operator,0.9809649351439829,0.00329324703605706,0.4961605593562126,0.06190174704907314,1.14123679921031,0.052332999885136414,0.610394828001009,0.10704583355972143,0.152,0.07724579975796039,,,,,0.6412415471492656,0.05042124188220221,0.8527843952178955,0.0568901341155112,5,-0.003839440643787384,False,3.4771212547196626,1.3222192947339193
3000,1800,20,0.006666666666666667,0.011111111111111112,0.9,True,pair_consistency,0.9806661276371933,0.0037628159642104295,0.49580736458301544,0.07994033539063006,1.1616219505667686,0.10477180904671703,0.6343069281419413,0.06375670673139447,0.13644444444444442,0.08691701732822271,,,,,0.5408250915930934,0.02608360203319534,0.8361243486404419,0.07254716857049794,5,-0.004192635416984558,False,3.4771212547196626,1.3222192947339193
3000,1800,20,0.006666666666666667,0.011111111111111112,0.95,False,factorized,0.9821813027629414,0.0033171642219627776,0.2627167463302612,0.12101372769363193,0.8659034326672554,0.1624388469438139,0.6595318114365863,0.09763686588959512,0.308,0.10414377526249911,,,,,0.6216682084906353,0.0386455889212029,1.611967420578003,0.9410120376365526,5,-0.2372832536697388,False,3.4771212547196626,1.3222192947339193
3000,1800,20,0.006666666666666667,0.011111111111111112,0.95,False,hybrid_curriculum,0.9822354892450577,0.002845830468028254,0.4991500020027161,0.04028262591894817,1.0315691918134688,0.04314476388281121,0.7178253501980238,0.09647709872593924,0.14133333333333334,0.06360759330399104,,,,,0.5840008835567481,0.05235726979186013,0.7905230164527893,0.05161835724916499,5,-0.0008499979972839133,False,3.4771212547196626,1.3222192947339193
3000,1800,20,0.006666666666666667,0.011111111111111112,0.95,False,operator,0.9823775185280696,0.0027628229796041077,0.488537922501564,0.06949405133315059,1.0801367953419685,0.07791145835391447,0.6658513374568542,0.1328775600940887,0.16933333333333334,0.06337035954715581,,,,,0.6434709655871258,0.05520807788768298,0.720824372768402,0.047303805998818914,5,-0.011462077498435974,False,3.4771212547196626,1.3222192947339193
3000,1800,20,0.006666666666666667,0.011111111111111112,0.95,False,pair_consistency,0.9827203684337087,0.0029835688972748974,0.45756400376558304,0.10366251003543978,1.0900171905755998,0.1584253345948956,0.6542129263668893,0.09973926346202171,0.14266666666666666,0.09671646227025714,,,,,0.4995323599987106,0.07121069832379584,0.7788869142532349,0.053555875144050316,5,-0.04243599623441696,False,3.4771212547196626,1.3222192947339193
3000,1800,20,0.006666666666666667,0.011111111111111112,0.95,True,factorized,0.9788937005439469,0.003796145785047683,0.2674551844596863,0.12366950554149996,0.8327798798680306,0.14643212016194182,0.6532933492745474,0.13601638063045615,0.2964444444444444,0.11213527985274896,,,,,0.6036170617808951,0.04473217222610744,1.3754987359046935,0.6332950604485086,5,-0.2325448155403137,False,3.4771212547196626,1.3222192947339193
3000,1800,20,0.006666666666666667,0.011111111111111112,0.95,True,hybrid_curriculum,0.9785026983747562,0.003710057062804206,0.4507312685251236,0.06583798371414859,0.9023382544517518,0.08331626957666025,0.7877346932143803,0.0625336109139799,0.15511111111111112,0.0711006936813932,,,,,0.5524213582287394,0.03835411981065966,0.7812965154647827,0.050995123837668216,5,-0.049268731474876426,False,3.4771212547196626,1.3222192947339193
3000,1800,20,0.006666666666666667,0.011111111111111112,0.95,True,operator,0.978943096964942,0.003406365394334368,0.44182134568691256,0.0328582386393988,1.0633851625025272,0.10170563637574838,0.6069069345220759,0.12179259504525415,0.16755555555555557,0.06167617544306674,,,,,0.5860341764779491,0.05393142754390869,0.7411631107330322,0.026040931398204546,5,-0.05817865431308744,False,3.4771212547196626,1.3222192947339193
3000,1800,20,0.006666666666666667,0.011111111111111112,0.95,True,pair_consistency,0.9785145895330867,0.0039542025485588194,0.4495186284184456,0.03984425694409659,1.0609101116657258,0.0907272934195919,0.6604425670861658,0.08382216948008946,0.1488888888888889,0.056327963802829235,,,,,0.5077323991915682,0.017636384919437482,0.7638896107673645,0.03728874075130817,5,-0.05048137158155441,False,3.4771212547196626,1.3222192947339193
3000,1800,30,0.01,0.016666666666666666,0.9,False,factorized,0.9824945183868395,0.0034132702782342767,0.2869712769985199,0.14293743031183792,0.8839755415916443,0.13806206487321218,0.63678455193778,0.06305340510233243,0.2693333333333333,0.13336481109912834,,,,,0.6281258434990716,0.07245307932831618,3.049129366874695,1.8820257220448933,5,-0.21302872300148012,False,3.4771212547196626,1.4913616938342726
3000,1800,30,0.01,0.016666666666666666,0.9,False,hybrid_curriculum,0.9831650694261167,0.003166143957465196,0.5514717265963555,0.06992588552741642,1.1170919045805932,0.15115313806631067,0.7079639724211363,0.0899554771667322,0.18266666666666667,0.05545323911544809,,,,,0.7153738926212037,0.06115467924520703,0.8122515559196473,0.046508771341498896,5,0.05147172659635546,True,3.4771212547196626,1.4913616938342726
3000,1800,30,0.01,0.016666666666666666,0.9,False,operator,0.9833211629374757,0.0025933275674818097,0.5918375760316849,0.06736192876145027,1.2124966651201248,0.11518090805109456,0.6418832299546626,0.09119086065196073,0.13199999999999998,0.07695758010620182,,,,,0.7090610579637793,0.06264442619150759,0.7704055190086365,0.14939337050841536,5,0.09183757603168485,True,3.4771212547196626,1.4913616938342726
3000,1800,30,0.01,0.016666666666666666,0.9,False,pair_consistency,0.9829780972340381,0.0029008331785556254,0.5427733227610588,0.037110876865202924,1.1373836025595665,0.14844795039519804,0.7140245287147702,0.10409576653475722,0.09911111111111112,0.040448107282245585,,,,,0.5687536841845959,0.0639848760713412,0.9699567556381226,0.1169275094234662,5,0.04277332276105883,True,3.4771212547196626,1.4913616938342726
3000,1800,30,0.01,0.016666666666666666,0.9,True,factorized,0.9802922667462829,0.003840316348854888,0.28119500279426574,0.12916477329557188,0.8267713963985444,0.137560795207627,0.7073413325495481,0.1223056453189107,0.2786666666666666,0.10388264984236589,,,,,0.5931161293650482,0.08202334442638926,2.511660027503967,1.443338481756349,5,-0.21880499720573426,False,3.4771212547196626,1.4913616938342726
3000,1800,30,0.01,0.016666666666666666,0.9,True,hybrid_curriculum,0.9814105187684717,0.0036348798618668987,0.4883949518203735,0.04370796544887653,1.0809477627277375,0.09228606402498454,0.6613246008183428,0.08850882460941742,0.17422222222222222,0.039459308623403896,,,,,0.6068244507185652,0.05601655755034799,0.76111820936203,0.06562067892587442,5,-0.011605048179626487,False,3.4771212547196626,1.4913616938342726
3000,1800,30,0.01,0.016666666666666666,0.9,True,operator,0.9811339934713688,0.0035724386932469436,0.5325407564640046,0.06841869290074577,1.133867520093918,0.12362607102919296,0.6533951625633337,0.08450555142097518,0.18311111111111109,0.04359182163640615,,,,,0.6973172124833539,0.05750422621197251,0.7389089822769165,0.11559893763382666,5,0.03254075646400456,True,3.4771212547196626,1.4913616938342726
3000,1800,30,0.01,0.016666666666666666,0.9,True,pair_consistency,0.9805471433721982,0.0038784310934288813,0.48575107008218765,0.04689687091192801,1.068434366583824,0.11958408224640932,0.7215861886272894,0.11322044279338984,0.12044444444444444,0.03454823073492446,,,,,0.5258089240579112,0.08966557760149908,0.8537051200866699,0.10545914656366341,5,-0.014248929917812347,False,3.4771212547196626,1.4913616938342726
3000,1800,30,0.01,0.016666666666666666,0.95,False,factorized,0.9818227499933311,0.003238134040468455,0.263466078042984,0.15296270385196384,0.837780773639679,0.15691462994690253,0.6200588278899135,0.09441909029819752,0.2733333333333333,0.15365505700500026,,,,,0.5946115406465868,0.06273486156355419,2.3057121515274046,1.2338996368562671,5,-0.236533921957016,False,3.4771212547196626,1.4913616938342726
3000,1800,30,0.01,0.016666666666666666,0.95,False,hybrid_curriculum,0.9822125536210153,0.003080160662938179,0.4576540529727936,0.0678428267332274,0.9635772794485092,0.15261332756267773,0.7105490241861294,0.11926939566471047,0.2128888888888889,0.06157199940810038,,,,,0.6626066432621904,0.025672445416586732,0.7205548167228699,0.013536739074286411,5,-0.0423459470272064,False,3.4771212547196626,1.4913616938342726
3000,1800,30,0.01,0.016666666666666666,0.95,False,operator,0.9826532773534373,0.0027551415385240487,0.48725679218769075,0.05947550387922227,1.0685440197587013,0.11535629470480213,0.6682085809925147,0.09403145387125478,0.184,0.08424537940218016,,,,,0.6641418853482552,0.058182136480258495,0.6847888588905334,0.09369477404703944,5,-0.012743207812309254,False,3.4771212547196626,1.4913616938342726
3000,1800,30,0.01,0.016666666666666666,0.95,False,pair_consistency,0.9821303690942033,0.002938312184854955,0.49273223876953126,0.023382741286530045,1.0416822224855422,0.18479286409956325,0.7225452780697705,0.12106651269524486,0.11200000000000002,0.027514306043166636,,,,,0.4998034010046785,0.03555444496576777,0.8105788826942444,0.05367224315101165,5,-0.007267761230468739,False,3.4771212547196626,1.4913616938342726
3000,1800,30,0.01,0.016666666666666666,0.95,True,factorized,0.9783154312467133,0.003965464502425696,0.2677243709564209,0.09507788994576016,0.8113540813326836,0.061272548884444875,0.670417027126927,0.1135175174409175,0.27466666666666667,0.09083426774918628,,,,,0.5611292142605138,0.10405518196497988,1.9012285232543946,0.91675125111406,5,-0.23227562904357912,False,3.4771212547196626,1.4913616938342726
3000,1800,30,0.01,0.016666666666666666,0.95,True,hybrid_curriculum,0.9795817160996385,0.0038493823679871812,0.43022654950618744,0.050381968676250756,0.9560628682374954,0.11579670319207896,0.6882525881857264,0.09150214081537394,0.17644444444444443,0.04903009909518794,,,,,0.5485349288015677,0.06796641850823251,0.7296170473098755,0.02856888966785691,5,-0.06977345049381256,False,3.4771212547196626,1.4913616938342726
3000,1800,30,0.01,0.016666666666666666,0.95,True,operator,0.9791320885928659,0.003281358892913574,0.4428960680961609,0.06590065308648685,0.9997574552893639,0.14370621465542546,0.6754176052217288,0.08498713604567347,0.2111111111111111,0.061824123303304696,,,,,0.6486731123173602,0.04516633311988237,0.6966331243515015,0.06294545640012542,5,-0.05710393190383911,False,3.4771212547196626,1.4913616938342726
3000,1800,30,0.01,0.016666666666666666,0.95,True,pair_consistency,0.9785337850148934,0.004234271431712001,0.44869993925094603,0.02936629771881391,0.9794903114438057,0.1721574990749397,0.7250296551576886,0.1339738004641758,0.14133333333333334,0.06772493386240157,,,,,0.47417435902202953,0.0821655820504224,0.7776793599128723,0.0371336542531471,5,-0.051300060749053966,False,3.4771212547196626,1.4913616938342726
3000,1800,40,0.013333333333333334,0.022222222222222223,0.9,False,factorized,0.9823898566178937,0.00397072178261606,0.3756624639034271,0.11718053845844877,0.9149346217513085,0.21920563408028518,0.7380898482669154,0.1651432994758033,0.20400000000000001,0.11242995075672892,,,,,0.6179099294899203,0.043344228785808764,2.2936612606048583,0.9379390324851165,5,-0.12433753609657289,False,3.4771212547196626,1.6127838567197355
3000,1800,40,0.013333333333333334,0.022222222222222223,0.9,False,hybrid_curriculum,0.9836770024869901,0.0028713362514391646,0.6006266728043557,0.035953934457484675,1.2153248764574527,0.16459377169085626,0.6605277008503667,0.12794051686530386,0.11600000000000002,0.040197045527448946,,,,,0.6712358463778061,0.08280787666952874,0.8350730180740357,0.13586006642933074,5,0.10062667280435567,True,3.4771212547196626,1.6127838567197355
3000,1800,40,0.013333333333333334,0.022222222222222223,0.9,False,operator,0.9838588159174252,0.003338930131226454,0.6606417134404182,0.11824926665769307,1.2938411928713323,0.10468565997268914,0.6748723089552338,0.06954066114283503,0.10311111111111111,0.06763372670239548,,,,,0.7674654727934677,0.1225363927285986,0.695358794927597,0.14154040308116644,5,0.16064171344041822,True,3.4771212547196626,1.6127838567197355
3000,1800,40,0.013333333333333334,0.022222222222222223,0.9,False,pair_consistency,0.9837522953413996,0.0031381127115977818,0.5976205177605152,0.058576844942752816,1.2329173676669598,0.16158937705991042,0.6534538395654038,0.14472387744252047,0.084,0.05455544240766722,,,,,0.6080420736687266,0.06834650024260226,0.9452727556228637,0.024189513460595998,5,0.09762051776051517,True,3.4771212547196626,1.6127838567197355
3000,1800,40,0.013333333333333334,0.022222222222222223,0.9,True,factorized,0.9805702243123419,0.004110242987934338,0.36749598681926726,0.08758890249538893,0.9245394557714463,0.2353311612664494,0.7005934873442028,0.16254013916883336,0.18622222222222223,0.04785265450536548,,,,,0.5660150757359776,0.06348095104683797,1.9220131158828735,0.6527965059974796,5,-0.13250401318073274,False,3.4771212547196626,1.6127838567197355
3000,1800,40,0.013333333333333334,0.022222222222222223,0.9,True,hybrid_curriculum,0.981084620259764,0.004011107340148517,0.5739060990512371,0.06606731150789283,1.2145548641681672,0.13512530665785122,0.6171369872615993,0.05847562648240556,0.06577777777777777,0.03237892928631821,,,,,0.6402829837440674,0.06398635314919567,0.7853391647338868,0.09138926890081599,5,0.07390609905123713,True,3.4771212547196626,1.6127838567197355
3000,1800,40,0.013333333333333334,0.022222222222222223,0.9,True,operator,0.9816412305091363,0.003714627266667146,0.6013095483183861,0.0611595020413061,1.220991174131632,0.08091521141026149,0.6596745507669646,0.06401988883734196,0.10133333333333334,0.051678015479995155,,,,,0.701820400992818,0.12468006986078552,0.6785001158714294,0.07988012498657501,5,0.10130954831838612,True,3.4771212547196626,1.6127838567197355
3000,1800,40,0.013333333333333334,0.022222222222222223,0.9,True,pair_consistency,0.9811075142292861,0.003508783155055523,0.5687136493623257,0.037374714644638464,1.1826316185295582,0.18017575919946133,0.6508407012892764,0.14334010413587514,0.05600000000000001,0.033898905623473086,,,,,0.5808314968713658,0.0445353894184997,0.8188501596450806,0.028742042360163998,5,0.06871364936232571,True,3.4771212547196626,1.6127838567197355
3000,1800,40,0.013333333333333334,0.022222222222222223,0.95,False,factorized,0.9817222092456099,0.0038465076059130097,0.3527682363986969,0.11314200189213088,0.86532591432333,0.21470144156426393,0.7383197030435878,0.15951414793917068,0.19244444444444447,0.0641679894043559,,,,,0.5655689217869556,0.05798062816786118,1.787194049358368,0.6535550648489786,5,-0.14723176360130308,False,3.4771212547196626,1.6127838567197355
3000,1800,40,0.013333333333333334,0.022222222222222223,0.95,False,hybrid_curriculum,0.9828358921148157,0.0028859751034318983,0.5318666070699691,0.03110435871517695,1.0831387683749198,0.15462197181667295,0.6854953489641917,0.11354429456381868,0.12044444444444444,0.07370947306658139,,,,,0.6584564848321975,0.04521080138766336,0.7332261800765991,0.068732352949971,5,0.03186660706996913,True,3.4771212547196626,1.6127838567197355
3000,1800,40,0.013333333333333334,0.022222222222222223,0.95,False,operator,0.9829357535346244,0.0030543506353735653,0.5548997357487678,0.0899609326084886,1.1579223781824113,0.06986090035757057,0.6763253393569496,0.06417187578133826,0.13377777777777777,0.050562270616305825,,,,,0.7063309603730354,0.1049943956114906,0.6375214695930481,0.08409464379594138,5,0.05489973574876783,True,3.4771212547196626,1.6127838567197355
3000,1800,40,0.013333333333333334,0.022222222222222223,0.95,False,pair_consistency,0.982893466762292,0.002993246139766111,0.5360528871417045,0.07122206882920999,1.1257193669676782,0.16343026175842856,0.6703123518922035,0.1434571420283992,0.09022222222222223,0.05435593712957736,,,,,0.5572749997354727,0.08403372445710883,0.7941486120224,0.012062870889900141,5,0.036052887141704515,True,3.4771212547196626,1.6127838567197355
3000,1800,40,0.013333333333333334,0.022222222222222223,0.95,True,factorized,0.9787709518715,0.004132512768241349,0.2952541679143906,0.08684053140730552,0.8208073019981384,0.24005197504279857,0.6857276159985007,0.17174575602382733,0.24266666666666667,0.04453878875433978,,,,,0.5385400739423799,0.06763416381917828,1.501774537563324,0.44445365535406695,5,-0.20474583208560942,False,3.4771212547196626,1.6127838567197355
3000,1800,40,0.013333333333333334,0.022222222222222223,0.95,True,hybrid_curriculum,0.9794921506173745,0.004105848649989865,0.48356582373380663,0.04193086419970019,1.043754091858864,0.12972903823934684,0.6426293937837114,0.09838964338790056,0.09911111111111111,0.04282032516123133,,,,,0.5872618648062949,0.05374811331102221,0.7518427729606628,0.04265651486508838,5,-0.016434176266193368,False,3.4771212547196626,1.6127838567197355
3000,1800,40,0.013333333333333334,0.022222222222222223,0.95,True,operator,0.9796775531353028,0.003969213076857134,0.5076850995421409,0.0523585015043397,1.0983227156102657,0.07865847802143579,0.6564250286461555,0.04522349024623109,0.14933333333333335,0.06439461675223067,,,,,0.6644955869687137,0.1034368009193124,0.6631030917167664,0.057374710191899,5,0.007685099542140916,True,3.4771212547196626,1.6127838567197355
3000,1800,40,0.013333333333333334,0.022222222222222223,0.95,True,pair_consistency,0.9792549846764512,0.0032954285995343926,0.5104802168905735,0.02815466725971546,1.0777775578200817,0.15550397548189393,0.6599547773804952,0.1508019278408873,0.05466666666666668,0.034232321742059105,,,,,0.502741196663933,0.05767570201416565,0.762301754951477,0.02327636629971184,5,0.010480216890573546,True,3.4771212547196626,1.6127838567197355
3000,1800,50,0.016666666666666666,0.027777777777777776,0.9,False,factorized,0.9824145326209752,0.0036716690790595404,0.3307645320892334,0.07027479185474889,0.9532540872693062,0.10592591850507505,0.6774034213488969,0.10167438746683924,0.23777777777777778,0.10832051206181278,,,,,0.6363536105809084,0.06391785669750014,1.7478760719299316,0.6417098879576907,5,-0.1692354679107666,False,3.4771212547196626,1.7075701760979363
3000,1800,50,0.016666666666666666,0.027777777777777776,0.9,False,hybrid_curriculum,0.9837569602783388,0.002934166733318943,0.6106261111795902,0.04053363931104968,1.1927482657134534,0.1645783760953123,0.6963368740292547,0.12088511375417325,0.07244444444444445,0.027107467879070056,,,,,0.6684969772836075,0.04527649821308375,0.913416576385498,0.091602508751029,5,0.1106261111795902,True,3.4771212547196626,1.7075701760979363
3000,1800,50,0.016666666666666666,0.027777777777777776,0.9,False,operator,0.9832558744460564,0.0031848962716000346,0.6595414772629737,0.07186456592650475,1.2989517115056515,0.10649885020312025,0.6569964810277787,0.09024462341180153,0.07155555555555557,0.020330600909302523,,,,,0.7400355920717152,0.06368816762854959,0.8466863870620728,0.10687498214199853,5,0.15954147726297374,True,3.4771212547196626,1.7075701760979363
3000,1800,50,0.016666666666666666,0.027777777777777776,0.9,False,pair_consistency,0.9836479633557085,0.002655252232822372,0.6577230609953404,0.030212165334152826,1.289209184795618,0.12147764290229238,0.6521198344768265,0.1297140890585575,0.05288888888888889,0.014263828031894415,,,,,0.6615532994243872,0.04188188689574447,0.8553142547607422,0.05085978666917134,5,0.1577230609953404,True,3.4771212547196626,1.7075701760979363
3000,1800,50,0.016666666666666666,0.027777777777777776,0.9,True,factorized,0.9803609384855637,0.0038758923434253083,0.38401695191860197,0.08208934504915211,1.021204599738121,0.112750588059208,0.6369047560911784,0.07075257027056286,0.19644444444444445,0.08382226935311506,,,,,0.6166674038105309,0.04445661968827692,1.4920897006988525,0.39719127901464263,5,-0.11598304808139803,False,3.4771212547196626,1.7075701760979363
3000,1800,50,0.016666666666666666,0.027777777777777776,0.9,True,hybrid_curriculum,0.9814442810471732,0.0038982939473340725,0.5678567238152027,0.052202653392297065,1.1595982991158962,0.12224222409640263,0.6904579568426172,0.08188247730218821,0.08,0.05275145542430765,,,,,0.5882742154086891,0.06574530844279353,0.7844266772270203,0.05996253544220335,5,0.06785672381520269,True,3.4771212547196626,1.7075701760979363
3000,1800,50,0.016666666666666666,0.027777777777777776,0.9,True,operator,0.9813822290066188,0.0036316603575525987,0.5980747543275357,0.05742565744871142,1.2265635035932063,0.097623536789623,0.6541131770827617,0.08308134199851898,0.07511111111111111,0.03036404631537066,,,,,0.6611055960202489,0.08727351392827562,0.7637906193733215,0.07566454954938745,5,0.09807475432753565,True,3.4771212547196626,1.7075701760979363
3000,1800,50,0.016666666666666666,0.027777777777777776,0.9,True,pair_consistency,0.9814715805642678,0.0030259801524231424,0.590576771274209,0.048332748670453396,1.2307615105062724,0.13152407162336072,0.6099794259536545,0.12194748206891923,0.07822222222222223,0.01035183528786856,,,,,0.5943862612249491,0.061922997564147764,0.7555083990097046,0.031888777020171954,5,0.09057677127420904,True,3.4771212547196626,1.7075701760979363
3000,1800,50,0.016666666666666666,0.027777777777777776,0.95,False,factorized,0.9817248677994688,0.0034849000480412905,0.30554664731025694,0.07763691269295456,0.9160178288817405,0.1332173965234859,0.6462237840002569,0.10750996013670913,0.2648888888888889,0.09745400941273419,,,,,0.6090023147035796,0.06322210004286613,1.3768863439559937,0.4455588445609358,5,-0.19445335268974306,False,3.4771212547196626,1.7075701760979363
3000,1800,50,0.016666666666666666,0.027777777777777776,0.95,False,hybrid_curriculum,0.9829564670542853,0.002769612607049444,0.5532062008976937,0.030034776379176044,1.0700308695435523,0.17659582961472542,0.7050968084168696,0.12995928750334396,0.09866666666666665,0.026508791926127363,,,,,0.610882116639104,0.0438305157872504,0.779767370223999,0.04212200061078634,5,0.05320620089769368,True,3.4771212547196626,1.7075701760979363
3000,1800,50,0.016666666666666666,0.027777777777777776,0.95,False,operator,0.9822480848933648,0.0028142083962629763,0.5706223100423813,0.057820667214258326,1.1612877815961837,0.1301645285471846,0.6868824233715205,0.09646701045077626,0.10133333333333334,0.029296272884759108,,,,,0.6905072747177168,0.07604066529658803,0.7096514463424682,0.04452343564629882,5,0.07062231004238129,True,3.4771212547196626,1.7075701760979363
3000,1800,50,0.016666666666666666,0.027777777777777776,0.95,False,pair_consistency,0.9829454263423912,0.0021742702803962425,0.5729569088667631,0.03919039696039997,1.1787928443402051,0.09630159222079142,0.6552518443166044,0.12345715266769021,0.06133333333333333,0.02169371530998361,,,,,0.5581848348129131,0.0628214450522741,0.763757586479187,0.024061578043127745,5,0.07295690886676309,True,3.4771212547196626,1.7075701760979363
3000,1800,50,0.016666666666666666,0.027777777777777776,0.95,True,factorized,0.9786305526843039,0.0040297344270061155,0.3638331860303879,0.08751135970409597,0.9678860053420066,0.13023766960818,0.6425981040959738,0.04172099987822604,0.19288888888888886,0.07429337906462127,,,,,0.6096838521302916,0.04134475185986462,1.198582375049591,0.2866143629858401,5,-0.1361668139696121,False,3.4771212547196626,1.7075701760979363
3000,1800,50,0.016666666666666666,0.027777777777777776,0.95,True,hybrid_curriculum,0.9795848339455191,0.0038806716363313505,0.5059963598847389,0.03526229686577261,1.0421839937567712,0.1277049999011063,0.687751940517584,0.08098638753706845,0.09866666666666665,0.038541303802095646,,,,,0.5484387683896654,0.06012285877023541,0.7476686596870422,0.03199285523466208,5,0.0059963598847389,True,3.4771212547196626,1.7075701760979363
3000,1800,50,0.016666666666666666,0.027777777777777776,0.95,True,operator,0.9793556595649834,0.003985685057463502,0.5211480736732483,0.04153699979078027,1.0820751570165157,0.12528392057105708,0.7034146734325684,0.07968139166645073,0.10133333333333334,0.04468269474725697,,,,,0.613218939817566,0.09176709279132865,0.7110616445541382,0.04159971667922773,5,0.021148073673248335,True,3.4771212547196626,1.7075701760979363
3000,1800,50,0.016666666666666666,0.027777777777777776,0.95,True,pair_consistency,0.9799785002009097,0.0032292661920481237,0.5314478371292353,0.05908575774673695,1.1427358079701662,0.15192431588752647,0.5998179316435188,0.12458958347144365,0.07777777777777779,0.03488959659579464,,,,,0.5227838550583235,0.07816921464747786,0.7480103015899658,0.030981807062746503,5,0.03144783712923527,True,3.4771212547196626,1.7075701760979363
3000,1800,60,0.02,0.03333333333333333,0.9,False,factorized,0.982690473926508,0.003813387135616903,0.2532369434833527,0.08222810475686369,0.8906682565808296,0.09453500114803981,0.612234881287112,0.07599220612489456,0.32,0.08590836346701204,,,,,0.6203700721510625,0.050274065215591225,2.063838171958923,0.7407550068093417,5,-0.24676305651664732,False,3.4771212547196626,1.7853298350107671
3000,1800,60,0.02,0.03333333333333333,0.9,False,hybrid_curriculum,0.9833163276345905,0.0027479797167113966,0.6041545055806636,0.034195004704666,1.2116085045039653,0.11842453651760629,0.6512850683782118,0.13117684729730694,0.11022222222222222,0.038764881650570224,,,,,0.65995397231717,0.039552018155303896,0.9246386408805847,0.13201877709270232,5,0.10415450558066364,True,3.4771212547196626,1.7853298350107671
3000,1800,60,0.02,0.03333333333333333,0.9,False,operator,0.9832250531362696,0.0028845656240392174,0.7328939370810985,0.09780491964420045,1.358921229094267,0.11178392199946345,0.6866544952836322,0.040360809836610737,0.08444444444444445,0.042046417618721105,,,,,0.8126769817315953,0.06799857192808119,0.76994309425354,0.032942402828291015,5,0.2328939370810985,True,3.4771212547196626,1.7853298350107671
3000,1800,60,0.02,0.03333333333333333,0.9,False,pair_consistency,0.9833562713310056,0.0030009556177524434,0.6491416102275253,0.02814120483327177,1.3031162744387985,0.03412839031952542,0.6423159448045599,0.07723714507394927,0.04933333333333333,0.03875851160999634,,,,,0.6479369541948425,0.043170658880419786,0.9026266932487488,0.16538664001644204,5,0.14914161022752526,True,3.4771212547196626,1.7853298350107671
3000,1800,60,0.02,0.03333333333333333,0.9,True,factorized,0.9805371682730091,0.003964042290106181,0.2387375056743622,0.0706802990187952,0.8562228605151176,0.09865706825881385,0.6250942135154126,0.08473765873079597,0.30533333333333335,0.07797752129402738,,,,,0.5666965490578686,0.044188694048610096,1.725827729701996,0.5592056466280358,5,-0.2612624943256378,False,3.4771212547196626,1.7853298350107671
3000,1800,60,0.02,0.03333333333333333,0.9,True,hybrid_curriculum,0.9808865129331543,0.003266602229809508,0.5699038118124008,0.038075615576735104,1.1968081295490265,0.059388065626905226,0.6234258355903902,0.04328825495274712,0.10977777777777778,0.05891194517201599,,,,,0.6429359132691015,0.0632878406561963,0.8112389802932739,0.0853085645884728,5,0.0699038118124008,True,3.4771212547196626,1.7853298350107671
3000,1800,60,0.02,0.03333333333333333,0.9,True,operator,0.9812097704856088,0.003456058481191058,0.6394870676100254,0.052058011923654675,1.2254446931183338,0.06461109954538148,0.7118279162019705,0.04014607421262203,0.1222222222222222,0.028846122190549255,,,,,0.7221079092529433,0.08555100867227126,0.7689310431480407,0.048609803352819655,5,0.13948706761002538,True,3.4771212547196626,1.7853298350107671
3000,1800,60,0.02,0.03333333333333333,0.9,True,pair_consistency,0.9813165875531575,0.003538893847736918,0.5832702929154039,0.04663738382093437,1.1889756495133041,0.09690883077157027,0.657573779400972,0.10322105895685582,0.05422222222222223,0.050346944443678154,,,,,0.5668236236804325,0.023739442319369107,0.8350350975990295,0.110431147398494,5,0.08327029291540389,True,3.4771212547196626,1.7853298350107671
3000,1800,60,0.02,0.03333333333333333,0.95,False,factorized,0.9818473182362359,0.003393455540350745,0.21837034225463867,0.07828454830071328,0.8184121757745743,0.06309635600041572,0.6353084393894706,0.07102820026135666,0.3231111111111111,0.11744817612067919,,,,,0.5935873260365101,0.025721749655058003,1.6351625323295593,0.5590647731355067,5,-0.2816296577453613,False,3.4771212547196626,1.7853298350107671
3000,1800,60,0.02,0.03333333333333333,0.95,False,hybrid_curriculum,0.9823529040486638,0.002660477349309621,0.5377957627177239,0.061483751774060964,1.0700738981366158,0.13679017222607,0.6884058801774083,0.12318809422796295,0.11422222222222222,0.03033150177620623,,,,,0.5899445547687384,0.07978669166753022,0.7836589336395263,0.05792502854442027,5,0.03779576271772389,True,3.4771212547196626,1.7853298350107671
3000,1800,60,0.02,0.03333333333333333,0.95,False,operator,0.9825487370256848,0.002619787452823824,0.6226742804050446,0.07357317409649673,1.2048358768224716,0.13887603261882286,0.7005321271449663,0.08136239340327917,0.13377777777777777,0.033495899878074255,,,,,0.7249867284544027,0.06816835077503572,0.6959983468055725,0.005855716530709894,5,0.12267428040504458,True,3.4771212547196626,1.7853298350107671
3000,1800,60,0.02,0.03333333333333333,0.95,False,pair_consistency,0.9825126846943698,0.002792072089588028,0.6029988538473845,0.025595798604093736,1.2165836613625287,0.051106083028986705,0.640694349592686,0.09154517787893315,0.059111111111111114,0.014790721148705548,,,,,0.5913682654004607,0.0511710166738442,0.7855814456939697,0.07500045922836494,5,0.1029988538473845,True,3.4771212547196626,1.7853298350107671
3000,1800,60,0.02,0.03333333333333333,0.95,True,factorized,0.9787112597905017,0.004324168028111536,0.22694814801216126,0.09227047764310582,0.8040834933519363,0.09557866144822126,0.6366729954880295,0.11503920773139695,0.3111111111111111,0.1011416315353358,,,,,0.56085076833801,0.024910773080480723,1.3811490774154662,0.4105735558518041,5,-0.27305185198783877,False,3.4771212547196626,1.7853298350107671
3000,1800,60,0.02,0.03333333333333333,0.95,True,hybrid_curriculum,0.9787408083182478,0.003114457209253879,0.5142238557338714,0.042673504703462206,1.0503011167049408,0.11456962277177402,0.6674501451252295,0.09088283444632743,0.12399999999999997,0.07737036150559315,,,,,0.6105236159666627,0.05850576888121635,0.7558405280113221,0.03011421323506968,5,0.014223855733871416,True,3.4771212547196626,1.7853298350107671
3000,1800,60,0.02,0.03333333333333333,0.95,True,operator,0.9793591801816955,0.0032459843118751346,0.5443970382213592,0.058699618319474754,1.1051807269454001,0.11483997002025073,0.7101628011473451,0.0742797569280328,0.16133333333333336,0.013296244712579175,,,,,0.6681698914397856,0.0743161340818589,0.7211175203323364,0.02932159725082465,5,0.04439703822135921,True,3.4771212547196626,1.7853298350107671
3000,1800,60,0.02,0.03333333333333333,0.95,True,pair_consistency,0.979246131191981,0.0034087925297775186,0.5358938980847597,0.045958835312131664,1.130882926657796,0.06602806972174594,0.6425889481637276,0.06820135909912627,0.06800000000000002,0.04258904977214012,,,,,0.5086475552244949,0.025724070285658665,0.79005526304245,0.03994760944964174,5,0.035893898084759734,True,3.4771212547196626,1.7853298350107671
3000,1800,75,0.025,0.041666666666666664,0.9,False,factorized,0.9824280372129502,0.003271387573061372,0.34831796288490297,0.0735180830302749,1.0082919403910637,0.09779696675667877,0.6173765615094384,0.07857912362344702,0.23911111111111114,0.08314200257747337,,,,,0.6018286686926544,0.05206973590023799,1.920022177696228,0.4852840327015523,5,-0.15168203711509703,False,3.4771212547196626,1.8808135922807914
3000,1800,75,0.025,0.041666666666666664,0.9,False,hybrid_curriculum,0.9832782779805959,0.0029887160391149285,0.6543704219162464,0.04292081817741003,1.3415162287652493,0.06757306778560161,0.5868087767403551,0.06412051243581204,0.0737777777777778,0.03429717621461418,,,,,0.7105307183402735,0.037791382370714575,0.9268862247467041,0.21255995217270407,5,0.1543704219162464,True,3.4771212547196626,1.8808135922807914
3000,1800,75,0.025,0.041666666666666664,0.9,False,operator,0.9830749865134157,0.003357812510238426,0.7108853459358215,0.03349096429505326,1.266524749994278,0.0699601600161731,0.7129407397276218,0.057925773219105164,0.08444444444444446,0.0636929362131845,,,,,0.7735588858655159,0.04781392216250398,0.720132303237915,0.12330315613863894,5,0.21088534593582153,True,3.4771212547196626,1.8808135922807914
3000,1800,75,0.025,0.041666666666666664,0.9,False,pair_consistency,0.9831889495695345,0.0030121342174719914,0.6689896771684289,0.046817345993031625,1.2881867924705148,0.10146830981603035,0.710056520383567,0.10622942110471702,0.07288888888888889,0.017805533888009012,,,,,0.6369201735751077,0.0843050344286579,0.8554157018661499,0.11110245133023391,5,0.16898967716842894,True,3.4771212547196626,1.8808135922807914
3000,1800,75,0.025,0.041666666666666664,0.9,True,factorized,0.9805814555303176,0.003530311827077713,0.3640364557504654,0.0858749300981736,1.0109228268265724,0.11668821136445935,0.6430037758446122,0.07084243322174405,0.22133333333333333,0.07307361416010401,,,,,0.596515784624154,0.06073055438144633,1.6163257598876952,0.3142566416267604,5,-0.1359635442495346,False,3.4771212547196626,1.8808135922807914
3000,1800,75,0.025,0.041666666666666664,0.9,True,hybrid_curriculum,0.9815677989608316,0.0029437430269425705,0.5943136878311635,0.03175534436271663,1.2595818050205707,0.0616344114617816,0.6071378662631604,0.010000802921395744,0.08533333333333332,0.03361363626878051,,,,,0.6306884223233251,0.048160220412623876,0.7818499326705932,0.11106007215739565,5,0.09431368783116345,True,3.4771212547196626,1.8808135922807914
3000,1800,75,0.025,0.041666666666666664,0.9,True,operator,0.9814534115520411,0.0034693744124047843,0.6156507581472397,0.042039703123963386,1.1337795346975326,0.11540100356283668,0.7467576955558103,0.08335445613486445,0.09511111111111113,0.030078087672335347,,,,,0.6965136233324072,0.0669837343453935,0.6929064393043518,0.08743995274894784,5,0.11565075814723969,True,3.4771212547196626,1.8808135922807914
3000,1800,75,0.025,0.041666666666666664,0.9,True,pair_consistency,0.9814915018577164,0.0031116496325093654,0.6137121990323067,0.035424276366126925,1.228584396839142,0.10057341194353102,0.6943677613543483,0.08141907859099602,0.05244444444444444,0.02339146198567248,,,,,0.6087014143927664,0.06044489628277507,0.7451178550720214,0.035933254919954825,5,0.11371219903230667,True,3.4771212547196626,1.8808135922807914
3000,1800,75,0.025,0.041666666666666664,0.95,False,factorized,0.9818605494629692,0.003101737993349435,0.30707467198371885,0.08373946053355945,0.951581497490406,0.10104012845787945,0.6110935524200105,0.06466738025444019,0.24666666666666667,0.10449171507118885,,,,,0.570106291179934,0.043074403497407786,1.5286186933517456,0.3124577463193079,5,-0.19292532801628115,False,3.4771212547196626,1.8808135922807914
3000,1800,75,0.025,0.041666666666666664,0.95,False,hybrid_curriculum,0.9825551579478635,0.0027186685044265856,0.5668751083314418,0.058436634986961736,1.1835234768688678,0.11700799400833141,0.6198550906325688,0.09655875357243428,0.10044444444444442,0.030282619388636724,,,,,0.6268456833342133,0.04120572413710425,0.7839818954467773,0.10328230220604169,5,0.06687510833144183,True,3.4771212547196626,1.8808135922807914
3000,1800,75,0.025,0.041666666666666664,0.95,False,operator,0.9823474602851295,0.0031595018118483736,0.6088461294770241,0.024176942209047952,1.1193951174616814,0.06675414746707954,0.7555443991367019,0.0708904189766967,0.10711111111111109,0.036562140575420204,,,,,0.7089628344932006,0.0547388035763495,0.6545246362686157,0.0667563664139675,5,0.1088461294770241,True,3.4771212547196626,1.8808135922807914
3000,1800,75,0.025,0.041666666666666664,0.95,False,pair_consistency,0.9824298378634995,0.0030659100957381043,0.6182006482034922,0.014783265689296454,1.1814471010118723,0.09986769872542729,0.7171559480801412,0.12628372585690278,0.07022222222222223,0.031214115198966014,,,,,0.5878437417187522,0.04268196744705199,0.7532602310180664,0.042613834037974356,5,0.11820064820349219,True,3.4771212547196626,1.8808135922807914
3000,1800,75,0.025,0.041666666666666664,0.95,True,factorized,0.9787712946855258,0.0035210043925058255,0.31053142845630644,0.0709006319704779,0.9505049265921116,0.11810906261289969,0.5710729160681366,0.0812223389139653,0.25022222222222223,0.06682573615266561,,,,,0.5532107032600208,0.04154761675980262,1.2929406404495238,0.17422677585190613,5,-0.18946857154369356,False,3.4771212547196626,1.8808135922807914
3000,1800,75,0.025,0.041666666666666664,0.95,True,hybrid_curriculum,0.9796031709809471,0.00292182848858291,0.5227501973509788,0.022960850195535426,1.1244404584169387,0.06547985269223215,0.6291845668694118,0.03650213990248269,0.09999999999999998,0.03865006029094686,,,,,0.5623009486739805,0.06184285723797623,0.7472618222236633,0.04807685556753512,5,0.02275019735097883,True,3.4771212547196626,1.8808135922807914
3000,1800,75,0.025,0.041666666666666664,0.95,True,operator,0.9790932051277389,0.0033715706202168167,0.5408004149794579,0.024331094618220386,1.0154802367091178,0.1130122431831897,0.7651708775582953,0.0874869105809365,0.10711111111111109,0.02306191344732374,,,,,0.6471730825412317,0.04869534157162673,0.6833974361419678,0.04576549423693725,5,0.040800414979457855,True,3.4771212547196626,1.8808135922807914
3000,1800,75,0.025,0.041666666666666664,0.95,True,pair_consistency,0.9793495894102076,0.003183234328957513,0.5643535770475865,0.03402814256380441,1.1207389153540135,0.11885654437625828,0.7072909764630957,0.1004152397158831,0.04577777777777777,0.048370994267430065,,,,,0.5626919172072652,0.059065265480849914,0.7459568500518798,0.02660044175749965,5,0.06435357704758649,True,3.4771212547196626,1.8808135922807914
3000,1800,100,0.03333333333333333,0.05555555555555555,0.9,False,factorized,0.9824451839296605,0.0035227008208611834,0.25507896542549136,0.054938784366617456,0.8930633023381234,0.04034185397335851,0.6611649862484844,0.04692747193840926,0.29688888888888887,0.07023066053378926,,,,,0.6397227092779225,0.04555401636445969,1.3998408198356629,0.5503368872235845,5,-0.24492103457450864,False,3.4771212547196626,2.0043213737826426
3000,1800,100,0.03333333333333333,0.05555555555555555,0.9,False,hybrid_curriculum,0.9836834183280567,0.002608346564908235,0.6732643652707339,0.042206725808068155,1.2768132511526347,0.05618917055517349,0.6677141878327341,0.13717480860793055,0.06444444444444444,0.027532248207475237,,,,,0.7126449050987789,0.0636298136836779,0.8750922083854675,0.11986272320861165,5,0.17326436527073386,True,3.4771212547196626,2.0043213737826426
3000,1800,100,0.03333333333333333,0.05555555555555555,0.9,False,operator,0.9834053224188366,0.002889460696133619,0.7670004434883595,0.08759904123571981,1.3980039156973363,0.12133062039848914,0.6357896852038402,0.0602363291454361,0.04133333333333334,0.026038907261212486,,,,,0.8128762020988913,0.0936572373931814,0.8481274485588074,0.18073786657506138,5,0.2670004434883595,True,3.4771212547196626,2.0043213737826426
3000,1800,100,0.03333333333333333,0.05555555555555555,0.9,False,pair_consistency,0.9838258117237249,0.0028446078054650947,0.6783383462578059,0.03892477459768107,1.3225677076727151,0.09238580175588756,0.6904035788258438,0.05799576557175901,0.02711111111111112,0.022188863851318432,,,,,0.643590356546084,0.09269346785353895,1.0110700368881225,0.15230552344470913,5,0.17833834625780587,True,3.4771212547196626,2.0043213737826426
3000,1800,100,0.03333333333333333,0.05555555555555555,0.9,True,factorized,0.9799199431268967,0.003582602283105691,0.2792991816997528,0.0673105655575702,0.8943275034427642,0.12205585105648589,0.6673422926998069,0.07124619607661543,0.2813333333333333,0.08321621399465934,,,,,0.6115646377703238,0.05717140535104761,1.2062605977058412,0.31582029121317984,5,-0.22070081830024718,False,3.4771212547196626,2.0043213737826426
3000,1800,100,0.03333333333333333,0.05555555555555555,0.9,True,hybrid_curriculum,0.9817966289214229,0.00275759436343649,0.5978229016065597,0.03201694671117641,1.14881991147995,0.06296459224905436,0.6983892497692452,0.13092373360261036,0.055999999999999994,0.025405355710271648,,,,,0.603121097054067,0.040644475308797584,0.7502058863639831,0.023437970951080543,5,0.09782290160655971,True,3.4771212547196626,2.0043213737826426
3000,1800,100,0.03333333333333333,0.05555555555555555,0.9,True,operator,0.9811290613946136,0.0030536968496266592,0.6975219175219536,0.06254822479817435,1.3228446125984192,0.1280785459561946,0.6207668564213958,0.04670110041950379,0.08222222222222221,0.023778816176702983,,,,,0.778977630032071,0.05637308358576561,0.7324068069458007,0.09710758604486408,5,0.19752191752195358,True,3.4771212547196626,2.0043213737826426
3000,1800,100,0.03333333333333333,0.05555555555555555,0.9,True,pair_consistency,0.9819989568972097,0.00328592276171489,0.5975570280104876,0.03400008641108704,1.2608885694295169,0.07764229768305467,0.6331598649768293,0.08767400808127307,0.04755555555555556,0.026924677743752796,,,,,0.5845830550028298,0.05958763542082065,0.8116345405578613,0.07359442231310291,5,0.0975570280104876,True,3.4771212547196626,2.0043213737826426
3000,1800,100,0.03333333333333333,0.05555555555555555,0.95,False,factorized,0.9817666160472467,0.0031499819006142534,0.22946323156356813,0.05415541793007771,0.8683492198586464,0.02634887902371258,0.647624475607679,0.05301620582656466,0.31511111111111106,0.0551406730749679,,,,,0.6214054543286531,0.0507913304755293,1.1529919862747193,0.40093982480217405,5,-0.2705367684364319,False,3.4771212547196626,2.0043213737826426
3000,1800,100,0.03333333333333333,0.05555555555555555,0.95,False,hybrid_curriculum,0.9832540060738026,0.0024795929891858496,0.5922474503517151,0.042436042886470515,1.1525373682379723,0.06389458762288418,0.6713293036044193,0.13815440584006103,0.08444444444444443,0.028588178511707984,,,,,0.6415334080261991,0.09246907340656058,0.7530022859573364,0.04246765176667525,5,0.09224745035171511,True,3.4771212547196626,2.0043213737826426
3000,1800,100,0.03333333333333333,0.05555555555555555,0.95,False,operator,0.9827381972596253,0.0025013031861599784,0.6575635090470314,0.09501032165149446,1.2540019541978835,0.1606889814167174,0.6408440672058974,0.06852397707260198,0.08888888888888888,0.025579698740491867,,,,,0.7632660948436217,0.09444137826266354,0.6914838552474976,0.08806072255093113,5,0.15756350904703142,True,3.4771212547196626,2.0043213737826426
3000,1800,100,0.03333333333333333,0.05555555555555555,0.95,False,pair_consistency,0.9831517545741167,0.0024907513124401794,0.6095710454508663,0.026567279872617987,1.2053263364359736,0.08311897393149424,0.7070420922881222,0.063804463896591,0.052888888888888895,0.030607027354135372,,,,,0.5999762109043827,0.053873990304050955,0.8233700871467591,0.06491946844434442,5,0.10957104545086627,True,3.4771212547196626,2.0043213737826426
3000,1800,100,0.03333333333333333,0.05555555555555555,0.95,True,factorized,0.9779986333406206,0.0034019319657718535,0.26064706444740293,0.050236592365407624,0.8167974263429642,0.09362078275019366,0.6994037833595634,0.09130387591825288,0.29866666666666664,0.0733939143707887,,,,,0.5921747081843158,0.05178873982648505,1.0077028393745422,0.21520610843757454,5,-0.23935293555259707,False,3.4771212547196626,2.0043213737826426
3000,1800,100,0.03333333333333333,0.05555555555555555,0.95,True,hybrid_curriculum,0.979974698783695,0.002691875474752196,0.5370601080358028,0.028890720909040865,1.0396947167813777,0.08047516463884553,0.7071937110845823,0.14029399894854158,0.09422222222222223,0.018632243392226272,,,,,0.5739392654819829,0.05474334408218029,0.7315274477005005,0.02216545268381982,5,0.03706010803580284,True,3.4771212547196626,2.0043213737826426
3000,1800,100,0.03333333333333333,0.05555555555555555,0.95,True,operator,0.9792202723832719,0.0029992359530112956,0.5894110664725304,0.04603678600720186,1.1862681716680528,0.1185409752283708,0.6184851791644229,0.046876574603413906,0.11466666666666667,0.03260689921693276,,,,,0.7043831520394839,0.060741443430148,0.6812268018722534,0.039099178666696946,5,0.08941106647253039,True,3.4771212547196626,2.0043213737826426
3000,1800,100,0.03333333333333333,0.05555555555555555,0.95,True,pair_consistency,0.9799950201934646,0.003034347761658332,0.5427715558558702,0.030993109201076268,1.1571214724332095,0.08920096350986911,0.6388833852859186,0.09877069300398256,0.060444444444444446,0.028038773858822252,,,,,0.5235726484146579,0.039470168274463854,0.7645068526268005,0.0317544251957043,5,0.042771555855870225,True,3.4771212547196626,2.0043213737826426
3000,1800,150,0.05,0.08333333333333333,0.9,False,factorized,0.9826173953463442,0.0033916209331959,0.32365451455116273,0.047542167625931234,0.9986551582813263,0.05305879035762252,0.6186622307369339,0.08279840332971179,0.24622222222222226,0.05729283668838951,,,,,0.601488654083247,0.05742730820392347,1.232761263847351,0.30882698592249425,5,-0.17634548544883727,False,3.4771212547196626,2.1789769472931693
3000,1800,150,0.05,0.08333333333333333,0.9,False,hybrid_curriculum,0.9837256504465959,0.002701155521455878,0.6582409240305424,0.07661720491603706,1.32107300683856,0.08989342958740357,0.593005485901438,0.037261532251174845,0.05066666666666666,0.02359116804816037,,,,,0.6935263286444655,0.093950705942451,0.7839293599128723,0.11237211101963474,5,0.15824092403054235,True,3.4771212547196626,2.1789769472931693
3000,1800,150,0.05,0.08333333333333333,0.9,False,operator,0.9835766058624088,0.002972142354971543,0.7838272113353014,0.026589394561093098,1.345599528029561,0.147850192194853,0.6560404120213938,0.15037032558030966,0.02577777777777778,0.03346640106136301,,,,,0.805685301418972,0.053664363604727545,0.739132535457611,0.23544600072061309,5,0.2838272113353014,True,3.4771212547196626,2.1789769472931693
3000,1800,150,0.05,0.08333333333333333,0.9,False,pair_consistency,0.9837589095616595,0.0027468009646530165,0.6706240920349955,0.039368487328233635,1.301772834174335,0.12567868403832674,0.6899421460272844,0.09178860830454312,0.026222222222222237,0.016806818134390243,,,,,0.6551438465829982,0.061799682372559735,0.8372597813606262,0.08270922390564335,5,0.1706240920349955,True,3.4771212547196626,2.1789769472931693
3000,1800,150,0.05,0.08333333333333333,0.9,True,factorized,0.9806889215535293,0.003259344675054814,0.28339457511901855,0.0863933664732415,0.9519076511263848,0.08436646841969225,0.603122193897857,0.06753561201624618,0.2764444444444444,0.02391342409300373,,,,,0.6060375348929312,0.04822818446538668,1.1027873873710632,0.2422991449453734,5,-0.21660542488098145,False,3.4771212547196626,2.1789769472931693
3000,1800,150,0.05,0.08333333333333333,0.9,True,hybrid_curriculum,0.9822019517148982,0.002842087072113943,0.6195971421897412,0.04902126242918866,1.2293572269380093,0.060479949242707644,0.633529238749252,0.07840434859311422,0.052888888888888874,0.03525567986811432,,,,,0.648398039319545,0.09516086843812122,0.7366342663764953,0.03571765710174376,5,0.11959714218974116,True,3.4771212547196626,2.1789769472931693
3000,1800,150,0.05,0.08333333333333333,0.9,True,operator,0.9823844085841378,0.002989012918759781,0.7135715261101723,0.027681684410169622,1.3058097019791604,0.10063924976199852,0.6477265003610495,0.09244561661865831,0.06400000000000002,0.03408051468921033,,,,,0.7468643980082172,0.05140421905009165,0.6736799836158752,0.10286873378447127,5,0.21357152611017227,True,3.4771212547196626,2.1789769472931693
3000,1800,150,0.05,0.08333333333333333,0.9,True,pair_consistency,0.9824493133242568,0.002834981898279857,0.5880477130413055,0.03407779352679908,1.220363910496235,0.12393792517939531,0.6791462222465945,0.09269357447634065,0.027555555555555555,0.03670368501700015,,,,,0.5237391566528441,0.06998257771429324,0.7509998083114624,0.03921563297007661,5,0.08804771304130554,True,3.4771212547196626,2.1789769472931693
3000,1800,150,0.05,0.08333333333333333,0.95,False,factorized,0.9817919989053827,0.0031300394444110135,0.2632713556289673,0.05550769495246375,0.9040591105818748,0.09011742473054778,0.6377728173229236,0.04637635073876448,0.2733333333333333,0.03503085060096542,,,,,0.582725464726845,0.0455806949808168,1.0428476095199586,0.2362524468475593,5,-0.2367286443710327,False,3.4771212547196626,2.1789769472931693
3000,1800,150,0.05,0.08333333333333333,0.95,False,hybrid_curriculum,0.9832051853774806,0.002454366674278377,0.5878102891147137,0.054460975222346636,1.192056817561388,0.062242274864283305,0.6331860475395125,0.04735855237903842,0.08622222222222223,0.050830145619540607,,,,,0.6659653526983675,0.08211565298217488,0.7311720490455628,0.04926338843666874,5,0.08781028911471367,True,3.4771212547196626,2.1789769472931693
3000,1800,150,0.05,0.08333333333333333,0.95,False,operator,0.9828046544786133,0.0026923494789471264,0.7085916325449944,0.021636746903867483,1.290091361105442,0.09189708119311252,0.6126389864244157,0.09720300872400525,0.072,0.04135363897881446,,,,,0.760735191092081,0.0619341660128309,0.668714725971222,0.12663291130223134,5,0.20859163254499435,True,3.4771212547196626,2.1789769472931693
3000,1800,150,0.05,0.08333333333333333,0.95,False,pair_consistency,0.9831401744646744,0.002591057974776732,0.6165120045421645,0.021669430709721344,1.196454885113053,0.13772980528325632,0.6909386999505609,0.1151768006065046,0.02177777777777779,0.02755017868687993,,,,,0.588868921357737,0.038679704008414965,0.7586512446403504,0.048959553659416864,5,0.11651200454216448,True,3.4771212547196626,2.1789769472931693
3000,1800,150,0.05,0.08333333333333333,0.95,True,factorized,0.978956436067374,0.0035431563769927777,0.2553837656974792,0.052663892467782816,0.8714775763452053,0.08290278104846929,0.6272925309601908,0.07407996026998655,0.26222222222222225,0.027352296944647064,,,,,0.5932997012054045,0.03558281167909548,0.9498741745948791,0.17187164457031628,5,-0.24461623430252077,False,3.4771212547196626,2.1789769472931693
3000,1800,150,0.05,0.08333333333333333,0.95,True,hybrid_curriculum,0.9807874591473672,0.0029869513998261616,0.5635672703385353,0.043365656010482714,1.1013962462544442,0.06301731675267969,0.6816963824689701,0.0841544854157907,0.06133333333333333,0.056450568346710805,,,,,0.6102891156714916,0.054048677487690794,0.7477415084838868,0.03180025884756013,5,0.06356727033853526,True,3.4771212547196626,2.1789769472931693
3000,1800,150,0.05,0.08333333333333333,0.95,True,operator,0.9804425488130428,0.002908726710077227,0.6103877067565918,0.014253312049591628,1.1656280115246773,0.10866656341520625,0.650587306412767,0.1147070743360719,0.09066666666666666,0.06195179328605448,,,,,0.68280413900539,0.049242713392524756,0.6798322081565857,0.0468770066939802,5,0.11038770675659182,True,3.4771212547196626,2.1789769472931693
3000,1800,150,0.05,0.08333333333333333,0.95,True,pair_consistency,0.9807722024000645,0.0029860043177430164,0.5464375745505095,0.01837773091666986,1.1304103683680296,0.12706496868991532,0.6710860671327158,0.11085216206629275,0.02622222222222222,0.014940210056863636,,,,,0.4947182414154039,0.051376118903583755,0.7511666178703308,0.023845672652215055,5,0.04643757455050945,True,3.4771212547196626,2.1789769472931693
3000,1800,200,0.06666666666666667,0.1111111111111111,0.9,False,factorized,0.9821880899379852,0.003428131221440542,0.22688573598861694,0.11646419727255235,0.8932374611496925,0.12713183426953098,0.632145203739584,0.07110196614913294,0.34444444444444444,0.1155234998272892,,,,,0.5935149333706131,0.06296749133194576,1.4793404817581177,0.3403241154119253,5,-0.27311426401138306,False,3.4771212547196626,2.303196057420489
3000,1800,200,0.06666666666666667,0.1111111111111111,0.9,False,hybrid_curriculum,0.9842040663735224,0.002532404978362969,0.7416473940014839,0.04449907067361726,1.427343139052391,0.057882680191225944,0.5843680348154269,0.07770795657385049,0.04177777777777778,0.030888089518033873,,,,,0.7710096814561835,0.05969840044300679,0.9184798002243042,0.15560964087881868,5,0.24164739400148394,True,3.4771212547196626,2.303196057420489
3000,1800,200,0.06666666666666667,0.1111111111111111,0.9,False,operator,0.9840211655583095,0.0029752875928869397,0.7828435808420181,0.08338253124830465,1.4068532943725587,0.10520444152498326,0.6416239814209073,0.13067047417308902,0.05333333333333333,0.025676044462869658,,,,,0.827777665443733,0.10053681747775807,0.8744060039520264,0.13822460155152996,5,0.2828435808420181,True,3.4771212547196626,2.303196057420489
3000,1800,200,0.06666666666666667,0.1111111111111111,0.9,False,pair_consistency,0.9838545416989583,0.0028494648643270296,0.7109930837992579,0.03755344977805801,1.3277938867453485,0.11966595018046737,0.6820324161047694,0.17003991236876936,0.020444444444444442,0.02834531337141041,,,,,0.7128424256157039,0.06171895811176864,0.8810885906219482,0.12925319496648383,5,0.21099308379925785,True,3.4771212547196626,2.303196057420489
3000,1800,200,0.06666666666666667,0.1111111111111111,0.9,True,factorized,0.9803372057881574,0.0032696369170462677,0.25343809127807615,0.06763250853696641,0.8925589442253112,0.12281494563370375,0.6167795139646255,0.055789093114277,0.304,0.03588045996649718,,,,,0.5602095487225686,0.0549546315228704,1.3047533988952638,0.2784026890909444,5,-0.24656190872192385,False,3.4771212547196626,2.303196057420489
3000,1800,200,0.06666666666666667,0.1111111111111111,0.9,True,hybrid_curriculum,0.9828633741242289,0.0027924677924997224,0.6626890055835247,0.017624511236952554,1.2748927153646945,0.09656650815419444,0.6700899475208221,0.1343611051960111,0.059999999999999984,0.05613035973473372,,,,,0.7185194486901331,0.04134897850553599,0.7653119444847107,0.05983275587104624,5,0.16268900558352473,True,3.4771212547196626,2.303196057420489
3000,1800,200,0.06666666666666667,0.1111111111111111,0.9,True,operator,0.9827315078880652,0.003191131049227702,0.7238383173942566,0.037137129452883735,1.312842172384262,0.1343785054202915,0.6590197035005716,0.1361739673474453,0.047111111111111104,0.04167481401826276,,,,,0.7914254707489652,0.08131268128713563,0.7233410716056824,0.089317488457802,5,0.22383831739425664,True,3.4771212547196626,2.303196057420489
3000,1800,200,0.06666666666666667,0.1111111111111111,0.9,True,pair_consistency,0.9821800108493435,0.002918320280149767,0.6298017943743617,0.037582776983237164,1.272651014709845,0.10649925572054822,0.6425875177318241,0.14681607719536538,0.045333333333333344,0.021233562996606677,,,,,0.6044878265635287,0.07019320843844834,0.7466682076454163,0.01760181903819631,5,0.12980179437436168,True,3.4771212547196626,2.303196057420489
3000,1800,200,0.06666666666666667,0.1111111111111111,0.95,False,factorized,0.9815404618679191,0.0032391212097684745,0.1954510033130646,0.12150366622483748,0.8194062292575837,0.13370026759359976,0.6385692189869536,0.07590574278516574,0.3586666666666667,0.10752662604509629,,,,,0.5830864208158654,0.04750781362649788,1.2227041959762572,0.24921414044808768,5,-0.3045489966869354,False,3.4771212547196626,2.303196057420489
3000,1800,200,0.06666666666666667,0.1111111111111111,0.95,False,hybrid_curriculum,0.9835968746144704,0.0022467459597333484,0.630463570356369,0.050624770817444736,1.263212476670742,0.08377409259323876,0.5980899643587214,0.05072423557798505,0.0768888888888889,0.04689362798588965,,,,,0.6866409679440179,0.08122530770004541,0.7736674070358276,0.08719250715772849,5,0.13046357035636902,True,3.4771212547196626,2.303196057420489
3000,1800,200,0.06666666666666667,0.1111111111111111,0.95,False,operator,0.9832961548530085,0.0026384700210526097,0.6772596225142479,0.051357688771833124,1.2678453490138053,0.0754765664103145,0.6487348463507886,0.12565026545867095,0.08177777777777777,0.03194903348680114,,,,,0.7875271059460275,0.08351806289797516,0.737336254119873,0.07059486790450036,5,0.17725962251424787,True,3.4771212547196626,2.303196057420489
3000,1800,200,0.06666666666666667,0.1111111111111111,0.95,False,pair_consistency,0.9832493102559816,0.002663887983553982,0.6375312934629619,0.026742512797856575,1.210591873060912,0.12081171360666883,0.6951478763224447,0.1663104169915223,0.032888888888888905,0.02151083562725344,,,,,0.6350389478525171,0.06650234599068229,0.7745421767234802,0.03518718463206974,5,0.1375312934629619,True,3.4771212547196626,2.303196057420489
3000,1800,200,0.06666666666666667,0.1111111111111111,0.95,True,factorized,0.9783847827848693,0.0033031758086862297,0.22330038547515868,0.08165456420711632,0.8267915114760399,0.13608838955453054,0.6178956335267748,0.05816932005471085,0.3124444444444444,0.06411024455412817,,,,,0.5198849694666343,0.05959409821982559,1.0931292176246643,0.1661224970409269,5,-0.2766996145248413,False,3.4771212547196626,2.303196057420489
3000,1800,200,0.06666666666666667,0.1111111111111111,0.95,True,hybrid_curriculum,0.9812730605456303,0.003216090648106828,0.6059443153440952,0.01941304749852973,1.1413866050541401,0.1242416112948354,0.693450131822699,0.1249873862414243,0.09022222222222223,0.074495836324117,,,,,0.6676091938529611,0.044591022057946746,0.7346865177154541,0.02949870341008517,5,0.10594431534409521,True,3.4771212547196626,2.303196057420489
3000,1800,200,0.06666666666666667,0.1111111111111111,0.95,True,operator,0.9812964545058819,0.0033452078292963666,0.5998964503407478,0.023581215629136915,1.1718391090631486,0.09304386984752927,0.6427010543171393,0.09038878394150839,0.0928888888888889,0.059283791218465165,,,,,0.6922936755293934,0.031719975258682184,0.7000718832015991,0.04331958506820095,5,0.09989645034074779,True,3.4771212547196626,2.303196057420489
3000,1800,200,0.06666666666666667,0.1111111111111111,0.95,True,pair_consistency,0.9805338104602187,0.0032970027149216738,0.5782167273573577,0.024739579420527028,1.1673622759990394,0.12069912742426303,0.653393658902572,0.15748794307811526,0.038666666666666655,0.02512192490855568,,,,,0.5364575750063862,0.045368801640941876,0.7475941419601441,0.030120308237218264,5,0.07821672735735774,True,3.4771212547196626,2.303196057420489
3000,1800,250,0.08333333333333333,0.1388888888888889,0.9,False,factorized,0.9824054509082609,0.003479335638025236,0.25462818145751953,0.07066635829874535,0.8567336656153202,0.18292547215202024,0.6898694350934035,0.13090393006070777,0.3186666666666667,0.03331851522487343,,,,,0.6175425769569118,0.0754839540133403,1.8811877846717835,0.8582615737203518,5,-0.24537181854248047,False,3.4771212547196626,2.399673721481038
3000,1800,250,0.08333333333333333,0.1388888888888889,0.9,False,hybrid_curriculum,0.983705463476281,0.002864971144470011,0.7130805239081383,0.0218116938859077,1.3843057334423066,0.050135791455291887,0.5666452113670896,0.06911226732207948,0.06311111111111109,0.027870954835756703,,,,,0.7617865813340654,0.034641976891866016,0.8103811502456665,0.1416650371497793,5,0.21308052390813825,True,3.4771212547196626,2.399673721481038
3000,1800,250,0.08333333333333333,0.1388888888888889,0.9,False,operator,0.9834162894875764,0.002597697239293537,0.845338749140501,0.020082588052696713,1.4267036728560925,0.08369325823380225,0.6839087970123956,0.03694266508857438,0.05111111111111112,0.03258417399692262,,,,,0.8973419456446636,0.025359602608141425,0.7963682293891907,0.32517527963745957,5,0.345338749140501,True,3.4771212547196626,2.399673721481038
3000,1800,250,0.08333333333333333,0.1388888888888889,0.9,False,pair_consistency,0.9837322525539882,0.0027858894458590946,0.6717108230863232,0.03716831527658893,1.3305835064325948,0.03287344342002633,0.670331036171085,0.07656483884291293,0.022222222222222233,0.01777777777777777,,,,,0.6423372991886712,0.05281147167573921,0.9118785381317138,0.12847924991152254,5,0.17171082308632324,True,3.4771212547196626,2.399673721481038
3000,1800,250,0.08333333333333333,0.1388888888888889,0.9,True,factorized,0.9805706007924476,0.0034003969819555793,0.24714829325675963,0.05627290793155026,0.8720907397568226,0.11685153462133986,0.6287981543261238,0.0887433411936181,0.29244444444444445,0.05684286332611252,,,,,0.5908809072814671,0.05944975082951515,1.5620553612709045,0.5982538381278127,5,-0.25285170674324037,False,3.4771212547196626,2.399673721481038
3000,1800,250,0.08333333333333333,0.1388888888888889,0.9,True,hybrid_curriculum,0.9821679501055737,0.002924136592933056,0.6457779765129089,0.0345606019421095,1.3259605117142201,0.08123621124573285,0.5327102728808772,0.056257443685801344,0.04622222222222222,0.03148191720831357,,,,,0.6975791322242852,0.07130065040210143,0.7259018421173096,0.030272033191531766,5,0.1457779765129089,True,3.4771212547196626,2.399673721481038
3000,1800,250,0.08333333333333333,0.1388888888888889,0.9,True,operator,0.9819479633125919,0.0029160058654983507,0.7513009011745453,0.044327992093265454,1.332893580198288,0.10102945725687398,0.6910071769448691,0.033160956853774,0.07244444444444445,0.04649704623566936,,,,,0.8132349993372106,0.06693946732932976,0.6817085385322571,0.14757784373987118,5,0.2513009011745453,True,3.4771212547196626,2.399673721481038
3000,1800,250,0.08333333333333333,0.1388888888888889,0.9,True,pair_consistency,0.9819835212415496,0.003113534541572471,0.5935341448057443,0.009530674602931843,1.2619444638956339,0.0626626796448894,0.6183632052128282,0.07002925900630308,0.02933333333333333,0.03935906252020155,,,,,0.540329718427933,0.04488240389534985,0.7604267954826355,0.04265665649026813,5,0.09353414480574429,True,3.4771212547196626,2.399673721481038
3000,1800,250,0.08333333333333333,0.1388888888888889,0.95,False,factorized,0.9818314591044197,0.003241285733313813,0.22441700100898743,0.062121815367313496,0.7825385704636574,0.19402427318549065,0.6736750695850697,0.1452240989254307,0.3128888888888889,0.06350658564080645,,,,,0.5957522295951534,0.08182411346999414,1.4921147704124451,0.5911209675192566,5,-0.2755829989910126,False,3.4771212547196626,2.399673721481038
3000,1800,250,0.08333333333333333,0.1388888888888889,0.95,False,hybrid_curriculum,0.9832560279224782,0.0025817498895429696,0.6207666821777821,0.031907654462949624,1.239028488844633,0.06793309171613426,0.5923112382942917,0.08345094501420557,0.08088888888888891,0.04081273100817537,,,,,0.6860030571714177,0.04588133391794863,0.7337302088737487,0.06681869410099635,5,0.12076668217778208,True,3.4771212547196626,2.399673721481038
3000,1800,250,0.08333333333333333,0.1388888888888889,0.95,False,operator,0.9826755189278915,0.0024207975231802874,0.748244120925665,0.022130577414047118,1.2910530351102352,0.09462269546588291,0.7013943374311313,0.053100294170038455,0.08755555555555557,0.04135363897881447,,,,,0.8378242783146078,0.048180747091545524,0.6882910847663879,0.179267525598523,5,0.24824412092566495,True,3.4771212547196626,2.399673721481038
3000,1800,250,0.08333333333333333,0.1388888888888889,0.95,False,pair_consistency,0.9832315279815376,0.0026857994860922394,0.6019157392904162,0.026119427377769754,1.1769302709028124,0.05087062961893197,0.7206017025461838,0.07247896047042074,0.02977777777777777,0.010375660026603343,,,,,0.5576607634929993,0.05378106909990117,0.7872535109519958,0.05975252611429349,5,0.1019157392904162,True,3.4771212547196626,2.399673721481038
3000,1800,250,0.08333333333333333,0.1388888888888889,0.95,True,factorized,0.978619667060296,0.0039065884181856475,0.2377314031124115,0.09536342295995927,0.7981140375137329,0.15558834662662485,0.6809531975818978,0.06942075042184359,0.26711111111111113,0.07502098471859822,,,,,0.554978205435582,0.07210078925471115,1.2855154633522035,0.4367954695656665,5,-0.2622685968875885,False,3.4771212547196626,2.399673721481038
3000,1800,250,0.08333333333333333,0.1388888888888889,0.95,True,hybrid_curriculum,0.9807647419605605,0.002477047116825322,0.5715112298727035,0.025237420609394295,1.194739881157875,0.09058028119920535,0.5555844336535567,0.08603074064224146,0.06133333333333333,0.031134911531099346,,,,,0.6190340514775174,0.03138727845500186,0.7333107709884643,0.02437587277425846,5,0.07151122987270353,True,3.4771212547196626,2.399673721481038
3000,1800,250,0.08333333333333333,0.1388888888888889,0.95,True,operator,0.9803353109287916,0.0030964763115902557,0.630081008374691,0.03533117706131362,1.1643087595701218,0.08912174288239351,0.7030343140228801,0.06572076824129092,0.11466666666666667,0.029921708540377654,,,,,0.7555373154894139,0.053176485165314806,0.6743375420570373,0.06594769741902676,5,0.13008100837469105,True,3.4771212547196626,2.399673721481038
3000,1800,250,0.08333333333333333,0.1388888888888889,0.95,True,pair_consistency,0.9803774557980696,0.0029411496921766243,0.5444325992139056,0.01628617449460179,1.1540086233289912,0.07184721972703728,0.6542347624529021,0.09390801940015922,0.042666666666666644,0.03808372842002697,,,,,0.4674680426103146,0.05289131139671885,0.7526268005371094,0.02813497840819676,5,0.04443259921390563,True,3.4771212547196626,2.399673721481038
3000,1800,300,0.1,0.16666666666666666,0.9,False,factorized,0.9824235671212126,0.0035161522566431814,0.3000437796115875,0.13621918650969678,0.8979926966130733,0.1676585333474936,0.6860805484951558,0.15762626712742386,0.2617777777777778,0.10862098562671264,,,,,0.6350216991571528,0.07396362696386034,1.3523290634155274,0.2925761154927525,5,-0.1999562203884125,False,3.4771212547196626,2.4785664955938436
3000,1800,300,0.1,0.16666666666666666,0.9,False,hybrid_curriculum,0.98336256057264,0.002834505035240939,0.7231940131634473,0.07008491039029219,1.3915269698947668,0.059823839750211216,0.5708865367671698,0.030928951269859,0.07377777777777778,0.06399074007084786,,,,,0.7576575074503725,0.06682655731101342,0.7111361265182495,0.0526284775575728,5,0.22319401316344734,True,3.4771212547196626,2.4785664955938436
3000,1800,300,0.1,0.16666666666666666,0.9,False,operator,0.9836119832921406,0.0027399396686530325,0.8642681706696749,0.05031701906802043,1.4707551378756762,0.10186786192539736,0.6825575276996598,0.09869604255949842,0.038222222222222234,0.034548230734924495,,,,,0.8978659849000288,0.059042929015852334,0.7074112474918366,0.1945600174586312,5,0.3642681706696749,True,3.4771212547196626,2.4785664955938436
3000,1800,300,0.1,0.16666666666666666,0.9,False,pair_consistency,0.9838102736149275,0.002816189663448505,0.7002227570628747,0.03907068807831317,1.3269095580792054,0.12563719285249808,0.6881077417580969,0.1302253506137672,0.016888888888888908,0.016967652594507627,,,,,0.6628171777957791,0.06664923125397307,0.8609576106071473,0.08343811787039182,5,0.20022275706287473,True,3.4771212547196626,2.4785664955938436
3000,1800,300,0.1,0.16666666666666666,0.9,True,factorized,0.9807999029165361,0.003558130066614944,0.3087896466255188,0.10618405747033936,0.9241804145276546,0.12494294282179452,0.665632968426116,0.12422567038982567,0.26711111111111113,0.06784877884032588,,,,,0.6169835097812161,0.05225495770991179,1.176002597808838,0.218118203931483,5,-0.19121035337448122,False,3.4771212547196626,2.4785664955938436
3000,1800,300,0.1,0.16666666666666666,0.9,True,hybrid_curriculum,0.9819681923660395,0.0029265288983994224,0.6626198589801788,0.07636206702206055,1.3083427563309669,0.07367408476668501,0.5943271145733929,0.04537583085796698,0.0648888888888889,0.058529300460074526,,,,,0.689934292833546,0.0982705082945445,0.7026459455490113,0.039839833038165046,5,0.16261985898017883,True,3.4771212547196626,2.4785664955938436
3000,1800,300,0.1,0.16666666666666666,0.9,True,operator,0.9821793254840732,0.003134492201774685,0.7519575655460358,0.06647704053541507,1.3570173382759094,0.12021645474378373,0.6531947690996209,0.13113508220676529,0.05733333333333333,0.045281015562489,,,,,0.8121591524008342,0.07772491422796905,0.6519142150878906,0.0940219119451552,5,0.25195756554603577,True,3.4771212547196626,2.4785664955938436
3000,1800,300,0.1,0.16666666666666666,0.9,True,pair_consistency,0.9825021024422831,0.002901305870143281,0.6292702457867563,0.04845165246929929,1.2578493273817002,0.12356871302011063,0.6768173858730387,0.09408377890421483,0.020888888888888894,0.010954451150103338,,,,,0.6037102934555056,0.07649028998812687,0.735108482837677,0.025709781936974724,5,0.12927024578675628,True,3.4771212547196626,2.4785664955938436
3000,1800,300,0.1,0.16666666666666666,0.95,False,factorized,0.9817203538483182,0.0033086525293733447,0.27947101891040804,0.13766691665146394,0.8488372728228569,0.10073883832757717,0.7079528721155904,0.12883861024233664,0.24933333333333332,0.12335235088613349,,,,,0.6272517954060023,0.04858671731874641,1.0971601843833922,0.19291732846737222,5,-0.22052898108959196,False,3.4771212547196626,2.4785664955938436
3000,1800,300,0.1,0.16666666666666666,0.95,False,hybrid_curriculum,0.9827286723306268,0.0026120762079386243,0.6155694968998432,0.07548096747694198,1.2190653271973133,0.04946355283936153,0.6065298038349837,0.030204362580327354,0.09955555555555554,0.08049844718999244,,,,,0.6566690958886969,0.05946019198647945,0.6998863935470581,0.03595101688826266,5,0.1155694968998432,True,3.4771212547196626,2.4785664955938436
3000,1800,300,0.1,0.16666666666666666,0.95,False,operator,0.9830001671807332,0.0026099704847365045,0.75127489939332,0.05370102550236913,1.3068716295063496,0.14282684220034222,0.6984517587949599,0.10899375811402441,0.06666666666666668,0.040092485672597135,,,,,0.8270017024266852,0.07211413621177759,0.6533175110816956,0.11273320165702481,5,0.25127489939332004,True,3.4771212547196626,2.4785664955938436
3000,1800,300,0.1,0.16666666666666666,0.95,False,pair_consistency,0.9833742410810119,0.0026188471388833064,0.6297762878821231,0.032252046079012026,1.2047737621353007,0.1472031657089149,0.7049941119752532,0.1462418112218019,0.018666666666666654,0.020281963038408225,,,,,0.5934720332644428,0.04529830672402217,0.77094806432724,0.025995659930183723,5,0.12977628788212314,True,3.4771212547196626,2.4785664955938436
3000,1800,300,0.1,0.16666666666666666,0.95,True,factorized,0.9791520208415566,0.0036716510159259873,0.2517105281352997,0.07360922321638291,0.8276458896696568,0.11693095156789474,0.6581369124045773,0.155168379904463,0.28222222222222226,0.05898315306660892,,,,,0.596444361528903,0.045585566464246545,0.9843440651893616,0.12588032435784915,5,-0.2482894718647003,False,3.4771212547196626,2.4785664955938436
3000,1800,300,0.1,0.16666666666666666,0.95,True,hybrid_curriculum,0.9801975921940741,0.002984441379312087,0.5823632836341858,0.07184628179854308,1.152056549489498,0.054765650578197524,0.6319296832572299,0.027484611602983097,0.07599999999999998,0.07879336940205306,,,,,0.6283683056513716,0.08649598195034013,0.7384821057319642,0.038609822920988225,5,0.08236328363418577,True,3.4771212547196626,2.4785664955938436
3000,1800,300,0.1,0.16666666666666666,0.95,True,operator,0.9807178172904909,0.0030254112466226273,0.6326176896691322,0.06384153545588113,1.1801957190036774,0.12238475134397715,0.671238444513793,0.13704882432638577,0.09333333333333334,0.04745368112013915,,,,,0.7250773528106154,0.10962563463128402,0.669732129573822,0.048563341557520734,5,0.13261768966913223,True,3.4771212547196626,2.4785664955938436
3000,1800,300,0.1,0.16666666666666666,0.95,True,pair_consistency,0.9807292025714194,0.0029122996330142093,0.5709412171505391,0.032096856448590096,1.1371166630648077,0.15119734905953658,0.6985131745133709,0.13961886241552426,0.022222222222222216,0.018658728470829625,,,,,0.5094047385250347,0.05179075505078281,0.7512126684188842,0.03244164433337553,5,0.07094121715053914,True,3.4771212547196626,2.4785664955938436
10000,6000,0,0.0,0.0,0.9,False,factorized,0.9813059199315305,0.0033862857837161147,0.3257459282875061,0.0801883397866303,1.027452078461647,0.09957450328682242,0.6021033918819402,0.06388282752475183,0.3018666666666666,0.051526476473535206,,,,,0.6926933204617595,0.057137366435292686,1.2686819195747376,0.20643966191100066,5,-0.1742540717124939,False,4.0,0.0
10000,6000,0,0.0,0.0,0.9,False,hybrid_curriculum,0.9813917302016246,0.0031038771689697645,0.34996071457862854,0.10132233057923834,1.0716351687908172,0.09883153959003849,0.6118625890259766,0.06900585125094702,0.2988,0.08789817341042354,,,,,0.6710195848365158,0.05843756614002974,1.3606119751930237,0.3665392023755157,5,-0.15003928542137146,False,4.0,0.0
10000,6000,0,0.0,0.0,0.9,False,operator,0.9813239508887703,0.003100747300690992,0.2856207251548767,0.06312609634466318,0.9401840031147003,0.08057502205450777,0.6347471944514789,0.09434929907193194,0.33026666666666665,0.06586282040051963,,,,,0.6771457233601172,0.025415626799000515,1.3488494753837585,0.378715621849204,5,-0.2143792748451233,False,4.0,0.0
10000,6000,0,0.0,0.0,0.9,False,pair_consistency,0.9813579195634687,0.003207111328039731,0.20036779046058656,0.11307799028325745,0.9359832987189293,0.10925031391231262,0.6221829878980474,0.03158081423725787,0.4030666666666667,0.09789858698333362,,,,,0.6611118749723971,0.06018782745321007,1.310296654701233,0.3434317146740865,5,-0.29963220953941344,False,4.0,0.0
10000,6000,0,0.0,0.0,0.9,True,factorized,0.9800385295991827,0.003151652402069828,0.32830284237861634,0.0728374718456525,1.0178354188799859,0.08247801457621341,0.5807227265824524,0.053011504349705946,0.29146666666666665,0.07700851323789538,,,,,0.7040468825533333,0.05949308901051604,0.993156898021698,0.12192276223477162,5,-0.17169715762138366,False,4.0,0.0
10000,6000,0,0.0,0.0,0.9,True,hybrid_curriculum,0.9802611910868206,0.003062599763010144,0.32208722829818726,0.09121869003184227,1.0233849421143533,0.09460978876607848,0.6045441982056184,0.05833990239126864,0.2982666666666667,0.10528121073265319,,,,,0.644099149940647,0.061145368552260895,1.070814859867096,0.23530744886444685,5,-0.17791277170181274,False,4.0,0.0
10000,6000,0,0.0,0.0,0.9,True,operator,0.9802066106485905,0.0030397489581401697,0.2953269422054291,0.08614361096255206,0.966783256828785,0.14887631826326203,0.6282990631981449,0.05640178848986435,0.31706666666666666,0.04145037193238841,,,,,0.6972115637527361,0.06796679774080235,1.0497532963752747,0.24658711633238126,5,-0.2046730577945709,False,4.0,0.0
10000,6000,0,0.0,0.0,0.9,True,pair_consistency,0.9801609675659387,0.0031121525012281145,0.26130223274230957,0.14296546695180795,0.9873768523335457,0.11982697092541136,0.6140468495184436,0.060295476000143865,0.36933333333333335,0.10153050991915899,,,,,0.6822761400972777,0.07730086973011212,1.0505072951316834,0.2089669806024474,5,-0.23869776725769043,False,4.0,0.0
10000,6000,0,0.0,0.0,0.95,False,factorized,0.9807018235099466,0.003471070086529849,0.28370593786239623,0.05548937167329006,0.991619311273098,0.08239372562221285,0.5542728063339072,0.046691112628676965,0.33133333333333337,0.06332806995672967,,,,,0.677644120762287,0.05300055468004977,1.0610196232795714,0.14088254789110757,5,-0.21629406213760377,False,4.0,0.0
10000,6000,0,0.0,0.0,0.95,False,hybrid_curriculum,0.9808402719191289,0.003110687053199395,0.2763084530830383,0.11962959633048233,0.9746376872062683,0.13291323090100116,0.619135422255731,0.07973543086627587,0.32893333333333336,0.06409125438691998,,,,,0.6680793931324889,0.0483146084591215,1.163756775856018,0.28656410474619226,5,-0.2236915469169617,False,4.0,0.0
10000,6000,0,0.0,0.0,0.95,False,operator,0.98068745960496,0.0030764089351219084,0.29123125672340394,0.07076139962562368,0.9341658562421798,0.11198566566873334,0.637954357367023,0.084467396210554,0.3062666666666667,0.05181505572707605,,,,,0.6759004727597911,0.026995617422297863,1.1303955674171449,0.2852654259694442,5,-0.20876874327659606,False,4.0,0.0
10000,6000,0,0.0,0.0,0.95,False,pair_consistency,0.9807246314390976,0.0032858283309503333,0.14732136130332946,0.10123168608287976,0.8714114040136337,0.08757045562291164,0.6194048064927471,0.027399064301837642,0.4316,0.09555405683579202,,,,,0.6351673717906122,0.05029249534983484,1.1214874267578125,0.2590539083497799,5,-0.35267863869667054,False,4.0,0.0
10000,6000,0,0.0,0.0,0.95,True,factorized,0.978875780565079,0.003219745958507463,0.256614488363266,0.04975378379848478,0.9223378881812095,0.09793133189039019,0.6028698148280875,0.07358587381057022,0.3106666666666667,0.03643258614665356,,,,,0.6630845921113881,0.05348629477952151,0.8537259578704834,0.08649234028694952,5,-0.243385511636734,False,4.0,0.0
10000,6000,0,0.0,0.0,0.95,True,hybrid_curriculum,0.9791586295045267,0.0030637985378479306,0.2948332905769348,0.08432373173011234,0.9851297870278358,0.12401466135899403,0.5825270891669108,0.057464325494722704,0.2985333333333333,0.054506676451401594,,,,,0.6419569168675449,0.037106088828573226,0.9238023281097412,0.1536778199386515,5,-0.2051667094230652,False,4.0,0.0
10000,6000,0,0.0,0.0,0.95,True,operator,0.9791438932568672,0.0031322062506629095,0.26452143788337706,0.12553982075228898,0.9319117203354835,0.1486998015924705,0.5705188777772378,0.044652973657396594,0.3197333333333333,0.08881141067828316,,,,,0.651254778060133,0.04807633137427008,0.9153300642967224,0.22459425089872012,5,-0.23547856211662294,False,4.0,0.0
10000,6000,0,0.0,0.0,0.95,True,pair_consistency,0.9790660208991688,0.0030915693671562583,0.19700040221214293,0.13242248695240855,0.8987326353788376,0.08780962820468523,0.6168022841700439,0.07587515065246062,0.3878666666666667,0.11207576802225261,,,,,0.6410042311669,0.08158317472210114,0.8976604700088501,0.17143188754923291,5,-0.30299959778785707,False,4.0,0.0
10000,6000,2,0.0002,0.0003333333333333333,0.9,False,factorized,0.9813171171793726,0.0030111609893120495,0.21126002669334412,0.07725332646710838,0.9069504007697106,0.13670344623448283,0.6053535841767499,0.07531359857690019,0.3541333333333333,0.033127363647326685,,,,,0.6297863800584526,0.05670249856145128,2.0625333070755003,0.8186041669583266,5,-0.2887399733066559,False,4.0,0.47712125471966244
10000,6000,2,0.0002,0.0003333333333333333,0.9,False,hybrid_curriculum,0.9813113631437375,0.003140798707933623,0.355764764547348,0.07029629074303421,1.0054474741220474,0.0734408760898068,0.6622008148212497,0.0734936270347623,0.30039999999999994,0.093410206437341,,,,,0.6882770473068337,0.04656679963438355,1.0553955078125,0.13414616039620186,5,-0.144235235452652,False,4.0,0.47712125471966244
10000,6000,2,0.0002,0.0003333333333333333,0.9,False,operator,0.9813803394429822,0.0031027256858487755,0.36508151292800906,0.12760251038394324,1.0436044782400131,0.13802104167757276,0.6431923451933212,0.08447044079519038,0.2844,0.08404311063046421,,,,,0.690325723064349,0.07624889708232198,1.0100881934165955,0.25566017641909117,5,-0.13491848707199094,False,4.0,0.47712125471966244
10000,6000,2,0.0002,0.0003333333333333333,0.9,False,pair_consistency,0.9815049615332063,0.003242231455246003,0.36568228602409364,0.10135640156505742,1.093650470674038,0.12272225039362214,0.6522095683412544,0.058347009328935905,0.31013333333333337,0.07933249299274822,,,,,0.73031074756182,0.05886055682438204,1.2297156214714051,0.23341598972624705,5,-0.13431771397590636,False,4.0,0.47712125471966244
10000,6000,2,0.0002,0.0003333333333333333,0.9,True,factorized,0.9802135570570932,0.0029112147018892608,0.2554053723812103,0.06614049167961923,0.9234657838940621,0.11271511923139486,0.5904437886681835,0.06762507947174026,0.31266666666666665,0.043479241534834116,,,,,0.6315433389385042,0.03515281638987975,1.5459267854690553,0.5703050718501268,5,-0.2445946276187897,False,4.0,0.47712125471966244
10000,6000,2,0.0002,0.0003333333333333333,0.9,True,hybrid_curriculum,0.9800761654822672,0.003175627223327372,0.4187386482954025,0.06285728384241385,1.0707385659217834,0.10647274534572844,0.6172782996494405,0.07263977703984907,0.23079999999999998,0.04321110968258049,,,,,0.6558801174572901,0.03492656575989542,0.9399936079978943,0.11170892568818037,5,-0.08126135170459747,False,4.0,0.47712125471966244
10000,6000,2,0.0002,0.0003333333333333333,0.9,True,operator,0.9800451279270428,0.003167013532656091,0.32397231459617615,0.10675102516097273,1.002531161904335,0.09810719127221115,0.6093545789991831,0.07445311051290039,0.30346666666666666,0.05706993760096272,,,,,0.6723328516254071,0.06755960191238317,0.8610878109931945,0.1820237710319768,5,-0.17602768540382385,False,4.0,0.47712125471966244
10000,6000,2,0.0002,0.0003333333333333333,0.9,True,pair_consistency,0.9803548112865847,0.003197689005391211,0.35319110453128816,0.14466433372169094,1.07107834815979,0.15700658425180777,0.5925683425081327,0.07330646334266686,0.3037333333333333,0.07826819987141082,,,,,0.6841489193987152,0.08183601911317225,1.034156119823456,0.19111894407676536,5,-0.14680889546871184,False,4.0,0.47712125471966244
10000,6000,2,0.0002,0.0003333333333333333,0.95,False,factorized,0.9808144610249414,0.0030283729415763847,0.19688207507133484,0.0768346003342146,0.8836593240499496,0.1330532923142566,0.614326630008305,0.0884161304782071,0.36439999999999995,0.040162447911229505,,,,,0.6020848151817966,0.025245234265806854,1.6566151618957519,0.5936096889362625,5,-0.3031179249286652,False,4.0,0.47712125471966244
10000,6000,2,0.0002,0.0003333333333333333,0.95,False,hybrid_curriculum,0.9807744806053712,0.0031330231732544286,0.3923060178756714,0.06438426624739943,1.023377951979637,0.09557369581761502,0.6796421405179884,0.0962205000572856,0.2492,0.0438036020842528,,,,,0.6857920389887012,0.02812034934416087,0.9141510486602783,0.11398129680314478,5,-0.10769398212432862,False,4.0,0.47712125471966244
10000,6000,2,0.0002,0.0003333333333333333,0.95,False,operator,0.9807950392874609,0.0032584461031127487,0.2989869713783264,0.11264771071955584,0.982865808904171,0.10879564793497669,0.6142360706412524,0.09036458667105376,0.3188,0.08072367131833827,,,,,0.6529885691871131,0.0703742252924067,0.8893603205680847,0.19487269190876538,5,-0.20101302862167358,False,4.0,0.47712125471966244
10000,6000,2,0.0002,0.0003333333333333333,0.95,False,pair_consistency,0.9809736867416546,0.0032748136849219058,0.3225752502679825,0.10487518402451101,1.0084795668721198,0.13726272715780638,0.66761907997818,0.09065175019577403,0.31786666666666663,0.09855444068015287,,,,,0.7055648373682899,0.0490575579629859,1.0082714557647705,0.19441705479054752,5,-0.1774247497320175,False,4.0,0.47712125471966244
10000,6000,2,0.0002,0.0003333333333333333,0.95,True,factorized,0.9792398153806128,0.003104566392255416,0.224046528339386,0.06401570400890784,0.866792619228363,0.11555461011239034,0.6299111669430971,0.10034912970299754,0.344,0.02584999462712175,,,,,0.6268719911222169,0.05119068630019229,1.2434295296669007,0.4555061177795116,5,-0.275953471660614,False,4.0,0.47712125471966244
10000,6000,2,0.0002,0.0003333333333333333,0.95,True,hybrid_curriculum,0.9791504534022785,0.0031018585231187275,0.3265561372041702,0.06470519607756745,0.9539244532585144,0.12422853045150715,0.653776590829311,0.08071853534503713,0.27840000000000004,0.07937477908980636,,,,,0.6289115654758922,0.025465516204499213,0.8103307247161865,0.08406373610062544,5,-0.1734438627958298,False,4.0,0.47712125471966244
10000,6000,2,0.0002,0.0003333333333333333,0.95,True,operator,0.9790131711077921,0.003342782073916172,0.2525989472866058,0.1006782529061664,0.9161145761609077,0.10151545741920762,0.6288423632263415,0.06498769147470641,0.33773333333333333,0.05872648465556239,,,,,0.6411154342059516,0.05037157694267911,0.7641684532165527,0.15082921359726953,5,-0.2474010527133942,False,4.0,0.47712125471966244
10000,6000,2,0.0002,0.0003333333333333333,0.95,True,pair_consistency,0.9792526453467817,0.0031256381566163506,0.2843743234872818,0.14163067877189484,0.9563529893755913,0.15997290902028113,0.6193332830792267,0.08499533523411959,0.3230666666666667,0.07486521221502015,,,,,0.6586395617162427,0.08077724824892832,0.8844637870788574,0.169235097630508,5,-0.2156256765127182,False,4.0,0.47712125471966244
10000,6000,5,0.0005,0.0008333333333333334,0.9,False,factorized,0.9814233192698202,0.003188621258731481,0.33735803365707395,0.09414485858933584,1.016447252035141,0.0476071828182038,0.5994332799722231,0.09668243181401352,0.3177333333333333,0.08370132084448313,,,,,0.7191491034413977,0.05242124421160247,1.707553994655609,1.4198601446789452,5,-0.16264196634292605,False,4.0,0.7781512503836436
10000,6000,5,0.0005,0.0008333333333333334,0.9,False,hybrid_curriculum,0.981390349635873,0.003226265072575914,0.4959912270307541,0.033637899049229696,1.2190578117966653,0.0989184809946425,0.5803517229896469,0.0716261349173095,0.2164,0.03264148689423732,,,,,0.748310083753756,0.05662161351975902,0.9728719234466553,0.24378149506544597,5,-0.0040087729692458995,False,4.0,0.7781512503836436
10000,6000,5,0.0005,0.0008333333333333334,0.9,False,operator,0.981473188626169,0.0030407087602168977,0.4968547195196152,0.07571146813887357,1.1316232204437255,0.11840274815578229,0.6555934994391815,0.10003486091432783,0.192,0.03232817828321155,,,,,0.7357246022631123,0.04404745884868742,1.2341094017028809,0.46443074696086695,5,-0.0031452804803848156,False,4.0,0.7781512503836436
10000,6000,5,0.0005,0.0008333333333333334,0.9,False,pair_consistency,0.9815901751149975,0.0032374924739741197,0.48709034621715547,0.07351655432720247,1.1999982371926308,0.11316694047008509,0.5948442973905883,0.06408496638739851,0.22613333333333335,0.05153725728915819,,,,,0.7415083187569037,0.03882220409202702,0.8940204501152038,0.07801854283844642,5,-0.012909653782844532,False,4.0,0.7781512503836436
10000,6000,5,0.0005,0.0008333333333333334,0.9,True,factorized,0.9801957606848071,0.0030493145569662006,0.35694573223590853,0.07793086846203792,1.0316251635551452,0.05738924671580139,0.5696842257127387,0.061817912836130647,0.2812,0.06750374475209173,,,,,0.6804134916147503,0.041497211309971485,1.3717435240745544,1.0463677028933758,5,-0.14305426776409147,False,4.0,0.7781512503836436
10000,6000,5,0.0005,0.0008333333333333334,0.9,True,hybrid_curriculum,0.9804290471373154,0.0030029307279122127,0.4460737735033035,0.11048918048415322,1.1597122505307198,0.139199031485583,0.5713848647683306,0.041150110680743715,0.2292,0.049563427376779864,,,,,0.6956295725353492,0.0917328897385701,0.9026677966117859,0.24321645932496452,5,-0.05392622649669648,False,4.0,0.7781512503836436
10000,6000,5,0.0005,0.0008333333333333334,0.9,True,operator,0.9803550606303644,0.002838809062602849,0.43439680635929107,0.0744480298096546,1.078521792590618,0.0877800076690687,0.6371422288314207,0.10291212445514313,0.22946666666666665,0.057007601832270306,,,,,0.7083354335950103,0.054552619334100765,1.0281972408294677,0.3012458306814693,5,-0.06560319364070893,False,4.0,0.7781512503836436
10000,6000,5,0.0005,0.0008333333333333334,0.9,True,pair_consistency,0.9804640228252944,0.0028678448401160965,0.4346475750207901,0.10640408402574913,1.1124221071600915,0.11428018739928698,0.6080522302901452,0.09590147957664757,0.24253333333333335,0.124282295154575,,,,,0.7051736631407824,0.04835232220129008,0.8124577283859253,0.08665874791992578,5,-0.0653524249792099,False,4.0,0.7781512503836436
10000,6000,5,0.0005,0.0008333333333333334,0.95,False,factorized,0.9808344115754448,0.003150096178586864,0.2571938931941986,0.03331144625818819,0.9341345846652984,0.07569355800885037,0.6031697208150639,0.0889741955647575,0.3356,0.04989010144529895,,,,,0.6741468278561067,0.03527808375902656,1.4301931023597718,1.1070306325044061,5,-0.2428061068058014,False,4.0,0.7781512503836436
10000,6000,5,0.0005,0.0008333333333333334,0.95,False,hybrid_curriculum,0.9809064950105577,0.003237922603487134,0.3650717496871948,0.029842865755345248,1.0612288236618042,0.051475652260392336,0.6081496459350149,0.08035287304061066,0.27746666666666664,0.043864437633336736,,,,,0.6773936505222912,0.05676205838599487,0.8369182825088501,0.14129263497068437,5,-0.1349282503128052,False,4.0,0.7781512503836436
10000,6000,5,0.0005,0.0008333333333333334,0.95,False,operator,0.9810335556175589,0.0031167553055518444,0.3940508306026459,0.059684753611272796,1.0414999812841415,0.10622386640578298,0.6217521797464295,0.09330870616442359,0.23959999999999998,0.03255968877820139,,,,,0.6700210703810697,0.03278020333373836,0.9959745645523072,0.3036000449813456,5,-0.1059491693973541,False,4.0,0.7781512503836436
10000,6000,5,0.0005,0.0008333333333333334,0.95,False,pair_consistency,0.9810073075645971,0.003307977961005877,0.4106946408748627,0.09866383989730332,1.0979933366179466,0.12016321252703269,0.5979094555807778,0.04905727915422098,0.24666666666666667,0.08547254269972056,,,,,0.6789769152558223,0.046122030615057215,0.7869346976280213,0.04615516232760705,5,-0.08930535912513732,False,4.0,0.7781512503836436
10000,6000,5,0.0005,0.0008333333333333334,0.95,True,factorized,0.978959795992224,0.00318633487628934,0.28031217455863955,0.048434319300879616,0.9422882735729218,0.023915813318670112,0.5863197826047777,0.06365451081853832,0.3185333333333333,0.0790898223540804,,,,,0.6527641216907791,0.0360697001353591,1.1173284292221068,0.7170322814079421,5,-0.21968782544136045,False,4.0,0.7781512503836436
10000,6000,5,0.0005,0.0008333333333333334,0.95,True,hybrid_curriculum,0.9793751002994776,0.00325016684596811,0.3217618763446808,0.05628974536897157,1.0163789480924605,0.07485073062306045,0.5805707202517564,0.04968157479336597,0.2889333333333333,0.05353420505724456,,,,,0.6194278834998623,0.10416983509397258,0.7952739953994751,0.14515759294389738,5,-0.1782381236553192,False,4.0,0.7781512503836436
10000,6000,5,0.0005,0.0008333333333333334,0.95,True,operator,0.9793087139609054,0.002938400789603699,0.3714867830276489,0.07303076261842832,1.0173340648412705,0.07549953496189879,0.6261318303194015,0.0863639969685488,0.24586666666666668,0.05085360251633004,,,,,0.6616973151875264,0.05295603501206453,0.8297716736793518,0.1600457783126836,5,-0.12851321697235107,False,4.0,0.7781512503836436
10000,6000,5,0.0005,0.0008333333333333334,0.95,True,pair_consistency,0.9795350930596326,0.0030014419113291555,0.3741080969572067,0.10588289236845906,1.0291502937674522,0.08137563465866919,0.6190557555167217,0.08499562431624266,0.2601333333333333,0.10488448672494691,,,,,0.6393805295245526,0.02972764137085432,0.7398992538452148,0.05189490165288331,5,-0.1258919030427933,False,4.0,0.7781512503836436
10000,6000,10,0.001,0.0016666666666666668,0.9,False,factorized,0.9813097251517066,0.0031312617152469916,0.37014293372631074,0.08311553477419853,1.057037538290024,0.07686675354277563,0.578613621943658,0.04560938736927407,0.2616,0.08655967755125814,,,,,0.6962886571724212,0.05267901578384006,2.2981029510498048,1.0957028815785517,5,-0.12985706627368926,False,4.0,1.0413926851582251
10000,6000,10,0.001,0.0016666666666666668,0.9,False,hybrid_curriculum,0.9815529918639208,0.0031342378281763008,0.48656871616840364,0.08093544995131963,1.1756923735141753,0.06629854262062133,0.6773965334021991,0.12340729952662653,0.22680000000000003,0.06829901577296381,,,,,0.6874867679090819,0.08544535434637462,0.772690725326538,0.08748763300102884,5,-0.013431283831596363,False,4.0,1.0413926851582251
10000,6000,10,0.001,0.0016666666666666668,0.9,False,operator,0.9814545877373513,0.00306644032926267,0.5192083716392517,0.04959751532947028,1.2305632084608078,0.07809303006356834,0.6190009352092127,0.112993749755684,0.21000000000000002,0.06670498898549908,,,,,0.7242582860237581,0.04043669166591084,0.9052151083946228,0.22537836751035892,5,0.01920837163925171,True,4.0,1.0413926851582251
10000,6000,10,0.001,0.0016666666666666668,0.9,False,pair_consistency,0.9813439691549755,0.0031085032942965185,0.6739734455943107,0.06917406846884161,1.4307951048016547,0.10013910147183272,0.5898245292037207,0.08274486014087767,0.14253333333333335,0.03465512628425668,,,,,0.805039861467813,0.060288153298851004,0.8641368746757507,0.24020977806041127,5,0.17397344559431072,True,4.0,1.0413926851582251
10000,6000,10,0.001,0.0016666666666666668,0.9,True,factorized,0.9802981713469169,0.003087204465927428,0.358685302734375,0.07179314057817705,1.0012792184948922,0.12297334643866105,0.621808140535679,0.06986984510478617,0.25146666666666667,0.06303508723101939,,,,,0.6613990956183071,0.0573632324834134,1.710442852973938,0.7343825059972481,5,-0.141314697265625,False,4.0,1.0413926851582251
10000,6000,10,0.001,0.0016666666666666668,0.9,True,hybrid_curriculum,0.9802816097362328,0.0030048040073454778,0.4514224112033844,0.06211343774027275,1.1209606558084488,0.08060762787748971,0.6756778438299818,0.11680435704350983,0.23026666666666662,0.07515110703701501,,,,,0.6556132095945738,0.10802846773956017,0.7200353980064392,0.05749918481364742,5,-0.04857758879661561,False,4.0,1.0413926851582251
10000,6000,10,0.001,0.0016666666666666668,0.9,True,operator,0.9801889641113644,0.0028117965318503065,0.45991520285606385,0.06450675653680758,1.1342249497771264,0.08777489443432035,0.6394235072823762,0.10267592297823051,0.20733333333333331,0.05855292003345729,,,,,0.6572918214980815,0.044991346363660686,0.8096434354782105,0.10420791341962192,5,-0.040084797143936146,False,4.0,1.0413926851582251
10000,6000,10,0.001,0.0016666666666666668,0.9,True,pair_consistency,0.9803114135340248,0.0031834844545459364,0.6048985227942467,0.07593692602845976,1.3440089851617814,0.10281363242439098,0.5998880737974741,0.06926663463383273,0.15920000000000004,0.06150230347989685,,,,,0.7431388493073522,0.06176299991550866,0.7649434924125671,0.08557942248860297,5,0.10489852279424672,True,4.0,1.0413926851582251
10000,6000,10,0.001,0.0016666666666666668,0.95,False,factorized,0.980840675256557,0.003236686582007517,0.320441335439682,0.09288909601926269,1.0080388516187668,0.08656664454579129,0.575221948299494,0.04519350599077092,0.2932,0.0969849931117639,,,,,0.655305501821708,0.05339128639009953,1.8540179491043092,0.8700639893943767,5,-0.179558664560318,False,4.0,1.0413926851582251
10000,6000,10,0.001,0.0016666666666666668,0.95,False,hybrid_curriculum,0.980885085142928,0.003227175530505081,0.41096119582653046,0.07490190599410385,1.109001386165619,0.12155684463762025,0.6096981171261684,0.13259437431611415,0.24039999999999995,0.09773387903440194,,,,,0.6098666384956777,0.07574599626804135,0.7185392618179322,0.052252509069771795,5,-0.08903880417346954,False,4.0,1.0413926851582251
10000,6000,10,0.001,0.0016666666666666668,0.95,False,operator,0.9810345171793827,0.0029279152112849354,0.4295099526643753,0.041829624105174386,1.1225811511278152,0.09075734683503098,0.6260870412857096,0.1335822805835646,0.2384,0.053465669151127077,,,,,0.6696513071177199,0.04270690713482255,0.7626402378082275,0.13645509314634408,5,-0.0704900473356247,False,4.0,1.0413926851582251
10000,6000,10,0.001,0.0016666666666666668,0.95,False,pair_consistency,0.9808691146743159,0.00316499728962361,0.5703643590211869,0.06352432579718868,1.3062294095754623,0.09404644908917202,0.5765941715265348,0.0852553066726791,0.18173333333333336,0.04826915279048423,,,,,0.741864288019953,0.04439821918451361,0.7494990348815918,0.13807693226811185,5,0.07036435902118687,True,4.0,1.0413926851582251
10000,6000,10,0.001,0.0016666666666666668,0.95,True,factorized,0.979205020721605,0.0031914804228603167,0.2887947618961334,0.06295141346818629,0.927500194311142,0.10994765631261408,0.611222747259292,0.0741667753371039,0.30093333333333333,0.026760667654849968,,,,,0.6434964867201566,0.056149838059501966,1.3739416003227234,0.5714003208598519,5,-0.2112052381038666,False,4.0,1.0413926851582251
10000,6000,10,0.001,0.0016666666666666668,0.95,True,hybrid_curriculum,0.9791884452075305,0.0032646248007891622,0.38629142940044403,0.06845916334441488,1.0578249484300613,0.10245394759714552,0.6582362538605644,0.10854631410760711,0.23733333333333334,0.06730362380866112,,,,,0.5915981698188467,0.09797175704473624,0.6946435570716858,0.042480062467888005,5,-0.11370857059955597,False,4.0,1.0413926851582251
10000,6000,10,0.001,0.0016666666666666668,0.95,True,operator,0.9791932128831405,0.0029818984554823473,0.4054968386888504,0.09309634772698497,1.0637863039970399,0.0582158832045708,0.6582622727683409,0.13277990516867993,0.2333333333333333,0.08324929095460482,,,,,0.6375316056415926,0.07415722605905298,0.7269286632537841,0.07817139844263495,5,-0.09450316131114961,False,4.0,1.0413926851582251
10000,6000,10,0.001,0.0016666666666666668,0.95,True,pair_consistency,0.9791390386581146,0.0034263385883143128,0.5000620380043983,0.08356580460908533,1.2170810982584954,0.10380602858093357,0.5999534051623673,0.07646362516989186,0.20506666666666667,0.0656279073430063,,,,,0.6935410906951324,0.0327270485084053,0.705628764629364,0.041485949458049065,5,6.203800439830154e-05,True,4.0,1.0413926851582251
10000,6000,15,0.0015,0.0025,0.9,False,factorized,0.9814457585721197,0.0030958510126844517,0.296685254573822,0.11181567594944589,1.0057762891054154,0.1566793657905914,0.6073779766120936,0.046923042648797965,0.3310666666666667,0.07694529080962509,,,,,0.6757223963347667,0.062325821879920314,2.056923174858093,0.9039090088800437,5,-0.203314745426178,False,4.0,1.2041199826559248
10000,6000,15,0.0015,0.0025,0.9,False,hybrid_curriculum,0.9815246045892149,0.002970523894541968,0.6615245401859283,0.0851385161176721,1.4189235091209411,0.11651211795098085,0.5637860324841486,0.04468969597803101,0.1492,0.040591186782902085,,,,,0.8078465537544105,0.056351510441187934,0.6643487453460694,0.05305350183745842,5,0.16152454018592832,True,4.0,1.2041199826559248
10000,6000,15,0.0015,0.0025,0.9,False,operator,0.9815721773336534,0.0034055853308546653,0.6079935416579246,0.11432482826937258,1.3358647339046001,0.159167652525556,0.6172117346974175,0.03935454875053103,0.17746666666666666,0.05894328724385085,,,,,0.7659852213685167,0.08528370633404192,0.7813595294952392,0.24109703220146372,5,0.10799354165792463,True,4.0,1.2041199826559248
10000,6000,15,0.0015,0.0025,0.9,False,pair_consistency,0.9813489338613165,0.003358813686595002,0.6965836733579636,0.03415275474715189,1.4552592933177948,0.06075952029927646,0.6037967961911015,0.04934547328643336,0.14106666666666667,0.037554700844974864,,,,,0.7815058273419626,0.05693950656850741,0.7617975354194642,0.06543582574964454,5,0.19658367335796356,True,4.0,1.2041199826559248
10000,6000,15,0.0015,0.0025,0.9,True,factorized,0.9803418176803058,0.0028626675029271385,0.2388094425201416,0.08950628403111226,0.9277322202920913,0.11448445010645461,0.6056309805003692,0.07410986675994942,0.3644,0.07039981060580586,,,,,0.641606805036915,0.04566320507705477,1.5093633532524109,0.5697012124161452,5,-0.2611905574798584,False,4.0,1.2041199826559248
10000,6000,15,0.0015,0.0025,0.9,True,hybrid_curriculum,0.9801495861483234,0.003206397376254032,0.538696537911892,0.06485391843636104,1.2517765447497369,0.08477834573215169,0.6077883276414027,0.049942150492800624,0.1988,0.05011187484020132,,,,,0.6882530113591316,0.07088051160505193,0.6583771347999573,0.042113448177102004,5,0.03869653791189198,True,4.0,1.2041199826559248
10000,6000,15,0.0015,0.0025,0.9,True,operator,0.9804452327005919,0.0031487903811270425,0.5555791482329369,0.07009766338903121,1.2683915823698044,0.0973731744821524,0.6065940468706222,0.023628723194958547,0.18293333333333334,0.058643177115690295,,,,,0.737403461640675,0.04841571467375765,0.7060574293136597,0.10741271001690406,5,0.05557914823293686,True,4.0,1.2041199826559248
10000,6000,15,0.0015,0.0025,0.9,True,pair_consistency,0.98028977717328,0.0031575992723634877,0.6065225064754486,0.054749688368157724,1.3490887016057969,0.08386253683953633,0.6037066121765376,0.05203513388093379,0.1834666666666667,0.017233043195494478,,,,,0.7292415209061452,0.03217337058842437,0.7081751942634582,0.02656879113523992,5,0.10652250647544859,True,4.0,1.2041199826559248
10000,6000,15,0.0015,0.0025,0.95,False,factorized,0.9808122460520277,0.0032431872632367126,0.23468087911605834,0.09601418722233493,0.9153170973062515,0.11892699290092673,0.6209830951845667,0.05243084074954912,0.3565333333333333,0.07565036535125114,,,,,0.6470850055617934,0.05705421988115761,1.656499409675598,0.7002901244419402,5,-0.26531912088394166,False,4.0,1.2041199826559248
10000,6000,15,0.0015,0.0025,0.95,False,hybrid_curriculum,0.9808012981487824,0.003252202978151428,0.5122547686100006,0.06681450195978403,1.2487827241420746,0.12140752388183823,0.5641265895740821,0.05045479683140332,0.18733333333333332,0.040900964400474596,,,,,0.6651151205703252,0.05935907996697209,0.665337073802948,0.04024388680194018,5,0.012254768610000633,True,4.0,1.2041199826559248
10000,6000,15,0.0015,0.0025,0.95,False,operator,0.9809808886909073,0.0034469948373013525,0.4951180934906006,0.09796099712738165,1.2146572321653366,0.12822498968389556,0.591618601639,0.034868375986977826,0.22400000000000003,0.055029285132756574,,,,,0.7120782361963557,0.07521193453118227,0.6749380588531494,0.12212337603117945,5,-0.004881906509399403,False,4.0,1.2041199826559248
10000,6000,15,0.0015,0.0025,0.95,False,pair_consistency,0.9806088108066989,0.0034704705559394024,0.5753081336617469,0.022911495107861314,1.3168111070990562,0.07450837323955736,0.6081888728139673,0.062273055770749396,0.19826666666666667,0.026535510798425078,,,,,0.716393209819893,0.048638121947929124,0.6945828676223755,0.01035756383535559,5,0.07530813366174693,True,4.0,1.2041199826559248
10000,6000,15,0.0015,0.0025,0.95,True,factorized,0.9792504834017149,0.002990643275594582,0.2091790497303009,0.08065625166740555,0.8806996092200279,0.09372485962460841,0.6137464757173301,0.0651355190715225,0.3786666666666666,0.06840565278786052,,,,,0.6234092035019068,0.041765731086898836,1.2217701911926269,0.4458762563083598,5,-0.2908209502696991,False,4.0,1.2041199826559248
10000,6000,15,0.0015,0.0025,0.95,True,hybrid_curriculum,0.9790682355819287,0.0033288623268667287,0.47087966203689574,0.06859762935597914,1.1618887305259704,0.12036768826440186,0.6136959267574286,0.08339458842153387,0.202,0.06874590896918885,,,,,0.6318882024518121,0.06304140415012759,0.6683048844337464,0.030465730819576962,5,-0.02912033796310426,False,4.0,1.2041199826559248
10000,6000,15,0.0015,0.0025,0.95,True,operator,0.9794517004079821,0.003293066331972846,0.45838567316532136,0.06872529607149178,1.1470883384346962,0.08624988170475696,0.6283000623418515,0.05061457751706901,0.22933333333333333,0.055393541540909294,,,,,0.6797402112056367,0.04118522468613014,0.653061306476593,0.041389265986258784,5,-0.04161432683467864,False,4.0,1.2041199826559248
10000,6000,15,0.0015,0.0025,0.95,True,pair_consistency,0.9790147415387013,0.0033033501136579845,0.5101800471544266,0.07084781476808966,1.2320363894104958,0.11824153466307573,0.6034948311506423,0.06608989584241709,0.19973333333333332,0.06365462364283611,,,,,0.6656016617387985,0.035018439412283074,0.702337110042572,0.012535650931335953,5,0.010180047154426553,True,4.0,1.2041199826559248
10000,6000,20,0.002,0.0033333333333333335,0.9,False,factorized,0.9813151040669158,0.003327155118099947,0.30362091064453123,0.06449138115110065,0.9895971924066543,0.14346000685454793,0.6098557512881616,0.13896449048710596,0.3344,0.057402284120252736,,,,,0.7137179901093951,0.022620047711231196,1.881255567073822,1.0886326859536735,5,-0.19637908935546877,False,4.0,1.3222192947339193
10000,6000,20,0.002,0.0033333333333333335,0.9,False,hybrid_curriculum,0.9814119876181533,0.0028350309311136043,0.6822758033871651,0.0562347447211166,1.4557932257652282,0.0654438408837787,0.5715705702452509,0.03310334228395832,0.14026666666666668,0.0301020486567498,,,,,0.8001962537710037,0.04734351244979694,0.7116163611412049,0.0653745815635363,5,0.1822758033871651,True,4.0,1.3222192947339193
10000,6000,20,0.002,0.0033333333333333335,0.9,False,operator,0.9812639506625878,0.003258229036188708,0.6640016034245491,0.12315762574414106,1.4002320423722268,0.1818397166172109,0.6065441068466695,0.07203311402989922,0.15760000000000002,0.03871146829788012,,,,,0.8049083360658091,0.09711232278205767,0.636149001121521,0.05154640471566235,5,0.16400160342454906,True,4.0,1.3222192947339193
10000,6000,20,0.002,0.0033333333333333335,0.9,False,pair_consistency,0.9813273987357463,0.0034040440226437126,0.7579498801380395,0.040382437960862876,1.5085322428494692,0.08075140899685203,0.6188540240548759,0.08421220677767854,0.1065333333333333,0.039615933943581615,,,,,0.8161040836326263,0.03597872000004736,0.6988453149795533,0.06166528751051924,5,0.25794988013803954,True,4.0,1.3222192947339193
10000,6000,20,0.002,0.0033333333333333335,0.9,True,factorized,0.9801629508816397,0.003188922777155807,0.30271453857421876,0.08194754936874972,0.9700629815459252,0.0714257671667116,0.6180740835890468,0.09823029727936178,0.3196,0.06163801136023488,,,,,0.7004640249812534,0.03828824397219952,1.4115629076957703,0.7520345642741811,5,-0.19728546142578124,False,4.0,1.3222192947339193
10000,6000,20,0.002,0.0033333333333333335,0.9,True,hybrid_curriculum,0.9804890325745401,0.0030791739321569572,0.5984078273177147,0.06523239237601326,1.364963984489441,0.08745925247684216,0.5398747771507952,0.039092112515163625,0.16946666666666665,0.028803549164025676,,,,,0.7222894175867631,0.06783585445652776,0.702872121334076,0.06523989787880852,5,0.09840782731771469,True,4.0,1.3222192947339193
10000,6000,20,0.002,0.0033333333333333335,0.9,True,operator,0.9803446249941761,0.002997461014434116,0.6030760392546654,0.10623136148116276,1.33660898655653,0.15990528965193263,0.582656776174496,0.05044503171145421,0.17173333333333335,0.062153215702988526,,,,,0.7716327980471577,0.06255476568566724,0.6433654665946961,0.03005374550504879,5,0.10307603925466535,True,4.0,1.3222192947339193
10000,6000,20,0.002,0.0033333333333333335,0.9,True,pair_consistency,0.9804084809077744,0.003215085079168506,0.6789815403521061,0.04403845370818534,1.4206964261829853,0.05761986672100593,0.5894941012483608,0.09652626339471834,0.13879999999999998,0.031156950357112224,,,,,0.7498228111405632,0.07003137922260506,0.6997294783592224,0.05055757296398893,5,0.17898154035210612,True,4.0,1.3222192947339193
10000,6000,20,0.002,0.0033333333333333335,0.95,False,factorized,0.9807534223360331,0.0032787695390148345,0.2680966556072235,0.10236668996944144,0.9190004646778107,0.17743815082782186,0.6581861217278957,0.1432714523618732,0.338,0.07498592460514766,,,,,0.6824587801984162,0.043665270240801246,1.5279489159584045,0.7929985255857017,5,-0.2319033443927765,False,4.0,1.3222192947339193
10000,6000,20,0.002,0.0033333333333333335,0.95,False,hybrid_curriculum,0.9808411184993634,0.0029671240405059187,0.5660521447658539,0.08232343917041127,1.3282215729355813,0.11921185762878911,0.5740160357736,0.04329492188347004,0.16546666666666668,0.036446002676714925,,,,,0.698502560632234,0.05857840150161373,0.6577980160713196,0.034820274640445646,5,0.06605214476585386,True,4.0,1.3222192947339193
10000,6000,20,0.002,0.0033333333333333335,0.95,False,operator,0.980657246181087,0.0032683841057199953,0.5816621452569961,0.13758940515992843,1.29827012270689,0.19328828941817405,0.6135593492252858,0.069638445702351,0.16933333333333334,0.04303486958270002,,,,,0.7651747852173212,0.09193675121413745,0.5806993126869202,0.030749917599619377,5,0.08166214525699611,True,4.0,1.3222192947339193
10000,6000,20,0.002,0.0033333333333333335,0.95,False,pair_consistency,0.9805760886047828,0.0033525560742879157,0.627736234664917,0.07859199487485323,1.3599075391888618,0.13272069811163087,0.6214715782542586,0.0843688850825192,0.17013333333333333,0.04977594242648193,,,,,0.7277189147185665,0.04212394452923057,0.672737979888916,0.032624371703526236,5,0.12773623466491701,True,4.0,1.3222192947339193
10000,6000,20,0.002,0.0033333333333333335,0.95,True,factorized,0.9791143957856215,0.0032912262220054374,0.23699349761009217,0.0974851714468859,0.8877989366650582,0.11300033529789527,0.6535422942047056,0.08587769746793164,0.34480000000000005,0.062138554859282054,,,,,0.6609861433077763,0.05681464730558351,1.138172972202301,0.5113199672888488,5,-0.26300650238990786,False,4.0,1.3222192947339193
10000,6000,20,0.002,0.0033333333333333335,0.95,True,hybrid_curriculum,0.9794707203757349,0.0030277102975134495,0.49424366354942323,0.05825645279562056,1.2380355522036552,0.08531050293824252,0.5536663224504492,0.017820170679211034,0.19759999999999997,0.04011815881451523,,,,,0.6404876669250105,0.07706471358795233,0.6890893340110779,0.04505030973683908,5,-0.005756336450576771,False,4.0,1.3222192947339193
10000,6000,20,0.002,0.0033333333333333335,0.95,True,operator,0.9792252189386417,0.003282130976229557,0.4729549318552017,0.07441991982925181,1.1824339583516121,0.12064730261848859,0.6009717800006448,0.06258787927948944,0.22160000000000002,0.032433179170582575,,,,,0.7043732078812484,0.05751056935361786,0.6301158905029297,0.01881972567184514,5,-0.02704506814479829,False,4.0,1.3222192947339193
10000,6000,20,0.002,0.0033333333333333335,0.95,True,pair_consistency,0.9794255374016488,0.0034518549352816,0.5441746816039086,0.03715718527662319,1.2585449010133742,0.0984848226421326,0.6136942154096328,0.08438622711278992,0.18893333333333334,0.0225516690685585,,,,,0.6516038377935088,0.03791430208609713,0.7084210276603699,0.028792613386090425,5,0.04417468160390858,True,4.0,1.3222192947339193
10000,6000,30,0.003,0.005,0.9,False,factorized,0.9816109840422674,0.0029594335721054594,0.22762410640716552,0.062370914209346096,0.9411300659179688,0.06344068367805195,0.5892911100428279,0.06352491148659045,0.35453333333333337,0.039224142225590286,,,,,0.6650253688379956,0.03439008038301925,2.903985357284546,1.7988230655049522,5,-0.2723758935928345,False,4.0,1.4913616938342726
10000,6000,30,0.003,0.005,0.9,False,hybrid_curriculum,0.9813175491407291,0.003039027239241541,0.6878040641546249,0.06739378495707464,1.4331754803657533,0.14305405900178778,0.6076152246011695,0.08506282237549635,0.11280000000000001,0.03575969177098086,,,,,0.7662022022293151,0.07420672508276376,0.6178367614746094,0.040705998644452866,5,0.18780406415462492,True,4.0,1.4913616938342726
10000,6000,30,0.003,0.005,0.9,False,operator,0.9813021119222174,0.0033547211901652956,0.6527967929840088,0.07778994363945663,1.3592184230685234,0.08712876836667265,0.6572903333210725,0.054260985273150916,0.13613333333333333,0.04937250696941006,,,,,0.7574511317632442,0.06065720449981405,0.5942228436470032,0.050569442021369246,5,0.15279679298400883,True,4.0,1.4913616938342726
10000,6000,30,0.003,0.005,0.9,False,pair_consistency,0.9812365473272745,0.0031830413848677875,0.7777956252917647,0.02310564212631462,1.525827287696302,0.06628585642783452,0.6438662946454177,0.04962325577513122,0.092,0.025918676235058363,,,,,0.8157913929369572,0.05485801852978497,0.7357302188873291,0.07784969346343663,5,0.2777956252917647,True,4.0,1.4913616938342726
10000,6000,30,0.003,0.005,0.9,True,factorized,0.9802561883275052,0.002915420803554788,0.24578440487384795,0.11796393978620301,0.9309472918510437,0.10933405348695893,0.6224038396487815,0.06664166153310405,0.3505333333333333,0.09865698150663235,,,,,0.6704990391546878,0.027742001446294625,2.131630063056946,1.2699677435244898,5,-0.25421559512615205,False,4.0,1.4913616938342726
10000,6000,30,0.003,0.005,0.9,True,hybrid_curriculum,0.9803221786689967,0.0030455366330788916,0.6277437582612038,0.02712166585147286,1.3495842829346656,0.09309219676635017,0.6024119814051673,0.07095663955128664,0.13946666666666668,0.05564850002970033,,,,,0.7404990791175294,0.042159153890875975,0.6335890054702759,0.01849203033120917,5,0.12774375826120377,True,4.0,1.4913616938342726
10000,6000,30,0.003,0.005,0.9,True,operator,0.9802551520250964,0.00311102881386078,0.6326834075152874,0.06410904890307735,1.3372520335018634,0.07209004373682949,0.6122571026788897,0.08221048247258661,0.14240000000000003,0.04556704462169514,,,,,0.7270329846690062,0.05911922803968771,0.6214143872261048,0.062030553203942025,5,0.1326834075152874,True,4.0,1.4913616938342726
10000,6000,30,0.003,0.005,0.9,True,pair_consistency,0.9802670072613395,0.0029728789331666793,0.6654417172074318,0.06231457289614679,1.3904817417263984,0.07435362534156946,0.6396259031169697,0.07678597505042223,0.12066666666666667,0.03579261252145631,,,,,0.7424027310159952,0.06871160184868348,0.7143765091896057,0.020440066856403497,5,0.16544171720743184,True,4.0,1.4913616938342726
10000,6000,30,0.003,0.005,0.95,False,factorized,0.9808738665573292,0.0028761895818688148,0.20071977376937866,0.10106349194076678,0.9021762207150459,0.09162086745149772,0.5630206750486131,0.06074341201842551,0.36386666666666667,0.07613934593887711,,,,,0.667211494569419,0.047206558881495914,2.2669878005981445,1.394190276439432,5,-0.29928022623062134,False,4.0,1.4913616938342726
10000,6000,30,0.003,0.005,0.95,False,hybrid_curriculum,0.9806094427121976,0.003000494797255717,0.5678886398673058,0.10472069028528562,1.300829328596592,0.15319217359820236,0.5992039339367816,0.08715404632273886,0.15666666666666668,0.05474993658037929,,,,,0.6826701322747958,0.08749805536943711,0.633099901676178,0.041766475341534645,5,0.06788863986730576,True,4.0,1.4913616938342726
10000,6000,30,0.003,0.005,0.95,False,operator,0.9807464579820264,0.0031856460868841877,0.5416199624538421,0.05009298716194082,1.261704832315445,0.061154746836323166,0.6184622277730728,0.07705868634457162,0.17133333333333334,0.0472463990397387,,,,,0.7042300314622987,0.026533771476008335,0.6012741446495056,0.033889691876991826,5,0.04161996245384214,True,4.0,1.4913616938342726
10000,6000,30,0.003,0.005,0.95,False,pair_consistency,0.9807158705050986,0.003255257339445721,0.6574968934059143,0.03178841572133151,1.4036697998642922,0.06472417837902171,0.6310801137427408,0.05723264449362307,0.1436,0.03206798334095169,,,,,0.7428517822151797,0.04751622743574379,0.6861502408981324,0.03249593366801039,5,0.15749689340591433,True,4.0,1.4913616938342726
10000,6000,30,0.003,0.005,0.95,True,factorized,0.9790685929536671,0.003081742130422046,0.2366809844970703,0.06058306855762047,0.8956391632556915,0.03108424924698007,0.6331497729122366,0.10529498870704589,0.3670666666666667,0.07526929431492412,,,,,0.6556317955495015,0.052659188340879654,1.611614179611206,0.8440708143673956,5,-0.2633190155029297,False,4.0,1.4913616938342726
10000,6000,30,0.003,0.005,0.95,True,hybrid_curriculum,0.979150812974018,0.003153302367533507,0.49322250187397004,0.055294119331399924,1.2040343016386033,0.12196909567827749,0.5870166074445782,0.08795559739229451,0.19266666666666665,0.053466500415369135,,,,,0.6230383337765829,0.04110952925244644,0.6795077204704285,0.009083924163856704,5,-0.006777498126029957,False,4.0,1.4913616938342726
10000,6000,30,0.003,0.005,0.95,True,operator,0.9790897660299246,0.003240313204460722,0.5026792615652085,0.06436247881066,1.2090871572494506,0.09157569244448356,0.5965776434911703,0.07535025520592513,0.18319999999999997,0.05697445821496585,,,,,0.6396326725610564,0.0800256205065399,0.6449715495109558,0.02497064233360623,5,0.0026792615652084795,True,4.0,1.4913616938342726
10000,6000,30,0.003,0.005,0.95,True,pair_consistency,0.9789109991729108,0.003302265175919822,0.5537591367959976,0.037966323221762896,1.2738625019788743,0.07181162096951092,0.6380804300088123,0.0628798971181689,0.17586666666666667,0.04158365063339197,,,,,0.6874019180630775,0.042986407969596234,0.7071569442749024,0.025775040412938596,5,0.05375913679599764,True,4.0,1.4913616938342726
10000,6000,40,0.004,0.006666666666666667,0.9,False,factorized,0.9814597566603886,0.002983199232134171,0.28315544724464414,0.06197866823972181,1.0023922607302667,0.09025145040802897,0.5769920023343241,0.06617704909817977,0.34386666666666665,0.033659735260066714,,,,,0.6967846429801725,0.03603244933920862,2.1129048347473143,0.7510739113878969,5,-0.21684455275535586,False,4.0,1.6127838567197355
10000,6000,40,0.004,0.006666666666666667,0.9,False,hybrid_curriculum,0.981547209559604,0.003410716052786157,0.7808758482336998,0.06517250803731403,1.53733988404274,0.0676592122574942,0.6117549582106638,0.04664057135013327,0.09919999999999998,0.03651909698287246,,,,,0.8391934108816214,0.08770914525946417,0.5889601945877075,0.07754779131804537,5,0.2808758482336998,True,4.0,1.6127838567197355
10000,6000,40,0.004,0.006666666666666667,0.9,False,operator,0.9814131266288626,0.0031645196686670646,0.7588142603635788,0.10234476448319252,1.473565961420536,0.13809362663448554,0.5985109760316037,0.06771330450129578,0.09706666666666666,0.03131063007279726,,,,,0.8289868022539647,0.10337182567742322,0.5096015572547913,0.059055633038694946,5,0.2588142603635788,True,4.0,1.6127838567197355
10000,6000,40,0.004,0.006666666666666667,0.9,False,pair_consistency,0.9817104002127508,0.0030925408747213886,0.8124677803367376,0.030074216117937713,1.564310609921813,0.06768573180723973,0.6370236344736034,0.07457636959044671,0.07279999999999999,0.01956981803128937,,,,,0.8165916169941945,0.060565041202108635,0.6996225237846374,0.03607187840681726,5,0.3124677803367376,True,4.0,1.6127838567197355
10000,6000,40,0.004,0.006666666666666667,0.9,True,factorized,0.9803854066988628,0.0028461278939913882,0.29717240333557127,0.09844032579254687,0.9995895996689796,0.11533849990497487,0.6176403684646476,0.030310024953684307,0.32826666666666665,0.0433323076801696,,,,,0.6794749926058146,0.06619266784806778,1.5942201137542724,0.4996817974146796,5,-0.20282759666442873,False,4.0,1.6127838567197355
10000,6000,40,0.004,0.006666666666666667,0.9,True,hybrid_curriculum,0.9804390577158918,0.0030869103242366297,0.6709849871695042,0.03918764579544374,1.4192606039345264,0.05470489403179712,0.5777063504216465,0.0668033065280605,0.07519999999999999,0.021141848967812127,,,,,0.7480791416458766,0.058047802312733945,0.6615813255310059,0.04095159729686067,5,0.17098498716950417,True,4.0,1.6127838567197355
10000,6000,40,0.004,0.006666666666666667,0.9,True,operator,0.9803093664460334,0.0031111871259783506,0.7063485354185104,0.06076553282267684,1.3642791479825973,0.11266883391488257,0.6605132895952757,0.10662433626488614,0.11373333333333333,0.041283841337205474,,,,,0.7952532477053255,0.0708256007072346,0.5577524304389954,0.02571411385835926,5,0.2063485354185104,True,4.0,1.6127838567197355
10000,6000,40,0.004,0.006666666666666667,0.9,True,pair_consistency,0.9803590342298623,0.0030335614457912105,0.689599248021841,0.030870449971979522,1.4120741836726665,0.05969890026655867,0.6280977637851132,0.056335688224443944,0.07453333333333334,0.04762912274368837,,,,,0.7079486006432538,0.04297648689283383,0.7053485155105591,0.015816871651828966,5,0.18959924802184103,True,4.0,1.6127838567197355
10000,6000,40,0.004,0.006666666666666667,0.95,False,factorized,0.9809016587699,0.0030396825776610186,0.28061373233795167,0.06355185901722804,0.9676802217960357,0.09428221152340087,0.6221779715301969,0.07585686196459197,0.33666666666666667,0.0650606554600312,,,,,0.6962461450470752,0.03162200544385819,1.7019020915031433,0.5611226450127689,5,-0.21938626766204833,False,4.0,1.6127838567197355
10000,6000,40,0.004,0.006666666666666667,0.95,False,hybrid_curriculum,0.9809381217218046,0.0033161824324488905,0.6352587744593621,0.044469622822608953,1.3743522986769676,0.07942866025973128,0.5942966147176649,0.05478099508958644,0.12866666666666665,0.04100677450806825,,,,,0.7461560251083847,0.06738832788686945,0.6334126949310303,0.04477673871755297,5,0.13525877445936207,True,4.0,1.6127838567197355
10000,6000,40,0.004,0.006666666666666667,0.95,False,operator,0.980900866918636,0.0032454011110439754,0.6548549324274063,0.11993916299930948,1.3565271511673926,0.1588216415576711,0.6151362157839922,0.07557176617262336,0.14266666666666666,0.0490147370129071,,,,,0.7765223679901214,0.1070294204175549,0.535930973291397,0.05138770142067956,5,0.15485493242740633,True,4.0,1.6127838567197355
10000,6000,40,0.004,0.006666666666666667,0.95,False,pair_consistency,0.9812725471152923,0.0031402901983407076,0.7160764887928963,0.03440326997327233,1.4546092480421067,0.04750883826074453,0.6322731447546692,0.062378877394106594,0.10666666666666666,0.023055488621054103,,,,,0.7628696157662194,0.04889445908575589,0.682714331150055,0.014061182006079788,5,0.21607648879289632,True,4.0,1.6127838567197355
10000,6000,40,0.004,0.006666666666666667,0.95,True,factorized,0.9791446082560666,0.002922772225009741,0.25963059067726135,0.0483095191286124,0.9369883850216866,0.07832448800797172,0.61709665658019,0.057900767225999114,0.33986666666666665,0.03767816933509967,,,,,0.6633930958988196,0.02563760454570477,1.267624068260193,0.33452435890380644,5,-0.24036940932273865,False,4.0,1.6127838567197355
10000,6000,40,0.004,0.006666666666666667,0.95,True,hybrid_curriculum,0.979285714637561,0.0031128150522577967,0.5635561317205429,0.02496346190889035,1.2859452307224273,0.06975221978494664,0.5895347604436987,0.0666886936839413,0.12293333333333334,0.042563938831937174,,,,,0.6797655504624311,0.028874814534045116,0.7000454545021058,0.01983227602560504,5,0.06355613172054286,True,4.0,1.6127838567197355
10000,6000,40,0.004,0.006666666666666667,0.95,True,operator,0.979275051380597,0.00301506465379183,0.5725674137473107,0.06596652836909893,1.240387488901615,0.10384482141764048,0.6517920924450307,0.10506039229528627,0.14586666666666664,0.04387203614553987,,,,,0.6633488898520334,0.052849550266375105,0.6184301614761353,0.03233369194710796,5,0.07256741374731068,True,4.0,1.6127838567197355
10000,6000,40,0.004,0.006666666666666667,0.95,True,pair_consistency,0.9794151351493949,0.00294454155865399,0.5849164836108685,0.039874117528254795,1.2979145608842373,0.09551867476820713,0.6418988031523241,0.06607292708207735,0.13706666666666664,0.05190718211919767,,,,,0.6410978546170885,0.06196498028310053,0.7219023942947388,0.018561162697270643,5,0.08491648361086845,True,4.0,1.6127838567197355
10000,6000,50,0.005,0.008333333333333333,0.9,False,factorized,0.9812865156563344,0.0030323566285736666,0.3390517830848694,0.09756718404846916,1.0308611959218978,0.11071203476820117,0.5452840405645587,0.01958283304218052,0.29133333333333333,0.06066117191233431,,,,,0.6974437190611728,0.05998924314764557,1.5859726786613464,0.4624432259450394,5,-0.16094821691513062,False,4.0,1.7075701760979363
10000,6000,50,0.005,0.008333333333333333,0.9,False,hybrid_curriculum,0.981556804037389,0.003250612553051806,0.7816310729831457,0.06701084242658178,1.5312591191381215,0.08960149504392112,0.6368434265137027,0.035765610839692326,0.09733333333333333,0.027026735734165978,,,,,0.8594605302021581,0.06625387190822751,0.6009378552436828,0.03361325806220535,5,0.2816310729831457,True,4.0,1.7075701760979363
10000,6000,50,0.005,0.008333333333333333,0.9,False,operator,0.9813649706480664,0.003029126618926731,0.7719195421785117,0.039415566583402784,1.5033204581588506,0.10267043841574285,0.6036952422802464,0.036860187430893566,0.09493333333333334,0.014836890959137424,,,,,0.8208593461399794,0.07414186816794831,0.5501520335674286,0.09854566116983295,5,0.27191954217851166,True,4.0,1.7075701760979363
10000,6000,50,0.005,0.008333333333333333,0.9,False,pair_consistency,0.9813961502592006,0.0033671102268529474,0.8145638640969992,0.031928145708787624,1.5567403879016637,0.07907736149607082,0.5965715343824123,0.0710903202517829,0.047066666666666646,0.010838204033264283,,,,,0.8376534872681969,0.06668709479473381,0.6805546164512635,0.036813176659191385,5,0.3145638640969992,True,4.0,1.7075701760979363
10000,6000,50,0.005,0.008333333333333333,0.9,True,factorized,0.9800677682452452,0.003190330078211324,0.3375220656394958,0.11072738311309233,0.9879817172884942,0.0809253521823823,0.6118318839290064,0.05278612931011577,0.30279999999999996,0.07757634232734158,,,,,0.6964719325402386,0.060973553559681315,1.246246099472046,0.3268469942143016,5,-0.16247793436050417,False,4.0,1.7075701760979363
10000,6000,50,0.005,0.008333333333333333,0.9,True,hybrid_curriculum,0.9807074761746332,0.0031761947715784797,0.6907025828957558,0.0880328517874876,1.432541897892952,0.05773038046773048,0.6172113698536631,0.0455914562809412,0.10813333333333335,0.03833594194022686,,,,,0.7739379053003108,0.09715023573628012,0.653684651851654,0.02785948214068809,5,0.1907025828957558,True,4.0,1.7075701760979363
10000,6000,50,0.005,0.008333333333333333,0.9,True,operator,0.9805290648000874,0.0031664742257910684,0.6946978479623794,0.026915580684957523,1.4149703249335288,0.03318671586630035,0.5669731789336735,0.017173195207495728,0.12826666666666667,0.029708210612182227,,,,,0.7885974350589945,0.05098662152626943,0.5753876805305481,0.052432084749044136,5,0.19469784796237943,True,4.0,1.7075701760979363
10000,6000,50,0.005,0.008333333333333333,0.9,True,pair_consistency,0.9802741845498059,0.003413632968791504,0.7049573998898268,0.040549402026790395,1.4349276717752217,0.10491102877907908,0.5868255099499715,0.048849786185452895,0.0792,0.028524453446901413,,,,,0.719482205963076,0.05174257733796179,0.6883885860443115,0.021910591257707085,5,0.20495739988982675,True,4.0,1.7075701760979363
10000,6000,50,0.005,0.008333333333333333,0.95,False,factorized,0.9806938351959076,0.003075556949980937,0.31350154876708985,0.10880295447964593,0.994194795191288,0.10677867708166944,0.5673247263295154,0.04177202357857964,0.2994666666666667,0.07945564800566415,,,,,0.6857179381620447,0.0673781206442404,1.3008183479309081,0.3118412192936908,5,-0.18649845123291015,False,4.0,1.7075701760979363
10000,6000,50,0.005,0.008333333333333333,0.95,False,hybrid_curriculum,0.9808880984641194,0.0033872471601800952,0.640914211422205,0.0802343570959464,1.3696341685950757,0.10663430198761133,0.641975921019603,0.07473204781135874,0.13293333333333332,0.036595688877850675,,,,,0.7623141338555537,0.09053316634728084,0.6377783417701721,0.019153813687574683,5,0.14091421142220495,True,4.0,1.7075701760979363
10000,6000,50,0.005,0.008333333333333333,0.95,False,operator,0.9807470743303792,0.0032527594652733355,0.7007228918373585,0.05625779575340304,1.3973094411194324,0.12007334771270094,0.6325444026201883,0.0711928175534008,0.10053333333333332,0.029436938246586265,,,,,0.7979845534402832,0.04794397747235078,0.553245484828949,0.041859798193196546,5,0.20072289183735847,True,4.0,1.7075701760979363
10000,6000,50,0.005,0.008333333333333333,0.95,False,pair_consistency,0.9806486354620795,0.003516170441293697,0.7116550505161285,0.048554777940273686,1.4128495275974273,0.1156491827782798,0.5931397824590994,0.09155613230778081,0.07773333333333332,0.01498591931707155,,,,,0.7571722029137454,0.043624988174172624,0.6831918001174927,0.01427449170846356,5,0.21165505051612854,True,4.0,1.7075701760979363
10000,6000,50,0.005,0.008333333333333333,0.95,True,factorized,0.9789712053160884,0.0032382133364574645,0.2997384786605835,0.13541489037354676,0.9356418401002884,0.10397633392229944,0.608103033062964,0.056022346753847284,0.3016,0.12270524755599405,,,,,0.6591117378617141,0.08388923687776986,1.0300058484077455,0.19512080875652646,5,-0.2002615213394165,False,4.0,1.7075701760979363
10000,6000,50,0.005,0.008333333333333333,0.95,True,hybrid_curriculum,0.979497925258892,0.0032420785079399933,0.5613262057304382,0.061306693971218566,1.2812164038419724,0.057681252480017486,0.628100132042074,0.05064307870987942,0.1476,0.0475572170010913,,,,,0.6714747100819192,0.09157773205769996,0.6984654903411865,0.014351512823892475,5,0.06132620573043823,True,4.0,1.7075701760979363
10000,6000,50,0.005,0.008333333333333333,0.95,True,operator,0.9794323246019794,0.0031155626376283226,0.5782954901456833,0.03615618255053312,1.278383618593216,0.05808695765495194,0.5719618603898751,0.014281511830114429,0.1549333333333333,0.035906050248453183,,,,,0.7043338288292348,0.026637249076897285,0.6204606175422669,0.01839927397497936,5,0.07829549014568327,True,4.0,1.7075701760979363
10000,6000,50,0.005,0.008333333333333333,0.95,True,pair_consistency,0.9788583357725074,0.003676674124497685,0.6175703138113022,0.05080602637891522,1.3124975010752677,0.13960861470379515,0.600319089648675,0.05482455008980044,0.11333333333333333,0.0205372290676658,,,,,0.6732964996707324,0.06633119601306814,0.7293729424476624,0.014253645603375756,5,0.11757031381130223,True,4.0,1.7075701760979363
10000,6000,60,0.006,0.01,0.9,False,factorized,0.9813570872989178,0.0033422311591086713,0.25347149968147276,0.06555159718068344,0.9256545558571816,0.06991412282799848,0.6003356134999347,0.06538526315783516,0.34586666666666666,0.07943886538296814,,,,,0.6649953327642523,0.049280129259722465,1.919268536567688,0.6950301170944495,5,-0.24652850031852724,False,4.0,1.7853298350107671
10000,6000,60,0.006,0.01,0.9,False,hybrid_curriculum,0.9818394214056214,0.0031632723393125927,0.7462607447057963,0.06722074937799218,1.5148075673729182,0.060010345002384044,0.5870787348275243,0.051365719656297805,0.09719999999999998,0.04030825666728288,,,,,0.7877725331542432,0.07246967902072274,0.6248679161071777,0.10140261271722509,5,0.2462607447057963,True,4.0,1.7853298350107671
10000,6000,60,0.006,0.01,0.9,False,operator,0.9814875794033144,0.0032364172835839216,0.7734818927943706,0.038594589240202086,1.4629858933389186,0.04606549557365945,0.5708512260309875,0.043425508629392456,0.07746666666666666,0.026299133910538678,,,,,0.8107878777089054,0.07263797750347722,0.51892369389534,0.06324305888909287,5,0.27348189279437063,True,4.0,1.7853298350107671
10000,6000,60,0.006,0.01,0.9,False,pair_consistency,0.9816082156481695,0.003272819644104752,0.8174727858044207,0.06465847191493466,1.5565593332983554,0.09359040867724573,0.6197453615681932,0.10886388419395217,0.055866666666666676,0.032807180785783936,,,,,0.8198689892853762,0.08974890065137107,0.7071658134460449,0.09050593323350452,5,0.31747278580442073,True,4.0,1.7853298350107671
10000,6000,60,0.006,0.01,0.9,True,factorized,0.9803245627372004,0.0031435124211063588,0.2903072595596313,0.08983485296000551,0.9425920292735099,0.09118782507491183,0.613100235165693,0.05675642312161916,0.33386666666666664,0.07854708425170501,,,,,0.6858910100270885,0.0548115674339107,1.4564234137535095,0.5126437849575466,5,-0.20969274044036867,False,4.0,1.7853298350107671
10000,6000,60,0.006,0.01,0.9,True,hybrid_curriculum,0.9806444481094896,0.0029306859604040047,0.6613502748310566,0.026118606347036024,1.4129998914897441,0.038786101057671066,0.577462295322301,0.050851477742840566,0.1202666666666667,0.0711064929055943,,,,,0.7215548601050519,0.04839914641939369,0.6661324858665466,0.041514062865344155,5,0.16135027483105657,True,4.0,1.7853298350107671
10000,6000,60,0.006,0.01,0.9,True,operator,0.9803362103269235,0.0031591285919441484,0.7406293392181397,0.04676142720753919,1.4161985501646996,0.04379661094878856,0.607831767663632,0.08728502959316081,0.11159999999999999,0.022654898906074243,,,,,0.816184414286828,0.05343642715579819,0.5234660923480987,0.031714615287235494,5,0.24062933921813967,True,4.0,1.7853298350107671
10000,6000,60,0.006,0.01,0.9,True,pair_consistency,0.980617223542203,0.003324706634470838,0.7470640720799565,0.039526352244558124,1.4843530924990773,0.042535283766784886,0.6024233712302154,0.06464382089935161,0.06013333333333333,0.031963173253674995,,,,,0.7754173260271288,0.0699492944969498,0.7050737857818603,0.03200360657621729,5,0.2470640720799565,True,4.0,1.7853298350107671
10000,6000,60,0.006,0.01,0.95,False,factorized,0.9807862148932365,0.003281612086727849,0.18604426383972167,0.08006398513058918,0.8432285338640213,0.07955819762099477,0.6111027837329722,0.07159867010678826,0.37133333333333335,0.07848283605703578,,,,,0.6343224790847536,0.04240404201699671,1.5821579694747925,0.5404631034865319,5,-0.31395573616027833,False,4.0,1.7853298350107671
10000,6000,60,0.006,0.01,0.95,False,hybrid_curriculum,0.9812143436354777,0.0030824182921985674,0.6296114206314087,0.03924884313502048,1.3884382665157318,0.04735370366449485,0.5826876494732977,0.052184062840927914,0.13573333333333332,0.0614249316012824,,,,,0.7226689510022365,0.05233196976328397,0.6575036764144897,0.0537668599758183,5,0.12961142063140874,True,4.0,1.7853298350107671
10000,6000,60,0.006,0.01,0.95,False,operator,0.9807522569614371,0.003224096362566358,0.6957192964851856,0.02282897995231365,1.3802007727324963,0.022151341297484316,0.5772515942256604,0.035458616112320825,0.1122666666666667,0.033587696159953176,,,,,0.7907261350453467,0.036703852677743905,0.5427088916301728,0.04724718920533859,5,0.1957192964851856,True,4.0,1.7853298350107671
10000,6000,60,0.006,0.01,0.95,False,pair_consistency,0.9809623153307971,0.0033397700790729653,0.7185638695955276,0.04811769437986994,1.448916482925415,0.08790836689344518,0.6185080418130937,0.09334528752564013,0.11106666666666667,0.024388521890430327,,,,,0.7567783099055996,0.08131880720818795,0.7008622527122498,0.03611145340795614,5,0.21856386959552765,True,4.0,1.7853298350107671
10000,6000,60,0.006,0.01,0.95,True,factorized,0.9792504065661861,0.0031912861996472885,0.25843063592910764,0.12727909167127224,0.9012900739908218,0.13093644949748995,0.6002241756557354,0.08169090687484022,0.3445333333333333,0.11250027160461039,,,,,0.6679840808890868,0.061353345867532515,1.1844029068946837,0.37379205824198664,5,-0.24156936407089236,False,4.0,1.7853298350107671
10000,6000,60,0.006,0.01,0.95,True,hybrid_curriculum,0.9793864857205282,0.002831320829928677,0.5504322871565819,0.05712169476929234,1.284046572446823,0.06525710351431356,0.581923022168332,0.05900210617303197,0.17013333333333333,0.051964517808896396,,,,,0.6361545617044824,0.05835919311167725,0.7100847244262696,0.03831573821755942,5,0.05043228715658188,True,4.0,1.7853298350107671
10000,6000,60,0.006,0.01,0.95,True,operator,0.9791244660060334,0.002988456042189394,0.6252560809254646,0.06318849588038548,1.275888803601265,0.04472546473338561,0.6221093949709975,0.06987713842843774,0.15826666666666667,0.04358542060011454,,,,,0.7690420545082406,0.03733488835451993,0.6014736652374267,0.02990475626376881,5,0.12525608092546459,True,4.0,1.7853298350107671
10000,6000,60,0.006,0.01,0.95,True,pair_consistency,0.9794012324225283,0.003512762402872285,0.6076553888618946,0.04689618037820174,1.3254582919180393,0.09629878817532614,0.6000204187029743,0.07903789913999094,0.11026666666666667,0.048351950437506785,,,,,0.6694719055789032,0.09230696562997155,0.7391835808753967,0.03551794882260481,5,0.10765538886189463,True,4.0,1.7853298350107671
10000,6000,75,0.0075,0.0125,0.9,False,factorized,0.9813743164843997,0.003301579717436471,0.30306215286254884,0.05487528726348555,0.9636287719011307,0.18506757589069653,0.6376395811260965,0.14341379238797633,0.32586666666666664,0.023670891641657924,,,,,0.6964800284300501,0.03332476576691031,1.7866958141326905,0.5104183241851873,5,-0.19693784713745116,False,4.0,1.8808135922807914
10000,6000,75,0.0075,0.0125,0.9,False,hybrid_curriculum,0.9814946167622383,0.0034368063812222805,0.8519441422075034,0.04870054971336503,1.6289012264460325,0.0639301995230896,0.5724099108548174,0.034278151213360225,0.07826666666666664,0.03528487242746134,,,,,0.8900850962068191,0.08507412199206388,0.544126671552658,0.06167546350959255,5,0.35194414220750336,True,4.0,1.8808135922807914
10000,6000,75,0.0075,0.0125,0.9,False,operator,0.9812833674462643,0.0031157005106508657,0.8398662749677896,0.07285828132408417,1.554436281695962,0.09462753756148744,0.606019921793831,0.08109557864331354,0.06626666666666667,0.019650275655403223,,,,,0.885616799426155,0.07797143226483869,0.43339294791221616,0.0587270959491011,5,0.33986627496778965,True,4.0,1.8808135922807914
10000,6000,75,0.0075,0.0125,0.9,False,pair_consistency,0.9813985979750708,0.003128230796600535,0.8307901593856514,0.04919028461650123,1.5936257543973624,0.09258327514546923,0.6100594623843341,0.10031353725511583,0.03546666666666666,0.0208401322239354,,,,,0.8334321410497857,0.06340549142290075,0.6638229370117188,0.04159863311759821,5,0.33079015938565137,True,4.0,1.8808135922807914
10000,6000,75,0.0075,0.0125,0.9,True,factorized,0.9802951767015434,0.0031830855403823665,0.3123831689357758,0.08923139564199174,0.9503886520862579,0.12363074084379665,0.6669989683880743,0.07649581250451198,0.3078666666666666,0.0798420663281929,,,,,0.6578741155421429,0.024738114144485797,1.385842204093933,0.3413008650005839,5,-0.18761683106422422,False,4.0,1.8808135922807914
10000,6000,75,0.0075,0.0125,0.9,True,hybrid_curriculum,0.9801424378508784,0.003698051011002236,0.7329911909997463,0.05120970012517447,1.4604523919522763,0.08225727677814747,0.5839531727919314,0.07232806739059021,0.1072,0.017399872285610463,,,,,0.8064125170940413,0.0607009676443389,0.6431941866874695,0.03512538109208823,5,0.2329911909997463,True,4.0,1.8808135922807914
10000,6000,75,0.0075,0.0125,0.9,True,operator,0.9799743958470912,0.003174284919891049,0.7787124779075384,0.0597620364809917,1.4440029319375753,0.09629095449025174,0.6295285568356839,0.12002222733136253,0.07573333333333335,0.038287218639006824,,,,,0.8399380299235512,0.06903482899829992,0.5129069328308106,0.03608332595956357,5,0.2787124779075384,True,4.0,1.8808135922807914
10000,6000,75,0.0075,0.0125,0.9,True,pair_consistency,0.9801796397330571,0.0035325048933587894,0.7270431477576494,0.043661184097604645,1.4621192488819361,0.10143438844184925,0.6197396506946103,0.09271828988849158,0.056533333333333324,0.027416134746613068,,,,,0.7361077253338565,0.06054742625631761,0.700692868232727,0.019332916925278873,5,0.22704314775764944,True,4.0,1.8808135922807914
10000,6000,75,0.0075,0.0125,0.95,False,factorized,0.9809218582215455,0.0032566390591290324,0.2838380038738251,0.09009049887242222,0.9131573557853698,0.20558638176242705,0.6624786828247199,0.14329582792660223,0.32333333333333336,0.05291502622129182,,,,,0.6582767673684632,0.05254386579450347,1.4715222597122193,0.38863337549275323,5,-0.21616199612617493,False,4.0,1.8808135922807914
10000,6000,75,0.0075,0.0125,0.95,False,hybrid_curriculum,0.9807283141565154,0.0034339269233320756,0.6708568386733532,0.051878035238888016,1.420547742396593,0.048686454928253735,0.5923366142616023,0.03524561847680101,0.14693333333333333,0.03963051573948764,,,,,0.7838640697097616,0.058779424171081195,0.6396035790443421,0.01858984556403392,5,0.17085683867335322,True,4.0,1.8808135922807914
10000,6000,75,0.0075,0.0125,0.95,False,operator,0.980506047857161,0.003218096474017126,0.7542092964053154,0.07761323777156444,1.4702198833227158,0.06692238578112683,0.580111431502379,0.061455568102445374,0.09333333333333334,0.04066666666666667,,,,,0.8268420333652532,0.0860831908469372,0.49122418761253356,0.03378389171380939,5,0.2542092964053154,True,4.0,1.8808135922807914
10000,6000,75,0.0075,0.0125,0.95,False,pair_consistency,0.9807407033144966,0.0032203545310731997,0.7706283502280712,0.016875324999567096,1.5167369104921817,0.08949367681460789,0.6111914224190633,0.09917434208213295,0.0648,0.01766603772465372,,,,,0.7966471727208044,0.0401878643901291,0.6730674147605896,0.017646107670498856,5,0.2706283502280712,True,4.0,1.8808135922807914
10000,6000,75,0.0075,0.0125,0.95,True,factorized,0.9791988305533199,0.0032649893880713388,0.30447136759758,0.09130798913364199,0.91778384745121,0.12758703544218192,0.6820563777004516,0.08092136615040561,0.29946666666666666,0.08321244565034192,,,,,0.6463340109190778,0.03165811568874925,1.1182451009750367,0.20870053565858754,5,-0.19552863240242002,False,4.0,1.8808135922807914
10000,6000,75,0.0075,0.0125,0.95,True,hybrid_curriculum,0.9788814567779752,0.003774880225808003,0.6180943578481675,0.018800107606435423,1.3458879202604295,0.044946755622079095,0.5892790639831195,0.050733939666381296,0.13079999999999997,0.022766447046280856,,,,,0.7447534780884575,0.05878184466451748,0.7176216006278991,0.02848103656073089,5,0.11809435784816746,True,4.0,1.8808135922807914
10000,6000,75,0.0075,0.0125,0.95,True,operator,0.9788750196686818,0.003381355321783566,0.6793921172618866,0.04187817597610821,1.3274217575788498,0.10372373858675582,0.6155003043864669,0.13013638224143537,0.11813333333333334,0.03201874451005223,,,,,0.7844057051630761,0.055600353688444994,0.5967353105545044,0.0368213711504098,5,0.17939211726188664,True,4.0,1.8808135922807914
10000,6000,75,0.0075,0.0125,0.95,True,pair_consistency,0.9790770993941308,0.0034497936936433403,0.6581445366144181,0.03422870160212443,1.3731076195836067,0.10371216445243422,0.6241525726320509,0.0948729341588848,0.07106666666666665,0.009587028273198706,,,,,0.6545789707864214,0.04941173050409883,0.7410548090934753,0.025752252618134686,5,0.15814453661441807,True,4.0,1.8808135922807914
10000,6000,100,0.01,0.016666666666666666,0.9,False,factorized,0.9811964739413076,0.0030239485141469943,0.29399471879005434,0.08792281683796864,1.0019913092255592,0.11619527053707794,0.6206438135531989,0.04771265634172196,0.33586666666666665,0.04804951150173697,,,,,0.6760037062903741,0.04525160387581631,1.3236034870147706,0.451816776695069,5,-0.20600528120994566,False,4.0,2.0043213737826426
10000,6000,100,0.01,0.016666666666666666,0.9,False,hybrid_curriculum,0.9817544327142901,0.003050932016173918,0.843317811191082,0.05531755857005409,1.6065537251532078,0.09539670652190994,0.5858678283626473,0.06625688918456625,0.08666666666666666,0.034791442115043834,,,,,0.8876552606701293,0.07977788055345658,0.5200537979602814,0.05393262648806503,5,0.34331781119108196,True,4.0,2.0043213737826426
10000,6000,100,0.01,0.016666666666666666,0.9,False,operator,0.9817784311456039,0.003123754476903841,0.8789950359612704,0.048791180349950225,1.5949152592569589,0.07121925060036143,0.5957215216004154,0.07104172742279323,0.04239999999999999,0.03507008855294082,,,,,0.924307732999775,0.02961191266646545,0.439188814163208,0.06828073348537364,5,0.3789950359612704,True,4.0,2.0043213737826426
10000,6000,100,0.01,0.016666666666666666,0.9,False,pair_consistency,0.9816626072666554,0.003020552378276091,0.8142873111821245,0.040951616966528166,1.5760582435585093,0.04553634281493218,0.6153087757594793,0.057987016455883014,0.04600000000000001,0.03100537587795595,,,,,0.8149692928593669,0.05769999472588244,0.6946439981460572,0.050520362627671865,5,0.3142873111821245,True,4.0,2.0043213737826426
10000,6000,100,0.01,0.016666666666666666,0.9,True,factorized,0.9800609324380904,0.0031730426186807555,0.31823593378067017,0.05592362768163158,1.009821890294552,0.0703645562838528,0.6032791940870974,0.06508140198459934,0.2881333333333333,0.03325791468040185,,,,,0.6654230992227503,0.05967628154867558,1.0438225626945496,0.28105460852789244,5,-0.18176406621932983,False,4.0,2.0043213737826426
10000,6000,100,0.01,0.016666666666666666,0.9,True,hybrid_curriculum,0.9804830486259156,0.0027099243842646954,0.7726719222962857,0.038213294430779095,1.5150481678545475,0.021266436237469565,0.5958766592012582,0.051253332443462446,0.08626666666666664,0.03315820662621347,,,,,0.8417178145859182,0.052397780962011864,0.61137615442276,0.01810235726433597,5,0.2726719222962857,True,4.0,2.0043213737826426
10000,6000,100,0.01,0.016666666666666666,0.9,True,operator,0.9806102446013629,0.0031812317971450913,0.7775367747992277,0.033170695479010866,1.481513587757945,0.05966493620446417,0.5648962905034655,0.037088994618075105,0.07853333333333334,0.026917156858281544,,,,,0.851093496046696,0.026285613796470063,0.5231052875518799,0.01679070210027031,5,0.27753677479922767,True,4.0,2.0043213737826426
10000,6000,100,0.01,0.016666666666666666,0.9,True,pair_consistency,0.9804780491413869,0.00284904974927203,0.7258278872817755,0.060145289252831316,1.4751015540212393,0.08043677637759798,0.597280903413089,0.012867386111461845,0.06026666666666668,0.02142998937107631,,,,,0.7173233719517569,0.0881558979581458,0.6979137301445008,0.032312579774289835,5,0.2258278872817755,True,4.0,2.0043213737826426
10000,6000,100,0.01,0.016666666666666666,0.95,False,factorized,0.9806751939434772,0.0031654967103290055,0.257731431722641,0.09240073530500724,0.9740990951657296,0.0904563650116237,0.5873216597849842,0.0467660185609254,0.3469333333333333,0.07993135944184997,,,,,0.6373081739680154,0.049647434057977335,1.097715973854065,0.2953369695216912,5,-0.242268568277359,False,4.0,2.0043213737826426
10000,6000,100,0.01,0.016666666666666666,0.95,False,hybrid_curriculum,0.9811665456267382,0.003071333500115182,0.7355397045612335,0.04099234361453092,1.4676625415682794,0.0509100744052076,0.6156310022380531,0.058117512704262374,0.13813333333333333,0.04381881888970638,,,,,0.8437649969228957,0.03740283755801474,0.5958523750305176,0.05689967765684229,5,0.23553970456123352,True,4.0,2.0043213737826426
10000,6000,100,0.01,0.016666666666666666,0.95,False,operator,0.9812339532273752,0.00299725555691903,0.8072453968226909,0.05420893759914531,1.5111582361161708,0.05430877606102844,0.5884575976406131,0.05856292692021062,0.08186666666666667,0.029737368933903868,,,,,0.8916413633709606,0.03935244380814548,0.4607124328613281,0.04596244457402802,5,0.3072453968226909,True,4.0,2.0043213737826426
10000,6000,100,0.01,0.016666666666666666,0.95,False,pair_consistency,0.9810608835796307,0.003088903695247018,0.7424045611172915,0.033994761220348335,1.4846971828490496,0.062802862843905,0.622110654637966,0.07211063058936978,0.0772,0.01926655132606769,,,,,0.7144975972213807,0.018042565717065327,0.6856850266456604,0.03621899887697296,5,0.24240456111729147,True,4.0,2.0043213737826426
10000,6000,100,0.01,0.016666666666666666,0.95,True,factorized,0.9789555855246211,0.003049341974480875,0.2843874454498291,0.05299021552244154,0.9642809197306633,0.062177785517994,0.6060812964769597,0.06968033991299562,0.3038666666666667,0.038546941080540575,,,,,0.6565464767627651,0.03650625013841774,0.8662476658821106,0.1496793427351933,5,-0.21561255455017092,False,4.0,2.0043213737826426
10000,6000,100,0.01,0.016666666666666666,0.95,True,hybrid_curriculum,0.9794434764824402,0.0028391303843137007,0.6303126737475395,0.03216974364778928,1.3371411755681037,0.0434058444136608,0.6155823161970867,0.07153917383152592,0.12813333333333332,0.039747536611300406,,,,,0.7151014201306471,0.04867635010853195,0.6981510639190673,0.021112246358923527,5,0.13031267374753952,True,4.0,2.0043213737826426
10000,6000,100,0.01,0.016666666666666666,0.95,True,operator,0.9796283309661913,0.0029165112931927727,0.6710525900125504,0.0537459022828188,1.3594827234745026,0.0711478953035362,0.5546440262163901,0.018472174485657574,0.12240000000000002,0.022541813000141162,,,,,0.7690285886071863,0.08495744767546483,0.5898656606674194,0.029743552882559258,5,0.17105259001255035,True,4.0,2.0043213737826426
10000,6000,100,0.01,0.016666666666666666,0.95,True,pair_consistency,0.9794288917646042,0.002884367720332416,0.6623663399368525,0.054119325616024914,1.35812927223742,0.16943447922247373,0.6264817724653804,0.11411495883433069,0.08293333333333333,0.029614560983108017,,,,,0.6734001713321739,0.07110724175017681,0.7349136710166931,0.02462419458179459,5,0.16236633993685246,True,4.0,2.0043213737826426
10000,6000,150,0.015,0.025,0.9,False,factorized,0.9812075202256871,0.003234922258387511,0.27850922346115115,0.04371788327477613,1.002367003262043,0.04470891938505663,0.5767292021707369,0.052411839983408585,0.35319999999999996,0.04894305080624031,,,,,0.6857505944268335,0.06264865455177644,1.0544562816619873,0.2141372770544132,5,-0.22149077653884885,False,4.0,2.1789769472931693
10000,6000,150,0.015,0.025,0.9,False,hybrid_curriculum,0.9817410118643546,0.003251804976901486,0.8375529931858182,0.06521553725567654,1.5949008958414197,0.08780896246591877,0.6349330671614952,0.03437379926763774,0.06800000000000002,0.03918049401310696,,,,,0.8621712346550863,0.08744289996094705,0.5092545330524445,0.009782337784673597,5,0.3375529931858182,True,4.0,2.1789769472931693
10000,6000,150,0.015,0.025,0.9,False,operator,0.9816960219762996,0.003190045333033016,0.8975723050534725,0.061758566908552644,1.6041408434510231,0.16348510954297907,0.6579049303662121,0.07365786097566325,0.05546666666666668,0.02000777626601993,,,,,0.9336030272957228,0.05255693453401733,0.3789904296398163,0.0647972263464341,5,0.3975723050534725,True,4.0,2.1789769472931693
10000,6000,150,0.015,0.025,0.9,False,pair_consistency,0.9815680076379195,0.003318388010949151,0.8847904270282015,0.03634279803977986,1.6314373841276393,0.07542279291208552,0.6272705485124291,0.08207577197363679,0.02866666666666668,0.014126413400278044,,,,,0.9008587102565405,0.05107757671425732,0.6333951950073242,0.027843194091262236,5,0.38479042702820154,True,4.0,2.1789769472931693
10000,6000,150,0.015,0.025,0.9,True,factorized,0.9802799959997776,0.002934861277313545,0.2950329303741455,0.050930589616394024,0.9826212957501411,0.09429265880464131,0.6044186070160599,0.07516870734470407,0.33999999999999997,0.022335820757001273,,,,,0.7007806580696828,0.04880065633908142,0.8827302932739258,0.14677445459802357,5,-0.20496706962585448,False,4.0,2.1789769472931693
10000,6000,150,0.015,0.025,0.9,True,hybrid_curriculum,0.9807094581467156,0.00316294591606874,0.7784147627651692,0.043251864327062205,1.5118989951908588,0.056506152682820346,0.6331332285369695,0.03906101626600924,0.06426666666666665,0.008597157152868108,,,,,0.8014556867250799,0.07186156245479039,0.6291941285133362,0.03731191729540489,5,0.2784147627651692,True,4.0,2.1789769472931693
10000,6000,150,0.015,0.025,0.9,True,operator,0.9806412587080622,0.003025608150932458,0.8539844524115324,0.02141081025034489,1.5090568970888854,0.10563647487656272,0.6834278007851187,0.08843809026231737,0.06333333333333332,0.02013289182738866,,,,,0.9118058016216384,0.022206964794205388,0.4875100553035736,0.02986495211123789,5,0.3539844524115324,True,4.0,2.1789769472931693
10000,6000,150,0.015,0.025,0.9,True,pair_consistency,0.9804214497282707,0.0036135067387082775,0.7808679009816842,0.048548152315265505,1.5112184832833009,0.05502347076785418,0.6188697611093197,0.09210159178787568,0.04400000000000001,0.02473863375370595,,,,,0.7877735411630183,0.09126440516836462,0.7060910940170289,0.028479551604268485,5,0.28086790098168424,True,4.0,2.1789769472931693
10000,6000,150,0.015,0.025,0.95,False,factorized,0.980701652924733,0.0032735445617028095,0.2506853699684143,0.0553198955773847,0.9601623699069023,0.08956747154369507,0.5738210705074656,0.08325069138697255,0.3546666666666667,0.06833739825307959,,,,,0.6465192783383712,0.040570982039466935,0.9176089286804199,0.12643101584173225,5,-0.24931463003158572,False,4.0,2.1789769472931693
10000,6000,150,0.015,0.025,0.95,False,hybrid_curriculum,0.9811829503281271,0.0032754470340248362,0.7707195378839969,0.06116881321124038,1.5134584300220013,0.06932541880996791,0.6294017968826051,0.018027041670458484,0.06999999999999998,0.023958297101421895,,,,,0.8121078758498609,0.07890584170937157,0.6032061815261841,0.03455573394496592,5,0.27071953788399694,True,4.0,2.1789769472931693
10000,6000,150,0.015,0.025,0.95,False,operator,0.9811475193312329,0.0033199409736879874,0.8503364596515894,0.044212723724370566,1.504876396432519,0.16026440772382441,0.6809668078237616,0.08277865886889521,0.07533333333333334,0.014204850501775019,,,,,0.9140085078286482,0.03387533650175172,0.4417472302913666,0.05495879507685825,5,0.35033645965158944,True,4.0,2.1789769472931693
10000,6000,150,0.015,0.025,0.95,False,pair_consistency,0.980847692589259,0.0035123441256834156,0.8017421127296984,0.03158941979295076,1.5321311787702143,0.09239878026178078,0.6321188143594566,0.08461210405104025,0.03560000000000001,0.013732362425226668,,,,,0.8191177280324607,0.051607694784572423,0.6804510474205017,0.00922996642733101,5,0.3017421127296984,True,4.0,2.1789769472931693
10000,6000,150,0.015,0.025,0.95,True,factorized,0.979158817477793,0.0031990570547279903,0.2162293553352356,0.05429170928759884,0.8853673309087753,0.0844818398886591,0.5905156835652433,0.07820303413776757,0.37173333333333336,0.023478595452974753,,,,,0.646261755148175,0.06466851458105863,0.7885097742080689,0.11591274316399021,5,-0.2837706446647644,False,4.0,2.1789769472931693
10000,6000,150,0.015,0.025,0.95,True,hybrid_curriculum,0.9796266853532887,0.0032037819133689306,0.6889756910502911,0.055845271808752386,1.4082227669656278,0.07164523300406145,0.6211330566176579,0.04306232969866691,0.0904,0.031050496507034037,,,,,0.7714244651900384,0.07315038668575546,0.7424816966056824,0.05114801131473924,5,0.1889756910502911,True,4.0,2.1789769472931693
10000,6000,150,0.015,0.025,0.95,True,operator,0.9795422776212345,0.0028725053900389096,0.7509236730635166,0.049780966534709405,1.3664045087993144,0.14049757077871217,0.6901594230093535,0.09644898511202764,0.096,0.044659203356580864,,,,,0.8204958090556358,0.08695623984814159,0.576556921005249,0.05846198327823466,5,0.2509236730635166,True,4.0,2.1789769472931693
10000,6000,150,0.015,0.025,0.95,True,pair_consistency,0.9792324682694066,0.0033980175090522623,0.657825818657875,0.029074050364703525,1.3703921884298325,0.06447336514984738,0.6256663391394336,0.08402815585863797,0.0730666666666667,0.04730186747546726,,,,,0.6876339573516457,0.055823996928533466,0.7724096775054932,0.03171345895415482,5,0.15782581865787504,True,4.0,2.1789769472931693
10000,6000,200,0.02,0.03333333333333333,0.9,False,factorized,0.9814253663944494,0.0029698073168152738,0.2694812834262848,0.08573625462182807,0.9570100396871567,0.05950590918748755,0.6305379581925677,0.09254260960080361,0.33413333333333334,0.07354726371524638,,,,,0.684744724226868,0.03968330042836182,1.3634023070335388,0.47104482292524785,5,-0.2305187165737152,False,4.0,2.303196057420489
10000,6000,200,0.02,0.03333333333333333,0.9,False,hybrid_curriculum,0.9815283545113255,0.0034472341129414366,0.925986596569419,0.018902619136031616,1.719442031905055,0.04686480762739082,0.5780142977249235,0.033966826470301296,0.04266666666666667,0.01921804707386608,,,,,0.9573730225405989,0.014675183743028338,0.4589716255664825,0.021732990282499132,5,0.42598659656941895,True,4.0,2.303196057420489
10000,6000,200,0.02,0.03333333333333333,0.9,False,operator,0.9813649694193186,0.003433361299026118,0.9242843141779303,0.037183296433908004,1.597683467529714,0.047643202859385635,0.6249152276722836,0.08428394899623513,0.046,0.0264112770527204,,,,,0.9496815662922987,0.037353290975277675,0.3976012527942657,0.03233931523379744,5,0.42428431417793033,True,4.0,2.303196057420489
10000,6000,200,0.02,0.03333333333333333,0.9,False,pair_consistency,0.981521552057614,0.003289928169727015,0.8937688330421224,0.05446591857520418,1.6120472664246335,0.08306408483352033,0.6855348881594825,0.0991344748110593,0.026133333333333342,0.01789723752737028,,,,,0.9065255766073814,0.05603804336855869,0.6313889026641846,0.022111631364579876,5,0.3937688330421224,True,4.0,2.303196057420489
10000,6000,200,0.02,0.03333333333333333,0.9,True,factorized,0.9802500004550124,0.002926600396105542,0.31387853622436523,0.13742597238134582,0.9661295861005783,0.09006495410896527,0.6382613518373347,0.14982556784230283,0.31426666666666664,0.07793244938192737,,,,,0.6478499035197715,0.09328837583782744,1.0786464929580688,0.28408235125683956,5,-0.18612146377563477,False,4.0,2.303196057420489
10000,6000,200,0.02,0.03333333333333333,0.9,True,hybrid_curriculum,0.98054840191396,0.0031537944945947524,0.8191628772765398,0.02702671420964598,1.5760936129838228,0.06797053124463694,0.5831926671421745,0.0383350313121282,0.0728,0.02142376665709785,,,,,0.879383519144605,0.03800988301445163,0.603965699672699,0.021278912481195636,5,0.3191628772765398,True,4.0,2.303196057420489
10000,6000,200,0.02,0.03333333333333333,0.9,True,operator,0.9804570137556187,0.003375449214184996,0.8850980874150991,0.02502161127867018,1.5395161148160696,0.07918855144138205,0.6504382547634011,0.08933154011838061,0.04880000000000002,0.022946314155727333,,,,,0.9280460830545776,0.02424816239799763,0.46817260384559634,0.04844254483511299,5,0.3850980874150991,True,4.0,2.303196057420489
10000,6000,200,0.02,0.03333333333333333,0.9,True,pair_consistency,0.980524170074308,0.0032671457045694028,0.7769930029287935,0.029712347895934483,1.4956665256991983,0.07877940557127211,0.6494664150687937,0.0869234617049845,0.04240000000000001,0.021074471128199934,,,,,0.7758718740741892,0.051756707440122264,0.7058082461357117,0.020837538541843795,5,0.2769930029287935,True,4.0,2.303196057420489
10000,6000,200,0.02,0.03333333333333333,0.95,False,factorized,0.9809366924867838,0.003042891210664262,0.23256224989891053,0.12325534360088697,0.9279898837208748,0.08681879251564625,0.6402285346887937,0.05788628095844443,0.34786666666666666,0.09216820372437436,,,,,0.6656842135642137,0.042632388392913764,1.1609322071075439,0.35563228147451265,5,-0.2674377501010895,False,4.0,2.303196057420489
10000,6000,200,0.02,0.03333333333333333,0.95,False,hybrid_curriculum,0.9810156782027141,0.0035098804870849916,0.8339780509471894,0.051647955995968414,1.5990523979067803,0.09536117082979403,0.5885816524797424,0.03616924533037587,0.0744,0.0266441571664617,,,,,0.9036566535775199,0.04412291082912142,0.5331407904624939,0.024025133704136552,5,0.33397805094718935,True,4.0,2.303196057420489
10000,6000,200,0.02,0.03333333333333333,0.95,False,operator,0.980837084768859,0.00343650827368251,0.8651917971670627,0.054300181269299426,1.5547067634761333,0.1263722836781963,0.6084640755646846,0.08124580811477422,0.058266666666666675,0.04030605137913881,,,,,0.8988121684798822,0.08146447968664271,0.43872624039649966,0.039080648001022754,5,0.36519179716706274,True,4.0,2.303196057420489
10000,6000,200,0.02,0.03333333333333333,0.95,False,pair_consistency,0.9810486740040683,0.003286674149709417,0.8391371565172449,0.057850778957457355,1.548956304998137,0.08468419489768997,0.6806352244201497,0.09778536892174568,0.03053333333333333,0.02182964345410462,,,,,0.8544765017155035,0.06829837425203579,0.6650301456451416,0.026221181210412045,5,0.33913715651724485,True,4.0,2.303196057420489
10000,6000,200,0.02,0.03333333333333333,0.95,True,factorized,0.979324466946162,0.003192958138620605,0.2391809642314911,0.11656628694762755,0.8826840937137603,0.04655187687816071,0.6605982359580642,0.14656064949410716,0.3414666666666667,0.10624228076534421,,,,,0.6384205592430237,0.07348179817621081,0.898282241821289,0.1829392851832041,5,-0.2608190357685089,False,4.0,2.303196057420489
10000,6000,200,0.02,0.03333333333333333,0.95,True,hybrid_curriculum,0.9795044332892949,0.0031674546821745483,0.694131737947464,0.0371456434705168,1.4256834894418717,0.08098140358736933,0.5786352445347622,0.05591059271908059,0.11266666666666666,0.031421860755425246,,,,,0.7831050838269192,0.07069563100372411,0.6899863958358765,0.03296887936153947,5,0.19413173794746397,True,4.0,2.303196057420489
10000,6000,200,0.02,0.03333333333333333,0.95,True,operator,0.9793680983049825,0.003352712192791526,0.766146668791771,0.08741714425947135,1.4099230736494064,0.13452197688355222,0.6603585447834002,0.07383932117765474,0.0816,0.032780753160624294,,,,,0.812450327246521,0.10747404384936804,0.5710769593715668,0.06488922915197441,5,0.26614666879177096,True,4.0,2.303196057420489
10000,6000,200,0.02,0.03333333333333333,0.95,True,pair_consistency,0.9796464132643298,0.003357609641441856,0.6981785617768764,0.04836835772617196,1.399240007251501,0.08065228824308093,0.6475902283713717,0.09928775262379182,0.06746666666666665,0.018399275348049277,,,,,0.721351679774288,0.06497049758408364,0.7703956484794616,0.026851051139346035,5,0.19817856177687643,True,4.0,2.303196057420489
10000,6000,250,0.025,0.041666666666666664,0.9,False,factorized,0.9813539203799204,0.0031056665910366046,0.36708219051361085,0.09722667779355022,1.0520965233445168,0.1493208776966949,0.636401903547744,0.12483191984062861,0.2917333333333333,0.10479461394132385,,,,,0.7024433965316356,0.07453639936947237,1.7103086948394775,0.6839075027003363,5,-0.13291780948638915,False,4.0,2.399673721481038
10000,6000,250,0.025,0.041666666666666664,0.9,False,hybrid_curriculum,0.9815364443166809,0.0032086644913451156,0.8393725749105215,0.0358196515175909,1.626369508728385,0.053141458813504586,0.5449122987552322,0.0231551735039302,0.040400000000000005,0.012548572295949287,,,,,0.8510318603576827,0.05183688465361459,0.5061791658401489,0.022119315426214745,5,0.33937257491052153,True,4.0,2.399673721481038
10000,6000,250,0.025,0.041666666666666664,0.9,False,operator,0.9816308127948098,0.003250531117023819,0.9539008637424559,0.016277795149119353,1.7102071662899108,0.0662638391400573,0.58808231739479,0.07343057226464227,0.026533333333333353,0.010681240044530835,,,,,0.9721579370037391,0.0073557267105517935,0.3674282133579254,0.04320882018785513,5,0.45390086374245586,True,4.0,2.399673721481038
10000,6000,250,0.025,0.041666666666666664,0.9,False,pair_consistency,0.9817912261298665,0.003077767846950779,0.844835909595713,0.036913474394045104,1.606242754450068,0.03519723771629839,0.6263023417763888,0.036133747437130506,0.028000000000000008,0.025302612952464457,,,,,0.8491906526826236,0.055725555909022,0.6437487602233887,0.023733079211706046,5,0.344835909595713,True,4.0,2.399673721481038
10000,6000,250,0.025,0.041666666666666664,0.9,True,factorized,0.9802515712074502,0.002885439640478212,0.33367428183555603,0.09022379466800544,1.0103644028306007,0.1404341473933797,0.623113059006025,0.07121891286986658,0.3045333333333333,0.07411312674253841,,,,,0.6930299539960186,0.06926806689699294,1.3179052114486693,0.49539175285405795,5,-0.16632571816444397,False,4.0,2.399673721481038
10000,6000,250,0.025,0.041666666666666664,0.9,True,hybrid_curriculum,0.9805478534019594,0.0033070925781870136,0.7960669327527284,0.07284468798045193,1.5534005422145127,0.048046231392272765,0.555332936873947,0.0688933625411869,0.07213333333333334,0.041010567743773894,,,,,0.8532996015981631,0.07376874127864654,0.6420536994934082,0.06198175643823945,5,0.29606693275272844,True,4.0,2.399673721481038
10000,6000,250,0.025,0.041666666666666664,0.9,True,operator,0.9806438671291661,0.002993772094729624,0.8911276277154684,0.03331518487002396,1.6064104449003935,0.08473708195206178,0.6034225347209712,0.06549197476652503,0.051466666666666674,0.028633313930920855,,,,,0.9330518919658823,0.022372980924955557,0.477690714597702,0.03827366459900662,5,0.3911276277154684,True,4.0,2.399673721481038
10000,6000,250,0.025,0.041666666666666664,0.9,True,pair_consistency,0.9808022575846728,0.0033690869562243864,0.7198140623862855,0.052240405741722576,1.4611681255395523,0.07328509673138915,0.5912088239597875,0.033682788506042484,0.030400000000000028,0.014511298280229038,,,,,0.7032544791466654,0.09791114085233113,0.7172827363014221,0.027492128119808133,5,0.21981406238628554,True,4.0,2.399673721481038
10000,6000,250,0.025,0.041666666666666664,0.95,False,factorized,0.980850447545803,0.0031144444860249122,0.26702840626239777,0.11554895697850709,0.9438384607434273,0.13162725636166964,0.6499966389692922,0.10922671716381288,0.3474666666666667,0.11783547852832782,,,,,0.6634846438165367,0.06306321991885316,1.3988558650016785,0.4919086664843432,5,-0.23297159373760223,False,4.0,2.399673721481038
10000,6000,250,0.025,0.041666666666666664,0.95,False,hybrid_curriculum,0.9811465899924292,0.0033711550700845833,0.8158497154712677,0.0319969464896919,1.575758957862854,0.04878327530079974,0.5736937438343849,0.06314417332802462,0.08760000000000001,0.022738122662661116,,,,,0.880497639334789,0.04492701113267957,0.5833406209945678,0.023341927377856016,5,0.3158497154712677,True,4.0,2.399673721481038
10000,6000,250,0.025,0.041666666666666664,0.95,False,operator,0.9809689397795642,0.003126941944277731,0.8942524028941989,0.05312916274588465,1.6381089432165026,0.06335558721597084,0.5761045892283927,0.03769178853253593,0.05333333333333332,0.014749764593225058,,,,,0.9239016670270329,0.06432399129818703,0.4200021684169769,0.02866282668997335,5,0.39425240289419894,True,4.0,2.399673721481038
10000,6000,250,0.025,0.041666666666666664,0.95,False,pair_consistency,0.9812361440961699,0.0031158595387252947,0.7701131721027196,0.0541746627434994,1.5033786748535931,0.05247144359239372,0.6305017984550568,0.1025102140768412,0.03599999999999999,0.0310304509939654,,,,,0.7496703672213483,0.09031417532311524,0.6838747382164001,0.02464667783014452,5,0.27011317210271957,True,4.0,2.399673721481038
10000,6000,250,0.025,0.041666666666666664,0.95,True,factorized,0.9790543878322845,0.0030700338311551935,0.25297102332115173,0.06683816608754387,0.926878821849823,0.09747512323386598,0.6049627884256801,0.04632978643283282,0.3432,0.08023770241531653,,,,,0.6539953895332923,0.056628051488036533,1.0996298789978027,0.35044317338630204,5,-0.24702897667884827,False,4.0,2.399673721481038
10000,6000,250,0.025,0.041666666666666664,0.95,True,hybrid_curriculum,0.9795631073537271,0.0031676025391906447,0.6746940538287163,0.04675759741443886,1.400643701851368,0.050775879625587814,0.5815933485261382,0.08123641587064923,0.11066666666666666,0.03790338595253288,,,,,0.7460007028576058,0.0917285047743412,0.7450883030891419,0.04625230299589717,5,0.17469405382871628,True,4.0,2.399673721481038
10000,6000,250,0.025,0.041666666666666664,0.95,True,operator,0.9795713002036204,0.0030100030111110754,0.7961275827139616,0.033010654874284194,1.4881331365555526,0.06917968449906294,0.6089264188821815,0.04722517814652489,0.06400000000000002,0.04150769674275953,,,,,0.8637209054637301,0.05356297200802799,0.5800819635391236,0.03161641082710538,5,0.29612758271396156,True,4.0,2.399673721481038
10000,6000,250,0.025,0.041666666666666664,0.95,True,pair_consistency,0.9798105210999489,0.003350422768335945,0.6607507076114416,0.025318364413915946,1.3744507666677237,0.07112016720750586,0.6335575350660744,0.09036211738987164,0.0628,0.027371518043396863,,,,,0.6452264986597748,0.08102948498990144,0.7744507431983948,0.03150117544883136,5,0.1607507076114416,True,4.0,2.399673721481038
10000,6000,300,0.03,0.05,0.9,False,factorized,0.981352299640746,0.0032817639798940583,0.32664900422096255,0.05153269983436592,1.0575952857732773,0.0826478437456244,0.6096477762506813,0.08476795126637789,0.3050666666666667,0.08086559493656403,,,,,0.6869995634946998,0.055314052660759824,1.2979372024536133,0.3643072726783555,5,-0.17335099577903745,False,4.0,2.4785664955938436
10000,6000,300,0.03,0.05,0.9,False,hybrid_curriculum,0.9815646212469359,0.003173062445379685,0.9336138546466828,0.007306037754793196,1.7192412197589875,0.02437978885680896,0.5730889012843716,0.026055425839584152,0.042533333333333326,0.019829271292712683,,,,,0.9623526949054897,0.008416607720138755,0.45111175179481505,0.03616826700908989,5,0.4336138546466828,True,4.0,2.4785664955938436
10000,6000,300,0.03,0.05,0.9,False,operator,0.9815689961182288,0.003293533855255753,0.9577339412644506,0.01873040905549943,1.6943469883874058,0.08313406532691506,0.6602964401050859,0.014285577889170974,0.023066666666666687,0.007096164848392097,,,,,0.9728088468289068,0.011702062398249408,0.36134527921676635,0.022240276520902238,5,0.45773394126445055,True,4.0,2.4785664955938436
10000,6000,300,0.03,0.05,0.9,False,pair_consistency,0.9816494193588324,0.003106927352505211,0.8300604978081537,0.04858752932007207,1.544772518562968,0.09193923311827965,0.6865065789929068,0.09330257701943262,0.03693333333333333,0.021466252583997963,,,,,0.8191256614439993,0.07974955525102925,0.6430750012397766,0.026101086713808067,5,0.3300604978081537,True,4.0,2.4785664955938436
10000,6000,300,0.03,0.05,0.9,True,factorized,0.9801175143801935,0.003072917739427774,0.31209446787834166,0.02862350533824404,1.026606622338295,0.031727756536463994,0.5926293497172844,0.07357516892736499,0.30946666666666667,0.06186257170355737,,,,,0.6781774658964961,0.0459698352905171,1.0103745341300965,0.19011661121313495,5,-0.18790553212165834,False,4.0,2.4785664955938436
10000,6000,300,0.03,0.05,0.9,True,hybrid_curriculum,0.9807906950594634,0.0031133026106352404,0.8356046434491873,0.05127821744501666,1.5935525324195623,0.03296634505102184,0.5431745275451365,0.03291516184048236,0.0708,0.03016399619855875,,,,,0.8816315769310499,0.06099593081887823,0.6271168112754821,0.02471306579436997,5,0.3356046434491873,True,4.0,2.4785664955938436
10000,6000,300,0.03,0.05,0.9,True,operator,0.9806416581814809,0.0032352896487247876,0.9076299109030515,0.03725137832445782,1.5720802866388113,0.07518350051137714,0.6951386139838032,0.0336206816085334,0.037200000000000025,0.0319388304245614,,,,,0.9363068434997167,0.032885850944961326,0.45916132926940917,0.031247622955782834,5,0.40762991090305145,True,4.0,2.4785664955938436
10000,6000,300,0.03,0.05,0.9,True,pair_consistency,0.9807839031036878,0.0030902307027194952,0.7944478384684771,0.034204625021909685,1.507616627914831,0.06921098367877052,0.6566264212438844,0.08796405280610456,0.026533333333333343,0.023548531447488037,,,,,0.800533455702564,0.05815849681467117,0.7094089269638062,0.018412756923783486,5,0.2944478384684771,True,4.0,2.4785664955938436
10000,6000,300,0.03,0.05,0.95,False,factorized,0.9807972287064544,0.0033021667937080633,0.2725782454013824,0.08922382401512477,0.9841304883360863,0.10936687143457988,0.6082652137058403,0.09540942742159202,0.33613333333333334,0.10456831897536337,,,,,0.6724517202572268,0.05053328371002566,1.1284035801887513,0.2639176535045021,5,-0.22742175459861758,False,4.0,2.4785664955938436
10000,6000,300,0.03,0.05,0.95,False,hybrid_curriculum,0.9810411464085169,0.0032531164791974065,0.8279086172580719,0.08606551794749646,1.592848575115204,0.09766933673554402,0.5678590126162611,0.01724834183980987,0.08680000000000002,0.04834919280033994,,,,,0.8958885769608307,0.07233026558809445,0.558957302570343,0.04963176224992518,5,0.32790861725807186,True,4.0,2.4785664955938436
10000,6000,300,0.03,0.05,0.95,False,operator,0.9808858815469652,0.0032690165771765973,0.9231151016429067,0.01788222349898567,1.6330841841176151,0.07456812122300796,0.661407270868872,0.03589527378195837,0.04813333333333332,0.01468483722907558,,,,,0.9588748519423742,0.007539893195268953,0.4019930958747864,0.01999593488606084,5,0.42311510164290667,True,4.0,2.4785664955938436
10000,6000,300,0.03,0.05,0.95,False,pair_consistency,0.9810769383949325,0.0029968457065183496,0.7949772121384739,0.0297184456197608,1.5043600277975202,0.09772940823232634,0.6713363674425001,0.10014835989602673,0.026000000000000023,0.013055437351710771,,,,,0.7907029306863744,0.06532187272510254,0.6846724390983582,0.020531753209830937,5,0.29497721213847394,True,4.0,2.4785664955938436
10000,6000,300,0.03,0.05,0.95,True,factorized,0.9791279781177069,0.0031798194100423143,0.2278471291065216,0.06001933530316913,0.9241420745849609,0.05088137577643212,0.6086771099196533,0.0534583378724652,0.34733333333333327,0.0966908015847997,,,,,0.6343091374022356,0.05266236388336287,0.8756960749626159,0.13489135764790589,5,-0.2721528708934784,False,4.0,2.4785664955938436
10000,6000,300,0.03,0.05,0.95,True,hybrid_curriculum,0.9798005488610488,0.0034424491457379367,0.725602101534605,0.06497845759107021,1.4560079075396062,0.09253933796180991,0.5647236543815666,0.035949346682342447,0.10266666666666666,0.039488394919689175,,,,,0.8289466377173756,0.05623311482476875,0.7359030961990356,0.027503272368985577,5,0.22560210153460503,True,4.0,2.4785664955938436
10000,6000,300,0.03,0.05,0.95,True,operator,0.9795720795355216,0.003391340521332382,0.8456385111436248,0.06685331230855471,1.4894203221425415,0.08783159200716621,0.6969539541581904,0.045137542844992516,0.056933333333333336,0.02457912393339789,,,,,0.9027997425543598,0.05215627608301071,0.5400195837020874,0.03468281058991854,5,0.34563851114362476,True,4.0,2.4785664955938436
10000,6000,300,0.03,0.05,0.95,True,pair_consistency,0.9798323578772763,0.003051483183129712,0.7105350887402893,0.030407160292393355,1.4070101877674461,0.08228279879950721,0.6500393981937529,0.10051006499111526,0.05813333333333335,0.04447571122409275,,,,,0.7276591976071403,0.035145424146636337,0.7736360192298889,0.014350712913960622,5,0.21053508874028926,True,4.0,2.4785664955938436
