source_file,noise,threshold_shift,seed,clean_strategy,corrupted_strategy,clean_global_qwk,clean_worst_site_qwk,clean_mean_site_qwk,clean_site_qwk_spread,clean_global_accuracy,clean_macro_f1,clean_mean_abs_error,clean_severe_error_rate,clean_mean_overgrade,clean_mean_undergrade,clean_prediction_entropy,corrupted_global_qwk,delta_corrupted_vs_clean_global_qwk,corrupted_worst_site_qwk,delta_corrupted_vs_clean_worst_site_qwk,corrupted_mean_site_qwk,delta_corrupted_vs_clean_mean_site_qwk,corrupted_site_qwk_spread,delta_corrupted_vs_clean_site_qwk_spread,corrupted_global_accuracy,delta_corrupted_vs_clean_global_accuracy,corrupted_macro_f1,delta_corrupted_vs_clean_macro_f1,corrupted_mean_abs_error,delta_corrupted_vs_clean_mean_abs_error,corrupted_severe_error_rate,delta_corrupted_vs_clean_severe_error_rate,corrupted_mean_overgrade,delta_corrupted_vs_clean_mean_overgrade,corrupted_mean_undergrade,delta_corrupted_vs_clean_mean_undergrade,corrupted_prediction_entropy,delta_corrupted_vs_clean_prediction_entropy,detector_failure_count,detector_failed_diagnostics,detector_triggered,chosen_strategy,detector_global_qwk,oracle_global_qwk,delta_detector_vs_clean_global_qwk,detector_regret_vs_oracle_global_qwk,detector_worst_site_qwk,oracle_worst_site_qwk,delta_detector_vs_clean_worst_site_qwk,detector_regret_vs_oracle_worst_site_qwk,detector_mean_site_qwk,oracle_mean_site_qwk,delta_detector_vs_clean_mean_site_qwk,detector_regret_vs_oracle_mean_site_qwk,detector_global_accuracy,oracle_global_accuracy,delta_detector_vs_clean_global_accuracy,detector_regret_vs_oracle_global_accuracy,detector_macro_f1,oracle_macro_f1,delta_detector_vs_clean_macro_f1,detector_regret_vs_oracle_macro_f1,variant,variant_diagnostics,variant_failed_diagnostics,variant_failure_count,variant_triggered,variant_chosen_strategy,variant_global_qwk,delta_variant_vs_clean_global_qwk,variant_macro_f1,delta_variant_vs_clean_macro_f1,variant_worst_site_qwk,delta_variant_vs_clean_worst_site_qwk,variant_mean_site_qwk,delta_variant_vs_clean_mean_site_qwk,variant_global_accuracy,delta_variant_vs_clean_global_accuracy
results\threshold_shift_panda_all_conservative_0_seed_11\predictions.csv,0,0,11,fedavg,cross_site_blend_50,0.7429581080983443,0.7164217698801902,0.7441992641283725,0.0593496863554664,0.5745882352941176,0.5098279114359029,0.6922352941176471,0.0734117647058823,0.208,0.484235294117647,1.156964949139127,0.7337225638667626,-0.0092355442315816,0.7119886879296122,-0.004433081950578,0.743286473704899,-0.0009127904234734,0.0433346987300143,-0.016014987625452,0.5736470588235294,-0.0009411764705882,0.5055207797599799,-0.004307131675923,0.7105882352941176,0.0183529411764705,0.0785882352941176,0.0051764705882352,0.2343529411764706,0.0263529411764706,0.476235294117647,-0.008,1.1778074606925435,0.0208425115534167,0,,False,fedavg,0.7429581080983443,0.7429581080983443,0.0,0.0,0.7164217698801902,0.7164217698801902,0.0,0.0,0.7441992641283725,0.7441992641283725,0.0,0.0,0.5745882352941176,0.5745882352941176,0.0,0.0,0.5098279114359029,0.5098279114359029,0.0,0.0,full,global_qwk_low;worst_site_qwk_low;site_qwk_spread_high;mean_abs_error_high;severe_error_rate_high,,0,False,fedavg,0.7429581080983443,0.0,0.5098279114359029,0.0,0.7164217698801902,0.0,0.7441992641283725,0.0,0.5745882352941176,0.0
results\threshold_shift_panda_all_conservative_0_seed_123\predictions.csv,0,0,123,fedavg,cross_site_blend_50,0.7298328239744079,0.702768825425204,0.732487374863064,0.0713198620093883,0.5694117647058824,0.5055799211566626,0.7134117647058823,0.076235294117647,0.2376470588235294,0.4757647058823529,1.1721565327917418,0.7280400712222352,-0.0017927527521726,0.6825573624415238,-0.0202114629836802,0.7254086963081546,-0.0070786785549094,0.0742889639064762,0.0029691018970878,0.5567058823529412,-0.0127058823529412,0.4949036378409496,-0.0106762833157129,0.7425882352941177,0.0291764705882353,0.0767058823529411,0.0004705882352941,0.3171764705882353,0.0795294117647058,0.4254117647058824,-0.0503529411764705,1.1780110800360235,0.0058545472442819,0,,False,fedavg,0.7298328239744079,0.7298328239744079,0.0,0.0,0.702768825425204,0.702768825425204,0.0,0.0,0.732487374863064,0.732487374863064,0.0,0.0,0.5694117647058824,0.5694117647058824,0.0,0.0,0.5055799211566626,0.5055799211566626,0.0,0.0,full,global_qwk_low;worst_site_qwk_low;site_qwk_spread_high;mean_abs_error_high;severe_error_rate_high,,0,False,fedavg,0.7298328239744079,0.0,0.5055799211566626,0.0,0.702768825425204,0.0,0.732487374863064,0.0,0.5694117647058824,0.0
results\threshold_shift_panda_all_conservative_0_seed_17\predictions.csv,0,0,17,fedavg,cross_site_blend_50,0.7239654930746602,0.6867531239805871,0.7097153911713731,0.0679690886509221,0.5727058823529412,0.5116310736011755,0.7171764705882353,0.0752941176470588,0.1971764705882353,0.52,1.1677552636809072,0.741825343260487,0.0178598501858268,0.6977504245196491,0.010997300539062,0.7270813020050024,0.0173659108336293,0.0776750134260571,0.0097059247751349,0.5835294117647059,0.0108235294117646,0.5224528915476301,0.0108218179464545,0.6832941176470588,-0.0338823529411764,0.068235294117647,-0.0070588235294117,0.1637647058823529,-0.0334117647058823,0.5195294117647059,-0.0004705882352941,1.1786416934641828,0.0108864297832755,0,,False,fedavg,0.7239654930746602,0.7239654930746602,0.0,0.0,0.6867531239805871,0.6867531239805871,0.0,0.0,0.7097153911713731,0.7097153911713731,0.0,0.0,0.5727058823529412,0.5727058823529412,0.0,0.0,0.5116310736011755,0.5116310736011755,0.0,0.0,full,global_qwk_low;worst_site_qwk_low;site_qwk_spread_high;mean_abs_error_high;severe_error_rate_high,,0,False,fedavg,0.7239654930746602,0.0,0.5116310736011755,0.0,0.6867531239805871,0.0,0.7097153911713731,0.0,0.5727058823529412,0.0
results\threshold_shift_panda_all_conservative_0_seed_2025\predictions.csv,0,0,2025,fedavg,cross_site_blend_50,0.6983892617352163,0.6744316058050153,0.7010870185241194,0.0584559494250015,0.5585882352941176,0.5000663744833895,0.7576470588235295,0.0870588235294117,0.2465882352941176,0.5110588235294118,1.1618222006061447,0.6988934439468641,0.0005041822116478,0.677440898806273,0.0030092930012577,0.7014432993023529,0.0003562807782335,0.0543557071565601,-0.0041002422684414,0.5472941176470588,-0.0112941176470587,0.4780140759710345,-0.022052298512355,0.7854117647058824,0.0277647058823529,0.092235294117647,0.0051764705882352,0.2790588235294117,0.0324705882352941,0.5063529411764706,-0.0047058823529412,1.177045535032376,0.0152233344262311,2,global_qwk_low;mean_abs_error_high,False,fedavg,0.6983892617352163,0.6983892617352163,0.0,0.0,0.6744316058050153,0.6744316058050153,0.0,0.0,0.7010870185241194,0.7010870185241194,0.0,0.0,0.5585882352941176,0.5585882352941176,0.0,0.0,0.5000663744833895,0.5000663744833895,0.0,0.0,full,global_qwk_low;worst_site_qwk_low;site_qwk_spread_high;mean_abs_error_high;severe_error_rate_high,global_qwk_low;mean_abs_error_high,2,False,fedavg,0.6983892617352163,0.0,0.5000663744833895,0.0,0.6744316058050153,0.0,0.7010870185241194,0.0,0.5585882352941176,0.0
results\threshold_shift_panda_all_conservative_0_seed_23\predictions.csv,0,0,23,fedavg,cross_site_blend_50,0.7018818577459033,0.6673741964836729,0.7174845380245973,0.1002154031961053,0.56,0.4860606677435226,0.7637647058823529,0.092235294117647,0.228235294117647,0.5355294117647059,1.141851402646168,0.7037645067143725,0.0018826489684692,0.6681155525660587,0.0007413560823857,0.7204905791820245,0.0030060411574271,0.1266562161989222,0.0264408130028168,0.5604705882352942,0.0004705882352941,0.4889164480197272,0.0028557802762046,0.7614117647058823,-0.0023529411764705,0.0941176470588235,0.0018823529411764,0.2197647058823529,-0.0084705882352941,0.5416470588235294,0.0061176470588234,1.1372767953333078,-0.0045746073128603,3,global_qwk_low;mean_abs_error_high;severe_error_rate_high,True,cross_site_blend_50,0.7037645067143725,0.7018818577459033,0.0018826489684692,0.0018826489684692,0.6681155525660587,0.6673741964836729,0.0007413560823857,0.0007413560823857,0.7204905791820245,0.7174845380245973,0.0030060411574271,0.0030060411574271,0.5604705882352942,0.56,0.0004705882352941,0.0004705882352941,0.4889164480197272,0.4860606677435226,0.0028557802762046,0.0028557802762046,full,global_qwk_low;worst_site_qwk_low;site_qwk_spread_high;mean_abs_error_high;severe_error_rate_high,global_qwk_low;mean_abs_error_high;severe_error_rate_high,3,True,cross_site_blend_50,0.7037645067143725,0.001882648968469236,0.4889164480197272,0.0028557802762046447,0.6681155525660587,0.0007413560823857912,0.7204905791820245,0.0030060411574271972,0.5604705882352942,0.00047058823529411153
results\threshold_shift_panda_all_conservative_0_seed_29\predictions.csv,0,0,29,fedavg,cross_site_blend_50,0.726441618643312,0.6865732434961865,0.71804951628285,0.0585544069027084,0.5741176470588235,0.5055895989900184,0.7247058823529412,0.0818823529411764,0.208,0.5167058823529411,1.147105895918461,0.7230326097996407,-0.0034090088436713,0.6763439793223045,-0.010229264173882,0.7209830795282827,0.0029335632454327,0.0931448064797406,0.0345903995770322,0.5764705882352941,0.0023529411764705,0.5123163664565035,0.006726767466485,0.7185882352941176,-0.0061176470588235,0.0828235294117647,0.0009411764705882,0.2428235294117647,0.0348235294117647,0.4757647058823529,-0.0409411764705882,1.1457565392719873,-0.0013493566464737,0,,False,fedavg,0.726441618643312,0.726441618643312,0.0,0.0,0.6865732434961865,0.6865732434961865,0.0,0.0,0.71804951628285,0.71804951628285,0.0,0.0,0.5741176470588235,0.5741176470588235,0.0,0.0,0.5055895989900184,0.5055895989900184,0.0,0.0,full,global_qwk_low;worst_site_qwk_low;site_qwk_spread_high;mean_abs_error_high;severe_error_rate_high,,0,False,fedavg,0.726441618643312,0.0,0.5055895989900184,0.0,0.6865732434961865,0.0,0.71804951628285,0.0,0.5741176470588235,0.0
results\threshold_shift_panda_all_conservative_0_seed_31\predictions.csv,0,0,31,fedavg,cross_site_blend_50,0.7086968931815969,0.6738253917670043,0.7083238904839249,0.0518022247570875,0.5496470588235294,0.490416290241764,0.7463529411764706,0.0828235294117647,0.2395294117647058,0.5068235294117647,1.1670994637757055,0.7165003903666098,0.0078034971850129,0.6904800881334037,0.0166546963663993,0.7226313294886846,0.0143074390047597,0.0581068647975383,0.0063046400404508,0.5534117647058824,0.003764705882353,0.4950671262046908,0.0046508359629268,0.7557647058823529,0.0094117647058823,0.0847058823529411,0.0018823529411764,0.2875294117647058,0.0479999999999999,0.4682352941176471,-0.0385882352941175,1.1520586233386354,-0.0150408404370703,0,,False,fedavg,0.7086968931815969,0.7086968931815969,0.0,0.0,0.6738253917670043,0.6738253917670043,0.0,0.0,0.7083238904839249,0.7083238904839249,0.0,0.0,0.5496470588235294,0.5496470588235294,0.0,0.0,0.490416290241764,0.490416290241764,0.0,0.0,full,global_qwk_low;worst_site_qwk_low;site_qwk_spread_high;mean_abs_error_high;severe_error_rate_high,,0,False,fedavg,0.7086968931815969,0.0,0.490416290241764,0.0,0.6738253917670043,0.0,0.7083238904839249,0.0,0.5496470588235294,0.0
results\threshold_shift_panda_all_conservative_0_seed_37\predictions.csv,0,0,37,fedavg,cross_site_blend_50,0.7169013513435238,0.7072214848478993,0.7205745926518567,0.0417600381363131,0.5755294117647058,0.5218186688693097,0.7138823529411765,0.0823529411764705,0.1872941176470588,0.5265882352941177,1.1259510238729171,0.7209045782831497,0.0040032269396258,0.7026297227340665,-0.0045917621138327,0.7245873212371869,0.0040127285853301,0.0390353396576449,-0.0027246984786681,0.5604705882352942,-0.0150588235294116,0.4917730629816231,-0.0300456058876866,0.7331764705882353,0.0192941176470587,0.0847058823529411,0.0023529411764705,0.2258823529411764,0.0385882352941176,0.5072941176470588,-0.0192941176470589,1.2102201270375847,0.0842691031646674,0,,False,fedavg,0.7169013513435238,0.7169013513435238,0.0,0.0,0.7072214848478993,0.7072214848478993,0.0,0.0,0.7205745926518567,0.7205745926518567,0.0,0.0,0.5755294117647058,0.5755294117647058,0.0,0.0,0.5218186688693097,0.5218186688693097,0.0,0.0,full,global_qwk_low;worst_site_qwk_low;site_qwk_spread_high;mean_abs_error_high;severe_error_rate_high,,0,False,fedavg,0.7169013513435238,0.0,0.5218186688693097,0.0,0.7072214848478993,0.0,0.7205745926518567,0.0,0.5755294117647058,0.0
results\threshold_shift_panda_all_conservative_0_seed_41\predictions.csv,0,0,41,fedavg,cross_site_blend_50,0.7313483114760122,0.6692838566912203,0.7434729817875875,0.1428779212439995,0.5665882352941176,0.5004526523110261,0.72,0.0767058823529411,0.2357647058823529,0.484235294117647,1.1680296642247314,0.7212868239213154,-0.0100614875546968,0.6863423149808671,0.0170584582896468,0.7288710149947588,-0.0146019667928286,0.1169524129992917,-0.0259255082447078,0.56,-0.0065882352941175,0.4852339061395143,-0.0152187461715117,0.7421176470588235,0.0221176470588235,0.0809411764705882,0.004235294117647,0.2470588235294117,0.0112941176470588,0.4950588235294118,0.0108235294117647,1.148595782922415,-0.0194338813023164,1,site_qwk_spread_high,False,fedavg,0.7313483114760122,0.7313483114760122,0.0,0.0,0.6692838566912203,0.6692838566912203,0.0,0.0,0.7434729817875875,0.7434729817875875,0.0,0.0,0.5665882352941176,0.5665882352941176,0.0,0.0,0.5004526523110261,0.5004526523110261,0.0,0.0,full,global_qwk_low;worst_site_qwk_low;site_qwk_spread_high;mean_abs_error_high;severe_error_rate_high,site_qwk_spread_high,1,False,fedavg,0.7313483114760122,0.0,0.5004526523110261,0.0,0.6692838566912203,0.0,0.7434729817875875,0.0,0.5665882352941176,0.0
results\threshold_shift_panda_all_conservative_0_seed_42\predictions.csv,0,0,42,fedavg,cross_site_blend_50,0.7072566694854118,0.6673300346903428,0.7161831406854237,0.14113790627812,0.5694117647058824,0.5159724605549763,0.7327058823529412,0.0809411764705882,0.2070588235294117,0.5256470588235295,1.1758076450075134,0.6934701255508754,-0.0137865439345363,0.6608777559281085,-0.0064522787622343,0.7057812801177772,-0.0104018605676464,0.1200084261559242,-0.0211294801221958,0.5585882352941176,-0.0108235294117647,0.496155205606327,-0.0198172549486492,0.7651764705882353,0.0324705882352941,0.0884705882352941,0.0075294117647058,0.220235294117647,0.0131764705882352,0.5449411764705883,0.0192941176470587,1.151800860179836,-0.0240067848276774,2,worst_site_qwk_low;site_qwk_spread_high,False,fedavg,0.7072566694854118,0.7072566694854118,0.0,0.0,0.6673300346903428,0.6673300346903428,0.0,0.0,0.7161831406854237,0.7161831406854237,0.0,0.0,0.5694117647058824,0.5694117647058824,0.0,0.0,0.5159724605549763,0.5159724605549763,0.0,0.0,full,global_qwk_low;worst_site_qwk_low;site_qwk_spread_high;mean_abs_error_high;severe_error_rate_high,worst_site_qwk_low;site_qwk_spread_high,2,False,fedavg,0.7072566694854118,0.0,0.5159724605549763,0.0,0.6673300346903428,0.0,0.7161831406854237,0.0,0.5694117647058824,0.0
results\threshold_shift_panda_all_conservative_0_seed_43\predictions.csv,0,0,43,fedavg,cross_site_blend_50,0.746679487551388,0.7384839293613565,0.7506560624693208,0.0273858022000844,0.5736470588235294,0.5091526183482555,0.7035294117647058,0.0752941176470588,0.2254117647058823,0.4781176470588235,1.1308712252820463,0.7445723706908911,-0.0021071168604969,0.7254084860689003,-0.0130754432924562,0.7452269109662587,-0.0054291515030621,0.0401667568477324,0.0127809546476479,0.5816470588235294,0.008,0.5208785983849045,0.0117259800366489,0.6889411764705883,-0.0145882352941175,0.0729411764705882,-0.0023529411764705,0.1990588235294117,-0.0263529411764705,0.4898823529411765,0.0117647058823529,1.1779910486661689,0.0471198233841221,0,,False,fedavg,0.746679487551388,0.746679487551388,0.0,0.0,0.7384839293613565,0.7384839293613565,0.0,0.0,0.7506560624693208,0.7506560624693208,0.0,0.0,0.5736470588235294,0.5736470588235294,0.0,0.0,0.5091526183482555,0.5091526183482555,0.0,0.0,full,global_qwk_low;worst_site_qwk_low;site_qwk_spread_high;mean_abs_error_high;severe_error_rate_high,,0,False,fedavg,0.746679487551388,0.0,0.5091526183482555,0.0,0.7384839293613565,0.0,0.7506560624693208,0.0,0.5736470588235294,0.0
results\threshold_shift_panda_all_conservative_0_seed_47\predictions.csv,0,0,47,fedavg,cross_site_blend_50,0.7181815243226684,0.6786340882743549,0.7213997699169905,0.0801529243646518,0.5656470588235294,0.4981944682997181,0.7463529411764706,0.0884705882352941,0.2752941176470588,0.4710588235294117,1.1353106869842753,0.7180828092966849,-9.87150259834646e-05,0.6994246620651237,0.0207905737907687,0.7266365779426043,0.0052368080256137,0.0415894398834847,-0.038563484481167,0.571764705882353,0.0061176470588235,0.5029810518398447,0.0047865835401265,0.7369411764705882,-0.0094117647058823,0.0870588235294117,-0.0014117647058823,0.236235294117647,-0.0390588235294117,0.5007058823529412,0.0296470588235294,1.1433934522053368,0.0080827652210615,1,severe_error_rate_high,False,fedavg,0.7181815243226684,0.7181815243226684,0.0,0.0,0.6786340882743549,0.6786340882743549,0.0,0.0,0.7213997699169905,0.7213997699169905,0.0,0.0,0.5656470588235294,0.5656470588235294,0.0,0.0,0.4981944682997181,0.4981944682997181,0.0,0.0,full,global_qwk_low;worst_site_qwk_low;site_qwk_spread_high;mean_abs_error_high;severe_error_rate_high,severe_error_rate_high,1,False,fedavg,0.7181815243226684,0.0,0.4981944682997181,0.0,0.6786340882743549,0.0,0.7213997699169905,0.0,0.5656470588235294,0.0
results\threshold_shift_panda_all_conservative_0_seed_53\predictions.csv,0,0,53,fedavg,cross_site_blend_50,0.7317556780937956,0.6740479638200556,0.7321636104952894,0.0933560233551015,0.5689411764705883,0.5085063095527034,0.7167058823529412,0.0785882352941176,0.2192941176470588,0.4974117647058823,1.1676241651479085,0.7278712679750026,-0.003884410118793,0.6610648798322412,-0.0129830839878144,0.7313916065488951,-0.0007720039463943,0.1220976432029016,0.0287416198478001,0.5609411764705883,-0.008,0.4933853771679242,-0.0151209323847791,0.7369411764705882,0.020235294117647,0.0814117647058823,0.0028235294117646,0.2432941176470588,0.0239999999999999,0.4936470588235294,-0.0037647058823528,1.1499776231798036,-0.0176465419681048,0,,False,fedavg,0.7317556780937956,0.7317556780937956,0.0,0.0,0.6740479638200556,0.6740479638200556,0.0,0.0,0.7321636104952894,0.7321636104952894,0.0,0.0,0.5689411764705883,0.5689411764705883,0.0,0.0,0.5085063095527034,0.5085063095527034,0.0,0.0,full,global_qwk_low;worst_site_qwk_low;site_qwk_spread_high;mean_abs_error_high;severe_error_rate_high,,0,False,fedavg,0.7317556780937956,0.0,0.5085063095527034,0.0,0.6740479638200556,0.0,0.7321636104952894,0.0,0.5689411764705883,0.0
results\threshold_shift_panda_all_conservative_0_seed_59\predictions.csv,0,0,59,fedavg,cross_site_blend_50,0.7174448693789363,0.6554682158493963,0.704259831803012,0.1095119041168389,0.5656470588235294,0.4957776166241075,0.7557647058823529,0.088,0.2762352941176471,0.4795294117647058,1.1257526356540812,0.711743247391103,-0.0057016219878333,0.6773504954280436,0.0218822795786473,0.7011934943970357,-0.0030663374059762,0.0560265488980757,-0.0534853552187631,0.5581176470588235,-0.0075294117647058,0.4942243648561051,-0.0015532517680024,0.7529411764705882,-0.0028235294117646,0.0828235294117647,-0.0051764705882352,0.2592941176470588,-0.0169411764705882,0.4936470588235294,0.0141176470588235,1.176819785477475,0.0510671498233936,4,worst_site_qwk_low;site_qwk_spread_high;mean_abs_error_high;severe_error_rate_high,True,cross_site_blend_50,0.711743247391103,0.7174448693789363,-0.0057016219878333,-0.0057016219878333,0.6773504954280436,0.6554682158493963,0.0218822795786473,0.0218822795786473,0.7011934943970357,0.704259831803012,-0.0030663374059762,-0.0030663374059762,0.5581176470588235,0.5656470588235294,-0.0075294117647058,-0.0075294117647058,0.4942243648561051,0.4957776166241075,-0.0015532517680024,-0.0015532517680024,full,global_qwk_low;worst_site_qwk_low;site_qwk_spread_high;mean_abs_error_high;severe_error_rate_high,worst_site_qwk_low;site_qwk_spread_high;mean_abs_error_high;severe_error_rate_high,4,True,cross_site_blend_50,0.711743247391103,-0.005701621987833305,0.4942243648561051,-0.0015532517680024172,0.6773504954280436,0.0218822795786473,0.7011934943970357,-0.0030663374059762827,0.5581176470588235,-0.007529411764705896
results\threshold_shift_panda_all_conservative_0_seed_7\predictions.csv,0,0,7,fedavg,cross_site_blend_50,0.727615545028268,0.6936547323644097,0.7316464239387271,0.0723245048912265,0.5731764705882353,0.5099629714567177,0.7167058823529412,0.08,0.2098823529411764,0.5068235294117647,1.14490470366313,0.724997097427688,-0.0026184476005799,0.6749135732640295,-0.0187411591003802,0.7293748112328828,-0.0022716127058443,0.0870357413029477,0.0147112364117212,0.5778823529411765,0.0047058823529412,0.5081509709702154,-0.0018120004865022,0.7143529411764706,-0.0023529411764705,0.0804705882352941,0.0004705882352941,0.2221176470588235,0.012235294117647,0.492235294117647,-0.0145882352941176,1.2034422782645309,0.0585375746014007,0,,False,fedavg,0.727615545028268,0.727615545028268,0.0,0.0,0.6936547323644097,0.6936547323644097,0.0,0.0,0.7316464239387271,0.7316464239387271,0.0,0.0,0.5731764705882353,0.5731764705882353,0.0,0.0,0.5099629714567177,0.5099629714567177,0.0,0.0,full,global_qwk_low;worst_site_qwk_low;site_qwk_spread_high;mean_abs_error_high;severe_error_rate_high,,0,False,fedavg,0.727615545028268,0.0,0.5099629714567177,0.0,0.6936547323644097,0.0,0.7316464239387271,0.0,0.5731764705882353,0.0
results\threshold_shift_panda_all_conservative_25_seed_11\predictions.csv,25,25,11,fedavg,cross_site_blend_50,0.7194569545078301,0.6906077348066298,0.7192355912509705,0.0537460098905715,0.5350588235294118,0.458856059014584,0.7477647058823529,0.0767058823529411,0.1590588235294117,0.5887058823529412,1.2087582913896644,0.7427163561434391,0.023259401635609,0.7238899315974094,0.0332821967907795,0.751256052880748,0.0320204616297775,0.0561885653486413,0.0024425554580698,0.5628235294117647,0.0277647058823529,0.4976325823209561,0.0387765233063721,0.7035294117647058,-0.044235294117647,0.0705882352941176,-0.0061176470588235,0.2,0.0409411764705882,0.5035294117647059,-0.0851764705882353,1.2120677251554204,0.0033094337657559,0,,False,fedavg,0.7194569545078301,0.7427163561434391,0.0,-0.023259401635609,0.6906077348066298,0.7238899315974094,0.0,-0.0332821967907795,0.7192355912509705,0.751256052880748,0.0,-0.0320204616297775,0.5350588235294118,0.5628235294117647,0.0,-0.0277647058823529,0.458856059014584,0.4976325823209561,0.0,-0.0387765233063721,full,global_qwk_low;worst_site_qwk_low;site_qwk_spread_high;mean_abs_error_high;severe_error_rate_high,,0,False,fedavg,0.7194569545078301,0.0,0.458856059014584,0.0,0.6906077348066298,0.0,0.7192355912509705,0.0,0.5350588235294118,0.0
results\threshold_shift_panda_all_conservative_25_seed_123\predictions.csv,25,25,123,fedavg,cross_site_blend_50,0.7197993382461756,0.6730431803556465,0.7193763619826619,0.0976659677693344,0.5430588235294118,0.4726416104983698,0.7529411764705882,0.0837647058823529,0.2230588235294117,0.5298823529411765,1.2462496593485874,0.728387511335503,0.0085881730893273,0.6833917586546725,0.010348578299026,0.7265113077730707,0.0071349457904088,0.0711401057773704,-0.026525861991964,0.5505882352941176,0.0075294117647057,0.4851086759506891,0.0124670654523193,0.7449411764705882,-0.008,0.0785882352941176,-0.0051764705882352,0.2832941176470588,0.060235294117647,0.4616470588235294,-0.068235294117647,1.2248803640207009,-0.0213692953278865,1,mean_abs_error_high,False,fedavg,0.7197993382461756,0.728387511335503,0.0,-0.0085881730893273,0.6730431803556465,0.6833917586546725,0.0,-0.010348578299026,0.7193763619826619,0.7265113077730707,0.0,-0.0071349457904088,0.5430588235294118,0.5505882352941176,0.0,-0.0075294117647057,0.4726416104983698,0.4851086759506891,0.0,-0.0124670654523193,full,global_qwk_low;worst_site_qwk_low;site_qwk_spread_high;mean_abs_error_high;severe_error_rate_high,mean_abs_error_high,1,False,fedavg,0.7197993382461756,0.0,0.4726416104983698,0.0,0.6730431803556465,0.0,0.7193763619826619,0.0,0.5430588235294118,0.0
results\threshold_shift_panda_all_conservative_25_seed_17\predictions.csv,25,25,17,fedavg,cross_site_blend_50,0.720376940359154,0.6833147193865888,0.7101396284477165,0.0594054737038443,0.5421176470588235,0.4762267680030482,0.7557647058823529,0.076235294117647,0.184,0.571764705882353,1.219535307227559,0.7184425124369567,-0.0019344279221973,0.6654724810460666,-0.0178422383405222,0.7027912252273306,-0.0073484032203858,0.0881462062884793,0.028740732584635,0.552,0.0098823529411765,0.4875084642132297,0.0112816962101814,0.7421176470588235,-0.0136470588235293,0.076235294117647,0.0,0.1623529411764706,-0.0216470588235294,0.579764705882353,0.008,1.2207009327368497,0.0011656255092906,1,mean_abs_error_high,False,fedavg,0.720376940359154,0.7184425124369567,0.0,0.0019344279221973,0.6833147193865888,0.6654724810460666,0.0,0.0178422383405222,0.7101396284477165,0.7027912252273306,0.0,0.0073484032203858,0.5421176470588235,0.552,0.0,-0.0098823529411765,0.4762267680030482,0.4875084642132297,0.0,-0.0112816962101814,full,global_qwk_low;worst_site_qwk_low;site_qwk_spread_high;mean_abs_error_high;severe_error_rate_high,mean_abs_error_high,1,False,fedavg,0.720376940359154,0.0,0.4762267680030482,0.0,0.6833147193865888,0.0,0.7101396284477165,0.0,0.5421176470588235,0.0
results\threshold_shift_panda_all_conservative_25_seed_2025\predictions.csv,25,25,2025,fedavg,cross_site_blend_50,0.6871073305749891,0.664908782987116,0.6881382228979203,0.0447730274603912,0.5444705882352942,0.4738095021790583,0.7792941176470588,0.0917647058823529,0.2141176470588235,0.5651764705882353,1.2280648427757028,0.6910428579313148,0.0039355273563257,0.6682086371284353,0.0032998541413192,0.692717945481648,0.0045797225837277,0.0508814355261539,0.0061084080657627,0.5388235294117647,-0.0056470588235294,0.4611272405879175,-0.0126822615911408,0.7967058823529412,0.0174117647058823,0.0941176470588235,0.0023529411764705,0.2527058823529411,0.0385882352941176,0.544,-0.0211764705882352,1.2162750218892362,-0.0117898208864666,4,global_qwk_low;worst_site_qwk_low;mean_abs_error_high;severe_error_rate_high,True,cross_site_blend_50,0.6910428579313148,0.6910428579313148,0.0039355273563257,0.0,0.6682086371284353,0.6682086371284353,0.0032998541413192,0.0,0.692717945481648,0.692717945481648,0.0045797225837277,0.0,0.5388235294117647,0.5388235294117647,-0.0056470588235294,0.0,0.4611272405879175,0.4611272405879175,-0.0126822615911408,0.0,full,global_qwk_low;worst_site_qwk_low;site_qwk_spread_high;mean_abs_error_high;severe_error_rate_high,global_qwk_low;worst_site_qwk_low;mean_abs_error_high;severe_error_rate_high,4,True,cross_site_blend_50,0.6910428579313148,0.003935527356325741,0.4611272405879175,-0.012682261591140831,0.6682086371284353,0.0032998541413192806,0.692717945481648,0.004579722583727741,0.5388235294117647,-0.0056470588235294494
results\threshold_shift_panda_all_conservative_25_seed_23\predictions.csv,25,25,23,fedavg,cross_site_blend_50,0.6943062002746598,0.6606247263358512,0.7103325858133951,0.1020203841921071,0.5392941176470588,0.4629566778752572,0.7952941176470588,0.0950588235294117,0.2084705882352941,0.5868235294117647,1.191487602080801,0.6864693221274281,-0.0078368781472317,0.6477595403818832,-0.012865185953968,0.7052749449504973,-0.0050576408628978,0.1191277281696128,0.0171073439775056,0.5430588235294118,0.003764705882353,0.4695553443961187,0.0065986665208614,0.7952941176470588,0.0,0.0988235294117647,0.0037647058823529,0.1948235294117647,-0.0136470588235294,0.6004705882352941,0.0136470588235293,1.1790915644818216,-0.0123960375989793,4,global_qwk_low;worst_site_qwk_low;mean_abs_error_high;severe_error_rate_high,True,cross_site_blend_50,0.6864693221274281,0.6864693221274281,-0.0078368781472317,0.0,0.6477595403818832,0.6477595403818832,-0.012865185953968,0.0,0.7052749449504973,0.7052749449504973,-0.0050576408628978,0.0,0.5430588235294118,0.5430588235294118,0.003764705882353,0.0,0.4695553443961187,0.4695553443961187,0.0065986665208614,0.0,full,global_qwk_low;worst_site_qwk_low;site_qwk_spread_high;mean_abs_error_high;severe_error_rate_high,global_qwk_low;worst_site_qwk_low;mean_abs_error_high;severe_error_rate_high,4,True,cross_site_blend_50,0.6864693221274281,-0.007836878147231774,0.4695553443961187,0.006598666520861496,0.6477595403818832,-0.012865185953968017,0.7052749449504973,-0.005057640862897839,0.5430588235294118,0.0037647058823530033
results\threshold_shift_panda_all_conservative_25_seed_29\predictions.csv,25,25,29,fedavg,cross_site_blend_50,0.7073232273750609,0.6437582402331552,0.6971869555111424,0.0831847329629511,0.5510588235294117,0.4734075467695982,0.7665882352941177,0.0865882352941176,0.1985882352941176,0.568,1.193454244239236,0.7091049216375278,0.0017816942624668,0.6325638310389456,-0.0111944091942095,0.6979408089196868,0.0007538534085443,0.0977998357381717,0.0146151027752206,0.5614117647058824,0.0103529411764706,0.4956568616188304,0.0222493148492322,0.7501176470588236,-0.0164705882352941,0.0856470588235294,-0.0009411764705882,0.2117647058823529,0.0131764705882352,0.5383529411764706,-0.0296470588235293,1.2005224523465192,0.0070682081072832,2,worst_site_qwk_low;mean_abs_error_high,False,fedavg,0.7073232273750609,0.7091049216375278,0.0,-0.0017816942624668,0.6437582402331552,0.6325638310389456,0.0,0.0111944091942095,0.6971869555111424,0.6979408089196868,0.0,-0.0007538534085443,0.5510588235294117,0.5614117647058824,0.0,-0.0103529411764706,0.4734075467695982,0.4956568616188304,0.0,-0.0222493148492322,full,global_qwk_low;worst_site_qwk_low;site_qwk_spread_high;mean_abs_error_high;severe_error_rate_high,worst_site_qwk_low;mean_abs_error_high,2,False,fedavg,0.7073232273750609,0.0,0.4734075467695982,0.0,0.6437582402331552,0.0,0.6971869555111424,0.0,0.5510588235294117,0.0
results\threshold_shift_panda_all_conservative_25_seed_31\predictions.csv,25,25,31,fedavg,cross_site_blend_50,0.7038167598165379,0.6746234886516298,0.7089499646706423,0.0630648837643983,0.5388235294117647,0.4800688775053049,0.7571764705882353,0.0809411764705882,0.2112941176470588,0.5458823529411765,1.2273967632534164,0.7112312495363955,0.0074144897198575,0.6842401014729452,0.0096166128213154,0.722553305531973,0.0136033408613306,0.0648583478599073,0.0017934640955089,0.5435294117647059,0.0047058823529412,0.4790853747748694,-0.0009835027304355,0.7675294117647059,0.0103529411764705,0.0847058823529411,0.0037647058823529,0.248,0.0367058823529411,0.5195294117647059,-0.0263529411764705,1.2059531548388054,-0.021443608414611,2,global_qwk_low;mean_abs_error_high,False,fedavg,0.7038167598165379,0.7112312495363955,0.0,-0.0074144897198575,0.6746234886516298,0.6842401014729452,0.0,-0.0096166128213154,0.7089499646706423,0.722553305531973,0.0,-0.0136033408613306,0.5388235294117647,0.5435294117647059,0.0,-0.0047058823529412,0.4800688775053049,0.4790853747748694,0.0,0.0009835027304355,full,global_qwk_low;worst_site_qwk_low;site_qwk_spread_high;mean_abs_error_high;severe_error_rate_high,global_qwk_low;mean_abs_error_high,2,False,fedavg,0.7038167598165379,0.0,0.4800688775053049,0.0,0.6746234886516298,0.0,0.7089499646706423,0.0,0.5388235294117647,0.0
results\threshold_shift_panda_all_conservative_25_seed_37\predictions.csv,25,25,37,fedavg,cross_site_blend_50,0.6972148702441321,0.6877810564578191,0.7011151259007485,0.0268972756829471,0.5543529411764706,0.4918663622814496,0.7524705882352941,0.0856470588235294,0.1708235294117647,0.5816470588235294,1.1962116761237995,0.7205027718060073,0.0232879015618752,0.7040788598307737,0.0162978033729546,0.724575545451562,0.0234604195508134,0.036647267987292,0.0097499923043448,0.5571764705882353,0.0028235294117646,0.4861512125608092,-0.0057151497206404,0.7374117647058823,-0.0150588235294117,0.0832941176470588,-0.0023529411764705,0.2056470588235294,0.0348235294117647,0.5317647058823529,-0.0498823529411764,1.2660320426444314,0.0698203665206316,2,global_qwk_low;mean_abs_error_high,False,fedavg,0.6972148702441321,0.7205027718060073,0.0,-0.0232879015618752,0.6877810564578191,0.7040788598307737,0.0,-0.0162978033729546,0.7011151259007485,0.724575545451562,0.0,-0.0234604195508134,0.5543529411764706,0.5571764705882353,0.0,-0.0028235294117646,0.4918663622814496,0.4861512125608092,0.0,0.0057151497206404,full,global_qwk_low;worst_site_qwk_low;site_qwk_spread_high;mean_abs_error_high;severe_error_rate_high,global_qwk_low;mean_abs_error_high,2,False,fedavg,0.6972148702441321,0.0,0.4918663622814496,0.0,0.6877810564578191,0.0,0.7011151259007485,0.0,0.5543529411764706,0.0
results\threshold_shift_panda_all_conservative_25_seed_41\predictions.csv,25,25,41,fedavg,cross_site_blend_50,0.7202580688884488,0.6743533473061274,0.7298307979702701,0.1317171220663648,0.5501176470588235,0.4824906967953413,0.7430588235294118,0.076235294117647,0.2094117647058823,0.5336470588235294,1.2182607172455775,0.7201768853345207,-8.118355392805476e-05,0.6762594388570907,0.0019060915509633,0.7291590557053944,-0.0006717422648756,0.133104813915374,0.0013876918490091,0.552,0.0018823529411765,0.4829258541347689,0.0004351573394276,0.739764705882353,-0.0032941176470587,0.0752941176470588,-0.0009411764705882,0.2018823529411764,-0.0075294117647058,0.5378823529411765,0.0042352941176471,1.2129724253257472,-0.0052882919198304,1,site_qwk_spread_high,False,fedavg,0.7202580688884488,0.7201768853345207,0.0,8.118355392805476e-05,0.6743533473061274,0.6762594388570907,0.0,-0.0019060915509633,0.7298307979702701,0.7291590557053944,0.0,0.0006717422648756,0.5501176470588235,0.552,0.0,-0.0018823529411765,0.4824906967953413,0.4829258541347689,0.0,-0.0004351573394276,full,global_qwk_low;worst_site_qwk_low;site_qwk_spread_high;mean_abs_error_high;severe_error_rate_high,site_qwk_spread_high,1,False,fedavg,0.7202580688884488,0.0,0.4824906967953413,0.0,0.6743533473061274,0.0,0.7298307979702701,0.0,0.5501176470588235,0.0
results\threshold_shift_panda_all_conservative_25_seed_42\predictions.csv,25,25,42,fedavg,cross_site_blend_50,0.6900562645358724,0.6495610985501873,0.7071368235605715,0.1385424859867998,0.5501176470588235,0.4861718187932506,0.764235294117647,0.084235294117647,0.1858823529411764,0.5783529411764706,1.2376121071058417,0.68772360765853,-0.0023326568773424,0.6412751366879808,-0.0082859618622065,0.6920509148805926,-0.0150859086799789,0.1082639838881263,-0.0302785020986735,0.5548235294117647,0.0047058823529412,0.4959268967582335,0.0097550779649828,0.7694117647058824,0.0051764705882353,0.0865882352941176,0.0023529411764705,0.2018823529411764,0.0159999999999999,0.5675294117647058,-0.0108235294117647,1.1956573275220916,-0.04195477958375,4,global_qwk_low;worst_site_qwk_low;site_qwk_spread_high;mean_abs_error_high,True,cross_site_blend_50,0.68772360765853,0.68772360765853,-0.0023326568773424,0.0,0.6412751366879808,0.6412751366879808,-0.0082859618622065,0.0,0.6920509148805926,0.6920509148805926,-0.0150859086799789,0.0,0.5548235294117647,0.5548235294117647,0.0047058823529412,0.0,0.4959268967582335,0.4959268967582335,0.0097550779649828,0.0,full,global_qwk_low;worst_site_qwk_low;site_qwk_spread_high;mean_abs_error_high;severe_error_rate_high,global_qwk_low;worst_site_qwk_low;site_qwk_spread_high;mean_abs_error_high,4,True,cross_site_blend_50,0.68772360765853,-0.0023326568773424095,0.4959268967582335,0.009755077964982872,0.6412751366879808,-0.008285961862206537,0.6920509148805926,-0.015085908679978943,0.5548235294117647,0.004705882352941226
results\threshold_shift_panda_all_conservative_25_seed_43\predictions.csv,25,25,43,fedavg,cross_site_blend_50,0.7245069446598131,0.6952637768258507,0.7278015598431683,0.0595743442435383,0.5444705882352942,0.4752056614216659,0.7609411764705882,0.0823529411764705,0.2192941176470588,0.5416470588235294,1.175095418624223,0.7307639556201779,0.0062570109603647,0.7036243352895313,0.0083605584636805,0.7329086523850974,0.005107092541929,0.0482239859979651,-0.0113503582455731,0.5571764705882353,0.0127058823529411,0.4923517503378208,0.0171460889161548,0.7298823529411764,-0.0310588235294118,0.076235294117647,-0.0061176470588235,0.208,-0.0112941176470588,0.5218823529411765,-0.0197647058823529,1.2225802258384997,0.0474848072142763,1,mean_abs_error_high,False,fedavg,0.7245069446598131,0.7307639556201779,0.0,-0.0062570109603647,0.6952637768258507,0.7036243352895313,0.0,-0.0083605584636805,0.7278015598431683,0.7329086523850974,0.0,-0.005107092541929,0.5444705882352942,0.5571764705882353,0.0,-0.0127058823529411,0.4752056614216659,0.4923517503378208,0.0,-0.0171460889161548,full,global_qwk_low;worst_site_qwk_low;site_qwk_spread_high;mean_abs_error_high;severe_error_rate_high,mean_abs_error_high,1,False,fedavg,0.7245069446598131,0.0,0.4752056614216659,0.0,0.6952637768258507,0.0,0.7278015598431683,0.0,0.5444705882352942,0.0
results\threshold_shift_panda_all_conservative_25_seed_47\predictions.csv,25,25,47,fedavg,cross_site_blend_50,0.6936284049330126,0.6691735749081276,0.7006720430459557,0.0671430749603549,0.5534117647058824,0.4851559264154019,0.7863529411764706,0.0978823529411764,0.2498823529411764,0.5364705882352941,1.203907042244046,0.7106572087915877,0.017028803858575,0.694133245603387,0.0249596706952593,0.7177787627595613,0.0171067197136056,0.0367471391254201,-0.0303959358349348,0.5661176470588235,0.0127058823529411,0.4995890266621112,0.0144331002467092,0.7491764705882353,-0.0371764705882352,0.0894117647058823,-0.0084705882352941,0.2254117647058823,-0.0244705882352941,0.5237647058823529,-0.0127058823529412,1.2128086729436829,0.0089016306996367,3,global_qwk_low;mean_abs_error_high;severe_error_rate_high,True,cross_site_blend_50,0.7106572087915877,0.7106572087915877,0.017028803858575,0.0,0.694133245603387,0.694133245603387,0.0249596706952593,0.0,0.7177787627595613,0.7177787627595613,0.0171067197136056,0.0,0.5661176470588235,0.5661176470588235,0.0127058823529411,0.0,0.4995890266621112,0.4995890266621112,0.0144331002467092,0.0,full,global_qwk_low;worst_site_qwk_low;site_qwk_spread_high;mean_abs_error_high;severe_error_rate_high,global_qwk_low;mean_abs_error_high;severe_error_rate_high,3,True,cross_site_blend_50,0.7106572087915877,0.01702880385857508,0.4995890266621112,0.014433100246709296,0.694133245603387,0.024959670695259395,0.7177787627595613,0.017106719713605667,0.5661176470588235,0.012705882352941122
results\threshold_shift_panda_all_conservative_25_seed_53\predictions.csv,25,25,53,fedavg,cross_site_blend_50,0.7316496597962019,0.6920345176619945,0.7354807170169702,0.0837986543640098,0.5454117647058824,0.4823338060005934,0.7336470588235294,0.0767058823529411,0.1901176470588235,0.5435294117647059,1.2310987417430597,0.7229713415877923,-0.0086783182084095,0.6593399757389763,-0.0326945419230182,0.727922718917195,-0.0075579980997751,0.1214823750084715,0.0376837206444617,0.5397647058823529,-0.0056470588235294,0.4685537791958584,-0.013780026804735,0.764235294117647,0.0305882352941175,0.0856470588235294,0.0089411764705882,0.2235294117647059,0.0334117647058823,0.5407058823529411,-0.0028235294117647,1.2075136750952251,-0.0235850666478343,0,,False,fedavg,0.7316496597962019,0.7229713415877923,0.0,0.0086783182084095,0.6920345176619945,0.6593399757389763,0.0,0.0326945419230182,0.7354807170169702,0.727922718917195,0.0,0.0075579980997751,0.5454117647058824,0.5397647058823529,0.0,0.0056470588235294,0.4823338060005934,0.4685537791958584,0.0,0.013780026804735,full,global_qwk_low;worst_site_qwk_low;site_qwk_spread_high;mean_abs_error_high;severe_error_rate_high,,0,False,fedavg,0.7316496597962019,0.0,0.4823338060005934,0.0,0.6920345176619945,0.0,0.7354807170169702,0.0,0.5454117647058824,0.0
results\threshold_shift_panda_all_conservative_25_seed_59\predictions.csv,25,25,59,fedavg,cross_site_blend_50,0.7130305484700741,0.6612079399132254,0.698713381988005,0.082129330752713,0.5477647058823529,0.4751522542118595,0.7656470588235295,0.0837647058823529,0.2268235294117647,0.5388235294117647,1.205636548813257,0.719643867277798,0.0066133188077239,0.6697262220078097,0.0085182820945843,0.7043899558928096,0.0056765739048045,0.0820154074742807,-0.0001139232784322,0.5515294117647059,0.003764705882353,0.4820257199853272,0.0068734657734677,0.7529411764705882,-0.0127058823529412,0.0804705882352941,-0.0032941176470588,0.2437647058823529,0.0169411764705882,0.5091764705882353,-0.0296470588235293,1.228863320739206,0.0232267719259491,2,worst_site_qwk_low;mean_abs_error_high,False,fedavg,0.7130305484700741,0.719643867277798,0.0,-0.0066133188077239,0.6612079399132254,0.6697262220078097,0.0,-0.0085182820945843,0.698713381988005,0.7043899558928096,0.0,-0.0056765739048045,0.5477647058823529,0.5515294117647059,0.0,-0.003764705882353,0.4751522542118595,0.4820257199853272,0.0,-0.0068734657734677,full,global_qwk_low;worst_site_qwk_low;site_qwk_spread_high;mean_abs_error_high;severe_error_rate_high,worst_site_qwk_low;mean_abs_error_high,2,False,fedavg,0.7130305484700741,0.0,0.4751522542118595,0.0,0.6612079399132254,0.0,0.698713381988005,0.0,0.5477647058823529,0.0
results\threshold_shift_panda_all_conservative_25_seed_7\predictions.csv,25,25,7,fedavg,cross_site_blend_50,0.6997779270476749,0.6417326646399318,0.7003320675905599,0.0868746166503496,0.5458823529411765,0.4716612753115737,0.772235294117647,0.0898823529411764,0.1604705882352941,0.611764705882353,1.206203934723883,0.7082913382042162,0.0085134111565412,0.6875498993370899,0.045817234697158,0.7133127869348994,0.0129807193443395,0.0590436693205357,-0.0278309473298139,0.563764705882353,0.0178823529411764,0.4971004508642561,0.0254391755526823,0.7407058823529412,-0.0315294117647058,0.0832941176470588,-0.0065882352941176,0.2061176470588235,0.0456470588235294,0.5345882352941177,-0.0771764705882352,1.2364279175971007,0.0302239828732173,4,global_qwk_low;worst_site_qwk_low;mean_abs_error_high;severe_error_rate_high,True,cross_site_blend_50,0.7082913382042162,0.7082913382042162,0.0085134111565412,0.0,0.6875498993370899,0.6875498993370899,0.045817234697158,0.0,0.7133127869348994,0.7133127869348994,0.0129807193443395,0.0,0.563764705882353,0.563764705882353,0.0178823529411764,0.0,0.4971004508642561,0.4971004508642561,0.0254391755526823,0.0,full,global_qwk_low;worst_site_qwk_low;site_qwk_spread_high;mean_abs_error_high;severe_error_rate_high,global_qwk_low;worst_site_qwk_low;mean_abs_error_high;severe_error_rate_high,4,True,cross_site_blend_50,0.7082913382042162,0.00851341115654125,0.4971004508642561,0.02543917555268238,0.6875498993370899,0.04581723469715804,0.7133127869348994,0.01298071934433953,0.563764705882353,0.01788235294117646
results\threshold_shift_panda_all_conservative_35_seed_11\predictions.csv,35,35,11,fedavg,cross_site_blend_50,0.7241025289932075,0.7041524030739115,0.7285246757959772,0.055110935899844,0.5336470588235294,0.4603222076775293,0.7444705882352941,0.0738823529411764,0.1425882352941176,0.6018823529411764,1.2194319461014094,0.7286098049351841,0.0045072759419766,0.7048289401573158,0.0006765370834043,0.7390256683110602,0.0105009925150829,0.0540562108771789,-0.0010547250226651,0.5458823529411765,0.0122352941176471,0.4730708481708514,0.012748640493322,0.7341176470588235,-0.0103529411764705,0.0743529411764706,0.0004705882352941,0.1854117647058823,0.0428235294117647,0.5487058823529412,-0.0531764705882352,1.2251364001053593,0.0057044540039499,0,,False,fedavg,0.7241025289932075,0.7286098049351841,0.0,-0.0045072759419766,0.7041524030739115,0.7048289401573158,0.0,-0.0006765370834043,0.7285246757959772,0.7390256683110602,0.0,-0.0105009925150829,0.5336470588235294,0.5458823529411765,0.0,-0.0122352941176471,0.4603222076775293,0.4730708481708514,0.0,-0.012748640493322,full,global_qwk_low;worst_site_qwk_low;site_qwk_spread_high;mean_abs_error_high;severe_error_rate_high,,0,False,fedavg,0.7241025289932075,0.0,0.4603222076775293,0.0,0.7041524030739115,0.0,0.7285246757959772,0.0,0.5336470588235294,0.0
results\threshold_shift_panda_all_conservative_35_seed_123\predictions.csv,35,35,123,fedavg,cross_site_blend_50,0.7008120381304861,0.6415110661876857,0.697531397710042,0.0982795917259411,0.532235294117647,0.4574705593495003,0.7849411764705883,0.0875294117647058,0.2009411764705882,0.584,1.2611656449015984,0.7269069025420316,0.0260948644115455,0.6794004503871789,0.0378893841994931,0.7237739253622082,0.0262425276521661,0.0901034617497356,-0.0081761299762055,0.5444705882352942,0.0122352941176471,0.4786428584290986,0.0211722990795983,0.7501176470588236,-0.0348235294117647,0.0776470588235294,-0.0098823529411764,0.2592941176470588,0.0583529411764706,0.4908235294117647,-0.0931764705882352,1.2286715096175744,-0.032494135284024,4,global_qwk_low;worst_site_qwk_low;mean_abs_error_high;severe_error_rate_high,True,cross_site_blend_50,0.7269069025420316,0.7269069025420316,0.0260948644115455,0.0,0.6794004503871789,0.6794004503871789,0.0378893841994931,0.0,0.7237739253622082,0.7237739253622082,0.0262425276521661,0.0,0.5444705882352942,0.5444705882352942,0.0122352941176471,0.0,0.4786428584290986,0.4786428584290986,0.0211722990795983,0.0,full,global_qwk_low;worst_site_qwk_low;site_qwk_spread_high;mean_abs_error_high;severe_error_rate_high,global_qwk_low;worst_site_qwk_low;mean_abs_error_high;severe_error_rate_high,4,True,cross_site_blend_50,0.7269069025420316,0.026094864411545515,0.4786428584290986,0.021172299079598278,0.6794004503871789,0.03788938419949317,0.7237739253622082,0.02624252765216617,0.5444705882352942,0.012235294117647122
results\threshold_shift_panda_all_conservative_35_seed_17\predictions.csv,35,35,17,fedavg,cross_site_blend_50,0.7156175045507729,0.662600406948435,0.6983166532576419,0.0911840083457815,0.5256470588235295,0.4553905734474262,0.7731764705882352,0.0767058823529411,0.1797647058823529,0.5934117647058823,1.238334154748132,0.7108784951497062,-0.0047390094010666,0.6478945756677357,-0.0147058312806993,0.6950529756936927,-0.0032636775639491,0.0984968352422668,0.0073128268964852,0.5407058823529411,0.0150588235294116,0.4738092183773791,0.0184186449299529,0.7576470588235295,-0.0155294117647057,0.0767058823529411,0.0,0.1614117647058823,-0.0183529411764705,0.5962352941176471,0.0028235294117647,1.2314981011120003,-0.0068360536361318,2,worst_site_qwk_low;mean_abs_error_high,False,fedavg,0.7156175045507729,0.7108784951497062,0.0,0.0047390094010666,0.662600406948435,0.6478945756677357,0.0,0.0147058312806993,0.6983166532576419,0.6950529756936927,0.0,0.0032636775639491,0.5256470588235295,0.5407058823529411,0.0,-0.0150588235294116,0.4553905734474262,0.4738092183773791,0.0,-0.0184186449299529,full,global_qwk_low;worst_site_qwk_low;site_qwk_spread_high;mean_abs_error_high;severe_error_rate_high,worst_site_qwk_low;mean_abs_error_high,2,False,fedavg,0.7156175045507729,0.0,0.4553905734474262,0.0,0.662600406948435,0.0,0.6983166532576419,0.0,0.5256470588235295,0.0
results\threshold_shift_panda_all_conservative_35_seed_2025\predictions.csv,35,35,2025,fedavg,cross_site_blend_50,0.6807281930157466,0.6555318322663316,0.6810694037359211,0.043317625483436,0.5289411764705882,0.4536186046377839,0.8103529411764706,0.0978823529411764,0.216,0.5943529411764706,1.221732048158023,0.6843497880677879,0.0036215950520412,0.6713782370321215,0.0158464047657899,0.6886384962515921,0.007569092515671,0.0564340284703003,0.0131164029868642,0.5392941176470588,0.0103529411764705,0.4562819945143608,0.0026633898765768,0.7995294117647059,-0.0108235294117646,0.096,-0.0018823529411764,0.2367058823529411,0.0207058823529411,0.5628235294117647,-0.0315294117647059,1.2331664369495556,0.0114343887915326,4,global_qwk_low;worst_site_qwk_low;mean_abs_error_high;severe_error_rate_high,True,cross_site_blend_50,0.6843497880677879,0.6843497880677879,0.0036215950520412,0.0,0.6713782370321215,0.6713782370321215,0.0158464047657899,0.0,0.6886384962515921,0.6886384962515921,0.007569092515671,0.0,0.5392941176470588,0.5392941176470588,0.0103529411764705,0.0,0.4562819945143608,0.4562819945143608,0.0026633898765768,0.0,full,global_qwk_low;worst_site_qwk_low;site_qwk_spread_high;mean_abs_error_high;severe_error_rate_high,global_qwk_low;worst_site_qwk_low;mean_abs_error_high;severe_error_rate_high,4,True,cross_site_blend_50,0.6843497880677879,0.003621595052041293,0.4562819945143608,0.0026633898765768826,0.6713782370321215,0.015846404765789912,0.6886384962515921,0.007569092515671061,0.5392941176470588,0.010352941176470565
results\threshold_shift_panda_all_conservative_35_seed_23\predictions.csv,35,35,23,fedavg,cross_site_blend_50,0.6817054931979193,0.6489528417707806,0.6975572303865987,0.119148092428158,0.5284705882352941,0.450867585684515,0.808,0.0931764705882352,0.1769411764705882,0.6310588235294118,1.1892046987633955,0.6817857870178419,8.029381992258333e-05,0.6388311572868921,-0.0101216844838885,0.7033775320945139,0.0058203017079152,0.1359653259433261,0.016817233515168,0.5369411764705883,0.0084705882352941,0.4639569043661534,0.0130893186816383,0.8032941176470588,-0.0047058823529412,0.0988235294117647,0.0056470588235294,0.1830588235294117,0.0061176470588235,0.6202352941176471,-0.0108235294117646,1.1863130684906258,-0.0028916302727697,5,global_qwk_low;worst_site_qwk_low;site_qwk_spread_high;mean_abs_error_high;severe_error_rate_high,True,cross_site_blend_50,0.6817857870178419,0.6817857870178419,8.029381992258333e-05,0.0,0.6388311572868921,0.6388311572868921,-0.0101216844838885,0.0,0.7033775320945139,0.7033775320945139,0.0058203017079152,0.0,0.5369411764705883,0.5369411764705883,0.0084705882352941,0.0,0.4639569043661534,0.4639569043661534,0.0130893186816383,0.0,full,global_qwk_low;worst_site_qwk_low;site_qwk_spread_high;mean_abs_error_high;severe_error_rate_high,global_qwk_low;worst_site_qwk_low;site_qwk_spread_high;mean_abs_error_high;severe_error_rate_high,5,True,cross_site_blend_50,0.6817857870178419,8.029381992258333e-05,0.4639569043661534,0.013089318681638373,0.6388311572868921,-0.010121684483888505,0.7033775320945139,0.005820301707915254,0.5369411764705883,0.008470588235294119
results\threshold_shift_panda_all_conservative_35_seed_29\predictions.csv,35,35,29,fedavg,cross_site_blend_50,0.7097904464951998,0.6662235221129132,0.7027673894900931,0.0632234981290861,0.540235294117647,0.4686042926591569,0.7694117647058824,0.0847058823529411,0.1727058823529411,0.5967058823529412,1.1890188545410898,0.7115535846956935,0.0017631382004936,0.6521589565004311,-0.0140645656124821,0.7032466256615588,0.0004792361714657,0.087725917623988,0.0245024194949019,0.552,0.011764705882353,0.4828868782856773,0.0142825856265204,0.7524705882352941,-0.0169411764705882,0.0832941176470588,-0.0014117647058823,0.1934117647058823,0.0207058823529411,0.5590588235294117,-0.0376470588235294,1.2192419668339496,0.0302231122928597,2,worst_site_qwk_low;mean_abs_error_high,False,fedavg,0.7097904464951998,0.7115535846956935,0.0,-0.0017631382004936,0.6662235221129132,0.6521589565004311,0.0,0.0140645656124821,0.7027673894900931,0.7032466256615588,0.0,-0.0004792361714657,0.540235294117647,0.552,0.0,-0.011764705882353,0.4686042926591569,0.4828868782856773,0.0,-0.0142825856265204,full,global_qwk_low;worst_site_qwk_low;site_qwk_spread_high;mean_abs_error_high;severe_error_rate_high,worst_site_qwk_low;mean_abs_error_high,2,False,fedavg,0.7097904464951998,0.0,0.4686042926591569,0.0,0.6662235221129132,0.0,0.7027673894900931,0.0,0.540235294117647,0.0
results\threshold_shift_panda_all_conservative_35_seed_31\predictions.csv,35,35,31,fedavg,cross_site_blend_50,0.7007418973821561,0.6567343710782665,0.7054236189010938,0.0785465680739873,0.5303529411764706,0.4586274484143005,0.7637647058823529,0.0804705882352941,0.1778823529411764,0.5858823529411765,1.232779963720776,0.6984447992506222,-0.0022970981315338,0.6721370521131433,0.0154026810348768,0.7097259210937535,0.0043023021926597,0.0575256745329062,-0.021020893541081,0.5312941176470588,0.0009411764705882,0.4613398371291848,0.0027123887148843,0.7905882352941176,0.0268235294117646,0.0884705882352941,0.008,0.236235294117647,0.0583529411764706,0.5543529411764706,-0.0315294117647059,1.2149405922160483,-0.0178393715047278,3,global_qwk_low;worst_site_qwk_low;mean_abs_error_high,True,cross_site_blend_50,0.6984447992506222,0.6984447992506222,-0.0022970981315338,0.0,0.6721370521131433,0.6721370521131433,0.0154026810348768,0.0,0.7097259210937535,0.7097259210937535,0.0043023021926597,0.0,0.5312941176470588,0.5312941176470588,0.0009411764705882,0.0,0.4613398371291848,0.4613398371291848,0.0027123887148843,0.0,full,global_qwk_low;worst_site_qwk_low;site_qwk_spread_high;mean_abs_error_high;severe_error_rate_high,global_qwk_low;worst_site_qwk_low;mean_abs_error_high,3,True,cross_site_blend_50,0.6984447992506222,-0.0022970981315338923,0.4613398371291848,0.0027123887148843284,0.6721370521131433,0.015402681034876853,0.7097259210937535,0.004302302192659702,0.5312941176470588,0.0009411764705882231
results\threshold_shift_panda_all_conservative_35_seed_37\predictions.csv,35,35,37,fedavg,cross_site_blend_50,0.6881570111379685,0.6753917200032407,0.6931063763738259,0.0480626294431818,0.5374117647058824,0.4783017867321298,0.780235294117647,0.0894117647058823,0.168,0.6122352941176471,1.1881799999568676,0.7088559872909906,0.0206989761530221,0.7005886411526676,0.0251969211494269,0.7091999311672879,0.0160935547934619,0.0179046574244339,-0.0301579720187479,0.5501176470588235,0.0127058823529411,0.4807607288988407,0.0024589421667108,0.7614117647058823,-0.0188235294117646,0.0875294117647058,-0.0018823529411764,0.1981176470588235,0.0301176470588235,0.5632941176470588,-0.0489411764705882,1.2618641650555706,0.073684165098703,3,global_qwk_low;mean_abs_error_high;severe_error_rate_high,True,cross_site_blend_50,0.7088559872909906,0.7088559872909906,0.0206989761530221,0.0,0.7005886411526676,0.7005886411526676,0.0251969211494269,0.0,0.7091999311672879,0.7091999311672879,0.0160935547934619,0.0,0.5501176470588235,0.5501176470588235,0.0127058823529411,0.0,0.4807607288988407,0.4807607288988407,0.0024589421667108,0.0,full,global_qwk_low;worst_site_qwk_low;site_qwk_spread_high;mean_abs_error_high;severe_error_rate_high,global_qwk_low;mean_abs_error_high;severe_error_rate_high,3,True,cross_site_blend_50,0.7088559872909906,0.020698976153022186,0.4807607288988407,0.002458942166710887,0.7005886411526676,0.025196921149426954,0.7091999311672879,0.016093554793461973,0.5501176470588235,0.012705882352941122
results\threshold_shift_panda_all_conservative_35_seed_41\predictions.csv,35,35,41,fedavg,cross_site_blend_50,0.7113097901595187,0.6734327929995696,0.7237520313373309,0.121717904643702,0.5463529411764706,0.4799819319597888,0.7548235294117647,0.0776470588235294,0.1811764705882353,0.5736470588235294,1.2056767326949895,0.719471196172685,0.0081614060131662,0.6730135092011488,-0.0004192837984208,0.7303581616493352,0.0066061303120042,0.1303923017539611,0.008674397110259,0.5416470588235294,-0.0047058823529412,0.4637752881006425,-0.0162066438591463,0.7534117647058823,-0.0014117647058823,0.0776470588235294,0.0,0.1952941176470588,0.0141176470588235,0.5581176470588235,-0.0155294117647059,1.2143684094040363,0.0086916767090468,2,site_qwk_spread_high;mean_abs_error_high,False,fedavg,0.7113097901595187,0.719471196172685,0.0,-0.0081614060131662,0.6734327929995696,0.6730135092011488,0.0,0.0004192837984208,0.7237520313373309,0.7303581616493352,0.0,-0.0066061303120042,0.5463529411764706,0.5416470588235294,0.0,0.0047058823529412,0.4799819319597888,0.4637752881006425,0.0,0.0162066438591463,full,global_qwk_low;worst_site_qwk_low;site_qwk_spread_high;mean_abs_error_high;severe_error_rate_high,site_qwk_spread_high;mean_abs_error_high,2,False,fedavg,0.7113097901595187,0.0,0.4799819319597888,0.0,0.6734327929995696,0.0,0.7237520313373309,0.0,0.5463529411764706,0.0
results\threshold_shift_panda_all_conservative_35_seed_42\predictions.csv,35,35,42,fedavg,cross_site_blend_50,0.6756849335913802,0.6353615299085036,0.6925201467229715,0.1310682876157862,0.536,0.4644619166746092,0.792,0.0894117647058823,0.1543529411764705,0.6376470588235295,1.224289945414343,0.6894884384239218,0.0138035048325416,0.6669725170550318,0.0316109871465282,0.6993536527466236,0.0068335060236521,0.0618142421004909,-0.0692540455152953,0.5510588235294117,0.0150588235294116,0.4887452064509185,0.0242832897763093,0.768,-0.024,0.0894117647058823,0.0,0.1741176470588235,0.0197647058823529,0.5938823529411764,-0.043764705882353,1.210178393635258,-0.014111551779085,5,global_qwk_low;worst_site_qwk_low;site_qwk_spread_high;mean_abs_error_high;severe_error_rate_high,True,cross_site_blend_50,0.6894884384239218,0.6894884384239218,0.0138035048325416,0.0,0.6669725170550318,0.6669725170550318,0.0316109871465282,0.0,0.6993536527466236,0.6993536527466236,0.0068335060236521,0.0,0.5510588235294117,0.5510588235294117,0.0150588235294116,0.0,0.4887452064509185,0.4887452064509185,0.0242832897763093,0.0,full,global_qwk_low;worst_site_qwk_low;site_qwk_spread_high;mean_abs_error_high;severe_error_rate_high,global_qwk_low;worst_site_qwk_low;site_qwk_spread_high;mean_abs_error_high;severe_error_rate_high,5,True,cross_site_blend_50,0.6894884384239218,0.013803504832541669,0.4887452064509185,0.024283289776309336,0.6669725170550318,0.03161098714652821,0.6993536527466236,0.0068335060236521805,0.5510588235294117,0.01505882352941168
results\threshold_shift_panda_all_conservative_35_seed_43\predictions.csv,35,35,43,fedavg,cross_site_blend_50,0.7243710362103042,0.6957735339954874,0.7233928968414869,0.0581241993214474,0.5411764705882353,0.4743099103943904,0.7548235294117647,0.0776470588235294,0.1849411764705882,0.5698823529411765,1.19096471275959,0.727587704567845,0.0032166683575408,0.7141744782952756,0.0184009442997882,0.7280030301481822,0.0046101333066953,0.024354381203459,-0.0337698181179884,0.5576470588235294,0.0164705882352941,0.4963415130623081,0.0220316026679177,0.728,-0.0268235294117646,0.0757647058823529,-0.0018823529411764,0.1863529411764705,0.0014117647058823,0.5416470588235294,-0.0282352941176471,1.253319658952319,0.062354946192729,1,mean_abs_error_high,False,fedavg,0.7243710362103042,0.727587704567845,0.0,-0.0032166683575408,0.6957735339954874,0.7141744782952756,0.0,-0.0184009442997882,0.7233928968414869,0.7280030301481822,0.0,-0.0046101333066953,0.5411764705882353,0.5576470588235294,0.0,-0.0164705882352941,0.4743099103943904,0.4963415130623081,0.0,-0.0220316026679177,full,global_qwk_low;worst_site_qwk_low;site_qwk_spread_high;mean_abs_error_high;severe_error_rate_high,mean_abs_error_high,1,False,fedavg,0.7243710362103042,0.0,0.4743099103943904,0.0,0.6957735339954874,0.0,0.7233928968414869,0.0,0.5411764705882353,0.0
results\threshold_shift_panda_all_conservative_35_seed_47\predictions.csv,35,35,47,fedavg,cross_site_blend_50,0.6921737812192412,0.6538064261416063,0.7020314672875764,0.0848993069725201,0.5298823529411765,0.4594810361790215,0.8004705882352942,0.0941176470588235,0.2254117647058823,0.5750588235294117,1.2166343312159058,0.6985148818152267,0.0063411005959854,0.6806512543888461,0.0268448282472397,0.7065425962205635,0.0045111289329871,0.0411207590642284,-0.0437785479082917,0.5538823529411765,0.024,0.4823224745876996,0.0228414384086781,0.772235294117647,-0.0282352941176471,0.0889411764705882,-0.0051764705882352,0.2188235294117647,-0.0065882352941176,0.5534117647058824,-0.0216470588235293,1.2207361889290396,0.0041018577131337,4,global_qwk_low;worst_site_qwk_low;mean_abs_error_high;severe_error_rate_high,True,cross_site_blend_50,0.6985148818152267,0.6985148818152267,0.0063411005959854,0.0,0.6806512543888461,0.6806512543888461,0.0268448282472397,0.0,0.7065425962205635,0.7065425962205635,0.0045111289329871,0.0,0.5538823529411765,0.5538823529411765,0.024,0.0,0.4823224745876996,0.4823224745876996,0.0228414384086781,0.0,full,global_qwk_low;worst_site_qwk_low;site_qwk_spread_high;mean_abs_error_high;severe_error_rate_high,global_qwk_low;worst_site_qwk_low;mean_abs_error_high;severe_error_rate_high,4,True,cross_site_blend_50,0.6985148818152267,0.006341100595985472,0.4823224745876996,0.02284143840867814,0.6806512543888461,0.02684482824723977,0.7065425962205635,0.004511128932987107,0.5538823529411765,0.02400000000000002
results\threshold_shift_panda_all_conservative_35_seed_53\predictions.csv,35,35,53,fedavg,cross_site_blend_50,0.7220044444993801,0.6893711996389367,0.7283130832458101,0.0732320067083412,0.5416470588235294,0.475308711273759,0.7501176470588236,0.0814117647058823,0.1745882352941176,0.5755294117647058,1.2470530666116162,0.717561349932142,-0.004443094567238,0.6569645223976546,-0.0324066772412821,0.722569893267072,-0.0057431899787381,0.1146446391528314,0.0414126324444901,0.5284705882352941,-0.0131764705882352,0.450925928543104,-0.024382782730655,0.7821176470588236,0.032,0.0865882352941176,0.0051764705882352,0.2136470588235294,0.0390588235294117,0.5684705882352942,-0.0070588235294116,1.213103565384407,-0.0339495012272093,1,mean_abs_error_high,False,fedavg,0.7220044444993801,0.717561349932142,0.0,0.004443094567238,0.6893711996389367,0.6569645223976546,0.0,0.0324066772412821,0.7283130832458101,0.722569893267072,0.0,0.0057431899787381,0.5416470588235294,0.5284705882352941,0.0,0.0131764705882352,0.475308711273759,0.450925928543104,0.0,0.024382782730655,full,global_qwk_low;worst_site_qwk_low;site_qwk_spread_high;mean_abs_error_high;severe_error_rate_high,mean_abs_error_high,1,False,fedavg,0.7220044444993801,0.0,0.475308711273759,0.0,0.6893711996389367,0.0,0.7283130832458101,0.0,0.5416470588235294,0.0
results\threshold_shift_panda_all_conservative_35_seed_59\predictions.csv,35,35,59,fedavg,cross_site_blend_50,0.7100777412130561,0.6429990356369907,0.6901337869423715,0.105887289059677,0.5435294117647059,0.471341301659099,0.7717647058823529,0.0851764705882353,0.1952941176470588,0.5764705882352941,1.2240254947685616,0.7116016939956201,0.001523952782564,0.6370567174716034,-0.0059423181653872,0.6934241099992058,0.0032903230568342,0.1132789288326377,0.0073916397729607,0.5534117647058824,0.0098823529411764,0.4825955569744076,0.0112542553153086,0.7604705882352941,-0.0112941176470587,0.0818823529411764,-0.0032941176470588,0.2141176470588235,0.0188235294117647,0.5463529411764706,-0.0301176470588234,1.238746797482302,0.0147213027137405,3,worst_site_qwk_low;site_qwk_spread_high;mean_abs_error_high,True,cross_site_blend_50,0.7116016939956201,0.7116016939956201,0.001523952782564,0.0,0.6370567174716034,0.6370567174716034,-0.0059423181653872,0.0,0.6934241099992058,0.6934241099992058,0.0032903230568342,0.0,0.5534117647058824,0.5534117647058824,0.0098823529411764,0.0,0.4825955569744076,0.4825955569744076,0.0112542553153086,0.0,full,global_qwk_low;worst_site_qwk_low;site_qwk_spread_high;mean_abs_error_high;severe_error_rate_high,worst_site_qwk_low;site_qwk_spread_high;mean_abs_error_high,3,True,cross_site_blend_50,0.7116016939956201,0.0015239527825640087,0.4825955569744076,0.011254255315308603,0.6370567174716034,-0.005942318165387261,0.6934241099992058,0.003290323056834299,0.5534117647058824,0.009882352941176453
results\threshold_shift_panda_all_conservative_35_seed_7\predictions.csv,35,35,7,fedavg,cross_site_blend_50,0.6942774894031114,0.6443874347078955,0.6975829421396949,0.0858773052027235,0.5374117647058824,0.4603144780205284,0.7849411764705883,0.0903529411764706,0.1552941176470588,0.6296470588235294,1.2142426451106132,0.7056756010856606,0.0113981116825492,0.6562957385838117,0.0119083038759162,0.7117153467248711,0.0141324045851762,0.1079768212688585,0.022099516066135,0.5529411764705883,0.0155294117647059,0.4856018793440087,0.0252874013234802,0.7529411764705882,-0.032,0.0870588235294117,-0.0032941176470588,0.1868235294117647,0.0315294117647058,0.5661176470588235,-0.0635294117647059,1.2264807032274183,0.0122380581168053,4,global_qwk_low;worst_site_qwk_low;mean_abs_error_high;severe_error_rate_high,True,cross_site_blend_50,0.7056756010856606,0.7056756010856606,0.0113981116825492,0.0,0.6562957385838117,0.6562957385838117,0.0119083038759162,0.0,0.7117153467248711,0.7117153467248711,0.0141324045851762,0.0,0.5529411764705883,0.5529411764705883,0.0155294117647059,0.0,0.4856018793440087,0.4856018793440087,0.0252874013234802,0.0,full,global_qwk_low;worst_site_qwk_low;site_qwk_spread_high;mean_abs_error_high;severe_error_rate_high,global_qwk_low;worst_site_qwk_low;mean_abs_error_high;severe_error_rate_high,4,True,cross_site_blend_50,0.7056756010856606,0.011398111682549228,0.4856018793440087,0.02528740132348034,0.6562957385838117,0.011908303875916237,0.7117153467248711,0.014132404585176284,0.5529411764705883,0.015529411764705903
results\threshold_shift_panda_all_conservative_45_seed_11\predictions.csv,45,45,11,fedavg,cross_site_blend_50,0.7186645880399637,0.6983115957788266,0.7269082996176406,0.0565871762874488,0.5256470588235295,0.4458322751590808,0.7581176470588236,0.0705882352941176,0.1327058823529411,0.6254117647058823,1.2047639969635384,0.7279402531602377,0.009275665120274,0.6982601754864977,-5.142029232896306e-05,0.7413890565436128,0.0144807569259721,0.0733651753637983,0.0167779990763495,0.5491764705882353,0.0235294117647058,0.4756956220330177,0.0298633468739368,0.7265882352941176,-0.0315294117647059,0.0752941176470588,0.0047058823529411,0.1656470588235294,0.0329411764705882,0.5609411764705883,-0.064470588235294,1.228324298388084,0.0235603014245455,1,mean_abs_error_high,False,fedavg,0.7186645880399637,0.7279402531602377,0.0,-0.009275665120274,0.6983115957788266,0.6982601754864977,0.0,5.142029232896306e-05,0.7269082996176406,0.7413890565436128,0.0,-0.0144807569259721,0.5256470588235295,0.5491764705882353,0.0,-0.0235294117647058,0.4458322751590808,0.4756956220330177,0.0,-0.0298633468739368,full,global_qwk_low;worst_site_qwk_low;site_qwk_spread_high;mean_abs_error_high;severe_error_rate_high,mean_abs_error_high,1,False,fedavg,0.7186645880399637,0.0,0.4458322751590808,0.0,0.6983115957788266,0.0,0.7269082996176406,0.0,0.5256470588235295,0.0
results\threshold_shift_panda_all_conservative_45_seed_123\predictions.csv,45,45,123,fedavg,cross_site_blend_50,0.6842525827854697,0.6443909272024675,0.6827482723486302,0.0739910587963851,0.512,0.4354754690015998,0.8084705882352942,0.0912941176470588,0.1647058823529411,0.6437647058823529,1.25651402768541,0.7276041522412715,0.0433515694558017,0.6793432674370103,0.0349523402345428,0.7197759974251865,0.0370277250765562,0.0794422259562985,0.0054511671599134,0.5421176470588235,0.0301176470588234,0.4722981845450189,0.036822715543419,0.7463529411764706,-0.0621176470588236,0.0767058823529411,-0.0145882352941176,0.2381176470588235,0.0734117647058823,0.508235294117647,-0.1355294117647059,1.2447748699019268,-0.0117391577834833,4,global_qwk_low;worst_site_qwk_low;mean_abs_error_high;severe_error_rate_high,True,cross_site_blend_50,0.7276041522412715,0.7276041522412715,0.0433515694558017,0.0,0.6793432674370103,0.6793432674370103,0.0349523402345428,0.0,0.7197759974251865,0.7197759974251865,0.0370277250765562,0.0,0.5421176470588235,0.5421176470588235,0.0301176470588234,0.0,0.4722981845450189,0.4722981845450189,0.036822715543419,0.0,full,global_qwk_low;worst_site_qwk_low;site_qwk_spread_high;mean_abs_error_high;severe_error_rate_high,global_qwk_low;worst_site_qwk_low;mean_abs_error_high;severe_error_rate_high,4,True,cross_site_blend_50,0.7276041522412715,0.043351569455801764,0.4722981845450189,0.03682271554341909,0.6793432674370103,0.034952340234542856,0.7197759974251865,0.03702772507655627,0.5421176470588235,0.03011764705882347
results\threshold_shift_panda_all_conservative_45_seed_17\predictions.csv,45,45,17,fedavg,cross_site_blend_50,0.7047611051305348,0.645220573180699,0.6905945451901226,0.0909757587087569,0.5129411764705882,0.4388248410063545,0.7943529411764706,0.0781176470588235,0.1477647058823529,0.6465882352941177,1.2398184894957895,0.7077247854813571,0.0029636803508222,0.6417517990615361,-0.0034687741191629,0.6917447783051633,0.0011502331150406,0.1018123133312761,0.0108365546225192,0.5289411764705882,0.016,0.4601461090491274,0.0213212680427729,0.7684705882352941,-0.0258823529411764,0.0785882352941176,0.0004705882352941,0.1609411764705882,0.0131764705882352,0.6075294117647059,-0.0390588235294118,1.2388539655751256,-0.0009645239206639,2,worst_site_qwk_low;mean_abs_error_high,False,fedavg,0.7047611051305348,0.7077247854813571,0.0,-0.0029636803508222,0.645220573180699,0.6417517990615361,0.0,0.0034687741191629,0.6905945451901226,0.6917447783051633,0.0,-0.0011502331150406,0.5129411764705882,0.5289411764705882,0.0,-0.016,0.4388248410063545,0.4601461090491274,0.0,-0.0213212680427729,full,global_qwk_low;worst_site_qwk_low;site_qwk_spread_high;mean_abs_error_high;severe_error_rate_high,worst_site_qwk_low;mean_abs_error_high,2,False,fedavg,0.7047611051305348,0.0,0.4388248410063545,0.0,0.645220573180699,0.0,0.6905945451901226,0.0,0.5129411764705882,0.0
results\threshold_shift_panda_all_conservative_45_seed_2025\predictions.csv,45,45,2025,fedavg,cross_site_blend_50,0.6513178987545161,0.6357395844743857,0.6550728682482759,0.0617910715279269,0.512,0.4213510266509179,0.8465882352941176,0.1021176470588235,0.1689411764705882,0.6776470588235294,1.2398197962944426,0.6916847406111084,0.0403668418565923,0.6475384686313133,0.0117988841569275,0.6929907323339558,0.0379178640856798,0.0791388873452907,0.0173478158173637,0.5251764705882352,0.0131764705882352,0.4405144881551974,0.0191634615042795,0.7995294117647059,-0.0470588235294117,0.0908235294117647,-0.0112941176470588,0.2188235294117647,0.0498823529411764,0.5807058823529412,-0.0969411764705882,1.2347401108882392,-0.0050796854062034,4,global_qwk_low;worst_site_qwk_low;mean_abs_error_high;severe_error_rate_high,True,cross_site_blend_50,0.6916847406111084,0.6916847406111084,0.0403668418565923,0.0,0.6475384686313133,0.6475384686313133,0.0117988841569275,0.0,0.6929907323339558,0.6929907323339558,0.0379178640856798,0.0,0.5251764705882352,0.5251764705882352,0.0131764705882352,0.0,0.4405144881551974,0.4405144881551974,0.0191634615042795,0.0,full,global_qwk_low;worst_site_qwk_low;site_qwk_spread_high;mean_abs_error_high;severe_error_rate_high,global_qwk_low;worst_site_qwk_low;mean_abs_error_high;severe_error_rate_high,4,True,cross_site_blend_50,0.6916847406111084,0.04036684185659234,0.4405144881551974,0.0191634615042795,0.6475384686313133,0.011798884156927536,0.6929907323339558,0.037917864085679875,0.5251764705882352,0.013176470588235234
results\threshold_shift_panda_all_conservative_45_seed_23\predictions.csv,45,45,23,fedavg,cross_site_blend_50,0.6689702161873159,0.6278285098051922,0.6892648974635475,0.1249900734371944,0.5256470588235295,0.4501728064200315,0.8169411764705883,0.0974117647058823,0.1487058823529412,0.668235294117647,1.223265605185007,0.6811832732447068,0.0122130570573909,0.6330609816469177,0.0052324718417254,0.7044609882881547,0.0151960908246072,0.1447019826986322,0.0197119092614377,0.5383529411764706,0.0127058823529411,0.4677176487867743,0.0175448423667428,0.7981176470588235,-0.0188235294117647,0.0974117647058823,0.0,0.1632941176470588,0.0145882352941176,0.6348235294117647,-0.0334117647058823,1.1950156635017095,-0.0282499416832973,5,global_qwk_low;worst_site_qwk_low;site_qwk_spread_high;mean_abs_error_high;severe_error_rate_high,True,cross_site_blend_50,0.6811832732447068,0.6811832732447068,0.0122130570573909,0.0,0.6330609816469177,0.6330609816469177,0.0052324718417254,0.0,0.7044609882881547,0.7044609882881547,0.0151960908246072,0.0,0.5383529411764706,0.5383529411764706,0.0127058823529411,0.0,0.4677176487867743,0.4677176487867743,0.0175448423667428,0.0,full,global_qwk_low;worst_site_qwk_low;site_qwk_spread_high;mean_abs_error_high;severe_error_rate_high,global_qwk_low;worst_site_qwk_low;site_qwk_spread_high;mean_abs_error_high;severe_error_rate_high,5,True,cross_site_blend_50,0.6811832732447068,0.012213057057390952,0.4677176487867743,0.017544842366742808,0.6330609816469177,0.005232471841725483,0.7044609882881547,0.015196090824607267,0.5383529411764706,0.012705882352941122
results\threshold_shift_panda_all_conservative_45_seed_29\predictions.csv,45,45,29,fedavg,cross_site_blend_50,0.7027122701678348,0.6593035575542109,0.6983248374194991,0.0674032162340082,0.5218823529411765,0.4494435876297903,0.7905882352941176,0.088,0.1576470588235294,0.6329411764705882,1.196903554445906,0.7083737182341829,0.0056614480663481,0.6553674973311827,-0.0039360602230281,0.7033051263106922,0.004980288891193,0.0885817534051347,0.0211785371711265,0.5468235294117647,0.0249411764705882,0.4791428742323236,0.0296992866025332,0.7585882352941177,-0.0319999999999999,0.084235294117647,-0.0037647058823529,0.1830588235294117,0.0254117647058823,0.5755294117647058,-0.0574117647058823,1.2174418629639214,0.0205383085180153,4,global_qwk_low;worst_site_qwk_low;mean_abs_error_high;severe_error_rate_high,True,cross_site_blend_50,0.7083737182341829,0.7083737182341829,0.0056614480663481,0.0,0.6553674973311827,0.6553674973311827,-0.0039360602230281,0.0,0.7033051263106922,0.7033051263106922,0.004980288891193,0.0,0.5468235294117647,0.5468235294117647,0.0249411764705882,0.0,0.4791428742323236,0.4791428742323236,0.0296992866025332,0.0,full,global_qwk_low;worst_site_qwk_low;site_qwk_spread_high;mean_abs_error_high;severe_error_rate_high,global_qwk_low;worst_site_qwk_low;mean_abs_error_high;severe_error_rate_high,4,True,cross_site_blend_50,0.7083737182341829,0.0056614480663481626,0.4791428742323236,0.029699286602533292,0.6553674973311827,-0.0039360602230281705,0.7033051263106922,0.004980288891193063,0.5468235294117647,0.024941176470588244
results\threshold_shift_panda_all_conservative_45_seed_31\predictions.csv,45,45,31,fedavg,cross_site_blend_50,0.6907445542033991,0.6478213865592243,0.697022671132488,0.0990737087116392,0.5209411764705882,0.4467296226169241,0.7783529411764706,0.0809411764705882,0.156235294117647,0.6221176470588236,1.241704937493638,0.7010929147350812,0.010348360531682,0.6782066835699941,0.0303852970107698,0.7110580444059729,0.0140353732734849,0.063455555044703,-0.0356181536669362,0.5378823529411765,0.0169411764705882,0.4778400687043871,0.031110446087463,0.7807058823529411,0.0023529411764705,0.0884705882352941,0.0075294117647058,0.2258823529411764,0.0696470588235294,0.5548235294117647,-0.0672941176470588,1.2281036756811077,-0.0136012618125302,3,global_qwk_low;worst_site_qwk_low;mean_abs_error_high,True,cross_site_blend_50,0.7010929147350812,0.7010929147350812,0.010348360531682,0.0,0.6782066835699941,0.6782066835699941,0.0303852970107698,0.0,0.7110580444059729,0.7110580444059729,0.0140353732734849,0.0,0.5378823529411765,0.5378823529411765,0.0169411764705882,0.0,0.4778400687043871,0.4778400687043871,0.031110446087463,0.0,full,global_qwk_low;worst_site_qwk_low;site_qwk_spread_high;mean_abs_error_high;severe_error_rate_high,global_qwk_low;worst_site_qwk_low;mean_abs_error_high,3,True,cross_site_blend_50,0.7010929147350812,0.010348360531682088,0.4778400687043871,0.031110446087462995,0.6782066835699941,0.030385297010769863,0.7110580444059729,0.014035373273484919,0.5378823529411765,0.016941176470588237
results\threshold_shift_panda_all_conservative_45_seed_37\predictions.csv,45,45,37,fedavg,cross_site_blend_50,0.6718398316224687,0.6566294013012368,0.6776751902752847,0.0577402918144898,0.5134117647058823,0.4501286620132132,0.8178823529411765,0.0941176470588235,0.1454117647058823,0.6724705882352942,1.1877916427116788,0.6989889494547878,0.0271491178323191,0.6798369892493196,0.0232075879480827,0.7028944926747505,0.0252193023994657,0.0388444897333896,-0.0188958020811002,0.5383529411764706,0.0249411764705882,0.4679482987007382,0.0178196366875249,0.7778823529411765,-0.04,0.0903529411764706,-0.0037647058823529,0.1910588235294117,0.0456470588235294,0.5868235294117647,-0.0856470588235294,1.2612150037606646,0.0734233610489858,4,global_qwk_low;worst_site_qwk_low;mean_abs_error_high;severe_error_rate_high,True,cross_site_blend_50,0.6989889494547878,0.6989889494547878,0.0271491178323191,0.0,0.6798369892493196,0.6798369892493196,0.0232075879480827,0.0,0.7028944926747505,0.7028944926747505,0.0252193023994657,0.0,0.5383529411764706,0.5383529411764706,0.0249411764705882,0.0,0.4679482987007382,0.4679482987007382,0.0178196366875249,0.0,full,global_qwk_low;worst_site_qwk_low;site_qwk_spread_high;mean_abs_error_high;severe_error_rate_high,global_qwk_low;worst_site_qwk_low;mean_abs_error_high;severe_error_rate_high,4,True,cross_site_blend_50,0.6989889494547878,0.027149117832319103,0.4679482987007382,0.017819636687524953,0.6798369892493196,0.023207587948082753,0.7028944926747505,0.025219302399465793,0.5383529411764706,0.024941176470588244
results\threshold_shift_panda_all_conservative_45_seed_41\predictions.csv,45,45,41,fedavg,cross_site_blend_50,0.7123796898843978,0.6477160424225139,0.7230280654793807,0.1493724689112257,0.532235294117647,0.4576524733917275,0.7595294117647059,0.0752941176470588,0.1689411764705882,0.5905882352941176,1.216875668403408,0.7108887383352965,-0.0014909515491012,0.6681257448384706,0.0204097024159567,0.7194995869173381,-0.0035284785620426,0.1343608083755315,-0.0150116605356941,0.536,0.003764705882353,0.4617007732319488,0.0040482998402213,0.7670588235294118,0.0075294117647058,0.0785882352941176,0.0032941176470588,0.1656470588235294,-0.0032941176470588,0.6014117647058823,0.0108235294117646,1.208587090198221,-0.0082885782051869,3,worst_site_qwk_low;site_qwk_spread_high;mean_abs_error_high,True,cross_site_blend_50,0.7108887383352965,0.7108887383352965,-0.0014909515491012,0.0,0.6681257448384706,0.6681257448384706,0.0204097024159567,0.0,0.7194995869173381,0.7194995869173381,-0.0035284785620426,0.0,0.536,0.536,0.003764705882353,0.0,0.4617007732319488,0.4617007732319488,0.0040482998402213,0.0,full,global_qwk_low;worst_site_qwk_low;site_qwk_spread_high;mean_abs_error_high;severe_error_rate_high,worst_site_qwk_low;site_qwk_spread_high;mean_abs_error_high,3,True,cross_site_blend_50,0.7108887383352965,-0.0014909515491012826,0.4617007732319488,0.004048299840221314,0.6681257448384706,0.020409702415956743,0.7194995869173381,-0.003528478562042636,0.536,0.0037647058823530033
results\threshold_shift_panda_all_conservative_45_seed_42\predictions.csv,45,45,42,fedavg,cross_site_blend_50,0.6774827764861275,0.6445375035779021,0.6916365566904921,0.1014820199256691,0.5270588235294118,0.4543662053061909,0.7985882352941176,0.0912941176470588,0.1336470588235294,0.6649411764705883,1.2261141193444989,0.684495430609388,0.0070126541232604,0.6552577603454078,0.0107202567675057,0.6966647491374609,0.0050281924469688,0.0956957754403231,-0.005786244485346,0.536,0.0089411764705882,0.462630665272385,0.0082644599661941,0.7835294117647059,-0.0150588235294116,0.0894117647058823,-0.0018823529411764,0.1557647058823529,0.0221176470588235,0.6277647058823529,-0.0371764705882353,1.2219655729572696,-0.0041485463872292,4,global_qwk_low;worst_site_qwk_low;mean_abs_error_high;severe_error_rate_high,True,cross_site_blend_50,0.684495430609388,0.684495430609388,0.0070126541232604,0.0,0.6552577603454078,0.6552577603454078,0.0107202567675057,0.0,0.6966647491374609,0.6966647491374609,0.0050281924469688,0.0,0.536,0.536,0.0089411764705882,0.0,0.462630665272385,0.462630665272385,0.0082644599661941,0.0,full,global_qwk_low;worst_site_qwk_low;site_qwk_spread_high;mean_abs_error_high;severe_error_rate_high,global_qwk_low;worst_site_qwk_low;mean_abs_error_high;severe_error_rate_high,4,True,cross_site_blend_50,0.684495430609388,0.0070126541232604644,0.462630665272385,0.008264459966194126,0.6552577603454078,0.010720256767505765,0.6966647491374609,0.005028192446968838,0.536,0.00894117647058823
results\threshold_shift_panda_all_conservative_45_seed_43\predictions.csv,45,45,43,fedavg,cross_site_blend_50,0.7138716162513442,0.6822721801086638,0.711808940745141,0.0616774222069055,0.5289411764705882,0.4655935566146705,0.7736470588235295,0.0790588235294117,0.1647058823529411,0.6089411764705882,1.1930575391361506,0.7238906047035034,0.0100189884521592,0.6955788405751153,0.0133066604664515,0.7253029885742331,0.0134940478290921,0.0540392088119872,-0.0076382133949183,0.5472941176470588,0.0183529411764705,0.4833792586175012,0.0177857020028307,0.739764705882353,-0.0338823529411764,0.0767058823529411,-0.0023529411764705,0.1736470588235294,0.0089411764705882,0.5661176470588235,-0.0428235294117647,1.2490948525451526,0.0560373134090019,1,mean_abs_error_high,False,fedavg,0.7138716162513442,0.7238906047035034,0.0,-0.0100189884521592,0.6822721801086638,0.6955788405751153,0.0,-0.0133066604664515,0.711808940745141,0.7253029885742331,0.0,-0.0134940478290921,0.5289411764705882,0.5472941176470588,0.0,-0.0183529411764705,0.4655935566146705,0.4833792586175012,0.0,-0.0177857020028307,full,global_qwk_low;worst_site_qwk_low;site_qwk_spread_high;mean_abs_error_high;severe_error_rate_high,mean_abs_error_high,1,False,fedavg,0.7138716162513442,0.0,0.4655935566146705,0.0,0.6822721801086638,0.0,0.711808940745141,0.0,0.5289411764705882,0.0
results\threshold_shift_panda_all_conservative_45_seed_47\predictions.csv,45,45,47,fedavg,cross_site_blend_50,0.6847965201382491,0.6483616776044975,0.6910543398194848,0.0705500414349021,0.5247058823529411,0.4514071460022199,0.8014117647058824,0.0927058823529411,0.1689411764705882,0.6324705882352941,1.223896878202759,0.6851789430850455,0.0003824229467963,0.652432325294192,0.0040706476896945,0.6995950911807111,0.0085407513612262,0.0619584935386275,-0.0085915478962745,0.5449411764705883,0.0202352941176471,0.472621372126016,0.021214226123796,0.7910588235294118,-0.0103529411764705,0.0941176470588235,0.0014117647058823,0.1797647058823529,0.0108235294117647,0.6112941176470589,-0.0211764705882352,1.217905331775368,-0.0059915464273909,4,global_qwk_low;worst_site_qwk_low;mean_abs_error_high;severe_error_rate_high,True,cross_site_blend_50,0.6851789430850455,0.6851789430850455,0.0003824229467963,0.0,0.652432325294192,0.652432325294192,0.0040706476896945,0.0,0.6995950911807111,0.6995950911807111,0.0085407513612262,0.0,0.5449411764705883,0.5449411764705883,0.0202352941176471,0.0,0.472621372126016,0.472621372126016,0.021214226123796,0.0,full,global_qwk_low;worst_site_qwk_low;site_qwk_spread_high;mean_abs_error_high;severe_error_rate_high,global_qwk_low;worst_site_qwk_low;mean_abs_error_high;severe_error_rate_high,4,True,cross_site_blend_50,0.6851789430850455,0.0003824229467963569,0.472621372126016,0.021214226123796143,0.652432325294192,0.004070647689694562,0.6995950911807111,0.008540751361226229,0.5449411764705883,0.02023529411764713
results\threshold_shift_panda_all_conservative_45_seed_53\predictions.csv,45,45,53,fedavg,cross_site_blend_50,0.7201645664369767,0.6590058792089791,0.7242115653009432,0.0962519076398983,0.5124705882352941,0.4494431704394436,0.7712941176470588,0.0785882352941176,0.1449411764705882,0.6263529411764706,1.2476182242498215,0.7142977210762524,-0.0058668453607242,0.6664553756290599,0.0074494964200807,0.7213074678388882,-0.0029040974620549,0.092832744626332,-0.0034191630135662,0.5265882352941177,0.0141176470588235,0.4523648833805307,0.002921712941087,0.7811764705882352,0.0098823529411764,0.0861176470588235,0.0075294117647058,0.2018823529411764,0.0569411764705882,0.5792941176470588,-0.0470588235294117,1.216200957210754,-0.0314172670390675,2,worst_site_qwk_low;mean_abs_error_high,False,fedavg,0.7201645664369767,0.7142977210762524,0.0,0.0058668453607242,0.6590058792089791,0.6664553756290599,0.0,-0.0074494964200807,0.7242115653009432,0.7213074678388882,0.0,0.0029040974620549,0.5124705882352941,0.5265882352941177,0.0,-0.0141176470588235,0.4494431704394436,0.4523648833805307,0.0,-0.002921712941087,full,global_qwk_low;worst_site_qwk_low;site_qwk_spread_high;mean_abs_error_high;severe_error_rate_high,worst_site_qwk_low;mean_abs_error_high,2,False,fedavg,0.7201645664369767,0.0,0.4494431704394436,0.0,0.6590058792089791,0.0,0.7242115653009432,0.0,0.5124705882352941,0.0
results\threshold_shift_panda_all_conservative_45_seed_59\predictions.csv,45,45,59,fedavg,cross_site_blend_50,0.7016674406948484,0.6159609540801119,0.6845382756686187,0.1206158796476057,0.5256470588235295,0.4495477542539736,0.7915294117647059,0.0861176470588235,0.1825882352941176,0.6089411764705882,1.1982354306608411,0.705730488586835,0.0040630478919865,0.643696978717071,0.0277360246369591,0.6883887122265069,0.0038504365578881,0.0969232193571749,-0.0236926602904308,0.5407058823529411,0.0150588235294116,0.4656458284346138,0.0160980741806401,0.7783529411764706,-0.0131764705882353,0.0851764705882353,-0.0009411764705882,0.2089411764705882,0.0263529411764706,0.5694117647058824,-0.0395294117647058,1.2381082534135337,0.0398728227526925,4,global_qwk_low;worst_site_qwk_low;site_qwk_spread_high;mean_abs_error_high,True,cross_site_blend_50,0.705730488586835,0.705730488586835,0.0040630478919865,0.0,0.643696978717071,0.643696978717071,0.0277360246369591,0.0,0.6883887122265069,0.6883887122265069,0.0038504365578881,0.0,0.5407058823529411,0.5407058823529411,0.0150588235294116,0.0,0.4656458284346138,0.4656458284346138,0.0160980741806401,0.0,full,global_qwk_low;worst_site_qwk_low;site_qwk_spread_high;mean_abs_error_high;severe_error_rate_high,global_qwk_low;worst_site_qwk_low;site_qwk_spread_high;mean_abs_error_high,4,True,cross_site_blend_50,0.705730488586835,0.0040630478919865265,0.4656458284346138,0.016098074180640187,0.643696978717071,0.027736024636959122,0.6883887122265069,0.0038504365578881927,0.5407058823529411,0.01505882352941168
results\threshold_shift_panda_all_conservative_45_seed_7\predictions.csv,45,45,7,fedavg,cross_site_blend_50,0.6923907834999634,0.6489613109441599,0.6966096027165747,0.0937013742162709,0.5251764705882352,0.4536372003313794,0.7976470588235294,0.0894117647058823,0.1392941176470588,0.6583529411764706,1.2069264914261555,0.7012379189330036,0.0088471354330401,0.6779182879377432,0.0289569769935833,0.7076271761977981,0.0110175734812234,0.0784267466587252,-0.0152746275575456,0.5463529411764706,0.0211764705882353,0.4786342882830192,0.0249970879516397,0.7567058823529412,-0.0409411764705881,0.0870588235294117,-0.0023529411764705,0.1755294117647058,0.036235294117647,0.5811764705882353,-0.0771764705882352,1.248436539060467,0.0415100476343115,4,global_qwk_low;worst_site_qwk_low;mean_abs_error_high;severe_error_rate_high,True,cross_site_blend_50,0.7012379189330036,0.7012379189330036,0.0088471354330401,0.0,0.6779182879377432,0.6779182879377432,0.0289569769935833,0.0,0.7076271761977981,0.7076271761977981,0.0110175734812234,0.0,0.5463529411764706,0.5463529411764706,0.0211764705882353,0.0,0.4786342882830192,0.4786342882830192,0.0249970879516397,0.0,full,global_qwk_low;worst_site_qwk_low;site_qwk_spread_high;mean_abs_error_high;severe_error_rate_high,global_qwk_low;worst_site_qwk_low;mean_abs_error_high;severe_error_rate_high,4,True,cross_site_blend_50,0.7012379189330036,0.008847135433040165,0.4786342882830192,0.024997087951639796,0.6779182879377432,0.02895697699358335,0.7076271761977981,0.011017573481223453,0.5463529411764706,0.021176470588235352
results\threshold_shift_panda_all_conservative_0_seed_11\predictions.csv,0,0,11,fedavg,cross_site_blend_50,0.7429581080983443,0.7164217698801902,0.7441992641283725,0.0593496863554664,0.5745882352941176,0.5098279114359029,0.6922352941176471,0.0734117647058823,0.208,0.484235294117647,1.156964949139127,0.7337225638667626,-0.0092355442315816,0.7119886879296122,-0.004433081950578,0.743286473704899,-0.0009127904234734,0.0433346987300143,-0.016014987625452,0.5736470588235294,-0.0009411764705882,0.5055207797599799,-0.004307131675923,0.7105882352941176,0.0183529411764705,0.0785882352941176,0.0051764705882352,0.2343529411764706,0.0263529411764706,0.476235294117647,-0.008,1.1778074606925435,0.0208425115534167,0,,False,fedavg,0.7429581080983443,0.7429581080983443,0.0,0.0,0.7164217698801902,0.7164217698801902,0.0,0.0,0.7441992641283725,0.7441992641283725,0.0,0.0,0.5745882352941176,0.5745882352941176,0.0,0.0,0.5098279114359029,0.5098279114359029,0.0,0.0,minus_global_qwk_low,worst_site_qwk_low;site_qwk_spread_high;mean_abs_error_high;severe_error_rate_high,,0,False,fedavg,0.7429581080983443,0.0,0.5098279114359029,0.0,0.7164217698801902,0.0,0.7441992641283725,0.0,0.5745882352941176,0.0
results\threshold_shift_panda_all_conservative_0_seed_123\predictions.csv,0,0,123,fedavg,cross_site_blend_50,0.7298328239744079,0.702768825425204,0.732487374863064,0.0713198620093883,0.5694117647058824,0.5055799211566626,0.7134117647058823,0.076235294117647,0.2376470588235294,0.4757647058823529,1.1721565327917418,0.7280400712222352,-0.0017927527521726,0.6825573624415238,-0.0202114629836802,0.7254086963081546,-0.0070786785549094,0.0742889639064762,0.0029691018970878,0.5567058823529412,-0.0127058823529412,0.4949036378409496,-0.0106762833157129,0.7425882352941177,0.0291764705882353,0.0767058823529411,0.0004705882352941,0.3171764705882353,0.0795294117647058,0.4254117647058824,-0.0503529411764705,1.1780110800360235,0.0058545472442819,0,,False,fedavg,0.7298328239744079,0.7298328239744079,0.0,0.0,0.702768825425204,0.702768825425204,0.0,0.0,0.732487374863064,0.732487374863064,0.0,0.0,0.5694117647058824,0.5694117647058824,0.0,0.0,0.5055799211566626,0.5055799211566626,0.0,0.0,minus_global_qwk_low,worst_site_qwk_low;site_qwk_spread_high;mean_abs_error_high;severe_error_rate_high,,0,False,fedavg,0.7298328239744079,0.0,0.5055799211566626,0.0,0.702768825425204,0.0,0.732487374863064,0.0,0.5694117647058824,0.0
results\threshold_shift_panda_all_conservative_0_seed_17\predictions.csv,0,0,17,fedavg,cross_site_blend_50,0.7239654930746602,0.6867531239805871,0.7097153911713731,0.0679690886509221,0.5727058823529412,0.5116310736011755,0.7171764705882353,0.0752941176470588,0.1971764705882353,0.52,1.1677552636809072,0.741825343260487,0.0178598501858268,0.6977504245196491,0.010997300539062,0.7270813020050024,0.0173659108336293,0.0776750134260571,0.0097059247751349,0.5835294117647059,0.0108235294117646,0.5224528915476301,0.0108218179464545,0.6832941176470588,-0.0338823529411764,0.068235294117647,-0.0070588235294117,0.1637647058823529,-0.0334117647058823,0.5195294117647059,-0.0004705882352941,1.1786416934641828,0.0108864297832755,0,,False,fedavg,0.7239654930746602,0.7239654930746602,0.0,0.0,0.6867531239805871,0.6867531239805871,0.0,0.0,0.7097153911713731,0.7097153911713731,0.0,0.0,0.5727058823529412,0.5727058823529412,0.0,0.0,0.5116310736011755,0.5116310736011755,0.0,0.0,minus_global_qwk_low,worst_site_qwk_low;site_qwk_spread_high;mean_abs_error_high;severe_error_rate_high,,0,False,fedavg,0.7239654930746602,0.0,0.5116310736011755,0.0,0.6867531239805871,0.0,0.7097153911713731,0.0,0.5727058823529412,0.0
results\threshold_shift_panda_all_conservative_0_seed_2025\predictions.csv,0,0,2025,fedavg,cross_site_blend_50,0.6983892617352163,0.6744316058050153,0.7010870185241194,0.0584559494250015,0.5585882352941176,0.5000663744833895,0.7576470588235295,0.0870588235294117,0.2465882352941176,0.5110588235294118,1.1618222006061447,0.6988934439468641,0.0005041822116478,0.677440898806273,0.0030092930012577,0.7014432993023529,0.0003562807782335,0.0543557071565601,-0.0041002422684414,0.5472941176470588,-0.0112941176470587,0.4780140759710345,-0.022052298512355,0.7854117647058824,0.0277647058823529,0.092235294117647,0.0051764705882352,0.2790588235294117,0.0324705882352941,0.5063529411764706,-0.0047058823529412,1.177045535032376,0.0152233344262311,2,global_qwk_low;mean_abs_error_high,False,fedavg,0.6983892617352163,0.6983892617352163,0.0,0.0,0.6744316058050153,0.6744316058050153,0.0,0.0,0.7010870185241194,0.7010870185241194,0.0,0.0,0.5585882352941176,0.5585882352941176,0.0,0.0,0.5000663744833895,0.5000663744833895,0.0,0.0,minus_global_qwk_low,worst_site_qwk_low;site_qwk_spread_high;mean_abs_error_high;severe_error_rate_high,mean_abs_error_high,1,False,fedavg,0.6983892617352163,0.0,0.5000663744833895,0.0,0.6744316058050153,0.0,0.7010870185241194,0.0,0.5585882352941176,0.0
results\threshold_shift_panda_all_conservative_0_seed_23\predictions.csv,0,0,23,fedavg,cross_site_blend_50,0.7018818577459033,0.6673741964836729,0.7174845380245973,0.1002154031961053,0.56,0.4860606677435226,0.7637647058823529,0.092235294117647,0.228235294117647,0.5355294117647059,1.141851402646168,0.7037645067143725,0.0018826489684692,0.6681155525660587,0.0007413560823857,0.7204905791820245,0.0030060411574271,0.1266562161989222,0.0264408130028168,0.5604705882352942,0.0004705882352941,0.4889164480197272,0.0028557802762046,0.7614117647058823,-0.0023529411764705,0.0941176470588235,0.0018823529411764,0.2197647058823529,-0.0084705882352941,0.5416470588235294,0.0061176470588234,1.1372767953333078,-0.0045746073128603,3,global_qwk_low;mean_abs_error_high;severe_error_rate_high,True,cross_site_blend_50,0.7037645067143725,0.7018818577459033,0.0018826489684692,0.0018826489684692,0.6681155525660587,0.6673741964836729,0.0007413560823857,0.0007413560823857,0.7204905791820245,0.7174845380245973,0.0030060411574271,0.0030060411574271,0.5604705882352942,0.56,0.0004705882352941,0.0004705882352941,0.4889164480197272,0.4860606677435226,0.0028557802762046,0.0028557802762046,minus_global_qwk_low,worst_site_qwk_low;site_qwk_spread_high;mean_abs_error_high;severe_error_rate_high,mean_abs_error_high;severe_error_rate_high,2,False,fedavg,0.7018818577459033,0.0,0.4860606677435226,0.0,0.6673741964836729,0.0,0.7174845380245973,0.0,0.56,0.0
results\threshold_shift_panda_all_conservative_0_seed_29\predictions.csv,0,0,29,fedavg,cross_site_blend_50,0.726441618643312,0.6865732434961865,0.71804951628285,0.0585544069027084,0.5741176470588235,0.5055895989900184,0.7247058823529412,0.0818823529411764,0.208,0.5167058823529411,1.147105895918461,0.7230326097996407,-0.0034090088436713,0.6763439793223045,-0.010229264173882,0.7209830795282827,0.0029335632454327,0.0931448064797406,0.0345903995770322,0.5764705882352941,0.0023529411764705,0.5123163664565035,0.006726767466485,0.7185882352941176,-0.0061176470588235,0.0828235294117647,0.0009411764705882,0.2428235294117647,0.0348235294117647,0.4757647058823529,-0.0409411764705882,1.1457565392719873,-0.0013493566464737,0,,False,fedavg,0.726441618643312,0.726441618643312,0.0,0.0,0.6865732434961865,0.6865732434961865,0.0,0.0,0.71804951628285,0.71804951628285,0.0,0.0,0.5741176470588235,0.5741176470588235,0.0,0.0,0.5055895989900184,0.5055895989900184,0.0,0.0,minus_global_qwk_low,worst_site_qwk_low;site_qwk_spread_high;mean_abs_error_high;severe_error_rate_high,,0,False,fedavg,0.726441618643312,0.0,0.5055895989900184,0.0,0.6865732434961865,0.0,0.71804951628285,0.0,0.5741176470588235,0.0
results\threshold_shift_panda_all_conservative_0_seed_31\predictions.csv,0,0,31,fedavg,cross_site_blend_50,0.7086968931815969,0.6738253917670043,0.7083238904839249,0.0518022247570875,0.5496470588235294,0.490416290241764,0.7463529411764706,0.0828235294117647,0.2395294117647058,0.5068235294117647,1.1670994637757055,0.7165003903666098,0.0078034971850129,0.6904800881334037,0.0166546963663993,0.7226313294886846,0.0143074390047597,0.0581068647975383,0.0063046400404508,0.5534117647058824,0.003764705882353,0.4950671262046908,0.0046508359629268,0.7557647058823529,0.0094117647058823,0.0847058823529411,0.0018823529411764,0.2875294117647058,0.0479999999999999,0.4682352941176471,-0.0385882352941175,1.1520586233386354,-0.0150408404370703,0,,False,fedavg,0.7086968931815969,0.7086968931815969,0.0,0.0,0.6738253917670043,0.6738253917670043,0.0,0.0,0.7083238904839249,0.7083238904839249,0.0,0.0,0.5496470588235294,0.5496470588235294,0.0,0.0,0.490416290241764,0.490416290241764,0.0,0.0,minus_global_qwk_low,worst_site_qwk_low;site_qwk_spread_high;mean_abs_error_high;severe_error_rate_high,,0,False,fedavg,0.7086968931815969,0.0,0.490416290241764,0.0,0.6738253917670043,0.0,0.7083238904839249,0.0,0.5496470588235294,0.0
results\threshold_shift_panda_all_conservative_0_seed_37\predictions.csv,0,0,37,fedavg,cross_site_blend_50,0.7169013513435238,0.7072214848478993,0.7205745926518567,0.0417600381363131,0.5755294117647058,0.5218186688693097,0.7138823529411765,0.0823529411764705,0.1872941176470588,0.5265882352941177,1.1259510238729171,0.7209045782831497,0.0040032269396258,0.7026297227340665,-0.0045917621138327,0.7245873212371869,0.0040127285853301,0.0390353396576449,-0.0027246984786681,0.5604705882352942,-0.0150588235294116,0.4917730629816231,-0.0300456058876866,0.7331764705882353,0.0192941176470587,0.0847058823529411,0.0023529411764705,0.2258823529411764,0.0385882352941176,0.5072941176470588,-0.0192941176470589,1.2102201270375847,0.0842691031646674,0,,False,fedavg,0.7169013513435238,0.7169013513435238,0.0,0.0,0.7072214848478993,0.7072214848478993,0.0,0.0,0.7205745926518567,0.7205745926518567,0.0,0.0,0.5755294117647058,0.5755294117647058,0.0,0.0,0.5218186688693097,0.5218186688693097,0.0,0.0,minus_global_qwk_low,worst_site_qwk_low;site_qwk_spread_high;mean_abs_error_high;severe_error_rate_high,,0,False,fedavg,0.7169013513435238,0.0,0.5218186688693097,0.0,0.7072214848478993,0.0,0.7205745926518567,0.0,0.5755294117647058,0.0
results\threshold_shift_panda_all_conservative_0_seed_41\predictions.csv,0,0,41,fedavg,cross_site_blend_50,0.7313483114760122,0.6692838566912203,0.7434729817875875,0.1428779212439995,0.5665882352941176,0.5004526523110261,0.72,0.0767058823529411,0.2357647058823529,0.484235294117647,1.1680296642247314,0.7212868239213154,-0.0100614875546968,0.6863423149808671,0.0170584582896468,0.7288710149947588,-0.0146019667928286,0.1169524129992917,-0.0259255082447078,0.56,-0.0065882352941175,0.4852339061395143,-0.0152187461715117,0.7421176470588235,0.0221176470588235,0.0809411764705882,0.004235294117647,0.2470588235294117,0.0112941176470588,0.4950588235294118,0.0108235294117647,1.148595782922415,-0.0194338813023164,1,site_qwk_spread_high,False,fedavg,0.7313483114760122,0.7313483114760122,0.0,0.0,0.6692838566912203,0.6692838566912203,0.0,0.0,0.7434729817875875,0.7434729817875875,0.0,0.0,0.5665882352941176,0.5665882352941176,0.0,0.0,0.5004526523110261,0.5004526523110261,0.0,0.0,minus_global_qwk_low,worst_site_qwk_low;site_qwk_spread_high;mean_abs_error_high;severe_error_rate_high,site_qwk_spread_high,1,False,fedavg,0.7313483114760122,0.0,0.5004526523110261,0.0,0.6692838566912203,0.0,0.7434729817875875,0.0,0.5665882352941176,0.0
results\threshold_shift_panda_all_conservative_0_seed_42\predictions.csv,0,0,42,fedavg,cross_site_blend_50,0.7072566694854118,0.6673300346903428,0.7161831406854237,0.14113790627812,0.5694117647058824,0.5159724605549763,0.7327058823529412,0.0809411764705882,0.2070588235294117,0.5256470588235295,1.1758076450075134,0.6934701255508754,-0.0137865439345363,0.6608777559281085,-0.0064522787622343,0.7057812801177772,-0.0104018605676464,0.1200084261559242,-0.0211294801221958,0.5585882352941176,-0.0108235294117647,0.496155205606327,-0.0198172549486492,0.7651764705882353,0.0324705882352941,0.0884705882352941,0.0075294117647058,0.220235294117647,0.0131764705882352,0.5449411764705883,0.0192941176470587,1.151800860179836,-0.0240067848276774,2,worst_site_qwk_low;site_qwk_spread_high,False,fedavg,0.7072566694854118,0.7072566694854118,0.0,0.0,0.6673300346903428,0.6673300346903428,0.0,0.0,0.7161831406854237,0.7161831406854237,0.0,0.0,0.5694117647058824,0.5694117647058824,0.0,0.0,0.5159724605549763,0.5159724605549763,0.0,0.0,minus_global_qwk_low,worst_site_qwk_low;site_qwk_spread_high;mean_abs_error_high;severe_error_rate_high,worst_site_qwk_low;site_qwk_spread_high,2,False,fedavg,0.7072566694854118,0.0,0.5159724605549763,0.0,0.6673300346903428,0.0,0.7161831406854237,0.0,0.5694117647058824,0.0
results\threshold_shift_panda_all_conservative_0_seed_43\predictions.csv,0,0,43,fedavg,cross_site_blend_50,0.746679487551388,0.7384839293613565,0.7506560624693208,0.0273858022000844,0.5736470588235294,0.5091526183482555,0.7035294117647058,0.0752941176470588,0.2254117647058823,0.4781176470588235,1.1308712252820463,0.7445723706908911,-0.0021071168604969,0.7254084860689003,-0.0130754432924562,0.7452269109662587,-0.0054291515030621,0.0401667568477324,0.0127809546476479,0.5816470588235294,0.008,0.5208785983849045,0.0117259800366489,0.6889411764705883,-0.0145882352941175,0.0729411764705882,-0.0023529411764705,0.1990588235294117,-0.0263529411764705,0.4898823529411765,0.0117647058823529,1.1779910486661689,0.0471198233841221,0,,False,fedavg,0.746679487551388,0.746679487551388,0.0,0.0,0.7384839293613565,0.7384839293613565,0.0,0.0,0.7506560624693208,0.7506560624693208,0.0,0.0,0.5736470588235294,0.5736470588235294,0.0,0.0,0.5091526183482555,0.5091526183482555,0.0,0.0,minus_global_qwk_low,worst_site_qwk_low;site_qwk_spread_high;mean_abs_error_high;severe_error_rate_high,,0,False,fedavg,0.746679487551388,0.0,0.5091526183482555,0.0,0.7384839293613565,0.0,0.7506560624693208,0.0,0.5736470588235294,0.0
results\threshold_shift_panda_all_conservative_0_seed_47\predictions.csv,0,0,47,fedavg,cross_site_blend_50,0.7181815243226684,0.6786340882743549,0.7213997699169905,0.0801529243646518,0.5656470588235294,0.4981944682997181,0.7463529411764706,0.0884705882352941,0.2752941176470588,0.4710588235294117,1.1353106869842753,0.7180828092966849,-9.87150259834646e-05,0.6994246620651237,0.0207905737907687,0.7266365779426043,0.0052368080256137,0.0415894398834847,-0.038563484481167,0.571764705882353,0.0061176470588235,0.5029810518398447,0.0047865835401265,0.7369411764705882,-0.0094117647058823,0.0870588235294117,-0.0014117647058823,0.236235294117647,-0.0390588235294117,0.5007058823529412,0.0296470588235294,1.1433934522053368,0.0080827652210615,1,severe_error_rate_high,False,fedavg,0.7181815243226684,0.7181815243226684,0.0,0.0,0.6786340882743549,0.6786340882743549,0.0,0.0,0.7213997699169905,0.7213997699169905,0.0,0.0,0.5656470588235294,0.5656470588235294,0.0,0.0,0.4981944682997181,0.4981944682997181,0.0,0.0,minus_global_qwk_low,worst_site_qwk_low;site_qwk_spread_high;mean_abs_error_high;severe_error_rate_high,severe_error_rate_high,1,False,fedavg,0.7181815243226684,0.0,0.4981944682997181,0.0,0.6786340882743549,0.0,0.7213997699169905,0.0,0.5656470588235294,0.0
results\threshold_shift_panda_all_conservative_0_seed_53\predictions.csv,0,0,53,fedavg,cross_site_blend_50,0.7317556780937956,0.6740479638200556,0.7321636104952894,0.0933560233551015,0.5689411764705883,0.5085063095527034,0.7167058823529412,0.0785882352941176,0.2192941176470588,0.4974117647058823,1.1676241651479085,0.7278712679750026,-0.003884410118793,0.6610648798322412,-0.0129830839878144,0.7313916065488951,-0.0007720039463943,0.1220976432029016,0.0287416198478001,0.5609411764705883,-0.008,0.4933853771679242,-0.0151209323847791,0.7369411764705882,0.020235294117647,0.0814117647058823,0.0028235294117646,0.2432941176470588,0.0239999999999999,0.4936470588235294,-0.0037647058823528,1.1499776231798036,-0.0176465419681048,0,,False,fedavg,0.7317556780937956,0.7317556780937956,0.0,0.0,0.6740479638200556,0.6740479638200556,0.0,0.0,0.7321636104952894,0.7321636104952894,0.0,0.0,0.5689411764705883,0.5689411764705883,0.0,0.0,0.5085063095527034,0.5085063095527034,0.0,0.0,minus_global_qwk_low,worst_site_qwk_low;site_qwk_spread_high;mean_abs_error_high;severe_error_rate_high,,0,False,fedavg,0.7317556780937956,0.0,0.5085063095527034,0.0,0.6740479638200556,0.0,0.7321636104952894,0.0,0.5689411764705883,0.0
results\threshold_shift_panda_all_conservative_0_seed_59\predictions.csv,0,0,59,fedavg,cross_site_blend_50,0.7174448693789363,0.6554682158493963,0.704259831803012,0.1095119041168389,0.5656470588235294,0.4957776166241075,0.7557647058823529,0.088,0.2762352941176471,0.4795294117647058,1.1257526356540812,0.711743247391103,-0.0057016219878333,0.6773504954280436,0.0218822795786473,0.7011934943970357,-0.0030663374059762,0.0560265488980757,-0.0534853552187631,0.5581176470588235,-0.0075294117647058,0.4942243648561051,-0.0015532517680024,0.7529411764705882,-0.0028235294117646,0.0828235294117647,-0.0051764705882352,0.2592941176470588,-0.0169411764705882,0.4936470588235294,0.0141176470588235,1.176819785477475,0.0510671498233936,4,worst_site_qwk_low;site_qwk_spread_high;mean_abs_error_high;severe_error_rate_high,True,cross_site_blend_50,0.711743247391103,0.7174448693789363,-0.0057016219878333,-0.0057016219878333,0.6773504954280436,0.6554682158493963,0.0218822795786473,0.0218822795786473,0.7011934943970357,0.704259831803012,-0.0030663374059762,-0.0030663374059762,0.5581176470588235,0.5656470588235294,-0.0075294117647058,-0.0075294117647058,0.4942243648561051,0.4957776166241075,-0.0015532517680024,-0.0015532517680024,minus_global_qwk_low,worst_site_qwk_low;site_qwk_spread_high;mean_abs_error_high;severe_error_rate_high,worst_site_qwk_low;site_qwk_spread_high;mean_abs_error_high;severe_error_rate_high,4,True,cross_site_blend_50,0.711743247391103,-0.005701621987833305,0.4942243648561051,-0.0015532517680024172,0.6773504954280436,0.0218822795786473,0.7011934943970357,-0.0030663374059762827,0.5581176470588235,-0.007529411764705896
results\threshold_shift_panda_all_conservative_0_seed_7\predictions.csv,0,0,7,fedavg,cross_site_blend_50,0.727615545028268,0.6936547323644097,0.7316464239387271,0.0723245048912265,0.5731764705882353,0.5099629714567177,0.7167058823529412,0.08,0.2098823529411764,0.5068235294117647,1.14490470366313,0.724997097427688,-0.0026184476005799,0.6749135732640295,-0.0187411591003802,0.7293748112328828,-0.0022716127058443,0.0870357413029477,0.0147112364117212,0.5778823529411765,0.0047058823529412,0.5081509709702154,-0.0018120004865022,0.7143529411764706,-0.0023529411764705,0.0804705882352941,0.0004705882352941,0.2221176470588235,0.012235294117647,0.492235294117647,-0.0145882352941176,1.2034422782645309,0.0585375746014007,0,,False,fedavg,0.727615545028268,0.727615545028268,0.0,0.0,0.6936547323644097,0.6936547323644097,0.0,0.0,0.7316464239387271,0.7316464239387271,0.0,0.0,0.5731764705882353,0.5731764705882353,0.0,0.0,0.5099629714567177,0.5099629714567177,0.0,0.0,minus_global_qwk_low,worst_site_qwk_low;site_qwk_spread_high;mean_abs_error_high;severe_error_rate_high,,0,False,fedavg,0.727615545028268,0.0,0.5099629714567177,0.0,0.6936547323644097,0.0,0.7316464239387271,0.0,0.5731764705882353,0.0
results\threshold_shift_panda_all_conservative_25_seed_11\predictions.csv,25,25,11,fedavg,cross_site_blend_50,0.7194569545078301,0.6906077348066298,0.7192355912509705,0.0537460098905715,0.5350588235294118,0.458856059014584,0.7477647058823529,0.0767058823529411,0.1590588235294117,0.5887058823529412,1.2087582913896644,0.7427163561434391,0.023259401635609,0.7238899315974094,0.0332821967907795,0.751256052880748,0.0320204616297775,0.0561885653486413,0.0024425554580698,0.5628235294117647,0.0277647058823529,0.4976325823209561,0.0387765233063721,0.7035294117647058,-0.044235294117647,0.0705882352941176,-0.0061176470588235,0.2,0.0409411764705882,0.5035294117647059,-0.0851764705882353,1.2120677251554204,0.0033094337657559,0,,False,fedavg,0.7194569545078301,0.7427163561434391,0.0,-0.023259401635609,0.6906077348066298,0.7238899315974094,0.0,-0.0332821967907795,0.7192355912509705,0.751256052880748,0.0,-0.0320204616297775,0.5350588235294118,0.5628235294117647,0.0,-0.0277647058823529,0.458856059014584,0.4976325823209561,0.0,-0.0387765233063721,minus_global_qwk_low,worst_site_qwk_low;site_qwk_spread_high;mean_abs_error_high;severe_error_rate_high,,0,False,fedavg,0.7194569545078301,0.0,0.458856059014584,0.0,0.6906077348066298,0.0,0.7192355912509705,0.0,0.5350588235294118,0.0
results\threshold_shift_panda_all_conservative_25_seed_123\predictions.csv,25,25,123,fedavg,cross_site_blend_50,0.7197993382461756,0.6730431803556465,0.7193763619826619,0.0976659677693344,0.5430588235294118,0.4726416104983698,0.7529411764705882,0.0837647058823529,0.2230588235294117,0.5298823529411765,1.2462496593485874,0.728387511335503,0.0085881730893273,0.6833917586546725,0.010348578299026,0.7265113077730707,0.0071349457904088,0.0711401057773704,-0.026525861991964,0.5505882352941176,0.0075294117647057,0.4851086759506891,0.0124670654523193,0.7449411764705882,-0.008,0.0785882352941176,-0.0051764705882352,0.2832941176470588,0.060235294117647,0.4616470588235294,-0.068235294117647,1.2248803640207009,-0.0213692953278865,1,mean_abs_error_high,False,fedavg,0.7197993382461756,0.728387511335503,0.0,-0.0085881730893273,0.6730431803556465,0.6833917586546725,0.0,-0.010348578299026,0.7193763619826619,0.7265113077730707,0.0,-0.0071349457904088,0.5430588235294118,0.5505882352941176,0.0,-0.0075294117647057,0.4726416104983698,0.4851086759506891,0.0,-0.0124670654523193,minus_global_qwk_low,worst_site_qwk_low;site_qwk_spread_high;mean_abs_error_high;severe_error_rate_high,mean_abs_error_high,1,False,fedavg,0.7197993382461756,0.0,0.4726416104983698,0.0,0.6730431803556465,0.0,0.7193763619826619,0.0,0.5430588235294118,0.0
results\threshold_shift_panda_all_conservative_25_seed_17\predictions.csv,25,25,17,fedavg,cross_site_blend_50,0.720376940359154,0.6833147193865888,0.7101396284477165,0.0594054737038443,0.5421176470588235,0.4762267680030482,0.7557647058823529,0.076235294117647,0.184,0.571764705882353,1.219535307227559,0.7184425124369567,-0.0019344279221973,0.6654724810460666,-0.0178422383405222,0.7027912252273306,-0.0073484032203858,0.0881462062884793,0.028740732584635,0.552,0.0098823529411765,0.4875084642132297,0.0112816962101814,0.7421176470588235,-0.0136470588235293,0.076235294117647,0.0,0.1623529411764706,-0.0216470588235294,0.579764705882353,0.008,1.2207009327368497,0.0011656255092906,1,mean_abs_error_high,False,fedavg,0.720376940359154,0.7184425124369567,0.0,0.0019344279221973,0.6833147193865888,0.6654724810460666,0.0,0.0178422383405222,0.7101396284477165,0.7027912252273306,0.0,0.0073484032203858,0.5421176470588235,0.552,0.0,-0.0098823529411765,0.4762267680030482,0.4875084642132297,0.0,-0.0112816962101814,minus_global_qwk_low,worst_site_qwk_low;site_qwk_spread_high;mean_abs_error_high;severe_error_rate_high,mean_abs_error_high,1,False,fedavg,0.720376940359154,0.0,0.4762267680030482,0.0,0.6833147193865888,0.0,0.7101396284477165,0.0,0.5421176470588235,0.0
results\threshold_shift_panda_all_conservative_25_seed_2025\predictions.csv,25,25,2025,fedavg,cross_site_blend_50,0.6871073305749891,0.664908782987116,0.6881382228979203,0.0447730274603912,0.5444705882352942,0.4738095021790583,0.7792941176470588,0.0917647058823529,0.2141176470588235,0.5651764705882353,1.2280648427757028,0.6910428579313148,0.0039355273563257,0.6682086371284353,0.0032998541413192,0.692717945481648,0.0045797225837277,0.0508814355261539,0.0061084080657627,0.5388235294117647,-0.0056470588235294,0.4611272405879175,-0.0126822615911408,0.7967058823529412,0.0174117647058823,0.0941176470588235,0.0023529411764705,0.2527058823529411,0.0385882352941176,0.544,-0.0211764705882352,1.2162750218892362,-0.0117898208864666,4,global_qwk_low;worst_site_qwk_low;mean_abs_error_high;severe_error_rate_high,True,cross_site_blend_50,0.6910428579313148,0.6910428579313148,0.0039355273563257,0.0,0.6682086371284353,0.6682086371284353,0.0032998541413192,0.0,0.692717945481648,0.692717945481648,0.0045797225837277,0.0,0.5388235294117647,0.5388235294117647,-0.0056470588235294,0.0,0.4611272405879175,0.4611272405879175,-0.0126822615911408,0.0,minus_global_qwk_low,worst_site_qwk_low;site_qwk_spread_high;mean_abs_error_high;severe_error_rate_high,worst_site_qwk_low;mean_abs_error_high;severe_error_rate_high,3,True,cross_site_blend_50,0.6910428579313148,0.003935527356325741,0.4611272405879175,-0.012682261591140831,0.6682086371284353,0.0032998541413192806,0.692717945481648,0.004579722583727741,0.5388235294117647,-0.0056470588235294494
results\threshold_shift_panda_all_conservative_25_seed_23\predictions.csv,25,25,23,fedavg,cross_site_blend_50,0.6943062002746598,0.6606247263358512,0.7103325858133951,0.1020203841921071,0.5392941176470588,0.4629566778752572,0.7952941176470588,0.0950588235294117,0.2084705882352941,0.5868235294117647,1.191487602080801,0.6864693221274281,-0.0078368781472317,0.6477595403818832,-0.012865185953968,0.7052749449504973,-0.0050576408628978,0.1191277281696128,0.0171073439775056,0.5430588235294118,0.003764705882353,0.4695553443961187,0.0065986665208614,0.7952941176470588,0.0,0.0988235294117647,0.0037647058823529,0.1948235294117647,-0.0136470588235294,0.6004705882352941,0.0136470588235293,1.1790915644818216,-0.0123960375989793,4,global_qwk_low;worst_site_qwk_low;mean_abs_error_high;severe_error_rate_high,True,cross_site_blend_50,0.6864693221274281,0.6864693221274281,-0.0078368781472317,0.0,0.6477595403818832,0.6477595403818832,-0.012865185953968,0.0,0.7052749449504973,0.7052749449504973,-0.0050576408628978,0.0,0.5430588235294118,0.5430588235294118,0.003764705882353,0.0,0.4695553443961187,0.4695553443961187,0.0065986665208614,0.0,minus_global_qwk_low,worst_site_qwk_low;site_qwk_spread_high;mean_abs_error_high;severe_error_rate_high,worst_site_qwk_low;mean_abs_error_high;severe_error_rate_high,3,True,cross_site_blend_50,0.6864693221274281,-0.007836878147231774,0.4695553443961187,0.006598666520861496,0.6477595403818832,-0.012865185953968017,0.7052749449504973,-0.005057640862897839,0.5430588235294118,0.0037647058823530033
results\threshold_shift_panda_all_conservative_25_seed_29\predictions.csv,25,25,29,fedavg,cross_site_blend_50,0.7073232273750609,0.6437582402331552,0.6971869555111424,0.0831847329629511,0.5510588235294117,0.4734075467695982,0.7665882352941177,0.0865882352941176,0.1985882352941176,0.568,1.193454244239236,0.7091049216375278,0.0017816942624668,0.6325638310389456,-0.0111944091942095,0.6979408089196868,0.0007538534085443,0.0977998357381717,0.0146151027752206,0.5614117647058824,0.0103529411764706,0.4956568616188304,0.0222493148492322,0.7501176470588236,-0.0164705882352941,0.0856470588235294,-0.0009411764705882,0.2117647058823529,0.0131764705882352,0.5383529411764706,-0.0296470588235293,1.2005224523465192,0.0070682081072832,2,worst_site_qwk_low;mean_abs_error_high,False,fedavg,0.7073232273750609,0.7091049216375278,0.0,-0.0017816942624668,0.6437582402331552,0.6325638310389456,0.0,0.0111944091942095,0.6971869555111424,0.6979408089196868,0.0,-0.0007538534085443,0.5510588235294117,0.5614117647058824,0.0,-0.0103529411764706,0.4734075467695982,0.4956568616188304,0.0,-0.0222493148492322,minus_global_qwk_low,worst_site_qwk_low;site_qwk_spread_high;mean_abs_error_high;severe_error_rate_high,worst_site_qwk_low;mean_abs_error_high,2,False,fedavg,0.7073232273750609,0.0,0.4734075467695982,0.0,0.6437582402331552,0.0,0.6971869555111424,0.0,0.5510588235294117,0.0
results\threshold_shift_panda_all_conservative_25_seed_31\predictions.csv,25,25,31,fedavg,cross_site_blend_50,0.7038167598165379,0.6746234886516298,0.7089499646706423,0.0630648837643983,0.5388235294117647,0.4800688775053049,0.7571764705882353,0.0809411764705882,0.2112941176470588,0.5458823529411765,1.2273967632534164,0.7112312495363955,0.0074144897198575,0.6842401014729452,0.0096166128213154,0.722553305531973,0.0136033408613306,0.0648583478599073,0.0017934640955089,0.5435294117647059,0.0047058823529412,0.4790853747748694,-0.0009835027304355,0.7675294117647059,0.0103529411764705,0.0847058823529411,0.0037647058823529,0.248,0.0367058823529411,0.5195294117647059,-0.0263529411764705,1.2059531548388054,-0.021443608414611,2,global_qwk_low;mean_abs_error_high,False,fedavg,0.7038167598165379,0.7112312495363955,0.0,-0.0074144897198575,0.6746234886516298,0.6842401014729452,0.0,-0.0096166128213154,0.7089499646706423,0.722553305531973,0.0,-0.0136033408613306,0.5388235294117647,0.5435294117647059,0.0,-0.0047058823529412,0.4800688775053049,0.4790853747748694,0.0,0.0009835027304355,minus_global_qwk_low,worst_site_qwk_low;site_qwk_spread_high;mean_abs_error_high;severe_error_rate_high,mean_abs_error_high,1,False,fedavg,0.7038167598165379,0.0,0.4800688775053049,0.0,0.6746234886516298,0.0,0.7089499646706423,0.0,0.5388235294117647,0.0
results\threshold_shift_panda_all_conservative_25_seed_37\predictions.csv,25,25,37,fedavg,cross_site_blend_50,0.6972148702441321,0.6877810564578191,0.7011151259007485,0.0268972756829471,0.5543529411764706,0.4918663622814496,0.7524705882352941,0.0856470588235294,0.1708235294117647,0.5816470588235294,1.1962116761237995,0.7205027718060073,0.0232879015618752,0.7040788598307737,0.0162978033729546,0.724575545451562,0.0234604195508134,0.036647267987292,0.0097499923043448,0.5571764705882353,0.0028235294117646,0.4861512125608092,-0.0057151497206404,0.7374117647058823,-0.0150588235294117,0.0832941176470588,-0.0023529411764705,0.2056470588235294,0.0348235294117647,0.5317647058823529,-0.0498823529411764,1.2660320426444314,0.0698203665206316,2,global_qwk_low;mean_abs_error_high,False,fedavg,0.6972148702441321,0.7205027718060073,0.0,-0.0232879015618752,0.6877810564578191,0.7040788598307737,0.0,-0.0162978033729546,0.7011151259007485,0.724575545451562,0.0,-0.0234604195508134,0.5543529411764706,0.5571764705882353,0.0,-0.0028235294117646,0.4918663622814496,0.4861512125608092,0.0,0.0057151497206404,minus_global_qwk_low,worst_site_qwk_low;site_qwk_spread_high;mean_abs_error_high;severe_error_rate_high,mean_abs_error_high,1,False,fedavg,0.6972148702441321,0.0,0.4918663622814496,0.0,0.6877810564578191,0.0,0.7011151259007485,0.0,0.5543529411764706,0.0
results\threshold_shift_panda_all_conservative_25_seed_41\predictions.csv,25,25,41,fedavg,cross_site_blend_50,0.7202580688884488,0.6743533473061274,0.7298307979702701,0.1317171220663648,0.5501176470588235,0.4824906967953413,0.7430588235294118,0.076235294117647,0.2094117647058823,0.5336470588235294,1.2182607172455775,0.7201768853345207,-8.118355392805476e-05,0.6762594388570907,0.0019060915509633,0.7291590557053944,-0.0006717422648756,0.133104813915374,0.0013876918490091,0.552,0.0018823529411765,0.4829258541347689,0.0004351573394276,0.739764705882353,-0.0032941176470587,0.0752941176470588,-0.0009411764705882,0.2018823529411764,-0.0075294117647058,0.5378823529411765,0.0042352941176471,1.2129724253257472,-0.0052882919198304,1,site_qwk_spread_high,False,fedavg,0.7202580688884488,0.7201768853345207,0.0,8.118355392805476e-05,0.6743533473061274,0.6762594388570907,0.0,-0.0019060915509633,0.7298307979702701,0.7291590557053944,0.0,0.0006717422648756,0.5501176470588235,0.552,0.0,-0.0018823529411765,0.4824906967953413,0.4829258541347689,0.0,-0.0004351573394276,minus_global_qwk_low,worst_site_qwk_low;site_qwk_spread_high;mean_abs_error_high;severe_error_rate_high,site_qwk_spread_high,1,False,fedavg,0.7202580688884488,0.0,0.4824906967953413,0.0,0.6743533473061274,0.0,0.7298307979702701,0.0,0.5501176470588235,0.0
results\threshold_shift_panda_all_conservative_25_seed_42\predictions.csv,25,25,42,fedavg,cross_site_blend_50,0.6900562645358724,0.6495610985501873,0.7071368235605715,0.1385424859867998,0.5501176470588235,0.4861718187932506,0.764235294117647,0.084235294117647,0.1858823529411764,0.5783529411764706,1.2376121071058417,0.68772360765853,-0.0023326568773424,0.6412751366879808,-0.0082859618622065,0.6920509148805926,-0.0150859086799789,0.1082639838881263,-0.0302785020986735,0.5548235294117647,0.0047058823529412,0.4959268967582335,0.0097550779649828,0.7694117647058824,0.0051764705882353,0.0865882352941176,0.0023529411764705,0.2018823529411764,0.0159999999999999,0.5675294117647058,-0.0108235294117647,1.1956573275220916,-0.04195477958375,4,global_qwk_low;worst_site_qwk_low;site_qwk_spread_high;mean_abs_error_high,True,cross_site_blend_50,0.68772360765853,0.68772360765853,-0.0023326568773424,0.0,0.6412751366879808,0.6412751366879808,-0.0082859618622065,0.0,0.6920509148805926,0.6920509148805926,-0.0150859086799789,0.0,0.5548235294117647,0.5548235294117647,0.0047058823529412,0.0,0.4959268967582335,0.4959268967582335,0.0097550779649828,0.0,minus_global_qwk_low,worst_site_qwk_low;site_qwk_spread_high;mean_abs_error_high;severe_error_rate_high,worst_site_qwk_low;site_qwk_spread_high;mean_abs_error_high,3,True,cross_site_blend_50,0.68772360765853,-0.0023326568773424095,0.4959268967582335,0.009755077964982872,0.6412751366879808,-0.008285961862206537,0.6920509148805926,-0.015085908679978943,0.5548235294117647,0.004705882352941226
results\threshold_shift_panda_all_conservative_25_seed_43\predictions.csv,25,25,43,fedavg,cross_site_blend_50,0.7245069446598131,0.6952637768258507,0.7278015598431683,0.0595743442435383,0.5444705882352942,0.4752056614216659,0.7609411764705882,0.0823529411764705,0.2192941176470588,0.5416470588235294,1.175095418624223,0.7307639556201779,0.0062570109603647,0.7036243352895313,0.0083605584636805,0.7329086523850974,0.005107092541929,0.0482239859979651,-0.0113503582455731,0.5571764705882353,0.0127058823529411,0.4923517503378208,0.0171460889161548,0.7298823529411764,-0.0310588235294118,0.076235294117647,-0.0061176470588235,0.208,-0.0112941176470588,0.5218823529411765,-0.0197647058823529,1.2225802258384997,0.0474848072142763,1,mean_abs_error_high,False,fedavg,0.7245069446598131,0.7307639556201779,0.0,-0.0062570109603647,0.6952637768258507,0.7036243352895313,0.0,-0.0083605584636805,0.7278015598431683,0.7329086523850974,0.0,-0.005107092541929,0.5444705882352942,0.5571764705882353,0.0,-0.0127058823529411,0.4752056614216659,0.4923517503378208,0.0,-0.0171460889161548,minus_global_qwk_low,worst_site_qwk_low;site_qwk_spread_high;mean_abs_error_high;severe_error_rate_high,mean_abs_error_high,1,False,fedavg,0.7245069446598131,0.0,0.4752056614216659,0.0,0.6952637768258507,0.0,0.7278015598431683,0.0,0.5444705882352942,0.0
results\threshold_shift_panda_all_conservative_25_seed_47\predictions.csv,25,25,47,fedavg,cross_site_blend_50,0.6936284049330126,0.6691735749081276,0.7006720430459557,0.0671430749603549,0.5534117647058824,0.4851559264154019,0.7863529411764706,0.0978823529411764,0.2498823529411764,0.5364705882352941,1.203907042244046,0.7106572087915877,0.017028803858575,0.694133245603387,0.0249596706952593,0.7177787627595613,0.0171067197136056,0.0367471391254201,-0.0303959358349348,0.5661176470588235,0.0127058823529411,0.4995890266621112,0.0144331002467092,0.7491764705882353,-0.0371764705882352,0.0894117647058823,-0.0084705882352941,0.2254117647058823,-0.0244705882352941,0.5237647058823529,-0.0127058823529412,1.2128086729436829,0.0089016306996367,3,global_qwk_low;mean_abs_error_high;severe_error_rate_high,True,cross_site_blend_50,0.7106572087915877,0.7106572087915877,0.017028803858575,0.0,0.694133245603387,0.694133245603387,0.0249596706952593,0.0,0.7177787627595613,0.7177787627595613,0.0171067197136056,0.0,0.5661176470588235,0.5661176470588235,0.0127058823529411,0.0,0.4995890266621112,0.4995890266621112,0.0144331002467092,0.0,minus_global_qwk_low,worst_site_qwk_low;site_qwk_spread_high;mean_abs_error_high;severe_error_rate_high,mean_abs_error_high;severe_error_rate_high,2,False,fedavg,0.6936284049330126,0.0,0.4851559264154019,0.0,0.6691735749081276,0.0,0.7006720430459557,0.0,0.5534117647058824,0.0
results\threshold_shift_panda_all_conservative_25_seed_53\predictions.csv,25,25,53,fedavg,cross_site_blend_50,0.7316496597962019,0.6920345176619945,0.7354807170169702,0.0837986543640098,0.5454117647058824,0.4823338060005934,0.7336470588235294,0.0767058823529411,0.1901176470588235,0.5435294117647059,1.2310987417430597,0.7229713415877923,-0.0086783182084095,0.6593399757389763,-0.0326945419230182,0.727922718917195,-0.0075579980997751,0.1214823750084715,0.0376837206444617,0.5397647058823529,-0.0056470588235294,0.4685537791958584,-0.013780026804735,0.764235294117647,0.0305882352941175,0.0856470588235294,0.0089411764705882,0.2235294117647059,0.0334117647058823,0.5407058823529411,-0.0028235294117647,1.2075136750952251,-0.0235850666478343,0,,False,fedavg,0.7316496597962019,0.7229713415877923,0.0,0.0086783182084095,0.6920345176619945,0.6593399757389763,0.0,0.0326945419230182,0.7354807170169702,0.727922718917195,0.0,0.0075579980997751,0.5454117647058824,0.5397647058823529,0.0,0.0056470588235294,0.4823338060005934,0.4685537791958584,0.0,0.013780026804735,minus_global_qwk_low,worst_site_qwk_low;site_qwk_spread_high;mean_abs_error_high;severe_error_rate_high,,0,False,fedavg,0.7316496597962019,0.0,0.4823338060005934,0.0,0.6920345176619945,0.0,0.7354807170169702,0.0,0.5454117647058824,0.0
results\threshold_shift_panda_all_conservative_25_seed_59\predictions.csv,25,25,59,fedavg,cross_site_blend_50,0.7130305484700741,0.6612079399132254,0.698713381988005,0.082129330752713,0.5477647058823529,0.4751522542118595,0.7656470588235295,0.0837647058823529,0.2268235294117647,0.5388235294117647,1.205636548813257,0.719643867277798,0.0066133188077239,0.6697262220078097,0.0085182820945843,0.7043899558928096,0.0056765739048045,0.0820154074742807,-0.0001139232784322,0.5515294117647059,0.003764705882353,0.4820257199853272,0.0068734657734677,0.7529411764705882,-0.0127058823529412,0.0804705882352941,-0.0032941176470588,0.2437647058823529,0.0169411764705882,0.5091764705882353,-0.0296470588235293,1.228863320739206,0.0232267719259491,2,worst_site_qwk_low;mean_abs_error_high,False,fedavg,0.7130305484700741,0.719643867277798,0.0,-0.0066133188077239,0.6612079399132254,0.6697262220078097,0.0,-0.0085182820945843,0.698713381988005,0.7043899558928096,0.0,-0.0056765739048045,0.5477647058823529,0.5515294117647059,0.0,-0.003764705882353,0.4751522542118595,0.4820257199853272,0.0,-0.0068734657734677,minus_global_qwk_low,worst_site_qwk_low;site_qwk_spread_high;mean_abs_error_high;severe_error_rate_high,worst_site_qwk_low;mean_abs_error_high,2,False,fedavg,0.7130305484700741,0.0,0.4751522542118595,0.0,0.6612079399132254,0.0,0.698713381988005,0.0,0.5477647058823529,0.0
results\threshold_shift_panda_all_conservative_25_seed_7\predictions.csv,25,25,7,fedavg,cross_site_blend_50,0.6997779270476749,0.6417326646399318,0.7003320675905599,0.0868746166503496,0.5458823529411765,0.4716612753115737,0.772235294117647,0.0898823529411764,0.1604705882352941,0.611764705882353,1.206203934723883,0.7082913382042162,0.0085134111565412,0.6875498993370899,0.045817234697158,0.7133127869348994,0.0129807193443395,0.0590436693205357,-0.0278309473298139,0.563764705882353,0.0178823529411764,0.4971004508642561,0.0254391755526823,0.7407058823529412,-0.0315294117647058,0.0832941176470588,-0.0065882352941176,0.2061176470588235,0.0456470588235294,0.5345882352941177,-0.0771764705882352,1.2364279175971007,0.0302239828732173,4,global_qwk_low;worst_site_qwk_low;mean_abs_error_high;severe_error_rate_high,True,cross_site_blend_50,0.7082913382042162,0.7082913382042162,0.0085134111565412,0.0,0.6875498993370899,0.6875498993370899,0.045817234697158,0.0,0.7133127869348994,0.7133127869348994,0.0129807193443395,0.0,0.563764705882353,0.563764705882353,0.0178823529411764,0.0,0.4971004508642561,0.4971004508642561,0.0254391755526823,0.0,minus_global_qwk_low,worst_site_qwk_low;site_qwk_spread_high;mean_abs_error_high;severe_error_rate_high,worst_site_qwk_low;mean_abs_error_high;severe_error_rate_high,3,True,cross_site_blend_50,0.7082913382042162,0.00851341115654125,0.4971004508642561,0.02543917555268238,0.6875498993370899,0.04581723469715804,0.7133127869348994,0.01298071934433953,0.563764705882353,0.01788235294117646
results\threshold_shift_panda_all_conservative_35_seed_11\predictions.csv,35,35,11,fedavg,cross_site_blend_50,0.7241025289932075,0.7041524030739115,0.7285246757959772,0.055110935899844,0.5336470588235294,0.4603222076775293,0.7444705882352941,0.0738823529411764,0.1425882352941176,0.6018823529411764,1.2194319461014094,0.7286098049351841,0.0045072759419766,0.7048289401573158,0.0006765370834043,0.7390256683110602,0.0105009925150829,0.0540562108771789,-0.0010547250226651,0.5458823529411765,0.0122352941176471,0.4730708481708514,0.012748640493322,0.7341176470588235,-0.0103529411764705,0.0743529411764706,0.0004705882352941,0.1854117647058823,0.0428235294117647,0.5487058823529412,-0.0531764705882352,1.2251364001053593,0.0057044540039499,0,,False,fedavg,0.7241025289932075,0.7286098049351841,0.0,-0.0045072759419766,0.7041524030739115,0.7048289401573158,0.0,-0.0006765370834043,0.7285246757959772,0.7390256683110602,0.0,-0.0105009925150829,0.5336470588235294,0.5458823529411765,0.0,-0.0122352941176471,0.4603222076775293,0.4730708481708514,0.0,-0.012748640493322,minus_global_qwk_low,worst_site_qwk_low;site_qwk_spread_high;mean_abs_error_high;severe_error_rate_high,,0,False,fedavg,0.7241025289932075,0.0,0.4603222076775293,0.0,0.7041524030739115,0.0,0.7285246757959772,0.0,0.5336470588235294,0.0
results\threshold_shift_panda_all_conservative_35_seed_123\predictions.csv,35,35,123,fedavg,cross_site_blend_50,0.7008120381304861,0.6415110661876857,0.697531397710042,0.0982795917259411,0.532235294117647,0.4574705593495003,0.7849411764705883,0.0875294117647058,0.2009411764705882,0.584,1.2611656449015984,0.7269069025420316,0.0260948644115455,0.6794004503871789,0.0378893841994931,0.7237739253622082,0.0262425276521661,0.0901034617497356,-0.0081761299762055,0.5444705882352942,0.0122352941176471,0.4786428584290986,0.0211722990795983,0.7501176470588236,-0.0348235294117647,0.0776470588235294,-0.0098823529411764,0.2592941176470588,0.0583529411764706,0.4908235294117647,-0.0931764705882352,1.2286715096175744,-0.032494135284024,4,global_qwk_low;worst_site_qwk_low;mean_abs_error_high;severe_error_rate_high,True,cross_site_blend_50,0.7269069025420316,0.7269069025420316,0.0260948644115455,0.0,0.6794004503871789,0.6794004503871789,0.0378893841994931,0.0,0.7237739253622082,0.7237739253622082,0.0262425276521661,0.0,0.5444705882352942,0.5444705882352942,0.0122352941176471,0.0,0.4786428584290986,0.4786428584290986,0.0211722990795983,0.0,minus_global_qwk_low,worst_site_qwk_low;site_qwk_spread_high;mean_abs_error_high;severe_error_rate_high,worst_site_qwk_low;mean_abs_error_high;severe_error_rate_high,3,True,cross_site_blend_50,0.7269069025420316,0.026094864411545515,0.4786428584290986,0.021172299079598278,0.6794004503871789,0.03788938419949317,0.7237739253622082,0.02624252765216617,0.5444705882352942,0.012235294117647122
results\threshold_shift_panda_all_conservative_35_seed_17\predictions.csv,35,35,17,fedavg,cross_site_blend_50,0.7156175045507729,0.662600406948435,0.6983166532576419,0.0911840083457815,0.5256470588235295,0.4553905734474262,0.7731764705882352,0.0767058823529411,0.1797647058823529,0.5934117647058823,1.238334154748132,0.7108784951497062,-0.0047390094010666,0.6478945756677357,-0.0147058312806993,0.6950529756936927,-0.0032636775639491,0.0984968352422668,0.0073128268964852,0.5407058823529411,0.0150588235294116,0.4738092183773791,0.0184186449299529,0.7576470588235295,-0.0155294117647057,0.0767058823529411,0.0,0.1614117647058823,-0.0183529411764705,0.5962352941176471,0.0028235294117647,1.2314981011120003,-0.0068360536361318,2,worst_site_qwk_low;mean_abs_error_high,False,fedavg,0.7156175045507729,0.7108784951497062,0.0,0.0047390094010666,0.662600406948435,0.6478945756677357,0.0,0.0147058312806993,0.6983166532576419,0.6950529756936927,0.0,0.0032636775639491,0.5256470588235295,0.5407058823529411,0.0,-0.0150588235294116,0.4553905734474262,0.4738092183773791,0.0,-0.0184186449299529,minus_global_qwk_low,worst_site_qwk_low;site_qwk_spread_high;mean_abs_error_high;severe_error_rate_high,worst_site_qwk_low;mean_abs_error_high,2,False,fedavg,0.7156175045507729,0.0,0.4553905734474262,0.0,0.662600406948435,0.0,0.6983166532576419,0.0,0.5256470588235295,0.0
results\threshold_shift_panda_all_conservative_35_seed_2025\predictions.csv,35,35,2025,fedavg,cross_site_blend_50,0.6807281930157466,0.6555318322663316,0.6810694037359211,0.043317625483436,0.5289411764705882,0.4536186046377839,0.8103529411764706,0.0978823529411764,0.216,0.5943529411764706,1.221732048158023,0.6843497880677879,0.0036215950520412,0.6713782370321215,0.0158464047657899,0.6886384962515921,0.007569092515671,0.0564340284703003,0.0131164029868642,0.5392941176470588,0.0103529411764705,0.4562819945143608,0.0026633898765768,0.7995294117647059,-0.0108235294117646,0.096,-0.0018823529411764,0.2367058823529411,0.0207058823529411,0.5628235294117647,-0.0315294117647059,1.2331664369495556,0.0114343887915326,4,global_qwk_low;worst_site_qwk_low;mean_abs_error_high;severe_error_rate_high,True,cross_site_blend_50,0.6843497880677879,0.6843497880677879,0.0036215950520412,0.0,0.6713782370321215,0.6713782370321215,0.0158464047657899,0.0,0.6886384962515921,0.6886384962515921,0.007569092515671,0.0,0.5392941176470588,0.5392941176470588,0.0103529411764705,0.0,0.4562819945143608,0.4562819945143608,0.0026633898765768,0.0,minus_global_qwk_low,worst_site_qwk_low;site_qwk_spread_high;mean_abs_error_high;severe_error_rate_high,worst_site_qwk_low;mean_abs_error_high;severe_error_rate_high,3,True,cross_site_blend_50,0.6843497880677879,0.003621595052041293,0.4562819945143608,0.0026633898765768826,0.6713782370321215,0.015846404765789912,0.6886384962515921,0.007569092515671061,0.5392941176470588,0.010352941176470565
results\threshold_shift_panda_all_conservative_35_seed_23\predictions.csv,35,35,23,fedavg,cross_site_blend_50,0.6817054931979193,0.6489528417707806,0.6975572303865987,0.119148092428158,0.5284705882352941,0.450867585684515,0.808,0.0931764705882352,0.1769411764705882,0.6310588235294118,1.1892046987633955,0.6817857870178419,8.029381992258333e-05,0.6388311572868921,-0.0101216844838885,0.7033775320945139,0.0058203017079152,0.1359653259433261,0.016817233515168,0.5369411764705883,0.0084705882352941,0.4639569043661534,0.0130893186816383,0.8032941176470588,-0.0047058823529412,0.0988235294117647,0.0056470588235294,0.1830588235294117,0.0061176470588235,0.6202352941176471,-0.0108235294117646,1.1863130684906258,-0.0028916302727697,5,global_qwk_low;worst_site_qwk_low;site_qwk_spread_high;mean_abs_error_high;severe_error_rate_high,True,cross_site_blend_50,0.6817857870178419,0.6817857870178419,8.029381992258333e-05,0.0,0.6388311572868921,0.6388311572868921,-0.0101216844838885,0.0,0.7033775320945139,0.7033775320945139,0.0058203017079152,0.0,0.5369411764705883,0.5369411764705883,0.0084705882352941,0.0,0.4639569043661534,0.4639569043661534,0.0130893186816383,0.0,minus_global_qwk_low,worst_site_qwk_low;site_qwk_spread_high;mean_abs_error_high;severe_error_rate_high,worst_site_qwk_low;site_qwk_spread_high;mean_abs_error_high;severe_error_rate_high,4,True,cross_site_blend_50,0.6817857870178419,8.029381992258333e-05,0.4639569043661534,0.013089318681638373,0.6388311572868921,-0.010121684483888505,0.7033775320945139,0.005820301707915254,0.5369411764705883,0.008470588235294119
results\threshold_shift_panda_all_conservative_35_seed_29\predictions.csv,35,35,29,fedavg,cross_site_blend_50,0.7097904464951998,0.6662235221129132,0.7027673894900931,0.0632234981290861,0.540235294117647,0.4686042926591569,0.7694117647058824,0.0847058823529411,0.1727058823529411,0.5967058823529412,1.1890188545410898,0.7115535846956935,0.0017631382004936,0.6521589565004311,-0.0140645656124821,0.7032466256615588,0.0004792361714657,0.087725917623988,0.0245024194949019,0.552,0.011764705882353,0.4828868782856773,0.0142825856265204,0.7524705882352941,-0.0169411764705882,0.0832941176470588,-0.0014117647058823,0.1934117647058823,0.0207058823529411,0.5590588235294117,-0.0376470588235294,1.2192419668339496,0.0302231122928597,2,worst_site_qwk_low;mean_abs_error_high,False,fedavg,0.7097904464951998,0.7115535846956935,0.0,-0.0017631382004936,0.6662235221129132,0.6521589565004311,0.0,0.0140645656124821,0.7027673894900931,0.7032466256615588,0.0,-0.0004792361714657,0.540235294117647,0.552,0.0,-0.011764705882353,0.4686042926591569,0.4828868782856773,0.0,-0.0142825856265204,minus_global_qwk_low,worst_site_qwk_low;site_qwk_spread_high;mean_abs_error_high;severe_error_rate_high,worst_site_qwk_low;mean_abs_error_high,2,False,fedavg,0.7097904464951998,0.0,0.4686042926591569,0.0,0.6662235221129132,0.0,0.7027673894900931,0.0,0.540235294117647,0.0
results\threshold_shift_panda_all_conservative_35_seed_31\predictions.csv,35,35,31,fedavg,cross_site_blend_50,0.7007418973821561,0.6567343710782665,0.7054236189010938,0.0785465680739873,0.5303529411764706,0.4586274484143005,0.7637647058823529,0.0804705882352941,0.1778823529411764,0.5858823529411765,1.232779963720776,0.6984447992506222,-0.0022970981315338,0.6721370521131433,0.0154026810348768,0.7097259210937535,0.0043023021926597,0.0575256745329062,-0.021020893541081,0.5312941176470588,0.0009411764705882,0.4613398371291848,0.0027123887148843,0.7905882352941176,0.0268235294117646,0.0884705882352941,0.008,0.236235294117647,0.0583529411764706,0.5543529411764706,-0.0315294117647059,1.2149405922160483,-0.0178393715047278,3,global_qwk_low;worst_site_qwk_low;mean_abs_error_high,True,cross_site_blend_50,0.6984447992506222,0.6984447992506222,-0.0022970981315338,0.0,0.6721370521131433,0.6721370521131433,0.0154026810348768,0.0,0.7097259210937535,0.7097259210937535,0.0043023021926597,0.0,0.5312941176470588,0.5312941176470588,0.0009411764705882,0.0,0.4613398371291848,0.4613398371291848,0.0027123887148843,0.0,minus_global_qwk_low,worst_site_qwk_low;site_qwk_spread_high;mean_abs_error_high;severe_error_rate_high,worst_site_qwk_low;mean_abs_error_high,2,False,fedavg,0.7007418973821561,0.0,0.4586274484143005,0.0,0.6567343710782665,0.0,0.7054236189010938,0.0,0.5303529411764706,0.0
results\threshold_shift_panda_all_conservative_35_seed_37\predictions.csv,35,35,37,fedavg,cross_site_blend_50,0.6881570111379685,0.6753917200032407,0.6931063763738259,0.0480626294431818,0.5374117647058824,0.4783017867321298,0.780235294117647,0.0894117647058823,0.168,0.6122352941176471,1.1881799999568676,0.7088559872909906,0.0206989761530221,0.7005886411526676,0.0251969211494269,0.7091999311672879,0.0160935547934619,0.0179046574244339,-0.0301579720187479,0.5501176470588235,0.0127058823529411,0.4807607288988407,0.0024589421667108,0.7614117647058823,-0.0188235294117646,0.0875294117647058,-0.0018823529411764,0.1981176470588235,0.0301176470588235,0.5632941176470588,-0.0489411764705882,1.2618641650555706,0.073684165098703,3,global_qwk_low;mean_abs_error_high;severe_error_rate_high,True,cross_site_blend_50,0.7088559872909906,0.7088559872909906,0.0206989761530221,0.0,0.7005886411526676,0.7005886411526676,0.0251969211494269,0.0,0.7091999311672879,0.7091999311672879,0.0160935547934619,0.0,0.5501176470588235,0.5501176470588235,0.0127058823529411,0.0,0.4807607288988407,0.4807607288988407,0.0024589421667108,0.0,minus_global_qwk_low,worst_site_qwk_low;site_qwk_spread_high;mean_abs_error_high;severe_error_rate_high,mean_abs_error_high;severe_error_rate_high,2,False,fedavg,0.6881570111379685,0.0,0.4783017867321298,0.0,0.6753917200032407,0.0,0.6931063763738259,0.0,0.5374117647058824,0.0
results\threshold_shift_panda_all_conservative_35_seed_41\predictions.csv,35,35,41,fedavg,cross_site_blend_50,0.7113097901595187,0.6734327929995696,0.7237520313373309,0.121717904643702,0.5463529411764706,0.4799819319597888,0.7548235294117647,0.0776470588235294,0.1811764705882353,0.5736470588235294,1.2056767326949895,0.719471196172685,0.0081614060131662,0.6730135092011488,-0.0004192837984208,0.7303581616493352,0.0066061303120042,0.1303923017539611,0.008674397110259,0.5416470588235294,-0.0047058823529412,0.4637752881006425,-0.0162066438591463,0.7534117647058823,-0.0014117647058823,0.0776470588235294,0.0,0.1952941176470588,0.0141176470588235,0.5581176470588235,-0.0155294117647059,1.2143684094040363,0.0086916767090468,2,site_qwk_spread_high;mean_abs_error_high,False,fedavg,0.7113097901595187,0.719471196172685,0.0,-0.0081614060131662,0.6734327929995696,0.6730135092011488,0.0,0.0004192837984208,0.7237520313373309,0.7303581616493352,0.0,-0.0066061303120042,0.5463529411764706,0.5416470588235294,0.0,0.0047058823529412,0.4799819319597888,0.4637752881006425,0.0,0.0162066438591463,minus_global_qwk_low,worst_site_qwk_low;site_qwk_spread_high;mean_abs_error_high;severe_error_rate_high,site_qwk_spread_high;mean_abs_error_high,2,False,fedavg,0.7113097901595187,0.0,0.4799819319597888,0.0,0.6734327929995696,0.0,0.7237520313373309,0.0,0.5463529411764706,0.0
results\threshold_shift_panda_all_conservative_35_seed_42\predictions.csv,35,35,42,fedavg,cross_site_blend_50,0.6756849335913802,0.6353615299085036,0.6925201467229715,0.1310682876157862,0.536,0.4644619166746092,0.792,0.0894117647058823,0.1543529411764705,0.6376470588235295,1.224289945414343,0.6894884384239218,0.0138035048325416,0.6669725170550318,0.0316109871465282,0.6993536527466236,0.0068335060236521,0.0618142421004909,-0.0692540455152953,0.5510588235294117,0.0150588235294116,0.4887452064509185,0.0242832897763093,0.768,-0.024,0.0894117647058823,0.0,0.1741176470588235,0.0197647058823529,0.5938823529411764,-0.043764705882353,1.210178393635258,-0.014111551779085,5,global_qwk_low;worst_site_qwk_low;site_qwk_spread_high;mean_abs_error_high;severe_error_rate_high,True,cross_site_blend_50,0.6894884384239218,0.6894884384239218,0.0138035048325416,0.0,0.6669725170550318,0.6669725170550318,0.0316109871465282,0.0,0.6993536527466236,0.6993536527466236,0.0068335060236521,0.0,0.5510588235294117,0.5510588235294117,0.0150588235294116,0.0,0.4887452064509185,0.4887452064509185,0.0242832897763093,0.0,minus_global_qwk_low,worst_site_qwk_low;site_qwk_spread_high;mean_abs_error_high;severe_error_rate_high,worst_site_qwk_low;site_qwk_spread_high;mean_abs_error_high;severe_error_rate_high,4,True,cross_site_blend_50,0.6894884384239218,0.013803504832541669,0.4887452064509185,0.024283289776309336,0.6669725170550318,0.03161098714652821,0.6993536527466236,0.0068335060236521805,0.5510588235294117,0.01505882352941168
results\threshold_shift_panda_all_conservative_35_seed_43\predictions.csv,35,35,43,fedavg,cross_site_blend_50,0.7243710362103042,0.6957735339954874,0.7233928968414869,0.0581241993214474,0.5411764705882353,0.4743099103943904,0.7548235294117647,0.0776470588235294,0.1849411764705882,0.5698823529411765,1.19096471275959,0.727587704567845,0.0032166683575408,0.7141744782952756,0.0184009442997882,0.7280030301481822,0.0046101333066953,0.024354381203459,-0.0337698181179884,0.5576470588235294,0.0164705882352941,0.4963415130623081,0.0220316026679177,0.728,-0.0268235294117646,0.0757647058823529,-0.0018823529411764,0.1863529411764705,0.0014117647058823,0.5416470588235294,-0.0282352941176471,1.253319658952319,0.062354946192729,1,mean_abs_error_high,False,fedavg,0.7243710362103042,0.727587704567845,0.0,-0.0032166683575408,0.6957735339954874,0.7141744782952756,0.0,-0.0184009442997882,0.7233928968414869,0.7280030301481822,0.0,-0.0046101333066953,0.5411764705882353,0.5576470588235294,0.0,-0.0164705882352941,0.4743099103943904,0.4963415130623081,0.0,-0.0220316026679177,minus_global_qwk_low,worst_site_qwk_low;site_qwk_spread_high;mean_abs_error_high;severe_error_rate_high,mean_abs_error_high,1,False,fedavg,0.7243710362103042,0.0,0.4743099103943904,0.0,0.6957735339954874,0.0,0.7233928968414869,0.0,0.5411764705882353,0.0
results\threshold_shift_panda_all_conservative_35_seed_47\predictions.csv,35,35,47,fedavg,cross_site_blend_50,0.6921737812192412,0.6538064261416063,0.7020314672875764,0.0848993069725201,0.5298823529411765,0.4594810361790215,0.8004705882352942,0.0941176470588235,0.2254117647058823,0.5750588235294117,1.2166343312159058,0.6985148818152267,0.0063411005959854,0.6806512543888461,0.0268448282472397,0.7065425962205635,0.0045111289329871,0.0411207590642284,-0.0437785479082917,0.5538823529411765,0.024,0.4823224745876996,0.0228414384086781,0.772235294117647,-0.0282352941176471,0.0889411764705882,-0.0051764705882352,0.2188235294117647,-0.0065882352941176,0.5534117647058824,-0.0216470588235293,1.2207361889290396,0.0041018577131337,4,global_qwk_low;worst_site_qwk_low;mean_abs_error_high;severe_error_rate_high,True,cross_site_blend_50,0.6985148818152267,0.6985148818152267,0.0063411005959854,0.0,0.6806512543888461,0.6806512543888461,0.0268448282472397,0.0,0.7065425962205635,0.7065425962205635,0.0045111289329871,0.0,0.5538823529411765,0.5538823529411765,0.024,0.0,0.4823224745876996,0.4823224745876996,0.0228414384086781,0.0,minus_global_qwk_low,worst_site_qwk_low;site_qwk_spread_high;mean_abs_error_high;severe_error_rate_high,worst_site_qwk_low;mean_abs_error_high;severe_error_rate_high,3,True,cross_site_blend_50,0.6985148818152267,0.006341100595985472,0.4823224745876996,0.02284143840867814,0.6806512543888461,0.02684482824723977,0.7065425962205635,0.004511128932987107,0.5538823529411765,0.02400000000000002
results\threshold_shift_panda_all_conservative_35_seed_53\predictions.csv,35,35,53,fedavg,cross_site_blend_50,0.7220044444993801,0.6893711996389367,0.7283130832458101,0.0732320067083412,0.5416470588235294,0.475308711273759,0.7501176470588236,0.0814117647058823,0.1745882352941176,0.5755294117647058,1.2470530666116162,0.717561349932142,-0.004443094567238,0.6569645223976546,-0.0324066772412821,0.722569893267072,-0.0057431899787381,0.1146446391528314,0.0414126324444901,0.5284705882352941,-0.0131764705882352,0.450925928543104,-0.024382782730655,0.7821176470588236,0.032,0.0865882352941176,0.0051764705882352,0.2136470588235294,0.0390588235294117,0.5684705882352942,-0.0070588235294116,1.213103565384407,-0.0339495012272093,1,mean_abs_error_high,False,fedavg,0.7220044444993801,0.717561349932142,0.0,0.004443094567238,0.6893711996389367,0.6569645223976546,0.0,0.0324066772412821,0.7283130832458101,0.722569893267072,0.0,0.0057431899787381,0.5416470588235294,0.5284705882352941,0.0,0.0131764705882352,0.475308711273759,0.450925928543104,0.0,0.024382782730655,minus_global_qwk_low,worst_site_qwk_low;site_qwk_spread_high;mean_abs_error_high;severe_error_rate_high,mean_abs_error_high,1,False,fedavg,0.7220044444993801,0.0,0.475308711273759,0.0,0.6893711996389367,0.0,0.7283130832458101,0.0,0.5416470588235294,0.0
results\threshold_shift_panda_all_conservative_35_seed_59\predictions.csv,35,35,59,fedavg,cross_site_blend_50,0.7100777412130561,0.6429990356369907,0.6901337869423715,0.105887289059677,0.5435294117647059,0.471341301659099,0.7717647058823529,0.0851764705882353,0.1952941176470588,0.5764705882352941,1.2240254947685616,0.7116016939956201,0.001523952782564,0.6370567174716034,-0.0059423181653872,0.6934241099992058,0.0032903230568342,0.1132789288326377,0.0073916397729607,0.5534117647058824,0.0098823529411764,0.4825955569744076,0.0112542553153086,0.7604705882352941,-0.0112941176470587,0.0818823529411764,-0.0032941176470588,0.2141176470588235,0.0188235294117647,0.5463529411764706,-0.0301176470588234,1.238746797482302,0.0147213027137405,3,worst_site_qwk_low;site_qwk_spread_high;mean_abs_error_high,True,cross_site_blend_50,0.7116016939956201,0.7116016939956201,0.001523952782564,0.0,0.6370567174716034,0.6370567174716034,-0.0059423181653872,0.0,0.6934241099992058,0.6934241099992058,0.0032903230568342,0.0,0.5534117647058824,0.5534117647058824,0.0098823529411764,0.0,0.4825955569744076,0.4825955569744076,0.0112542553153086,0.0,minus_global_qwk_low,worst_site_qwk_low;site_qwk_spread_high;mean_abs_error_high;severe_error_rate_high,worst_site_qwk_low;site_qwk_spread_high;mean_abs_error_high,3,True,cross_site_blend_50,0.7116016939956201,0.0015239527825640087,0.4825955569744076,0.011254255315308603,0.6370567174716034,-0.005942318165387261,0.6934241099992058,0.003290323056834299,0.5534117647058824,0.009882352941176453
results\threshold_shift_panda_all_conservative_35_seed_7\predictions.csv,35,35,7,fedavg,cross_site_blend_50,0.6942774894031114,0.6443874347078955,0.6975829421396949,0.0858773052027235,0.5374117647058824,0.4603144780205284,0.7849411764705883,0.0903529411764706,0.1552941176470588,0.6296470588235294,1.2142426451106132,0.7056756010856606,0.0113981116825492,0.6562957385838117,0.0119083038759162,0.7117153467248711,0.0141324045851762,0.1079768212688585,0.022099516066135,0.5529411764705883,0.0155294117647059,0.4856018793440087,0.0252874013234802,0.7529411764705882,-0.032,0.0870588235294117,-0.0032941176470588,0.1868235294117647,0.0315294117647058,0.5661176470588235,-0.0635294117647059,1.2264807032274183,0.0122380581168053,4,global_qwk_low;worst_site_qwk_low;mean_abs_error_high;severe_error_rate_high,True,cross_site_blend_50,0.7056756010856606,0.7056756010856606,0.0113981116825492,0.0,0.6562957385838117,0.6562957385838117,0.0119083038759162,0.0,0.7117153467248711,0.7117153467248711,0.0141324045851762,0.0,0.5529411764705883,0.5529411764705883,0.0155294117647059,0.0,0.4856018793440087,0.4856018793440087,0.0252874013234802,0.0,minus_global_qwk_low,worst_site_qwk_low;site_qwk_spread_high;mean_abs_error_high;severe_error_rate_high,worst_site_qwk_low;mean_abs_error_high;severe_error_rate_high,3,True,cross_site_blend_50,0.7056756010856606,0.011398111682549228,0.4856018793440087,0.02528740132348034,0.6562957385838117,0.011908303875916237,0.7117153467248711,0.014132404585176284,0.5529411764705883,0.015529411764705903
results\threshold_shift_panda_all_conservative_45_seed_11\predictions.csv,45,45,11,fedavg,cross_site_blend_50,0.7186645880399637,0.6983115957788266,0.7269082996176406,0.0565871762874488,0.5256470588235295,0.4458322751590808,0.7581176470588236,0.0705882352941176,0.1327058823529411,0.6254117647058823,1.2047639969635384,0.7279402531602377,0.009275665120274,0.6982601754864977,-5.142029232896306e-05,0.7413890565436128,0.0144807569259721,0.0733651753637983,0.0167779990763495,0.5491764705882353,0.0235294117647058,0.4756956220330177,0.0298633468739368,0.7265882352941176,-0.0315294117647059,0.0752941176470588,0.0047058823529411,0.1656470588235294,0.0329411764705882,0.5609411764705883,-0.064470588235294,1.228324298388084,0.0235603014245455,1,mean_abs_error_high,False,fedavg,0.7186645880399637,0.7279402531602377,0.0,-0.009275665120274,0.6983115957788266,0.6982601754864977,0.0,5.142029232896306e-05,0.7269082996176406,0.7413890565436128,0.0,-0.0144807569259721,0.5256470588235295,0.5491764705882353,0.0,-0.0235294117647058,0.4458322751590808,0.4756956220330177,0.0,-0.0298633468739368,minus_global_qwk_low,worst_site_qwk_low;site_qwk_spread_high;mean_abs_error_high;severe_error_rate_high,mean_abs_error_high,1,False,fedavg,0.7186645880399637,0.0,0.4458322751590808,0.0,0.6983115957788266,0.0,0.7269082996176406,0.0,0.5256470588235295,0.0
results\threshold_shift_panda_all_conservative_45_seed_123\predictions.csv,45,45,123,fedavg,cross_site_blend_50,0.6842525827854697,0.6443909272024675,0.6827482723486302,0.0739910587963851,0.512,0.4354754690015998,0.8084705882352942,0.0912941176470588,0.1647058823529411,0.6437647058823529,1.25651402768541,0.7276041522412715,0.0433515694558017,0.6793432674370103,0.0349523402345428,0.7197759974251865,0.0370277250765562,0.0794422259562985,0.0054511671599134,0.5421176470588235,0.0301176470588234,0.4722981845450189,0.036822715543419,0.7463529411764706,-0.0621176470588236,0.0767058823529411,-0.0145882352941176,0.2381176470588235,0.0734117647058823,0.508235294117647,-0.1355294117647059,1.2447748699019268,-0.0117391577834833,4,global_qwk_low;worst_site_qwk_low;mean_abs_error_high;severe_error_rate_high,True,cross_site_blend_50,0.7276041522412715,0.7276041522412715,0.0433515694558017,0.0,0.6793432674370103,0.6793432674370103,0.0349523402345428,0.0,0.7197759974251865,0.7197759974251865,0.0370277250765562,0.0,0.5421176470588235,0.5421176470588235,0.0301176470588234,0.0,0.4722981845450189,0.4722981845450189,0.036822715543419,0.0,minus_global_qwk_low,worst_site_qwk_low;site_qwk_spread_high;mean_abs_error_high;severe_error_rate_high,worst_site_qwk_low;mean_abs_error_high;severe_error_rate_high,3,True,cross_site_blend_50,0.7276041522412715,0.043351569455801764,0.4722981845450189,0.03682271554341909,0.6793432674370103,0.034952340234542856,0.7197759974251865,0.03702772507655627,0.5421176470588235,0.03011764705882347
results\threshold_shift_panda_all_conservative_45_seed_17\predictions.csv,45,45,17,fedavg,cross_site_blend_50,0.7047611051305348,0.645220573180699,0.6905945451901226,0.0909757587087569,0.5129411764705882,0.4388248410063545,0.7943529411764706,0.0781176470588235,0.1477647058823529,0.6465882352941177,1.2398184894957895,0.7077247854813571,0.0029636803508222,0.6417517990615361,-0.0034687741191629,0.6917447783051633,0.0011502331150406,0.1018123133312761,0.0108365546225192,0.5289411764705882,0.016,0.4601461090491274,0.0213212680427729,0.7684705882352941,-0.0258823529411764,0.0785882352941176,0.0004705882352941,0.1609411764705882,0.0131764705882352,0.6075294117647059,-0.0390588235294118,1.2388539655751256,-0.0009645239206639,2,worst_site_qwk_low;mean_abs_error_high,False,fedavg,0.7047611051305348,0.7077247854813571,0.0,-0.0029636803508222,0.645220573180699,0.6417517990615361,0.0,0.0034687741191629,0.6905945451901226,0.6917447783051633,0.0,-0.0011502331150406,0.5129411764705882,0.5289411764705882,0.0,-0.016,0.4388248410063545,0.4601461090491274,0.0,-0.0213212680427729,minus_global_qwk_low,worst_site_qwk_low;site_qwk_spread_high;mean_abs_error_high;severe_error_rate_high,worst_site_qwk_low;mean_abs_error_high,2,False,fedavg,0.7047611051305348,0.0,0.4388248410063545,0.0,0.645220573180699,0.0,0.6905945451901226,0.0,0.5129411764705882,0.0
results\threshold_shift_panda_all_conservative_45_seed_2025\predictions.csv,45,45,2025,fedavg,cross_site_blend_50,0.6513178987545161,0.6357395844743857,0.6550728682482759,0.0617910715279269,0.512,0.4213510266509179,0.8465882352941176,0.1021176470588235,0.1689411764705882,0.6776470588235294,1.2398197962944426,0.6916847406111084,0.0403668418565923,0.6475384686313133,0.0117988841569275,0.6929907323339558,0.0379178640856798,0.0791388873452907,0.0173478158173637,0.5251764705882352,0.0131764705882352,0.4405144881551974,0.0191634615042795,0.7995294117647059,-0.0470588235294117,0.0908235294117647,-0.0112941176470588,0.2188235294117647,0.0498823529411764,0.5807058823529412,-0.0969411764705882,1.2347401108882392,-0.0050796854062034,4,global_qwk_low;worst_site_qwk_low;mean_abs_error_high;severe_error_rate_high,True,cross_site_blend_50,0.6916847406111084,0.6916847406111084,0.0403668418565923,0.0,0.6475384686313133,0.6475384686313133,0.0117988841569275,0.0,0.6929907323339558,0.6929907323339558,0.0379178640856798,0.0,0.5251764705882352,0.5251764705882352,0.0131764705882352,0.0,0.4405144881551974,0.4405144881551974,0.0191634615042795,0.0,minus_global_qwk_low,worst_site_qwk_low;site_qwk_spread_high;mean_abs_error_high;severe_error_rate_high,worst_site_qwk_low;mean_abs_error_high;severe_error_rate_high,3,True,cross_site_blend_50,0.6916847406111084,0.04036684185659234,0.4405144881551974,0.0191634615042795,0.6475384686313133,0.011798884156927536,0.6929907323339558,0.037917864085679875,0.5251764705882352,0.013176470588235234
results\threshold_shift_panda_all_conservative_45_seed_23\predictions.csv,45,45,23,fedavg,cross_site_blend_50,0.6689702161873159,0.6278285098051922,0.6892648974635475,0.1249900734371944,0.5256470588235295,0.4501728064200315,0.8169411764705883,0.0974117647058823,0.1487058823529412,0.668235294117647,1.223265605185007,0.6811832732447068,0.0122130570573909,0.6330609816469177,0.0052324718417254,0.7044609882881547,0.0151960908246072,0.1447019826986322,0.0197119092614377,0.5383529411764706,0.0127058823529411,0.4677176487867743,0.0175448423667428,0.7981176470588235,-0.0188235294117647,0.0974117647058823,0.0,0.1632941176470588,0.0145882352941176,0.6348235294117647,-0.0334117647058823,1.1950156635017095,-0.0282499416832973,5,global_qwk_low;worst_site_qwk_low;site_qwk_spread_high;mean_abs_error_high;severe_error_rate_high,True,cross_site_blend_50,0.6811832732447068,0.6811832732447068,0.0122130570573909,0.0,0.6330609816469177,0.6330609816469177,0.0052324718417254,0.0,0.7044609882881547,0.7044609882881547,0.0151960908246072,0.0,0.5383529411764706,0.5383529411764706,0.0127058823529411,0.0,0.4677176487867743,0.4677176487867743,0.0175448423667428,0.0,minus_global_qwk_low,worst_site_qwk_low;site_qwk_spread_high;mean_abs_error_high;severe_error_rate_high,worst_site_qwk_low;site_qwk_spread_high;mean_abs_error_high;severe_error_rate_high,4,True,cross_site_blend_50,0.6811832732447068,0.012213057057390952,0.4677176487867743,0.017544842366742808,0.6330609816469177,0.005232471841725483,0.7044609882881547,0.015196090824607267,0.5383529411764706,0.012705882352941122
results\threshold_shift_panda_all_conservative_45_seed_29\predictions.csv,45,45,29,fedavg,cross_site_blend_50,0.7027122701678348,0.6593035575542109,0.6983248374194991,0.0674032162340082,0.5218823529411765,0.4494435876297903,0.7905882352941176,0.088,0.1576470588235294,0.6329411764705882,1.196903554445906,0.7083737182341829,0.0056614480663481,0.6553674973311827,-0.0039360602230281,0.7033051263106922,0.004980288891193,0.0885817534051347,0.0211785371711265,0.5468235294117647,0.0249411764705882,0.4791428742323236,0.0296992866025332,0.7585882352941177,-0.0319999999999999,0.084235294117647,-0.0037647058823529,0.1830588235294117,0.0254117647058823,0.5755294117647058,-0.0574117647058823,1.2174418629639214,0.0205383085180153,4,global_qwk_low;worst_site_qwk_low;mean_abs_error_high;severe_error_rate_high,True,cross_site_blend_50,0.7083737182341829,0.7083737182341829,0.0056614480663481,0.0,0.6553674973311827,0.6553674973311827,-0.0039360602230281,0.0,0.7033051263106922,0.7033051263106922,0.004980288891193,0.0,0.5468235294117647,0.5468235294117647,0.0249411764705882,0.0,0.4791428742323236,0.4791428742323236,0.0296992866025332,0.0,minus_global_qwk_low,worst_site_qwk_low;site_qwk_spread_high;mean_abs_error_high;severe_error_rate_high,worst_site_qwk_low;mean_abs_error_high;severe_error_rate_high,3,True,cross_site_blend_50,0.7083737182341829,0.0056614480663481626,0.4791428742323236,0.029699286602533292,0.6553674973311827,-0.0039360602230281705,0.7033051263106922,0.004980288891193063,0.5468235294117647,0.024941176470588244
results\threshold_shift_panda_all_conservative_45_seed_31\predictions.csv,45,45,31,fedavg,cross_site_blend_50,0.6907445542033991,0.6478213865592243,0.697022671132488,0.0990737087116392,0.5209411764705882,0.4467296226169241,0.7783529411764706,0.0809411764705882,0.156235294117647,0.6221176470588236,1.241704937493638,0.7010929147350812,0.010348360531682,0.6782066835699941,0.0303852970107698,0.7110580444059729,0.0140353732734849,0.063455555044703,-0.0356181536669362,0.5378823529411765,0.0169411764705882,0.4778400687043871,0.031110446087463,0.7807058823529411,0.0023529411764705,0.0884705882352941,0.0075294117647058,0.2258823529411764,0.0696470588235294,0.5548235294117647,-0.0672941176470588,1.2281036756811077,-0.0136012618125302,3,global_qwk_low;worst_site_qwk_low;mean_abs_error_high,True,cross_site_blend_50,0.7010929147350812,0.7010929147350812,0.010348360531682,0.0,0.6782066835699941,0.6782066835699941,0.0303852970107698,0.0,0.7110580444059729,0.7110580444059729,0.0140353732734849,0.0,0.5378823529411765,0.5378823529411765,0.0169411764705882,0.0,0.4778400687043871,0.4778400687043871,0.031110446087463,0.0,minus_global_qwk_low,worst_site_qwk_low;site_qwk_spread_high;mean_abs_error_high;severe_error_rate_high,worst_site_qwk_low;mean_abs_error_high,2,False,fedavg,0.6907445542033991,0.0,0.4467296226169241,0.0,0.6478213865592243,0.0,0.697022671132488,0.0,0.5209411764705882,0.0
results\threshold_shift_panda_all_conservative_45_seed_37\predictions.csv,45,45,37,fedavg,cross_site_blend_50,0.6718398316224687,0.6566294013012368,0.6776751902752847,0.0577402918144898,0.5134117647058823,0.4501286620132132,0.8178823529411765,0.0941176470588235,0.1454117647058823,0.6724705882352942,1.1877916427116788,0.6989889494547878,0.0271491178323191,0.6798369892493196,0.0232075879480827,0.7028944926747505,0.0252193023994657,0.0388444897333896,-0.0188958020811002,0.5383529411764706,0.0249411764705882,0.4679482987007382,0.0178196366875249,0.7778823529411765,-0.04,0.0903529411764706,-0.0037647058823529,0.1910588235294117,0.0456470588235294,0.5868235294117647,-0.0856470588235294,1.2612150037606646,0.0734233610489858,4,global_qwk_low;worst_site_qwk_low;mean_abs_error_high;severe_error_rate_high,True,cross_site_blend_50,0.6989889494547878,0.6989889494547878,0.0271491178323191,0.0,0.6798369892493196,0.6798369892493196,0.0232075879480827,0.0,0.7028944926747505,0.7028944926747505,0.0252193023994657,0.0,0.5383529411764706,0.5383529411764706,0.0249411764705882,0.0,0.4679482987007382,0.4679482987007382,0.0178196366875249,0.0,minus_global_qwk_low,worst_site_qwk_low;site_qwk_spread_high;mean_abs_error_high;severe_error_rate_high,worst_site_qwk_low;mean_abs_error_high;severe_error_rate_high,3,True,cross_site_blend_50,0.6989889494547878,0.027149117832319103,0.4679482987007382,0.017819636687524953,0.6798369892493196,0.023207587948082753,0.7028944926747505,0.025219302399465793,0.5383529411764706,0.024941176470588244
results\threshold_shift_panda_all_conservative_45_seed_41\predictions.csv,45,45,41,fedavg,cross_site_blend_50,0.7123796898843978,0.6477160424225139,0.7230280654793807,0.1493724689112257,0.532235294117647,0.4576524733917275,0.7595294117647059,0.0752941176470588,0.1689411764705882,0.5905882352941176,1.216875668403408,0.7108887383352965,-0.0014909515491012,0.6681257448384706,0.0204097024159567,0.7194995869173381,-0.0035284785620426,0.1343608083755315,-0.0150116605356941,0.536,0.003764705882353,0.4617007732319488,0.0040482998402213,0.7670588235294118,0.0075294117647058,0.0785882352941176,0.0032941176470588,0.1656470588235294,-0.0032941176470588,0.6014117647058823,0.0108235294117646,1.208587090198221,-0.0082885782051869,3,worst_site_qwk_low;site_qwk_spread_high;mean_abs_error_high,True,cross_site_blend_50,0.7108887383352965,0.7108887383352965,-0.0014909515491012,0.0,0.6681257448384706,0.6681257448384706,0.0204097024159567,0.0,0.7194995869173381,0.7194995869173381,-0.0035284785620426,0.0,0.536,0.536,0.003764705882353,0.0,0.4617007732319488,0.4617007732319488,0.0040482998402213,0.0,minus_global_qwk_low,worst_site_qwk_low;site_qwk_spread_high;mean_abs_error_high;severe_error_rate_high,worst_site_qwk_low;site_qwk_spread_high;mean_abs_error_high,3,True,cross_site_blend_50,0.7108887383352965,-0.0014909515491012826,0.4617007732319488,0.004048299840221314,0.6681257448384706,0.020409702415956743,0.7194995869173381,-0.003528478562042636,0.536,0.0037647058823530033
results\threshold_shift_panda_all_conservative_45_seed_42\predictions.csv,45,45,42,fedavg,cross_site_blend_50,0.6774827764861275,0.6445375035779021,0.6916365566904921,0.1014820199256691,0.5270588235294118,0.4543662053061909,0.7985882352941176,0.0912941176470588,0.1336470588235294,0.6649411764705883,1.2261141193444989,0.684495430609388,0.0070126541232604,0.6552577603454078,0.0107202567675057,0.6966647491374609,0.0050281924469688,0.0956957754403231,-0.005786244485346,0.536,0.0089411764705882,0.462630665272385,0.0082644599661941,0.7835294117647059,-0.0150588235294116,0.0894117647058823,-0.0018823529411764,0.1557647058823529,0.0221176470588235,0.6277647058823529,-0.0371764705882353,1.2219655729572696,-0.0041485463872292,4,global_qwk_low;worst_site_qwk_low;mean_abs_error_high;severe_error_rate_high,True,cross_site_blend_50,0.684495430609388,0.684495430609388,0.0070126541232604,0.0,0.6552577603454078,0.6552577603454078,0.0107202567675057,0.0,0.6966647491374609,0.6966647491374609,0.0050281924469688,0.0,0.536,0.536,0.0089411764705882,0.0,0.462630665272385,0.462630665272385,0.0082644599661941,0.0,minus_global_qwk_low,worst_site_qwk_low;site_qwk_spread_high;mean_abs_error_high;severe_error_rate_high,worst_site_qwk_low;mean_abs_error_high;severe_error_rate_high,3,True,cross_site_blend_50,0.684495430609388,0.0070126541232604644,0.462630665272385,0.008264459966194126,0.6552577603454078,0.010720256767505765,0.6966647491374609,0.005028192446968838,0.536,0.00894117647058823
results\threshold_shift_panda_all_conservative_45_seed_43\predictions.csv,45,45,43,fedavg,cross_site_blend_50,0.7138716162513442,0.6822721801086638,0.711808940745141,0.0616774222069055,0.5289411764705882,0.4655935566146705,0.7736470588235295,0.0790588235294117,0.1647058823529411,0.6089411764705882,1.1930575391361506,0.7238906047035034,0.0100189884521592,0.6955788405751153,0.0133066604664515,0.7253029885742331,0.0134940478290921,0.0540392088119872,-0.0076382133949183,0.5472941176470588,0.0183529411764705,0.4833792586175012,0.0177857020028307,0.739764705882353,-0.0338823529411764,0.0767058823529411,-0.0023529411764705,0.1736470588235294,0.0089411764705882,0.5661176470588235,-0.0428235294117647,1.2490948525451526,0.0560373134090019,1,mean_abs_error_high,False,fedavg,0.7138716162513442,0.7238906047035034,0.0,-0.0100189884521592,0.6822721801086638,0.6955788405751153,0.0,-0.0133066604664515,0.711808940745141,0.7253029885742331,0.0,-0.0134940478290921,0.5289411764705882,0.5472941176470588,0.0,-0.0183529411764705,0.4655935566146705,0.4833792586175012,0.0,-0.0177857020028307,minus_global_qwk_low,worst_site_qwk_low;site_qwk_spread_high;mean_abs_error_high;severe_error_rate_high,mean_abs_error_high,1,False,fedavg,0.7138716162513442,0.0,0.4655935566146705,0.0,0.6822721801086638,0.0,0.711808940745141,0.0,0.5289411764705882,0.0
results\threshold_shift_panda_all_conservative_45_seed_47\predictions.csv,45,45,47,fedavg,cross_site_blend_50,0.6847965201382491,0.6483616776044975,0.6910543398194848,0.0705500414349021,0.5247058823529411,0.4514071460022199,0.8014117647058824,0.0927058823529411,0.1689411764705882,0.6324705882352941,1.223896878202759,0.6851789430850455,0.0003824229467963,0.652432325294192,0.0040706476896945,0.6995950911807111,0.0085407513612262,0.0619584935386275,-0.0085915478962745,0.5449411764705883,0.0202352941176471,0.472621372126016,0.021214226123796,0.7910588235294118,-0.0103529411764705,0.0941176470588235,0.0014117647058823,0.1797647058823529,0.0108235294117647,0.6112941176470589,-0.0211764705882352,1.217905331775368,-0.0059915464273909,4,global_qwk_low;worst_site_qwk_low;mean_abs_error_high;severe_error_rate_high,True,cross_site_blend_50,0.6851789430850455,0.6851789430850455,0.0003824229467963,0.0,0.652432325294192,0.652432325294192,0.0040706476896945,0.0,0.6995950911807111,0.6995950911807111,0.0085407513612262,0.0,0.5449411764705883,0.5449411764705883,0.0202352941176471,0.0,0.472621372126016,0.472621372126016,0.021214226123796,0.0,minus_global_qwk_low,worst_site_qwk_low;site_qwk_spread_high;mean_abs_error_high;severe_error_rate_high,worst_site_qwk_low;mean_abs_error_high;severe_error_rate_high,3,True,cross_site_blend_50,0.6851789430850455,0.0003824229467963569,0.472621372126016,0.021214226123796143,0.652432325294192,0.004070647689694562,0.6995950911807111,0.008540751361226229,0.5449411764705883,0.02023529411764713
results\threshold_shift_panda_all_conservative_45_seed_53\predictions.csv,45,45,53,fedavg,cross_site_blend_50,0.7201645664369767,0.6590058792089791,0.7242115653009432,0.0962519076398983,0.5124705882352941,0.4494431704394436,0.7712941176470588,0.0785882352941176,0.1449411764705882,0.6263529411764706,1.2476182242498215,0.7142977210762524,-0.0058668453607242,0.6664553756290599,0.0074494964200807,0.7213074678388882,-0.0029040974620549,0.092832744626332,-0.0034191630135662,0.5265882352941177,0.0141176470588235,0.4523648833805307,0.002921712941087,0.7811764705882352,0.0098823529411764,0.0861176470588235,0.0075294117647058,0.2018823529411764,0.0569411764705882,0.5792941176470588,-0.0470588235294117,1.216200957210754,-0.0314172670390675,2,worst_site_qwk_low;mean_abs_error_high,False,fedavg,0.7201645664369767,0.7142977210762524,0.0,0.0058668453607242,0.6590058792089791,0.6664553756290599,0.0,-0.0074494964200807,0.7242115653009432,0.7213074678388882,0.0,0.0029040974620549,0.5124705882352941,0.5265882352941177,0.0,-0.0141176470588235,0.4494431704394436,0.4523648833805307,0.0,-0.002921712941087,minus_global_qwk_low,worst_site_qwk_low;site_qwk_spread_high;mean_abs_error_high;severe_error_rate_high,worst_site_qwk_low;mean_abs_error_high,2,False,fedavg,0.7201645664369767,0.0,0.4494431704394436,0.0,0.6590058792089791,0.0,0.7242115653009432,0.0,0.5124705882352941,0.0
results\threshold_shift_panda_all_conservative_45_seed_59\predictions.csv,45,45,59,fedavg,cross_site_blend_50,0.7016674406948484,0.6159609540801119,0.6845382756686187,0.1206158796476057,0.5256470588235295,0.4495477542539736,0.7915294117647059,0.0861176470588235,0.1825882352941176,0.6089411764705882,1.1982354306608411,0.705730488586835,0.0040630478919865,0.643696978717071,0.0277360246369591,0.6883887122265069,0.0038504365578881,0.0969232193571749,-0.0236926602904308,0.5407058823529411,0.0150588235294116,0.4656458284346138,0.0160980741806401,0.7783529411764706,-0.0131764705882353,0.0851764705882353,-0.0009411764705882,0.2089411764705882,0.0263529411764706,0.5694117647058824,-0.0395294117647058,1.2381082534135337,0.0398728227526925,4,global_qwk_low;worst_site_qwk_low;site_qwk_spread_high;mean_abs_error_high,True,cross_site_blend_50,0.705730488586835,0.705730488586835,0.0040630478919865,0.0,0.643696978717071,0.643696978717071,0.0277360246369591,0.0,0.6883887122265069,0.6883887122265069,0.0038504365578881,0.0,0.5407058823529411,0.5407058823529411,0.0150588235294116,0.0,0.4656458284346138,0.4656458284346138,0.0160980741806401,0.0,minus_global_qwk_low,worst_site_qwk_low;site_qwk_spread_high;mean_abs_error_high;severe_error_rate_high,worst_site_qwk_low;site_qwk_spread_high;mean_abs_error_high,3,True,cross_site_blend_50,0.705730488586835,0.0040630478919865265,0.4656458284346138,0.016098074180640187,0.643696978717071,0.027736024636959122,0.6883887122265069,0.0038504365578881927,0.5407058823529411,0.01505882352941168
results\threshold_shift_panda_all_conservative_45_seed_7\predictions.csv,45,45,7,fedavg,cross_site_blend_50,0.6923907834999634,0.6489613109441599,0.6966096027165747,0.0937013742162709,0.5251764705882352,0.4536372003313794,0.7976470588235294,0.0894117647058823,0.1392941176470588,0.6583529411764706,1.2069264914261555,0.7012379189330036,0.0088471354330401,0.6779182879377432,0.0289569769935833,0.7076271761977981,0.0110175734812234,0.0784267466587252,-0.0152746275575456,0.5463529411764706,0.0211764705882353,0.4786342882830192,0.0249970879516397,0.7567058823529412,-0.0409411764705881,0.0870588235294117,-0.0023529411764705,0.1755294117647058,0.036235294117647,0.5811764705882353,-0.0771764705882352,1.248436539060467,0.0415100476343115,4,global_qwk_low;worst_site_qwk_low;mean_abs_error_high;severe_error_rate_high,True,cross_site_blend_50,0.7012379189330036,0.7012379189330036,0.0088471354330401,0.0,0.6779182879377432,0.6779182879377432,0.0289569769935833,0.0,0.7076271761977981,0.7076271761977981,0.0110175734812234,0.0,0.5463529411764706,0.5463529411764706,0.0211764705882353,0.0,0.4786342882830192,0.4786342882830192,0.0249970879516397,0.0,minus_global_qwk_low,worst_site_qwk_low;site_qwk_spread_high;mean_abs_error_high;severe_error_rate_high,worst_site_qwk_low;mean_abs_error_high;severe_error_rate_high,3,True,cross_site_blend_50,0.7012379189330036,0.008847135433040165,0.4786342882830192,0.024997087951639796,0.6779182879377432,0.02895697699358335,0.7076271761977981,0.011017573481223453,0.5463529411764706,0.021176470588235352
results\threshold_shift_panda_all_conservative_0_seed_11\predictions.csv,0,0,11,fedavg,cross_site_blend_50,0.7429581080983443,0.7164217698801902,0.7441992641283725,0.0593496863554664,0.5745882352941176,0.5098279114359029,0.6922352941176471,0.0734117647058823,0.208,0.484235294117647,1.156964949139127,0.7337225638667626,-0.0092355442315816,0.7119886879296122,-0.004433081950578,0.743286473704899,-0.0009127904234734,0.0433346987300143,-0.016014987625452,0.5736470588235294,-0.0009411764705882,0.5055207797599799,-0.004307131675923,0.7105882352941176,0.0183529411764705,0.0785882352941176,0.0051764705882352,0.2343529411764706,0.0263529411764706,0.476235294117647,-0.008,1.1778074606925435,0.0208425115534167,0,,False,fedavg,0.7429581080983443,0.7429581080983443,0.0,0.0,0.7164217698801902,0.7164217698801902,0.0,0.0,0.7441992641283725,0.7441992641283725,0.0,0.0,0.5745882352941176,0.5745882352941176,0.0,0.0,0.5098279114359029,0.5098279114359029,0.0,0.0,minus_worst_site_qwk_low,global_qwk_low;site_qwk_spread_high;mean_abs_error_high;severe_error_rate_high,,0,False,fedavg,0.7429581080983443,0.0,0.5098279114359029,0.0,0.7164217698801902,0.0,0.7441992641283725,0.0,0.5745882352941176,0.0
results\threshold_shift_panda_all_conservative_0_seed_123\predictions.csv,0,0,123,fedavg,cross_site_blend_50,0.7298328239744079,0.702768825425204,0.732487374863064,0.0713198620093883,0.5694117647058824,0.5055799211566626,0.7134117647058823,0.076235294117647,0.2376470588235294,0.4757647058823529,1.1721565327917418,0.7280400712222352,-0.0017927527521726,0.6825573624415238,-0.0202114629836802,0.7254086963081546,-0.0070786785549094,0.0742889639064762,0.0029691018970878,0.5567058823529412,-0.0127058823529412,0.4949036378409496,-0.0106762833157129,0.7425882352941177,0.0291764705882353,0.0767058823529411,0.0004705882352941,0.3171764705882353,0.0795294117647058,0.4254117647058824,-0.0503529411764705,1.1780110800360235,0.0058545472442819,0,,False,fedavg,0.7298328239744079,0.7298328239744079,0.0,0.0,0.702768825425204,0.702768825425204,0.0,0.0,0.732487374863064,0.732487374863064,0.0,0.0,0.5694117647058824,0.5694117647058824,0.0,0.0,0.5055799211566626,0.5055799211566626,0.0,0.0,minus_worst_site_qwk_low,global_qwk_low;site_qwk_spread_high;mean_abs_error_high;severe_error_rate_high,,0,False,fedavg,0.7298328239744079,0.0,0.5055799211566626,0.0,0.702768825425204,0.0,0.732487374863064,0.0,0.5694117647058824,0.0
results\threshold_shift_panda_all_conservative_0_seed_17\predictions.csv,0,0,17,fedavg,cross_site_blend_50,0.7239654930746602,0.6867531239805871,0.7097153911713731,0.0679690886509221,0.5727058823529412,0.5116310736011755,0.7171764705882353,0.0752941176470588,0.1971764705882353,0.52,1.1677552636809072,0.741825343260487,0.0178598501858268,0.6977504245196491,0.010997300539062,0.7270813020050024,0.0173659108336293,0.0776750134260571,0.0097059247751349,0.5835294117647059,0.0108235294117646,0.5224528915476301,0.0108218179464545,0.6832941176470588,-0.0338823529411764,0.068235294117647,-0.0070588235294117,0.1637647058823529,-0.0334117647058823,0.5195294117647059,-0.0004705882352941,1.1786416934641828,0.0108864297832755,0,,False,fedavg,0.7239654930746602,0.7239654930746602,0.0,0.0,0.6867531239805871,0.6867531239805871,0.0,0.0,0.7097153911713731,0.7097153911713731,0.0,0.0,0.5727058823529412,0.5727058823529412,0.0,0.0,0.5116310736011755,0.5116310736011755,0.0,0.0,minus_worst_site_qwk_low,global_qwk_low;site_qwk_spread_high;mean_abs_error_high;severe_error_rate_high,,0,False,fedavg,0.7239654930746602,0.0,0.5116310736011755,0.0,0.6867531239805871,0.0,0.7097153911713731,0.0,0.5727058823529412,0.0
results\threshold_shift_panda_all_conservative_0_seed_2025\predictions.csv,0,0,2025,fedavg,cross_site_blend_50,0.6983892617352163,0.6744316058050153,0.7010870185241194,0.0584559494250015,0.5585882352941176,0.5000663744833895,0.7576470588235295,0.0870588235294117,0.2465882352941176,0.5110588235294118,1.1618222006061447,0.6988934439468641,0.0005041822116478,0.677440898806273,0.0030092930012577,0.7014432993023529,0.0003562807782335,0.0543557071565601,-0.0041002422684414,0.5472941176470588,-0.0112941176470587,0.4780140759710345,-0.022052298512355,0.7854117647058824,0.0277647058823529,0.092235294117647,0.0051764705882352,0.2790588235294117,0.0324705882352941,0.5063529411764706,-0.0047058823529412,1.177045535032376,0.0152233344262311,2,global_qwk_low;mean_abs_error_high,False,fedavg,0.6983892617352163,0.6983892617352163,0.0,0.0,0.6744316058050153,0.6744316058050153,0.0,0.0,0.7010870185241194,0.7010870185241194,0.0,0.0,0.5585882352941176,0.5585882352941176,0.0,0.0,0.5000663744833895,0.5000663744833895,0.0,0.0,minus_worst_site_qwk_low,global_qwk_low;site_qwk_spread_high;mean_abs_error_high;severe_error_rate_high,global_qwk_low;mean_abs_error_high,2,False,fedavg,0.6983892617352163,0.0,0.5000663744833895,0.0,0.6744316058050153,0.0,0.7010870185241194,0.0,0.5585882352941176,0.0
results\threshold_shift_panda_all_conservative_0_seed_23\predictions.csv,0,0,23,fedavg,cross_site_blend_50,0.7018818577459033,0.6673741964836729,0.7174845380245973,0.1002154031961053,0.56,0.4860606677435226,0.7637647058823529,0.092235294117647,0.228235294117647,0.5355294117647059,1.141851402646168,0.7037645067143725,0.0018826489684692,0.6681155525660587,0.0007413560823857,0.7204905791820245,0.0030060411574271,0.1266562161989222,0.0264408130028168,0.5604705882352942,0.0004705882352941,0.4889164480197272,0.0028557802762046,0.7614117647058823,-0.0023529411764705,0.0941176470588235,0.0018823529411764,0.2197647058823529,-0.0084705882352941,0.5416470588235294,0.0061176470588234,1.1372767953333078,-0.0045746073128603,3,global_qwk_low;mean_abs_error_high;severe_error_rate_high,True,cross_site_blend_50,0.7037645067143725,0.7018818577459033,0.0018826489684692,0.0018826489684692,0.6681155525660587,0.6673741964836729,0.0007413560823857,0.0007413560823857,0.7204905791820245,0.7174845380245973,0.0030060411574271,0.0030060411574271,0.5604705882352942,0.56,0.0004705882352941,0.0004705882352941,0.4889164480197272,0.4860606677435226,0.0028557802762046,0.0028557802762046,minus_worst_site_qwk_low,global_qwk_low;site_qwk_spread_high;mean_abs_error_high;severe_error_rate_high,global_qwk_low;mean_abs_error_high;severe_error_rate_high,3,True,cross_site_blend_50,0.7037645067143725,0.001882648968469236,0.4889164480197272,0.0028557802762046447,0.6681155525660587,0.0007413560823857912,0.7204905791820245,0.0030060411574271972,0.5604705882352942,0.00047058823529411153
results\threshold_shift_panda_all_conservative_0_seed_29\predictions.csv,0,0,29,fedavg,cross_site_blend_50,0.726441618643312,0.6865732434961865,0.71804951628285,0.0585544069027084,0.5741176470588235,0.5055895989900184,0.7247058823529412,0.0818823529411764,0.208,0.5167058823529411,1.147105895918461,0.7230326097996407,-0.0034090088436713,0.6763439793223045,-0.010229264173882,0.7209830795282827,0.0029335632454327,0.0931448064797406,0.0345903995770322,0.5764705882352941,0.0023529411764705,0.5123163664565035,0.006726767466485,0.7185882352941176,-0.0061176470588235,0.0828235294117647,0.0009411764705882,0.2428235294117647,0.0348235294117647,0.4757647058823529,-0.0409411764705882,1.1457565392719873,-0.0013493566464737,0,,False,fedavg,0.726441618643312,0.726441618643312,0.0,0.0,0.6865732434961865,0.6865732434961865,0.0,0.0,0.71804951628285,0.71804951628285,0.0,0.0,0.5741176470588235,0.5741176470588235,0.0,0.0,0.5055895989900184,0.5055895989900184,0.0,0.0,minus_worst_site_qwk_low,global_qwk_low;site_qwk_spread_high;mean_abs_error_high;severe_error_rate_high,,0,False,fedavg,0.726441618643312,0.0,0.5055895989900184,0.0,0.6865732434961865,0.0,0.71804951628285,0.0,0.5741176470588235,0.0
results\threshold_shift_panda_all_conservative_0_seed_31\predictions.csv,0,0,31,fedavg,cross_site_blend_50,0.7086968931815969,0.6738253917670043,0.7083238904839249,0.0518022247570875,0.5496470588235294,0.490416290241764,0.7463529411764706,0.0828235294117647,0.2395294117647058,0.5068235294117647,1.1670994637757055,0.7165003903666098,0.0078034971850129,0.6904800881334037,0.0166546963663993,0.7226313294886846,0.0143074390047597,0.0581068647975383,0.0063046400404508,0.5534117647058824,0.003764705882353,0.4950671262046908,0.0046508359629268,0.7557647058823529,0.0094117647058823,0.0847058823529411,0.0018823529411764,0.2875294117647058,0.0479999999999999,0.4682352941176471,-0.0385882352941175,1.1520586233386354,-0.0150408404370703,0,,False,fedavg,0.7086968931815969,0.7086968931815969,0.0,0.0,0.6738253917670043,0.6738253917670043,0.0,0.0,0.7083238904839249,0.7083238904839249,0.0,0.0,0.5496470588235294,0.5496470588235294,0.0,0.0,0.490416290241764,0.490416290241764,0.0,0.0,minus_worst_site_qwk_low,global_qwk_low;site_qwk_spread_high;mean_abs_error_high;severe_error_rate_high,,0,False,fedavg,0.7086968931815969,0.0,0.490416290241764,0.0,0.6738253917670043,0.0,0.7083238904839249,0.0,0.5496470588235294,0.0
results\threshold_shift_panda_all_conservative_0_seed_37\predictions.csv,0,0,37,fedavg,cross_site_blend_50,0.7169013513435238,0.7072214848478993,0.7205745926518567,0.0417600381363131,0.5755294117647058,0.5218186688693097,0.7138823529411765,0.0823529411764705,0.1872941176470588,0.5265882352941177,1.1259510238729171,0.7209045782831497,0.0040032269396258,0.7026297227340665,-0.0045917621138327,0.7245873212371869,0.0040127285853301,0.0390353396576449,-0.0027246984786681,0.5604705882352942,-0.0150588235294116,0.4917730629816231,-0.0300456058876866,0.7331764705882353,0.0192941176470587,0.0847058823529411,0.0023529411764705,0.2258823529411764,0.0385882352941176,0.5072941176470588,-0.0192941176470589,1.2102201270375847,0.0842691031646674,0,,False,fedavg,0.7169013513435238,0.7169013513435238,0.0,0.0,0.7072214848478993,0.7072214848478993,0.0,0.0,0.7205745926518567,0.7205745926518567,0.0,0.0,0.5755294117647058,0.5755294117647058,0.0,0.0,0.5218186688693097,0.5218186688693097,0.0,0.0,minus_worst_site_qwk_low,global_qwk_low;site_qwk_spread_high;mean_abs_error_high;severe_error_rate_high,,0,False,fedavg,0.7169013513435238,0.0,0.5218186688693097,0.0,0.7072214848478993,0.0,0.7205745926518567,0.0,0.5755294117647058,0.0
results\threshold_shift_panda_all_conservative_0_seed_41\predictions.csv,0,0,41,fedavg,cross_site_blend_50,0.7313483114760122,0.6692838566912203,0.7434729817875875,0.1428779212439995,0.5665882352941176,0.5004526523110261,0.72,0.0767058823529411,0.2357647058823529,0.484235294117647,1.1680296642247314,0.7212868239213154,-0.0100614875546968,0.6863423149808671,0.0170584582896468,0.7288710149947588,-0.0146019667928286,0.1169524129992917,-0.0259255082447078,0.56,-0.0065882352941175,0.4852339061395143,-0.0152187461715117,0.7421176470588235,0.0221176470588235,0.0809411764705882,0.004235294117647,0.2470588235294117,0.0112941176470588,0.4950588235294118,0.0108235294117647,1.148595782922415,-0.0194338813023164,1,site_qwk_spread_high,False,fedavg,0.7313483114760122,0.7313483114760122,0.0,0.0,0.6692838566912203,0.6692838566912203,0.0,0.0,0.7434729817875875,0.7434729817875875,0.0,0.0,0.5665882352941176,0.5665882352941176,0.0,0.0,0.5004526523110261,0.5004526523110261,0.0,0.0,minus_worst_site_qwk_low,global_qwk_low;site_qwk_spread_high;mean_abs_error_high;severe_error_rate_high,site_qwk_spread_high,1,False,fedavg,0.7313483114760122,0.0,0.5004526523110261,0.0,0.6692838566912203,0.0,0.7434729817875875,0.0,0.5665882352941176,0.0
results\threshold_shift_panda_all_conservative_0_seed_42\predictions.csv,0,0,42,fedavg,cross_site_blend_50,0.7072566694854118,0.6673300346903428,0.7161831406854237,0.14113790627812,0.5694117647058824,0.5159724605549763,0.7327058823529412,0.0809411764705882,0.2070588235294117,0.5256470588235295,1.1758076450075134,0.6934701255508754,-0.0137865439345363,0.6608777559281085,-0.0064522787622343,0.7057812801177772,-0.0104018605676464,0.1200084261559242,-0.0211294801221958,0.5585882352941176,-0.0108235294117647,0.496155205606327,-0.0198172549486492,0.7651764705882353,0.0324705882352941,0.0884705882352941,0.0075294117647058,0.220235294117647,0.0131764705882352,0.5449411764705883,0.0192941176470587,1.151800860179836,-0.0240067848276774,2,worst_site_qwk_low;site_qwk_spread_high,False,fedavg,0.7072566694854118,0.7072566694854118,0.0,0.0,0.6673300346903428,0.6673300346903428,0.0,0.0,0.7161831406854237,0.7161831406854237,0.0,0.0,0.5694117647058824,0.5694117647058824,0.0,0.0,0.5159724605549763,0.5159724605549763,0.0,0.0,minus_worst_site_qwk_low,global_qwk_low;site_qwk_spread_high;mean_abs_error_high;severe_error_rate_high,site_qwk_spread_high,1,False,fedavg,0.7072566694854118,0.0,0.5159724605549763,0.0,0.6673300346903428,0.0,0.7161831406854237,0.0,0.5694117647058824,0.0
results\threshold_shift_panda_all_conservative_0_seed_43\predictions.csv,0,0,43,fedavg,cross_site_blend_50,0.746679487551388,0.7384839293613565,0.7506560624693208,0.0273858022000844,0.5736470588235294,0.5091526183482555,0.7035294117647058,0.0752941176470588,0.2254117647058823,0.4781176470588235,1.1308712252820463,0.7445723706908911,-0.0021071168604969,0.7254084860689003,-0.0130754432924562,0.7452269109662587,-0.0054291515030621,0.0401667568477324,0.0127809546476479,0.5816470588235294,0.008,0.5208785983849045,0.0117259800366489,0.6889411764705883,-0.0145882352941175,0.0729411764705882,-0.0023529411764705,0.1990588235294117,-0.0263529411764705,0.4898823529411765,0.0117647058823529,1.1779910486661689,0.0471198233841221,0,,False,fedavg,0.746679487551388,0.746679487551388,0.0,0.0,0.7384839293613565,0.7384839293613565,0.0,0.0,0.7506560624693208,0.7506560624693208,0.0,0.0,0.5736470588235294,0.5736470588235294,0.0,0.0,0.5091526183482555,0.5091526183482555,0.0,0.0,minus_worst_site_qwk_low,global_qwk_low;site_qwk_spread_high;mean_abs_error_high;severe_error_rate_high,,0,False,fedavg,0.746679487551388,0.0,0.5091526183482555,0.0,0.7384839293613565,0.0,0.7506560624693208,0.0,0.5736470588235294,0.0
results\threshold_shift_panda_all_conservative_0_seed_47\predictions.csv,0,0,47,fedavg,cross_site_blend_50,0.7181815243226684,0.6786340882743549,0.7213997699169905,0.0801529243646518,0.5656470588235294,0.4981944682997181,0.7463529411764706,0.0884705882352941,0.2752941176470588,0.4710588235294117,1.1353106869842753,0.7180828092966849,-9.87150259834646e-05,0.6994246620651237,0.0207905737907687,0.7266365779426043,0.0052368080256137,0.0415894398834847,-0.038563484481167,0.571764705882353,0.0061176470588235,0.5029810518398447,0.0047865835401265,0.7369411764705882,-0.0094117647058823,0.0870588235294117,-0.0014117647058823,0.236235294117647,-0.0390588235294117,0.5007058823529412,0.0296470588235294,1.1433934522053368,0.0080827652210615,1,severe_error_rate_high,False,fedavg,0.7181815243226684,0.7181815243226684,0.0,0.0,0.6786340882743549,0.6786340882743549,0.0,0.0,0.7213997699169905,0.7213997699169905,0.0,0.0,0.5656470588235294,0.5656470588235294,0.0,0.0,0.4981944682997181,0.4981944682997181,0.0,0.0,minus_worst_site_qwk_low,global_qwk_low;site_qwk_spread_high;mean_abs_error_high;severe_error_rate_high,severe_error_rate_high,1,False,fedavg,0.7181815243226684,0.0,0.4981944682997181,0.0,0.6786340882743549,0.0,0.7213997699169905,0.0,0.5656470588235294,0.0
results\threshold_shift_panda_all_conservative_0_seed_53\predictions.csv,0,0,53,fedavg,cross_site_blend_50,0.7317556780937956,0.6740479638200556,0.7321636104952894,0.0933560233551015,0.5689411764705883,0.5085063095527034,0.7167058823529412,0.0785882352941176,0.2192941176470588,0.4974117647058823,1.1676241651479085,0.7278712679750026,-0.003884410118793,0.6610648798322412,-0.0129830839878144,0.7313916065488951,-0.0007720039463943,0.1220976432029016,0.0287416198478001,0.5609411764705883,-0.008,0.4933853771679242,-0.0151209323847791,0.7369411764705882,0.020235294117647,0.0814117647058823,0.0028235294117646,0.2432941176470588,0.0239999999999999,0.4936470588235294,-0.0037647058823528,1.1499776231798036,-0.0176465419681048,0,,False,fedavg,0.7317556780937956,0.7317556780937956,0.0,0.0,0.6740479638200556,0.6740479638200556,0.0,0.0,0.7321636104952894,0.7321636104952894,0.0,0.0,0.5689411764705883,0.5689411764705883,0.0,0.0,0.5085063095527034,0.5085063095527034,0.0,0.0,minus_worst_site_qwk_low,global_qwk_low;site_qwk_spread_high;mean_abs_error_high;severe_error_rate_high,,0,False,fedavg,0.7317556780937956,0.0,0.5085063095527034,0.0,0.6740479638200556,0.0,0.7321636104952894,0.0,0.5689411764705883,0.0
results\threshold_shift_panda_all_conservative_0_seed_59\predictions.csv,0,0,59,fedavg,cross_site_blend_50,0.7174448693789363,0.6554682158493963,0.704259831803012,0.1095119041168389,0.5656470588235294,0.4957776166241075,0.7557647058823529,0.088,0.2762352941176471,0.4795294117647058,1.1257526356540812,0.711743247391103,-0.0057016219878333,0.6773504954280436,0.0218822795786473,0.7011934943970357,-0.0030663374059762,0.0560265488980757,-0.0534853552187631,0.5581176470588235,-0.0075294117647058,0.4942243648561051,-0.0015532517680024,0.7529411764705882,-0.0028235294117646,0.0828235294117647,-0.0051764705882352,0.2592941176470588,-0.0169411764705882,0.4936470588235294,0.0141176470588235,1.176819785477475,0.0510671498233936,4,worst_site_qwk_low;site_qwk_spread_high;mean_abs_error_high;severe_error_rate_high,True,cross_site_blend_50,0.711743247391103,0.7174448693789363,-0.0057016219878333,-0.0057016219878333,0.6773504954280436,0.6554682158493963,0.0218822795786473,0.0218822795786473,0.7011934943970357,0.704259831803012,-0.0030663374059762,-0.0030663374059762,0.5581176470588235,0.5656470588235294,-0.0075294117647058,-0.0075294117647058,0.4942243648561051,0.4957776166241075,-0.0015532517680024,-0.0015532517680024,minus_worst_site_qwk_low,global_qwk_low;site_qwk_spread_high;mean_abs_error_high;severe_error_rate_high,site_qwk_spread_high;mean_abs_error_high;severe_error_rate_high,3,True,cross_site_blend_50,0.711743247391103,-0.005701621987833305,0.4942243648561051,-0.0015532517680024172,0.6773504954280436,0.0218822795786473,0.7011934943970357,-0.0030663374059762827,0.5581176470588235,-0.007529411764705896
results\threshold_shift_panda_all_conservative_0_seed_7\predictions.csv,0,0,7,fedavg,cross_site_blend_50,0.727615545028268,0.6936547323644097,0.7316464239387271,0.0723245048912265,0.5731764705882353,0.5099629714567177,0.7167058823529412,0.08,0.2098823529411764,0.5068235294117647,1.14490470366313,0.724997097427688,-0.0026184476005799,0.6749135732640295,-0.0187411591003802,0.7293748112328828,-0.0022716127058443,0.0870357413029477,0.0147112364117212,0.5778823529411765,0.0047058823529412,0.5081509709702154,-0.0018120004865022,0.7143529411764706,-0.0023529411764705,0.0804705882352941,0.0004705882352941,0.2221176470588235,0.012235294117647,0.492235294117647,-0.0145882352941176,1.2034422782645309,0.0585375746014007,0,,False,fedavg,0.727615545028268,0.727615545028268,0.0,0.0,0.6936547323644097,0.6936547323644097,0.0,0.0,0.7316464239387271,0.7316464239387271,0.0,0.0,0.5731764705882353,0.5731764705882353,0.0,0.0,0.5099629714567177,0.5099629714567177,0.0,0.0,minus_worst_site_qwk_low,global_qwk_low;site_qwk_spread_high;mean_abs_error_high;severe_error_rate_high,,0,False,fedavg,0.727615545028268,0.0,0.5099629714567177,0.0,0.6936547323644097,0.0,0.7316464239387271,0.0,0.5731764705882353,0.0
results\threshold_shift_panda_all_conservative_25_seed_11\predictions.csv,25,25,11,fedavg,cross_site_blend_50,0.7194569545078301,0.6906077348066298,0.7192355912509705,0.0537460098905715,0.5350588235294118,0.458856059014584,0.7477647058823529,0.0767058823529411,0.1590588235294117,0.5887058823529412,1.2087582913896644,0.7427163561434391,0.023259401635609,0.7238899315974094,0.0332821967907795,0.751256052880748,0.0320204616297775,0.0561885653486413,0.0024425554580698,0.5628235294117647,0.0277647058823529,0.4976325823209561,0.0387765233063721,0.7035294117647058,-0.044235294117647,0.0705882352941176,-0.0061176470588235,0.2,0.0409411764705882,0.5035294117647059,-0.0851764705882353,1.2120677251554204,0.0033094337657559,0,,False,fedavg,0.7194569545078301,0.7427163561434391,0.0,-0.023259401635609,0.6906077348066298,0.7238899315974094,0.0,-0.0332821967907795,0.7192355912509705,0.751256052880748,0.0,-0.0320204616297775,0.5350588235294118,0.5628235294117647,0.0,-0.0277647058823529,0.458856059014584,0.4976325823209561,0.0,-0.0387765233063721,minus_worst_site_qwk_low,global_qwk_low;site_qwk_spread_high;mean_abs_error_high;severe_error_rate_high,,0,False,fedavg,0.7194569545078301,0.0,0.458856059014584,0.0,0.6906077348066298,0.0,0.7192355912509705,0.0,0.5350588235294118,0.0
results\threshold_shift_panda_all_conservative_25_seed_123\predictions.csv,25,25,123,fedavg,cross_site_blend_50,0.7197993382461756,0.6730431803556465,0.7193763619826619,0.0976659677693344,0.5430588235294118,0.4726416104983698,0.7529411764705882,0.0837647058823529,0.2230588235294117,0.5298823529411765,1.2462496593485874,0.728387511335503,0.0085881730893273,0.6833917586546725,0.010348578299026,0.7265113077730707,0.0071349457904088,0.0711401057773704,-0.026525861991964,0.5505882352941176,0.0075294117647057,0.4851086759506891,0.0124670654523193,0.7449411764705882,-0.008,0.0785882352941176,-0.0051764705882352,0.2832941176470588,0.060235294117647,0.4616470588235294,-0.068235294117647,1.2248803640207009,-0.0213692953278865,1,mean_abs_error_high,False,fedavg,0.7197993382461756,0.728387511335503,0.0,-0.0085881730893273,0.6730431803556465,0.6833917586546725,0.0,-0.010348578299026,0.7193763619826619,0.7265113077730707,0.0,-0.0071349457904088,0.5430588235294118,0.5505882352941176,0.0,-0.0075294117647057,0.4726416104983698,0.4851086759506891,0.0,-0.0124670654523193,minus_worst_site_qwk_low,global_qwk_low;site_qwk_spread_high;mean_abs_error_high;severe_error_rate_high,mean_abs_error_high,1,False,fedavg,0.7197993382461756,0.0,0.4726416104983698,0.0,0.6730431803556465,0.0,0.7193763619826619,0.0,0.5430588235294118,0.0
results\threshold_shift_panda_all_conservative_25_seed_17\predictions.csv,25,25,17,fedavg,cross_site_blend_50,0.720376940359154,0.6833147193865888,0.7101396284477165,0.0594054737038443,0.5421176470588235,0.4762267680030482,0.7557647058823529,0.076235294117647,0.184,0.571764705882353,1.219535307227559,0.7184425124369567,-0.0019344279221973,0.6654724810460666,-0.0178422383405222,0.7027912252273306,-0.0073484032203858,0.0881462062884793,0.028740732584635,0.552,0.0098823529411765,0.4875084642132297,0.0112816962101814,0.7421176470588235,-0.0136470588235293,0.076235294117647,0.0,0.1623529411764706,-0.0216470588235294,0.579764705882353,0.008,1.2207009327368497,0.0011656255092906,1,mean_abs_error_high,False,fedavg,0.720376940359154,0.7184425124369567,0.0,0.0019344279221973,0.6833147193865888,0.6654724810460666,0.0,0.0178422383405222,0.7101396284477165,0.7027912252273306,0.0,0.0073484032203858,0.5421176470588235,0.552,0.0,-0.0098823529411765,0.4762267680030482,0.4875084642132297,0.0,-0.0112816962101814,minus_worst_site_qwk_low,global_qwk_low;site_qwk_spread_high;mean_abs_error_high;severe_error_rate_high,mean_abs_error_high,1,False,fedavg,0.720376940359154,0.0,0.4762267680030482,0.0,0.6833147193865888,0.0,0.7101396284477165,0.0,0.5421176470588235,0.0
results\threshold_shift_panda_all_conservative_25_seed_2025\predictions.csv,25,25,2025,fedavg,cross_site_blend_50,0.6871073305749891,0.664908782987116,0.6881382228979203,0.0447730274603912,0.5444705882352942,0.4738095021790583,0.7792941176470588,0.0917647058823529,0.2141176470588235,0.5651764705882353,1.2280648427757028,0.6910428579313148,0.0039355273563257,0.6682086371284353,0.0032998541413192,0.692717945481648,0.0045797225837277,0.0508814355261539,0.0061084080657627,0.5388235294117647,-0.0056470588235294,0.4611272405879175,-0.0126822615911408,0.7967058823529412,0.0174117647058823,0.0941176470588235,0.0023529411764705,0.2527058823529411,0.0385882352941176,0.544,-0.0211764705882352,1.2162750218892362,-0.0117898208864666,4,global_qwk_low;worst_site_qwk_low;mean_abs_error_high;severe_error_rate_high,True,cross_site_blend_50,0.6910428579313148,0.6910428579313148,0.0039355273563257,0.0,0.6682086371284353,0.6682086371284353,0.0032998541413192,0.0,0.692717945481648,0.692717945481648,0.0045797225837277,0.0,0.5388235294117647,0.5388235294117647,-0.0056470588235294,0.0,0.4611272405879175,0.4611272405879175,-0.0126822615911408,0.0,minus_worst_site_qwk_low,global_qwk_low;site_qwk_spread_high;mean_abs_error_high;severe_error_rate_high,global_qwk_low;mean_abs_error_high;severe_error_rate_high,3,True,cross_site_blend_50,0.6910428579313148,0.003935527356325741,0.4611272405879175,-0.012682261591140831,0.6682086371284353,0.0032998541413192806,0.692717945481648,0.004579722583727741,0.5388235294117647,-0.0056470588235294494
results\threshold_shift_panda_all_conservative_25_seed_23\predictions.csv,25,25,23,fedavg,cross_site_blend_50,0.6943062002746598,0.6606247263358512,0.7103325858133951,0.1020203841921071,0.5392941176470588,0.4629566778752572,0.7952941176470588,0.0950588235294117,0.2084705882352941,0.5868235294117647,1.191487602080801,0.6864693221274281,-0.0078368781472317,0.6477595403818832,-0.012865185953968,0.7052749449504973,-0.0050576408628978,0.1191277281696128,0.0171073439775056,0.5430588235294118,0.003764705882353,0.4695553443961187,0.0065986665208614,0.7952941176470588,0.0,0.0988235294117647,0.0037647058823529,0.1948235294117647,-0.0136470588235294,0.6004705882352941,0.0136470588235293,1.1790915644818216,-0.0123960375989793,4,global_qwk_low;worst_site_qwk_low;mean_abs_error_high;severe_error_rate_high,True,cross_site_blend_50,0.6864693221274281,0.6864693221274281,-0.0078368781472317,0.0,0.6477595403818832,0.6477595403818832,-0.012865185953968,0.0,0.7052749449504973,0.7052749449504973,-0.0050576408628978,0.0,0.5430588235294118,0.5430588235294118,0.003764705882353,0.0,0.4695553443961187,0.4695553443961187,0.0065986665208614,0.0,minus_worst_site_qwk_low,global_qwk_low;site_qwk_spread_high;mean_abs_error_high;severe_error_rate_high,global_qwk_low;mean_abs_error_high;severe_error_rate_high,3,True,cross_site_blend_50,0.6864693221274281,-0.007836878147231774,0.4695553443961187,0.006598666520861496,0.6477595403818832,-0.012865185953968017,0.7052749449504973,-0.005057640862897839,0.5430588235294118,0.0037647058823530033
results\threshold_shift_panda_all_conservative_25_seed_29\predictions.csv,25,25,29,fedavg,cross_site_blend_50,0.7073232273750609,0.6437582402331552,0.6971869555111424,0.0831847329629511,0.5510588235294117,0.4734075467695982,0.7665882352941177,0.0865882352941176,0.1985882352941176,0.568,1.193454244239236,0.7091049216375278,0.0017816942624668,0.6325638310389456,-0.0111944091942095,0.6979408089196868,0.0007538534085443,0.0977998357381717,0.0146151027752206,0.5614117647058824,0.0103529411764706,0.4956568616188304,0.0222493148492322,0.7501176470588236,-0.0164705882352941,0.0856470588235294,-0.0009411764705882,0.2117647058823529,0.0131764705882352,0.5383529411764706,-0.0296470588235293,1.2005224523465192,0.0070682081072832,2,worst_site_qwk_low;mean_abs_error_high,False,fedavg,0.7073232273750609,0.7091049216375278,0.0,-0.0017816942624668,0.6437582402331552,0.6325638310389456,0.0,0.0111944091942095,0.6971869555111424,0.6979408089196868,0.0,-0.0007538534085443,0.5510588235294117,0.5614117647058824,0.0,-0.0103529411764706,0.4734075467695982,0.4956568616188304,0.0,-0.0222493148492322,minus_worst_site_qwk_low,global_qwk_low;site_qwk_spread_high;mean_abs_error_high;severe_error_rate_high,mean_abs_error_high,1,False,fedavg,0.7073232273750609,0.0,0.4734075467695982,0.0,0.6437582402331552,0.0,0.6971869555111424,0.0,0.5510588235294117,0.0
results\threshold_shift_panda_all_conservative_25_seed_31\predictions.csv,25,25,31,fedavg,cross_site_blend_50,0.7038167598165379,0.6746234886516298,0.7089499646706423,0.0630648837643983,0.5388235294117647,0.4800688775053049,0.7571764705882353,0.0809411764705882,0.2112941176470588,0.5458823529411765,1.2273967632534164,0.7112312495363955,0.0074144897198575,0.6842401014729452,0.0096166128213154,0.722553305531973,0.0136033408613306,0.0648583478599073,0.0017934640955089,0.5435294117647059,0.0047058823529412,0.4790853747748694,-0.0009835027304355,0.7675294117647059,0.0103529411764705,0.0847058823529411,0.0037647058823529,0.248,0.0367058823529411,0.5195294117647059,-0.0263529411764705,1.2059531548388054,-0.021443608414611,2,global_qwk_low;mean_abs_error_high,False,fedavg,0.7038167598165379,0.7112312495363955,0.0,-0.0074144897198575,0.6746234886516298,0.6842401014729452,0.0,-0.0096166128213154,0.7089499646706423,0.722553305531973,0.0,-0.0136033408613306,0.5388235294117647,0.5435294117647059,0.0,-0.0047058823529412,0.4800688775053049,0.4790853747748694,0.0,0.0009835027304355,minus_worst_site_qwk_low,global_qwk_low;site_qwk_spread_high;mean_abs_error_high;severe_error_rate_high,global_qwk_low;mean_abs_error_high,2,False,fedavg,0.7038167598165379,0.0,0.4800688775053049,0.0,0.6746234886516298,0.0,0.7089499646706423,0.0,0.5388235294117647,0.0
results\threshold_shift_panda_all_conservative_25_seed_37\predictions.csv,25,25,37,fedavg,cross_site_blend_50,0.6972148702441321,0.6877810564578191,0.7011151259007485,0.0268972756829471,0.5543529411764706,0.4918663622814496,0.7524705882352941,0.0856470588235294,0.1708235294117647,0.5816470588235294,1.1962116761237995,0.7205027718060073,0.0232879015618752,0.7040788598307737,0.0162978033729546,0.724575545451562,0.0234604195508134,0.036647267987292,0.0097499923043448,0.5571764705882353,0.0028235294117646,0.4861512125608092,-0.0057151497206404,0.7374117647058823,-0.0150588235294117,0.0832941176470588,-0.0023529411764705,0.2056470588235294,0.0348235294117647,0.5317647058823529,-0.0498823529411764,1.2660320426444314,0.0698203665206316,2,global_qwk_low;mean_abs_error_high,False,fedavg,0.6972148702441321,0.7205027718060073,0.0,-0.0232879015618752,0.6877810564578191,0.7040788598307737,0.0,-0.0162978033729546,0.7011151259007485,0.724575545451562,0.0,-0.0234604195508134,0.5543529411764706,0.5571764705882353,0.0,-0.0028235294117646,0.4918663622814496,0.4861512125608092,0.0,0.0057151497206404,minus_worst_site_qwk_low,global_qwk_low;site_qwk_spread_high;mean_abs_error_high;severe_error_rate_high,global_qwk_low;mean_abs_error_high,2,False,fedavg,0.6972148702441321,0.0,0.4918663622814496,0.0,0.6877810564578191,0.0,0.7011151259007485,0.0,0.5543529411764706,0.0
results\threshold_shift_panda_all_conservative_25_seed_41\predictions.csv,25,25,41,fedavg,cross_site_blend_50,0.7202580688884488,0.6743533473061274,0.7298307979702701,0.1317171220663648,0.5501176470588235,0.4824906967953413,0.7430588235294118,0.076235294117647,0.2094117647058823,0.5336470588235294,1.2182607172455775,0.7201768853345207,-8.118355392805476e-05,0.6762594388570907,0.0019060915509633,0.7291590557053944,-0.0006717422648756,0.133104813915374,0.0013876918490091,0.552,0.0018823529411765,0.4829258541347689,0.0004351573394276,0.739764705882353,-0.0032941176470587,0.0752941176470588,-0.0009411764705882,0.2018823529411764,-0.0075294117647058,0.5378823529411765,0.0042352941176471,1.2129724253257472,-0.0052882919198304,1,site_qwk_spread_high,False,fedavg,0.7202580688884488,0.7201768853345207,0.0,8.118355392805476e-05,0.6743533473061274,0.6762594388570907,0.0,-0.0019060915509633,0.7298307979702701,0.7291590557053944,0.0,0.0006717422648756,0.5501176470588235,0.552,0.0,-0.0018823529411765,0.4824906967953413,0.4829258541347689,0.0,-0.0004351573394276,minus_worst_site_qwk_low,global_qwk_low;site_qwk_spread_high;mean_abs_error_high;severe_error_rate_high,site_qwk_spread_high,1,False,fedavg,0.7202580688884488,0.0,0.4824906967953413,0.0,0.6743533473061274,0.0,0.7298307979702701,0.0,0.5501176470588235,0.0
results\threshold_shift_panda_all_conservative_25_seed_42\predictions.csv,25,25,42,fedavg,cross_site_blend_50,0.6900562645358724,0.6495610985501873,0.7071368235605715,0.1385424859867998,0.5501176470588235,0.4861718187932506,0.764235294117647,0.084235294117647,0.1858823529411764,0.5783529411764706,1.2376121071058417,0.68772360765853,-0.0023326568773424,0.6412751366879808,-0.0082859618622065,0.6920509148805926,-0.0150859086799789,0.1082639838881263,-0.0302785020986735,0.5548235294117647,0.0047058823529412,0.4959268967582335,0.0097550779649828,0.7694117647058824,0.0051764705882353,0.0865882352941176,0.0023529411764705,0.2018823529411764,0.0159999999999999,0.5675294117647058,-0.0108235294117647,1.1956573275220916,-0.04195477958375,4,global_qwk_low;worst_site_qwk_low;site_qwk_spread_high;mean_abs_error_high,True,cross_site_blend_50,0.68772360765853,0.68772360765853,-0.0023326568773424,0.0,0.6412751366879808,0.6412751366879808,-0.0082859618622065,0.0,0.6920509148805926,0.6920509148805926,-0.0150859086799789,0.0,0.5548235294117647,0.5548235294117647,0.0047058823529412,0.0,0.4959268967582335,0.4959268967582335,0.0097550779649828,0.0,minus_worst_site_qwk_low,global_qwk_low;site_qwk_spread_high;mean_abs_error_high;severe_error_rate_high,global_qwk_low;site_qwk_spread_high;mean_abs_error_high,3,True,cross_site_blend_50,0.68772360765853,-0.0023326568773424095,0.4959268967582335,0.009755077964982872,0.6412751366879808,-0.008285961862206537,0.6920509148805926,-0.015085908679978943,0.5548235294117647,0.004705882352941226
results\threshold_shift_panda_all_conservative_25_seed_43\predictions.csv,25,25,43,fedavg,cross_site_blend_50,0.7245069446598131,0.6952637768258507,0.7278015598431683,0.0595743442435383,0.5444705882352942,0.4752056614216659,0.7609411764705882,0.0823529411764705,0.2192941176470588,0.5416470588235294,1.175095418624223,0.7307639556201779,0.0062570109603647,0.7036243352895313,0.0083605584636805,0.7329086523850974,0.005107092541929,0.0482239859979651,-0.0113503582455731,0.5571764705882353,0.0127058823529411,0.4923517503378208,0.0171460889161548,0.7298823529411764,-0.0310588235294118,0.076235294117647,-0.0061176470588235,0.208,-0.0112941176470588,0.5218823529411765,-0.0197647058823529,1.2225802258384997,0.0474848072142763,1,mean_abs_error_high,False,fedavg,0.7245069446598131,0.7307639556201779,0.0,-0.0062570109603647,0.6952637768258507,0.7036243352895313,0.0,-0.0083605584636805,0.7278015598431683,0.7329086523850974,0.0,-0.005107092541929,0.5444705882352942,0.5571764705882353,0.0,-0.0127058823529411,0.4752056614216659,0.4923517503378208,0.0,-0.0171460889161548,minus_worst_site_qwk_low,global_qwk_low;site_qwk_spread_high;mean_abs_error_high;severe_error_rate_high,mean_abs_error_high,1,False,fedavg,0.7245069446598131,0.0,0.4752056614216659,0.0,0.6952637768258507,0.0,0.7278015598431683,0.0,0.5444705882352942,0.0
results\threshold_shift_panda_all_conservative_25_seed_47\predictions.csv,25,25,47,fedavg,cross_site_blend_50,0.6936284049330126,0.6691735749081276,0.7006720430459557,0.0671430749603549,0.5534117647058824,0.4851559264154019,0.7863529411764706,0.0978823529411764,0.2498823529411764,0.5364705882352941,1.203907042244046,0.7106572087915877,0.017028803858575,0.694133245603387,0.0249596706952593,0.7177787627595613,0.0171067197136056,0.0367471391254201,-0.0303959358349348,0.5661176470588235,0.0127058823529411,0.4995890266621112,0.0144331002467092,0.7491764705882353,-0.0371764705882352,0.0894117647058823,-0.0084705882352941,0.2254117647058823,-0.0244705882352941,0.5237647058823529,-0.0127058823529412,1.2128086729436829,0.0089016306996367,3,global_qwk_low;mean_abs_error_high;severe_error_rate_high,True,cross_site_blend_50,0.7106572087915877,0.7106572087915877,0.017028803858575,0.0,0.694133245603387,0.694133245603387,0.0249596706952593,0.0,0.7177787627595613,0.7177787627595613,0.0171067197136056,0.0,0.5661176470588235,0.5661176470588235,0.0127058823529411,0.0,0.4995890266621112,0.4995890266621112,0.0144331002467092,0.0,minus_worst_site_qwk_low,global_qwk_low;site_qwk_spread_high;mean_abs_error_high;severe_error_rate_high,global_qwk_low;mean_abs_error_high;severe_error_rate_high,3,True,cross_site_blend_50,0.7106572087915877,0.01702880385857508,0.4995890266621112,0.014433100246709296,0.694133245603387,0.024959670695259395,0.7177787627595613,0.017106719713605667,0.5661176470588235,0.012705882352941122
results\threshold_shift_panda_all_conservative_25_seed_53\predictions.csv,25,25,53,fedavg,cross_site_blend_50,0.7316496597962019,0.6920345176619945,0.7354807170169702,0.0837986543640098,0.5454117647058824,0.4823338060005934,0.7336470588235294,0.0767058823529411,0.1901176470588235,0.5435294117647059,1.2310987417430597,0.7229713415877923,-0.0086783182084095,0.6593399757389763,-0.0326945419230182,0.727922718917195,-0.0075579980997751,0.1214823750084715,0.0376837206444617,0.5397647058823529,-0.0056470588235294,0.4685537791958584,-0.013780026804735,0.764235294117647,0.0305882352941175,0.0856470588235294,0.0089411764705882,0.2235294117647059,0.0334117647058823,0.5407058823529411,-0.0028235294117647,1.2075136750952251,-0.0235850666478343,0,,False,fedavg,0.7316496597962019,0.7229713415877923,0.0,0.0086783182084095,0.6920345176619945,0.6593399757389763,0.0,0.0326945419230182,0.7354807170169702,0.727922718917195,0.0,0.0075579980997751,0.5454117647058824,0.5397647058823529,0.0,0.0056470588235294,0.4823338060005934,0.4685537791958584,0.0,0.013780026804735,minus_worst_site_qwk_low,global_qwk_low;site_qwk_spread_high;mean_abs_error_high;severe_error_rate_high,,0,False,fedavg,0.7316496597962019,0.0,0.4823338060005934,0.0,0.6920345176619945,0.0,0.7354807170169702,0.0,0.5454117647058824,0.0
results\threshold_shift_panda_all_conservative_25_seed_59\predictions.csv,25,25,59,fedavg,cross_site_blend_50,0.7130305484700741,0.6612079399132254,0.698713381988005,0.082129330752713,0.5477647058823529,0.4751522542118595,0.7656470588235295,0.0837647058823529,0.2268235294117647,0.5388235294117647,1.205636548813257,0.719643867277798,0.0066133188077239,0.6697262220078097,0.0085182820945843,0.7043899558928096,0.0056765739048045,0.0820154074742807,-0.0001139232784322,0.5515294117647059,0.003764705882353,0.4820257199853272,0.0068734657734677,0.7529411764705882,-0.0127058823529412,0.0804705882352941,-0.0032941176470588,0.2437647058823529,0.0169411764705882,0.5091764705882353,-0.0296470588235293,1.228863320739206,0.0232267719259491,2,worst_site_qwk_low;mean_abs_error_high,False,fedavg,0.7130305484700741,0.719643867277798,0.0,-0.0066133188077239,0.6612079399132254,0.6697262220078097,0.0,-0.0085182820945843,0.698713381988005,0.7043899558928096,0.0,-0.0056765739048045,0.5477647058823529,0.5515294117647059,0.0,-0.003764705882353,0.4751522542118595,0.4820257199853272,0.0,-0.0068734657734677,minus_worst_site_qwk_low,global_qwk_low;site_qwk_spread_high;mean_abs_error_high;severe_error_rate_high,mean_abs_error_high,1,False,fedavg,0.7130305484700741,0.0,0.4751522542118595,0.0,0.6612079399132254,0.0,0.698713381988005,0.0,0.5477647058823529,0.0
results\threshold_shift_panda_all_conservative_25_seed_7\predictions.csv,25,25,7,fedavg,cross_site_blend_50,0.6997779270476749,0.6417326646399318,0.7003320675905599,0.0868746166503496,0.5458823529411765,0.4716612753115737,0.772235294117647,0.0898823529411764,0.1604705882352941,0.611764705882353,1.206203934723883,0.7082913382042162,0.0085134111565412,0.6875498993370899,0.045817234697158,0.7133127869348994,0.0129807193443395,0.0590436693205357,-0.0278309473298139,0.563764705882353,0.0178823529411764,0.4971004508642561,0.0254391755526823,0.7407058823529412,-0.0315294117647058,0.0832941176470588,-0.0065882352941176,0.2061176470588235,0.0456470588235294,0.5345882352941177,-0.0771764705882352,1.2364279175971007,0.0302239828732173,4,global_qwk_low;worst_site_qwk_low;mean_abs_error_high;severe_error_rate_high,True,cross_site_blend_50,0.7082913382042162,0.7082913382042162,0.0085134111565412,0.0,0.6875498993370899,0.6875498993370899,0.045817234697158,0.0,0.7133127869348994,0.7133127869348994,0.0129807193443395,0.0,0.563764705882353,0.563764705882353,0.0178823529411764,0.0,0.4971004508642561,0.4971004508642561,0.0254391755526823,0.0,minus_worst_site_qwk_low,global_qwk_low;site_qwk_spread_high;mean_abs_error_high;severe_error_rate_high,global_qwk_low;mean_abs_error_high;severe_error_rate_high,3,True,cross_site_blend_50,0.7082913382042162,0.00851341115654125,0.4971004508642561,0.02543917555268238,0.6875498993370899,0.04581723469715804,0.7133127869348994,0.01298071934433953,0.563764705882353,0.01788235294117646
results\threshold_shift_panda_all_conservative_35_seed_11\predictions.csv,35,35,11,fedavg,cross_site_blend_50,0.7241025289932075,0.7041524030739115,0.7285246757959772,0.055110935899844,0.5336470588235294,0.4603222076775293,0.7444705882352941,0.0738823529411764,0.1425882352941176,0.6018823529411764,1.2194319461014094,0.7286098049351841,0.0045072759419766,0.7048289401573158,0.0006765370834043,0.7390256683110602,0.0105009925150829,0.0540562108771789,-0.0010547250226651,0.5458823529411765,0.0122352941176471,0.4730708481708514,0.012748640493322,0.7341176470588235,-0.0103529411764705,0.0743529411764706,0.0004705882352941,0.1854117647058823,0.0428235294117647,0.5487058823529412,-0.0531764705882352,1.2251364001053593,0.0057044540039499,0,,False,fedavg,0.7241025289932075,0.7286098049351841,0.0,-0.0045072759419766,0.7041524030739115,0.7048289401573158,0.0,-0.0006765370834043,0.7285246757959772,0.7390256683110602,0.0,-0.0105009925150829,0.5336470588235294,0.5458823529411765,0.0,-0.0122352941176471,0.4603222076775293,0.4730708481708514,0.0,-0.012748640493322,minus_worst_site_qwk_low,global_qwk_low;site_qwk_spread_high;mean_abs_error_high;severe_error_rate_high,,0,False,fedavg,0.7241025289932075,0.0,0.4603222076775293,0.0,0.7041524030739115,0.0,0.7285246757959772,0.0,0.5336470588235294,0.0
results\threshold_shift_panda_all_conservative_35_seed_123\predictions.csv,35,35,123,fedavg,cross_site_blend_50,0.7008120381304861,0.6415110661876857,0.697531397710042,0.0982795917259411,0.532235294117647,0.4574705593495003,0.7849411764705883,0.0875294117647058,0.2009411764705882,0.584,1.2611656449015984,0.7269069025420316,0.0260948644115455,0.6794004503871789,0.0378893841994931,0.7237739253622082,0.0262425276521661,0.0901034617497356,-0.0081761299762055,0.5444705882352942,0.0122352941176471,0.4786428584290986,0.0211722990795983,0.7501176470588236,-0.0348235294117647,0.0776470588235294,-0.0098823529411764,0.2592941176470588,0.0583529411764706,0.4908235294117647,-0.0931764705882352,1.2286715096175744,-0.032494135284024,4,global_qwk_low;worst_site_qwk_low;mean_abs_error_high;severe_error_rate_high,True,cross_site_blend_50,0.7269069025420316,0.7269069025420316,0.0260948644115455,0.0,0.6794004503871789,0.6794004503871789,0.0378893841994931,0.0,0.7237739253622082,0.7237739253622082,0.0262425276521661,0.0,0.5444705882352942,0.5444705882352942,0.0122352941176471,0.0,0.4786428584290986,0.4786428584290986,0.0211722990795983,0.0,minus_worst_site_qwk_low,global_qwk_low;site_qwk_spread_high;mean_abs_error_high;severe_error_rate_high,global_qwk_low;mean_abs_error_high;severe_error_rate_high,3,True,cross_site_blend_50,0.7269069025420316,0.026094864411545515,0.4786428584290986,0.021172299079598278,0.6794004503871789,0.03788938419949317,0.7237739253622082,0.02624252765216617,0.5444705882352942,0.012235294117647122
results\threshold_shift_panda_all_conservative_35_seed_17\predictions.csv,35,35,17,fedavg,cross_site_blend_50,0.7156175045507729,0.662600406948435,0.6983166532576419,0.0911840083457815,0.5256470588235295,0.4553905734474262,0.7731764705882352,0.0767058823529411,0.1797647058823529,0.5934117647058823,1.238334154748132,0.7108784951497062,-0.0047390094010666,0.6478945756677357,-0.0147058312806993,0.6950529756936927,-0.0032636775639491,0.0984968352422668,0.0073128268964852,0.5407058823529411,0.0150588235294116,0.4738092183773791,0.0184186449299529,0.7576470588235295,-0.0155294117647057,0.0767058823529411,0.0,0.1614117647058823,-0.0183529411764705,0.5962352941176471,0.0028235294117647,1.2314981011120003,-0.0068360536361318,2,worst_site_qwk_low;mean_abs_error_high,False,fedavg,0.7156175045507729,0.7108784951497062,0.0,0.0047390094010666,0.662600406948435,0.6478945756677357,0.0,0.0147058312806993,0.6983166532576419,0.6950529756936927,0.0,0.0032636775639491,0.5256470588235295,0.5407058823529411,0.0,-0.0150588235294116,0.4553905734474262,0.4738092183773791,0.0,-0.0184186449299529,minus_worst_site_qwk_low,global_qwk_low;site_qwk_spread_high;mean_abs_error_high;severe_error_rate_high,mean_abs_error_high,1,False,fedavg,0.7156175045507729,0.0,0.4553905734474262,0.0,0.662600406948435,0.0,0.6983166532576419,0.0,0.5256470588235295,0.0
results\threshold_shift_panda_all_conservative_35_seed_2025\predictions.csv,35,35,2025,fedavg,cross_site_blend_50,0.6807281930157466,0.6555318322663316,0.6810694037359211,0.043317625483436,0.5289411764705882,0.4536186046377839,0.8103529411764706,0.0978823529411764,0.216,0.5943529411764706,1.221732048158023,0.6843497880677879,0.0036215950520412,0.6713782370321215,0.0158464047657899,0.6886384962515921,0.007569092515671,0.0564340284703003,0.0131164029868642,0.5392941176470588,0.0103529411764705,0.4562819945143608,0.0026633898765768,0.7995294117647059,-0.0108235294117646,0.096,-0.0018823529411764,0.2367058823529411,0.0207058823529411,0.5628235294117647,-0.0315294117647059,1.2331664369495556,0.0114343887915326,4,global_qwk_low;worst_site_qwk_low;mean_abs_error_high;severe_error_rate_high,True,cross_site_blend_50,0.6843497880677879,0.6843497880677879,0.0036215950520412,0.0,0.6713782370321215,0.6713782370321215,0.0158464047657899,0.0,0.6886384962515921,0.6886384962515921,0.007569092515671,0.0,0.5392941176470588,0.5392941176470588,0.0103529411764705,0.0,0.4562819945143608,0.4562819945143608,0.0026633898765768,0.0,minus_worst_site_qwk_low,global_qwk_low;site_qwk_spread_high;mean_abs_error_high;severe_error_rate_high,global_qwk_low;mean_abs_error_high;severe_error_rate_high,3,True,cross_site_blend_50,0.6843497880677879,0.003621595052041293,0.4562819945143608,0.0026633898765768826,0.6713782370321215,0.015846404765789912,0.6886384962515921,0.007569092515671061,0.5392941176470588,0.010352941176470565
results\threshold_shift_panda_all_conservative_35_seed_23\predictions.csv,35,35,23,fedavg,cross_site_blend_50,0.6817054931979193,0.6489528417707806,0.6975572303865987,0.119148092428158,0.5284705882352941,0.450867585684515,0.808,0.0931764705882352,0.1769411764705882,0.6310588235294118,1.1892046987633955,0.6817857870178419,8.029381992258333e-05,0.6388311572868921,-0.0101216844838885,0.7033775320945139,0.0058203017079152,0.1359653259433261,0.016817233515168,0.5369411764705883,0.0084705882352941,0.4639569043661534,0.0130893186816383,0.8032941176470588,-0.0047058823529412,0.0988235294117647,0.0056470588235294,0.1830588235294117,0.0061176470588235,0.6202352941176471,-0.0108235294117646,1.1863130684906258,-0.0028916302727697,5,global_qwk_low;worst_site_qwk_low;site_qwk_spread_high;mean_abs_error_high;severe_error_rate_high,True,cross_site_blend_50,0.6817857870178419,0.6817857870178419,8.029381992258333e-05,0.0,0.6388311572868921,0.6388311572868921,-0.0101216844838885,0.0,0.7033775320945139,0.7033775320945139,0.0058203017079152,0.0,0.5369411764705883,0.5369411764705883,0.0084705882352941,0.0,0.4639569043661534,0.4639569043661534,0.0130893186816383,0.0,minus_worst_site_qwk_low,global_qwk_low;site_qwk_spread_high;mean_abs_error_high;severe_error_rate_high,global_qwk_low;site_qwk_spread_high;mean_abs_error_high;severe_error_rate_high,4,True,cross_site_blend_50,0.6817857870178419,8.029381992258333e-05,0.4639569043661534,0.013089318681638373,0.6388311572868921,-0.010121684483888505,0.7033775320945139,0.005820301707915254,0.5369411764705883,0.008470588235294119
results\threshold_shift_panda_all_conservative_35_seed_29\predictions.csv,35,35,29,fedavg,cross_site_blend_50,0.7097904464951998,0.6662235221129132,0.7027673894900931,0.0632234981290861,0.540235294117647,0.4686042926591569,0.7694117647058824,0.0847058823529411,0.1727058823529411,0.5967058823529412,1.1890188545410898,0.7115535846956935,0.0017631382004936,0.6521589565004311,-0.0140645656124821,0.7032466256615588,0.0004792361714657,0.087725917623988,0.0245024194949019,0.552,0.011764705882353,0.4828868782856773,0.0142825856265204,0.7524705882352941,-0.0169411764705882,0.0832941176470588,-0.0014117647058823,0.1934117647058823,0.0207058823529411,0.5590588235294117,-0.0376470588235294,1.2192419668339496,0.0302231122928597,2,worst_site_qwk_low;mean_abs_error_high,False,fedavg,0.7097904464951998,0.7115535846956935,0.0,-0.0017631382004936,0.6662235221129132,0.6521589565004311,0.0,0.0140645656124821,0.7027673894900931,0.7032466256615588,0.0,-0.0004792361714657,0.540235294117647,0.552,0.0,-0.011764705882353,0.4686042926591569,0.4828868782856773,0.0,-0.0142825856265204,minus_worst_site_qwk_low,global_qwk_low;site_qwk_spread_high;mean_abs_error_high;severe_error_rate_high,mean_abs_error_high,1,False,fedavg,0.7097904464951998,0.0,0.4686042926591569,0.0,0.6662235221129132,0.0,0.7027673894900931,0.0,0.540235294117647,0.0
results\threshold_shift_panda_all_conservative_35_seed_31\predictions.csv,35,35,31,fedavg,cross_site_blend_50,0.7007418973821561,0.6567343710782665,0.7054236189010938,0.0785465680739873,0.5303529411764706,0.4586274484143005,0.7637647058823529,0.0804705882352941,0.1778823529411764,0.5858823529411765,1.232779963720776,0.6984447992506222,-0.0022970981315338,0.6721370521131433,0.0154026810348768,0.7097259210937535,0.0043023021926597,0.0575256745329062,-0.021020893541081,0.5312941176470588,0.0009411764705882,0.4613398371291848,0.0027123887148843,0.7905882352941176,0.0268235294117646,0.0884705882352941,0.008,0.236235294117647,0.0583529411764706,0.5543529411764706,-0.0315294117647059,1.2149405922160483,-0.0178393715047278,3,global_qwk_low;worst_site_qwk_low;mean_abs_error_high,True,cross_site_blend_50,0.6984447992506222,0.6984447992506222,-0.0022970981315338,0.0,0.6721370521131433,0.6721370521131433,0.0154026810348768,0.0,0.7097259210937535,0.7097259210937535,0.0043023021926597,0.0,0.5312941176470588,0.5312941176470588,0.0009411764705882,0.0,0.4613398371291848,0.4613398371291848,0.0027123887148843,0.0,minus_worst_site_qwk_low,global_qwk_low;site_qwk_spread_high;mean_abs_error_high;severe_error_rate_high,global_qwk_low;mean_abs_error_high,2,False,fedavg,0.7007418973821561,0.0,0.4586274484143005,0.0,0.6567343710782665,0.0,0.7054236189010938,0.0,0.5303529411764706,0.0
results\threshold_shift_panda_all_conservative_35_seed_37\predictions.csv,35,35,37,fedavg,cross_site_blend_50,0.6881570111379685,0.6753917200032407,0.6931063763738259,0.0480626294431818,0.5374117647058824,0.4783017867321298,0.780235294117647,0.0894117647058823,0.168,0.6122352941176471,1.1881799999568676,0.7088559872909906,0.0206989761530221,0.7005886411526676,0.0251969211494269,0.7091999311672879,0.0160935547934619,0.0179046574244339,-0.0301579720187479,0.5501176470588235,0.0127058823529411,0.4807607288988407,0.0024589421667108,0.7614117647058823,-0.0188235294117646,0.0875294117647058,-0.0018823529411764,0.1981176470588235,0.0301176470588235,0.5632941176470588,-0.0489411764705882,1.2618641650555706,0.073684165098703,3,global_qwk_low;mean_abs_error_high;severe_error_rate_high,True,cross_site_blend_50,0.7088559872909906,0.7088559872909906,0.0206989761530221,0.0,0.7005886411526676,0.7005886411526676,0.0251969211494269,0.0,0.7091999311672879,0.7091999311672879,0.0160935547934619,0.0,0.5501176470588235,0.5501176470588235,0.0127058823529411,0.0,0.4807607288988407,0.4807607288988407,0.0024589421667108,0.0,minus_worst_site_qwk_low,global_qwk_low;site_qwk_spread_high;mean_abs_error_high;severe_error_rate_high,global_qwk_low;mean_abs_error_high;severe_error_rate_high,3,True,cross_site_blend_50,0.7088559872909906,0.020698976153022186,0.4807607288988407,0.002458942166710887,0.7005886411526676,0.025196921149426954,0.7091999311672879,0.016093554793461973,0.5501176470588235,0.012705882352941122
results\threshold_shift_panda_all_conservative_35_seed_41\predictions.csv,35,35,41,fedavg,cross_site_blend_50,0.7113097901595187,0.6734327929995696,0.7237520313373309,0.121717904643702,0.5463529411764706,0.4799819319597888,0.7548235294117647,0.0776470588235294,0.1811764705882353,0.5736470588235294,1.2056767326949895,0.719471196172685,0.0081614060131662,0.6730135092011488,-0.0004192837984208,0.7303581616493352,0.0066061303120042,0.1303923017539611,0.008674397110259,0.5416470588235294,-0.0047058823529412,0.4637752881006425,-0.0162066438591463,0.7534117647058823,-0.0014117647058823,0.0776470588235294,0.0,0.1952941176470588,0.0141176470588235,0.5581176470588235,-0.0155294117647059,1.2143684094040363,0.0086916767090468,2,site_qwk_spread_high;mean_abs_error_high,False,fedavg,0.7113097901595187,0.719471196172685,0.0,-0.0081614060131662,0.6734327929995696,0.6730135092011488,0.0,0.0004192837984208,0.7237520313373309,0.7303581616493352,0.0,-0.0066061303120042,0.5463529411764706,0.5416470588235294,0.0,0.0047058823529412,0.4799819319597888,0.4637752881006425,0.0,0.0162066438591463,minus_worst_site_qwk_low,global_qwk_low;site_qwk_spread_high;mean_abs_error_high;severe_error_rate_high,site_qwk_spread_high;mean_abs_error_high,2,False,fedavg,0.7113097901595187,0.0,0.4799819319597888,0.0,0.6734327929995696,0.0,0.7237520313373309,0.0,0.5463529411764706,0.0
results\threshold_shift_panda_all_conservative_35_seed_42\predictions.csv,35,35,42,fedavg,cross_site_blend_50,0.6756849335913802,0.6353615299085036,0.6925201467229715,0.1310682876157862,0.536,0.4644619166746092,0.792,0.0894117647058823,0.1543529411764705,0.6376470588235295,1.224289945414343,0.6894884384239218,0.0138035048325416,0.6669725170550318,0.0316109871465282,0.6993536527466236,0.0068335060236521,0.0618142421004909,-0.0692540455152953,0.5510588235294117,0.0150588235294116,0.4887452064509185,0.0242832897763093,0.768,-0.024,0.0894117647058823,0.0,0.1741176470588235,0.0197647058823529,0.5938823529411764,-0.043764705882353,1.210178393635258,-0.014111551779085,5,global_qwk_low;worst_site_qwk_low;site_qwk_spread_high;mean_abs_error_high;severe_error_rate_high,True,cross_site_blend_50,0.6894884384239218,0.6894884384239218,0.0138035048325416,0.0,0.6669725170550318,0.6669725170550318,0.0316109871465282,0.0,0.6993536527466236,0.6993536527466236,0.0068335060236521,0.0,0.5510588235294117,0.5510588235294117,0.0150588235294116,0.0,0.4887452064509185,0.4887452064509185,0.0242832897763093,0.0,minus_worst_site_qwk_low,global_qwk_low;site_qwk_spread_high;mean_abs_error_high;severe_error_rate_high,global_qwk_low;site_qwk_spread_high;mean_abs_error_high;severe_error_rate_high,4,True,cross_site_blend_50,0.6894884384239218,0.013803504832541669,0.4887452064509185,0.024283289776309336,0.6669725170550318,0.03161098714652821,0.6993536527466236,0.0068335060236521805,0.5510588235294117,0.01505882352941168
results\threshold_shift_panda_all_conservative_35_seed_43\predictions.csv,35,35,43,fedavg,cross_site_blend_50,0.7243710362103042,0.6957735339954874,0.7233928968414869,0.0581241993214474,0.5411764705882353,0.4743099103943904,0.7548235294117647,0.0776470588235294,0.1849411764705882,0.5698823529411765,1.19096471275959,0.727587704567845,0.0032166683575408,0.7141744782952756,0.0184009442997882,0.7280030301481822,0.0046101333066953,0.024354381203459,-0.0337698181179884,0.5576470588235294,0.0164705882352941,0.4963415130623081,0.0220316026679177,0.728,-0.0268235294117646,0.0757647058823529,-0.0018823529411764,0.1863529411764705,0.0014117647058823,0.5416470588235294,-0.0282352941176471,1.253319658952319,0.062354946192729,1,mean_abs_error_high,False,fedavg,0.7243710362103042,0.727587704567845,0.0,-0.0032166683575408,0.6957735339954874,0.7141744782952756,0.0,-0.0184009442997882,0.7233928968414869,0.7280030301481822,0.0,-0.0046101333066953,0.5411764705882353,0.5576470588235294,0.0,-0.0164705882352941,0.4743099103943904,0.4963415130623081,0.0,-0.0220316026679177,minus_worst_site_qwk_low,global_qwk_low;site_qwk_spread_high;mean_abs_error_high;severe_error_rate_high,mean_abs_error_high,1,False,fedavg,0.7243710362103042,0.0,0.4743099103943904,0.0,0.6957735339954874,0.0,0.7233928968414869,0.0,0.5411764705882353,0.0
results\threshold_shift_panda_all_conservative_35_seed_47\predictions.csv,35,35,47,fedavg,cross_site_blend_50,0.6921737812192412,0.6538064261416063,0.7020314672875764,0.0848993069725201,0.5298823529411765,0.4594810361790215,0.8004705882352942,0.0941176470588235,0.2254117647058823,0.5750588235294117,1.2166343312159058,0.6985148818152267,0.0063411005959854,0.6806512543888461,0.0268448282472397,0.7065425962205635,0.0045111289329871,0.0411207590642284,-0.0437785479082917,0.5538823529411765,0.024,0.4823224745876996,0.0228414384086781,0.772235294117647,-0.0282352941176471,0.0889411764705882,-0.0051764705882352,0.2188235294117647,-0.0065882352941176,0.5534117647058824,-0.0216470588235293,1.2207361889290396,0.0041018577131337,4,global_qwk_low;worst_site_qwk_low;mean_abs_error_high;severe_error_rate_high,True,cross_site_blend_50,0.6985148818152267,0.6985148818152267,0.0063411005959854,0.0,0.6806512543888461,0.6806512543888461,0.0268448282472397,0.0,0.7065425962205635,0.7065425962205635,0.0045111289329871,0.0,0.5538823529411765,0.5538823529411765,0.024,0.0,0.4823224745876996,0.4823224745876996,0.0228414384086781,0.0,minus_worst_site_qwk_low,global_qwk_low;site_qwk_spread_high;mean_abs_error_high;severe_error_rate_high,global_qwk_low;mean_abs_error_high;severe_error_rate_high,3,True,cross_site_blend_50,0.6985148818152267,0.006341100595985472,0.4823224745876996,0.02284143840867814,0.6806512543888461,0.02684482824723977,0.7065425962205635,0.004511128932987107,0.5538823529411765,0.02400000000000002
results\threshold_shift_panda_all_conservative_35_seed_53\predictions.csv,35,35,53,fedavg,cross_site_blend_50,0.7220044444993801,0.6893711996389367,0.7283130832458101,0.0732320067083412,0.5416470588235294,0.475308711273759,0.7501176470588236,0.0814117647058823,0.1745882352941176,0.5755294117647058,1.2470530666116162,0.717561349932142,-0.004443094567238,0.6569645223976546,-0.0324066772412821,0.722569893267072,-0.0057431899787381,0.1146446391528314,0.0414126324444901,0.5284705882352941,-0.0131764705882352,0.450925928543104,-0.024382782730655,0.7821176470588236,0.032,0.0865882352941176,0.0051764705882352,0.2136470588235294,0.0390588235294117,0.5684705882352942,-0.0070588235294116,1.213103565384407,-0.0339495012272093,1,mean_abs_error_high,False,fedavg,0.7220044444993801,0.717561349932142,0.0,0.004443094567238,0.6893711996389367,0.6569645223976546,0.0,0.0324066772412821,0.7283130832458101,0.722569893267072,0.0,0.0057431899787381,0.5416470588235294,0.5284705882352941,0.0,0.0131764705882352,0.475308711273759,0.450925928543104,0.0,0.024382782730655,minus_worst_site_qwk_low,global_qwk_low;site_qwk_spread_high;mean_abs_error_high;severe_error_rate_high,mean_abs_error_high,1,False,fedavg,0.7220044444993801,0.0,0.475308711273759,0.0,0.6893711996389367,0.0,0.7283130832458101,0.0,0.5416470588235294,0.0
results\threshold_shift_panda_all_conservative_35_seed_59\predictions.csv,35,35,59,fedavg,cross_site_blend_50,0.7100777412130561,0.6429990356369907,0.6901337869423715,0.105887289059677,0.5435294117647059,0.471341301659099,0.7717647058823529,0.0851764705882353,0.1952941176470588,0.5764705882352941,1.2240254947685616,0.7116016939956201,0.001523952782564,0.6370567174716034,-0.0059423181653872,0.6934241099992058,0.0032903230568342,0.1132789288326377,0.0073916397729607,0.5534117647058824,0.0098823529411764,0.4825955569744076,0.0112542553153086,0.7604705882352941,-0.0112941176470587,0.0818823529411764,-0.0032941176470588,0.2141176470588235,0.0188235294117647,0.5463529411764706,-0.0301176470588234,1.238746797482302,0.0147213027137405,3,worst_site_qwk_low;site_qwk_spread_high;mean_abs_error_high,True,cross_site_blend_50,0.7116016939956201,0.7116016939956201,0.001523952782564,0.0,0.6370567174716034,0.6370567174716034,-0.0059423181653872,0.0,0.6934241099992058,0.6934241099992058,0.0032903230568342,0.0,0.5534117647058824,0.5534117647058824,0.0098823529411764,0.0,0.4825955569744076,0.4825955569744076,0.0112542553153086,0.0,minus_worst_site_qwk_low,global_qwk_low;site_qwk_spread_high;mean_abs_error_high;severe_error_rate_high,site_qwk_spread_high;mean_abs_error_high,2,False,fedavg,0.7100777412130561,0.0,0.471341301659099,0.0,0.6429990356369907,0.0,0.6901337869423715,0.0,0.5435294117647059,0.0
results\threshold_shift_panda_all_conservative_35_seed_7\predictions.csv,35,35,7,fedavg,cross_site_blend_50,0.6942774894031114,0.6443874347078955,0.6975829421396949,0.0858773052027235,0.5374117647058824,0.4603144780205284,0.7849411764705883,0.0903529411764706,0.1552941176470588,0.6296470588235294,1.2142426451106132,0.7056756010856606,0.0113981116825492,0.6562957385838117,0.0119083038759162,0.7117153467248711,0.0141324045851762,0.1079768212688585,0.022099516066135,0.5529411764705883,0.0155294117647059,0.4856018793440087,0.0252874013234802,0.7529411764705882,-0.032,0.0870588235294117,-0.0032941176470588,0.1868235294117647,0.0315294117647058,0.5661176470588235,-0.0635294117647059,1.2264807032274183,0.0122380581168053,4,global_qwk_low;worst_site_qwk_low;mean_abs_error_high;severe_error_rate_high,True,cross_site_blend_50,0.7056756010856606,0.7056756010856606,0.0113981116825492,0.0,0.6562957385838117,0.6562957385838117,0.0119083038759162,0.0,0.7117153467248711,0.7117153467248711,0.0141324045851762,0.0,0.5529411764705883,0.5529411764705883,0.0155294117647059,0.0,0.4856018793440087,0.4856018793440087,0.0252874013234802,0.0,minus_worst_site_qwk_low,global_qwk_low;site_qwk_spread_high;mean_abs_error_high;severe_error_rate_high,global_qwk_low;mean_abs_error_high;severe_error_rate_high,3,True,cross_site_blend_50,0.7056756010856606,0.011398111682549228,0.4856018793440087,0.02528740132348034,0.6562957385838117,0.011908303875916237,0.7117153467248711,0.014132404585176284,0.5529411764705883,0.015529411764705903
results\threshold_shift_panda_all_conservative_45_seed_11\predictions.csv,45,45,11,fedavg,cross_site_blend_50,0.7186645880399637,0.6983115957788266,0.7269082996176406,0.0565871762874488,0.5256470588235295,0.4458322751590808,0.7581176470588236,0.0705882352941176,0.1327058823529411,0.6254117647058823,1.2047639969635384,0.7279402531602377,0.009275665120274,0.6982601754864977,-5.142029232896306e-05,0.7413890565436128,0.0144807569259721,0.0733651753637983,0.0167779990763495,0.5491764705882353,0.0235294117647058,0.4756956220330177,0.0298633468739368,0.7265882352941176,-0.0315294117647059,0.0752941176470588,0.0047058823529411,0.1656470588235294,0.0329411764705882,0.5609411764705883,-0.064470588235294,1.228324298388084,0.0235603014245455,1,mean_abs_error_high,False,fedavg,0.7186645880399637,0.7279402531602377,0.0,-0.009275665120274,0.6983115957788266,0.6982601754864977,0.0,5.142029232896306e-05,0.7269082996176406,0.7413890565436128,0.0,-0.0144807569259721,0.5256470588235295,0.5491764705882353,0.0,-0.0235294117647058,0.4458322751590808,0.4756956220330177,0.0,-0.0298633468739368,minus_worst_site_qwk_low,global_qwk_low;site_qwk_spread_high;mean_abs_error_high;severe_error_rate_high,mean_abs_error_high,1,False,fedavg,0.7186645880399637,0.0,0.4458322751590808,0.0,0.6983115957788266,0.0,0.7269082996176406,0.0,0.5256470588235295,0.0
results\threshold_shift_panda_all_conservative_45_seed_123\predictions.csv,45,45,123,fedavg,cross_site_blend_50,0.6842525827854697,0.6443909272024675,0.6827482723486302,0.0739910587963851,0.512,0.4354754690015998,0.8084705882352942,0.0912941176470588,0.1647058823529411,0.6437647058823529,1.25651402768541,0.7276041522412715,0.0433515694558017,0.6793432674370103,0.0349523402345428,0.7197759974251865,0.0370277250765562,0.0794422259562985,0.0054511671599134,0.5421176470588235,0.0301176470588234,0.4722981845450189,0.036822715543419,0.7463529411764706,-0.0621176470588236,0.0767058823529411,-0.0145882352941176,0.2381176470588235,0.0734117647058823,0.508235294117647,-0.1355294117647059,1.2447748699019268,-0.0117391577834833,4,global_qwk_low;worst_site_qwk_low;mean_abs_error_high;severe_error_rate_high,True,cross_site_blend_50,0.7276041522412715,0.7276041522412715,0.0433515694558017,0.0,0.6793432674370103,0.6793432674370103,0.0349523402345428,0.0,0.7197759974251865,0.7197759974251865,0.0370277250765562,0.0,0.5421176470588235,0.5421176470588235,0.0301176470588234,0.0,0.4722981845450189,0.4722981845450189,0.036822715543419,0.0,minus_worst_site_qwk_low,global_qwk_low;site_qwk_spread_high;mean_abs_error_high;severe_error_rate_high,global_qwk_low;mean_abs_error_high;severe_error_rate_high,3,True,cross_site_blend_50,0.7276041522412715,0.043351569455801764,0.4722981845450189,0.03682271554341909,0.6793432674370103,0.034952340234542856,0.7197759974251865,0.03702772507655627,0.5421176470588235,0.03011764705882347
results\threshold_shift_panda_all_conservative_45_seed_17\predictions.csv,45,45,17,fedavg,cross_site_blend_50,0.7047611051305348,0.645220573180699,0.6905945451901226,0.0909757587087569,0.5129411764705882,0.4388248410063545,0.7943529411764706,0.0781176470588235,0.1477647058823529,0.6465882352941177,1.2398184894957895,0.7077247854813571,0.0029636803508222,0.6417517990615361,-0.0034687741191629,0.6917447783051633,0.0011502331150406,0.1018123133312761,0.0108365546225192,0.5289411764705882,0.016,0.4601461090491274,0.0213212680427729,0.7684705882352941,-0.0258823529411764,0.0785882352941176,0.0004705882352941,0.1609411764705882,0.0131764705882352,0.6075294117647059,-0.0390588235294118,1.2388539655751256,-0.0009645239206639,2,worst_site_qwk_low;mean_abs_error_high,False,fedavg,0.7047611051305348,0.7077247854813571,0.0,-0.0029636803508222,0.645220573180699,0.6417517990615361,0.0,0.0034687741191629,0.6905945451901226,0.6917447783051633,0.0,-0.0011502331150406,0.5129411764705882,0.5289411764705882,0.0,-0.016,0.4388248410063545,0.4601461090491274,0.0,-0.0213212680427729,minus_worst_site_qwk_low,global_qwk_low;site_qwk_spread_high;mean_abs_error_high;severe_error_rate_high,mean_abs_error_high,1,False,fedavg,0.7047611051305348,0.0,0.4388248410063545,0.0,0.645220573180699,0.0,0.6905945451901226,0.0,0.5129411764705882,0.0
results\threshold_shift_panda_all_conservative_45_seed_2025\predictions.csv,45,45,2025,fedavg,cross_site_blend_50,0.6513178987545161,0.6357395844743857,0.6550728682482759,0.0617910715279269,0.512,0.4213510266509179,0.8465882352941176,0.1021176470588235,0.1689411764705882,0.6776470588235294,1.2398197962944426,0.6916847406111084,0.0403668418565923,0.6475384686313133,0.0117988841569275,0.6929907323339558,0.0379178640856798,0.0791388873452907,0.0173478158173637,0.5251764705882352,0.0131764705882352,0.4405144881551974,0.0191634615042795,0.7995294117647059,-0.0470588235294117,0.0908235294117647,-0.0112941176470588,0.2188235294117647,0.0498823529411764,0.5807058823529412,-0.0969411764705882,1.2347401108882392,-0.0050796854062034,4,global_qwk_low;worst_site_qwk_low;mean_abs_error_high;severe_error_rate_high,True,cross_site_blend_50,0.6916847406111084,0.6916847406111084,0.0403668418565923,0.0,0.6475384686313133,0.6475384686313133,0.0117988841569275,0.0,0.6929907323339558,0.6929907323339558,0.0379178640856798,0.0,0.5251764705882352,0.5251764705882352,0.0131764705882352,0.0,0.4405144881551974,0.4405144881551974,0.0191634615042795,0.0,minus_worst_site_qwk_low,global_qwk_low;site_qwk_spread_high;mean_abs_error_high;severe_error_rate_high,global_qwk_low;mean_abs_error_high;severe_error_rate_high,3,True,cross_site_blend_50,0.6916847406111084,0.04036684185659234,0.4405144881551974,0.0191634615042795,0.6475384686313133,0.011798884156927536,0.6929907323339558,0.037917864085679875,0.5251764705882352,0.013176470588235234
results\threshold_shift_panda_all_conservative_45_seed_23\predictions.csv,45,45,23,fedavg,cross_site_blend_50,0.6689702161873159,0.6278285098051922,0.6892648974635475,0.1249900734371944,0.5256470588235295,0.4501728064200315,0.8169411764705883,0.0974117647058823,0.1487058823529412,0.668235294117647,1.223265605185007,0.6811832732447068,0.0122130570573909,0.6330609816469177,0.0052324718417254,0.7044609882881547,0.0151960908246072,0.1447019826986322,0.0197119092614377,0.5383529411764706,0.0127058823529411,0.4677176487867743,0.0175448423667428,0.7981176470588235,-0.0188235294117647,0.0974117647058823,0.0,0.1632941176470588,0.0145882352941176,0.6348235294117647,-0.0334117647058823,1.1950156635017095,-0.0282499416832973,5,global_qwk_low;worst_site_qwk_low;site_qwk_spread_high;mean_abs_error_high;severe_error_rate_high,True,cross_site_blend_50,0.6811832732447068,0.6811832732447068,0.0122130570573909,0.0,0.6330609816469177,0.6330609816469177,0.0052324718417254,0.0,0.7044609882881547,0.7044609882881547,0.0151960908246072,0.0,0.5383529411764706,0.5383529411764706,0.0127058823529411,0.0,0.4677176487867743,0.4677176487867743,0.0175448423667428,0.0,minus_worst_site_qwk_low,global_qwk_low;site_qwk_spread_high;mean_abs_error_high;severe_error_rate_high,global_qwk_low;site_qwk_spread_high;mean_abs_error_high;severe_error_rate_high,4,True,cross_site_blend_50,0.6811832732447068,0.012213057057390952,0.4677176487867743,0.017544842366742808,0.6330609816469177,0.005232471841725483,0.7044609882881547,0.015196090824607267,0.5383529411764706,0.012705882352941122
results\threshold_shift_panda_all_conservative_45_seed_29\predictions.csv,45,45,29,fedavg,cross_site_blend_50,0.7027122701678348,0.6593035575542109,0.6983248374194991,0.0674032162340082,0.5218823529411765,0.4494435876297903,0.7905882352941176,0.088,0.1576470588235294,0.6329411764705882,1.196903554445906,0.7083737182341829,0.0056614480663481,0.6553674973311827,-0.0039360602230281,0.7033051263106922,0.004980288891193,0.0885817534051347,0.0211785371711265,0.5468235294117647,0.0249411764705882,0.4791428742323236,0.0296992866025332,0.7585882352941177,-0.0319999999999999,0.084235294117647,-0.0037647058823529,0.1830588235294117,0.0254117647058823,0.5755294117647058,-0.0574117647058823,1.2174418629639214,0.0205383085180153,4,global_qwk_low;worst_site_qwk_low;mean_abs_error_high;severe_error_rate_high,True,cross_site_blend_50,0.7083737182341829,0.7083737182341829,0.0056614480663481,0.0,0.6553674973311827,0.6553674973311827,-0.0039360602230281,0.0,0.7033051263106922,0.7033051263106922,0.004980288891193,0.0,0.5468235294117647,0.5468235294117647,0.0249411764705882,0.0,0.4791428742323236,0.4791428742323236,0.0296992866025332,0.0,minus_worst_site_qwk_low,global_qwk_low;site_qwk_spread_high;mean_abs_error_high;severe_error_rate_high,global_qwk_low;mean_abs_error_high;severe_error_rate_high,3,True,cross_site_blend_50,0.7083737182341829,0.0056614480663481626,0.4791428742323236,0.029699286602533292,0.6553674973311827,-0.0039360602230281705,0.7033051263106922,0.004980288891193063,0.5468235294117647,0.024941176470588244
results\threshold_shift_panda_all_conservative_45_seed_31\predictions.csv,45,45,31,fedavg,cross_site_blend_50,0.6907445542033991,0.6478213865592243,0.697022671132488,0.0990737087116392,0.5209411764705882,0.4467296226169241,0.7783529411764706,0.0809411764705882,0.156235294117647,0.6221176470588236,1.241704937493638,0.7010929147350812,0.010348360531682,0.6782066835699941,0.0303852970107698,0.7110580444059729,0.0140353732734849,0.063455555044703,-0.0356181536669362,0.5378823529411765,0.0169411764705882,0.4778400687043871,0.031110446087463,0.7807058823529411,0.0023529411764705,0.0884705882352941,0.0075294117647058,0.2258823529411764,0.0696470588235294,0.5548235294117647,-0.0672941176470588,1.2281036756811077,-0.0136012618125302,3,global_qwk_low;worst_site_qwk_low;mean_abs_error_high,True,cross_site_blend_50,0.7010929147350812,0.7010929147350812,0.010348360531682,0.0,0.6782066835699941,0.6782066835699941,0.0303852970107698,0.0,0.7110580444059729,0.7110580444059729,0.0140353732734849,0.0,0.5378823529411765,0.5378823529411765,0.0169411764705882,0.0,0.4778400687043871,0.4778400687043871,0.031110446087463,0.0,minus_worst_site_qwk_low,global_qwk_low;site_qwk_spread_high;mean_abs_error_high;severe_error_rate_high,global_qwk_low;mean_abs_error_high,2,False,fedavg,0.6907445542033991,0.0,0.4467296226169241,0.0,0.6478213865592243,0.0,0.697022671132488,0.0,0.5209411764705882,0.0
results\threshold_shift_panda_all_conservative_45_seed_37\predictions.csv,45,45,37,fedavg,cross_site_blend_50,0.6718398316224687,0.6566294013012368,0.6776751902752847,0.0577402918144898,0.5134117647058823,0.4501286620132132,0.8178823529411765,0.0941176470588235,0.1454117647058823,0.6724705882352942,1.1877916427116788,0.6989889494547878,0.0271491178323191,0.6798369892493196,0.0232075879480827,0.7028944926747505,0.0252193023994657,0.0388444897333896,-0.0188958020811002,0.5383529411764706,0.0249411764705882,0.4679482987007382,0.0178196366875249,0.7778823529411765,-0.04,0.0903529411764706,-0.0037647058823529,0.1910588235294117,0.0456470588235294,0.5868235294117647,-0.0856470588235294,1.2612150037606646,0.0734233610489858,4,global_qwk_low;worst_site_qwk_low;mean_abs_error_high;severe_error_rate_high,True,cross_site_blend_50,0.6989889494547878,0.6989889494547878,0.0271491178323191,0.0,0.6798369892493196,0.6798369892493196,0.0232075879480827,0.0,0.7028944926747505,0.7028944926747505,0.0252193023994657,0.0,0.5383529411764706,0.5383529411764706,0.0249411764705882,0.0,0.4679482987007382,0.4679482987007382,0.0178196366875249,0.0,minus_worst_site_qwk_low,global_qwk_low;site_qwk_spread_high;mean_abs_error_high;severe_error_rate_high,global_qwk_low;mean_abs_error_high;severe_error_rate_high,3,True,cross_site_blend_50,0.6989889494547878,0.027149117832319103,0.4679482987007382,0.017819636687524953,0.6798369892493196,0.023207587948082753,0.7028944926747505,0.025219302399465793,0.5383529411764706,0.024941176470588244
results\threshold_shift_panda_all_conservative_45_seed_41\predictions.csv,45,45,41,fedavg,cross_site_blend_50,0.7123796898843978,0.6477160424225139,0.7230280654793807,0.1493724689112257,0.532235294117647,0.4576524733917275,0.7595294117647059,0.0752941176470588,0.1689411764705882,0.5905882352941176,1.216875668403408,0.7108887383352965,-0.0014909515491012,0.6681257448384706,0.0204097024159567,0.7194995869173381,-0.0035284785620426,0.1343608083755315,-0.0150116605356941,0.536,0.003764705882353,0.4617007732319488,0.0040482998402213,0.7670588235294118,0.0075294117647058,0.0785882352941176,0.0032941176470588,0.1656470588235294,-0.0032941176470588,0.6014117647058823,0.0108235294117646,1.208587090198221,-0.0082885782051869,3,worst_site_qwk_low;site_qwk_spread_high;mean_abs_error_high,True,cross_site_blend_50,0.7108887383352965,0.7108887383352965,-0.0014909515491012,0.0,0.6681257448384706,0.6681257448384706,0.0204097024159567,0.0,0.7194995869173381,0.7194995869173381,-0.0035284785620426,0.0,0.536,0.536,0.003764705882353,0.0,0.4617007732319488,0.4617007732319488,0.0040482998402213,0.0,minus_worst_site_qwk_low,global_qwk_low;site_qwk_spread_high;mean_abs_error_high;severe_error_rate_high,site_qwk_spread_high;mean_abs_error_high,2,False,fedavg,0.7123796898843978,0.0,0.4576524733917275,0.0,0.6477160424225139,0.0,0.7230280654793807,0.0,0.532235294117647,0.0
results\threshold_shift_panda_all_conservative_45_seed_42\predictions.csv,45,45,42,fedavg,cross_site_blend_50,0.6774827764861275,0.6445375035779021,0.6916365566904921,0.1014820199256691,0.5270588235294118,0.4543662053061909,0.7985882352941176,0.0912941176470588,0.1336470588235294,0.6649411764705883,1.2261141193444989,0.684495430609388,0.0070126541232604,0.6552577603454078,0.0107202567675057,0.6966647491374609,0.0050281924469688,0.0956957754403231,-0.005786244485346,0.536,0.0089411764705882,0.462630665272385,0.0082644599661941,0.7835294117647059,-0.0150588235294116,0.0894117647058823,-0.0018823529411764,0.1557647058823529,0.0221176470588235,0.6277647058823529,-0.0371764705882353,1.2219655729572696,-0.0041485463872292,4,global_qwk_low;worst_site_qwk_low;mean_abs_error_high;severe_error_rate_high,True,cross_site_blend_50,0.684495430609388,0.684495430609388,0.0070126541232604,0.0,0.6552577603454078,0.6552577603454078,0.0107202567675057,0.0,0.6966647491374609,0.6966647491374609,0.0050281924469688,0.0,0.536,0.536,0.0089411764705882,0.0,0.462630665272385,0.462630665272385,0.0082644599661941,0.0,minus_worst_site_qwk_low,global_qwk_low;site_qwk_spread_high;mean_abs_error_high;severe_error_rate_high,global_qwk_low;mean_abs_error_high;severe_error_rate_high,3,True,cross_site_blend_50,0.684495430609388,0.0070126541232604644,0.462630665272385,0.008264459966194126,0.6552577603454078,0.010720256767505765,0.6966647491374609,0.005028192446968838,0.536,0.00894117647058823
results\threshold_shift_panda_all_conservative_45_seed_43\predictions.csv,45,45,43,fedavg,cross_site_blend_50,0.7138716162513442,0.6822721801086638,0.711808940745141,0.0616774222069055,0.5289411764705882,0.4655935566146705,0.7736470588235295,0.0790588235294117,0.1647058823529411,0.6089411764705882,1.1930575391361506,0.7238906047035034,0.0100189884521592,0.6955788405751153,0.0133066604664515,0.7253029885742331,0.0134940478290921,0.0540392088119872,-0.0076382133949183,0.5472941176470588,0.0183529411764705,0.4833792586175012,0.0177857020028307,0.739764705882353,-0.0338823529411764,0.0767058823529411,-0.0023529411764705,0.1736470588235294,0.0089411764705882,0.5661176470588235,-0.0428235294117647,1.2490948525451526,0.0560373134090019,1,mean_abs_error_high,False,fedavg,0.7138716162513442,0.7238906047035034,0.0,-0.0100189884521592,0.6822721801086638,0.6955788405751153,0.0,-0.0133066604664515,0.711808940745141,0.7253029885742331,0.0,-0.0134940478290921,0.5289411764705882,0.5472941176470588,0.0,-0.0183529411764705,0.4655935566146705,0.4833792586175012,0.0,-0.0177857020028307,minus_worst_site_qwk_low,global_qwk_low;site_qwk_spread_high;mean_abs_error_high;severe_error_rate_high,mean_abs_error_high,1,False,fedavg,0.7138716162513442,0.0,0.4655935566146705,0.0,0.6822721801086638,0.0,0.711808940745141,0.0,0.5289411764705882,0.0
results\threshold_shift_panda_all_conservative_45_seed_47\predictions.csv,45,45,47,fedavg,cross_site_blend_50,0.6847965201382491,0.6483616776044975,0.6910543398194848,0.0705500414349021,0.5247058823529411,0.4514071460022199,0.8014117647058824,0.0927058823529411,0.1689411764705882,0.6324705882352941,1.223896878202759,0.6851789430850455,0.0003824229467963,0.652432325294192,0.0040706476896945,0.6995950911807111,0.0085407513612262,0.0619584935386275,-0.0085915478962745,0.5449411764705883,0.0202352941176471,0.472621372126016,0.021214226123796,0.7910588235294118,-0.0103529411764705,0.0941176470588235,0.0014117647058823,0.1797647058823529,0.0108235294117647,0.6112941176470589,-0.0211764705882352,1.217905331775368,-0.0059915464273909,4,global_qwk_low;worst_site_qwk_low;mean_abs_error_high;severe_error_rate_high,True,cross_site_blend_50,0.6851789430850455,0.6851789430850455,0.0003824229467963,0.0,0.652432325294192,0.652432325294192,0.0040706476896945,0.0,0.6995950911807111,0.6995950911807111,0.0085407513612262,0.0,0.5449411764705883,0.5449411764705883,0.0202352941176471,0.0,0.472621372126016,0.472621372126016,0.021214226123796,0.0,minus_worst_site_qwk_low,global_qwk_low;site_qwk_spread_high;mean_abs_error_high;severe_error_rate_high,global_qwk_low;mean_abs_error_high;severe_error_rate_high,3,True,cross_site_blend_50,0.6851789430850455,0.0003824229467963569,0.472621372126016,0.021214226123796143,0.652432325294192,0.004070647689694562,0.6995950911807111,0.008540751361226229,0.5449411764705883,0.02023529411764713
results\threshold_shift_panda_all_conservative_45_seed_53\predictions.csv,45,45,53,fedavg,cross_site_blend_50,0.7201645664369767,0.6590058792089791,0.7242115653009432,0.0962519076398983,0.5124705882352941,0.4494431704394436,0.7712941176470588,0.0785882352941176,0.1449411764705882,0.6263529411764706,1.2476182242498215,0.7142977210762524,-0.0058668453607242,0.6664553756290599,0.0074494964200807,0.7213074678388882,-0.0029040974620549,0.092832744626332,-0.0034191630135662,0.5265882352941177,0.0141176470588235,0.4523648833805307,0.002921712941087,0.7811764705882352,0.0098823529411764,0.0861176470588235,0.0075294117647058,0.2018823529411764,0.0569411764705882,0.5792941176470588,-0.0470588235294117,1.216200957210754,-0.0314172670390675,2,worst_site_qwk_low;mean_abs_error_high,False,fedavg,0.7201645664369767,0.7142977210762524,0.0,0.0058668453607242,0.6590058792089791,0.6664553756290599,0.0,-0.0074494964200807,0.7242115653009432,0.7213074678388882,0.0,0.0029040974620549,0.5124705882352941,0.5265882352941177,0.0,-0.0141176470588235,0.4494431704394436,0.4523648833805307,0.0,-0.002921712941087,minus_worst_site_qwk_low,global_qwk_low;site_qwk_spread_high;mean_abs_error_high;severe_error_rate_high,mean_abs_error_high,1,False,fedavg,0.7201645664369767,0.0,0.4494431704394436,0.0,0.6590058792089791,0.0,0.7242115653009432,0.0,0.5124705882352941,0.0
results\threshold_shift_panda_all_conservative_45_seed_59\predictions.csv,45,45,59,fedavg,cross_site_blend_50,0.7016674406948484,0.6159609540801119,0.6845382756686187,0.1206158796476057,0.5256470588235295,0.4495477542539736,0.7915294117647059,0.0861176470588235,0.1825882352941176,0.6089411764705882,1.1982354306608411,0.705730488586835,0.0040630478919865,0.643696978717071,0.0277360246369591,0.6883887122265069,0.0038504365578881,0.0969232193571749,-0.0236926602904308,0.5407058823529411,0.0150588235294116,0.4656458284346138,0.0160980741806401,0.7783529411764706,-0.0131764705882353,0.0851764705882353,-0.0009411764705882,0.2089411764705882,0.0263529411764706,0.5694117647058824,-0.0395294117647058,1.2381082534135337,0.0398728227526925,4,global_qwk_low;worst_site_qwk_low;site_qwk_spread_high;mean_abs_error_high,True,cross_site_blend_50,0.705730488586835,0.705730488586835,0.0040630478919865,0.0,0.643696978717071,0.643696978717071,0.0277360246369591,0.0,0.6883887122265069,0.6883887122265069,0.0038504365578881,0.0,0.5407058823529411,0.5407058823529411,0.0150588235294116,0.0,0.4656458284346138,0.4656458284346138,0.0160980741806401,0.0,minus_worst_site_qwk_low,global_qwk_low;site_qwk_spread_high;mean_abs_error_high;severe_error_rate_high,global_qwk_low;site_qwk_spread_high;mean_abs_error_high,3,True,cross_site_blend_50,0.705730488586835,0.0040630478919865265,0.4656458284346138,0.016098074180640187,0.643696978717071,0.027736024636959122,0.6883887122265069,0.0038504365578881927,0.5407058823529411,0.01505882352941168
results\threshold_shift_panda_all_conservative_45_seed_7\predictions.csv,45,45,7,fedavg,cross_site_blend_50,0.6923907834999634,0.6489613109441599,0.6966096027165747,0.0937013742162709,0.5251764705882352,0.4536372003313794,0.7976470588235294,0.0894117647058823,0.1392941176470588,0.6583529411764706,1.2069264914261555,0.7012379189330036,0.0088471354330401,0.6779182879377432,0.0289569769935833,0.7076271761977981,0.0110175734812234,0.0784267466587252,-0.0152746275575456,0.5463529411764706,0.0211764705882353,0.4786342882830192,0.0249970879516397,0.7567058823529412,-0.0409411764705881,0.0870588235294117,-0.0023529411764705,0.1755294117647058,0.036235294117647,0.5811764705882353,-0.0771764705882352,1.248436539060467,0.0415100476343115,4,global_qwk_low;worst_site_qwk_low;mean_abs_error_high;severe_error_rate_high,True,cross_site_blend_50,0.7012379189330036,0.7012379189330036,0.0088471354330401,0.0,0.6779182879377432,0.6779182879377432,0.0289569769935833,0.0,0.7076271761977981,0.7076271761977981,0.0110175734812234,0.0,0.5463529411764706,0.5463529411764706,0.0211764705882353,0.0,0.4786342882830192,0.4786342882830192,0.0249970879516397,0.0,minus_worst_site_qwk_low,global_qwk_low;site_qwk_spread_high;mean_abs_error_high;severe_error_rate_high,global_qwk_low;mean_abs_error_high;severe_error_rate_high,3,True,cross_site_blend_50,0.7012379189330036,0.008847135433040165,0.4786342882830192,0.024997087951639796,0.6779182879377432,0.02895697699358335,0.7076271761977981,0.011017573481223453,0.5463529411764706,0.021176470588235352
results\threshold_shift_panda_all_conservative_0_seed_11\predictions.csv,0,0,11,fedavg,cross_site_blend_50,0.7429581080983443,0.7164217698801902,0.7441992641283725,0.0593496863554664,0.5745882352941176,0.5098279114359029,0.6922352941176471,0.0734117647058823,0.208,0.484235294117647,1.156964949139127,0.7337225638667626,-0.0092355442315816,0.7119886879296122,-0.004433081950578,0.743286473704899,-0.0009127904234734,0.0433346987300143,-0.016014987625452,0.5736470588235294,-0.0009411764705882,0.5055207797599799,-0.004307131675923,0.7105882352941176,0.0183529411764705,0.0785882352941176,0.0051764705882352,0.2343529411764706,0.0263529411764706,0.476235294117647,-0.008,1.1778074606925435,0.0208425115534167,0,,False,fedavg,0.7429581080983443,0.7429581080983443,0.0,0.0,0.7164217698801902,0.7164217698801902,0.0,0.0,0.7441992641283725,0.7441992641283725,0.0,0.0,0.5745882352941176,0.5745882352941176,0.0,0.0,0.5098279114359029,0.5098279114359029,0.0,0.0,minus_site_qwk_spread_high,global_qwk_low;worst_site_qwk_low;mean_abs_error_high;severe_error_rate_high,,0,False,fedavg,0.7429581080983443,0.0,0.5098279114359029,0.0,0.7164217698801902,0.0,0.7441992641283725,0.0,0.5745882352941176,0.0
results\threshold_shift_panda_all_conservative_0_seed_123\predictions.csv,0,0,123,fedavg,cross_site_blend_50,0.7298328239744079,0.702768825425204,0.732487374863064,0.0713198620093883,0.5694117647058824,0.5055799211566626,0.7134117647058823,0.076235294117647,0.2376470588235294,0.4757647058823529,1.1721565327917418,0.7280400712222352,-0.0017927527521726,0.6825573624415238,-0.0202114629836802,0.7254086963081546,-0.0070786785549094,0.0742889639064762,0.0029691018970878,0.5567058823529412,-0.0127058823529412,0.4949036378409496,-0.0106762833157129,0.7425882352941177,0.0291764705882353,0.0767058823529411,0.0004705882352941,0.3171764705882353,0.0795294117647058,0.4254117647058824,-0.0503529411764705,1.1780110800360235,0.0058545472442819,0,,False,fedavg,0.7298328239744079,0.7298328239744079,0.0,0.0,0.702768825425204,0.702768825425204,0.0,0.0,0.732487374863064,0.732487374863064,0.0,0.0,0.5694117647058824,0.5694117647058824,0.0,0.0,0.5055799211566626,0.5055799211566626,0.0,0.0,minus_site_qwk_spread_high,global_qwk_low;worst_site_qwk_low;mean_abs_error_high;severe_error_rate_high,,0,False,fedavg,0.7298328239744079,0.0,0.5055799211566626,0.0,0.702768825425204,0.0,0.732487374863064,0.0,0.5694117647058824,0.0
results\threshold_shift_panda_all_conservative_0_seed_17\predictions.csv,0,0,17,fedavg,cross_site_blend_50,0.7239654930746602,0.6867531239805871,0.7097153911713731,0.0679690886509221,0.5727058823529412,0.5116310736011755,0.7171764705882353,0.0752941176470588,0.1971764705882353,0.52,1.1677552636809072,0.741825343260487,0.0178598501858268,0.6977504245196491,0.010997300539062,0.7270813020050024,0.0173659108336293,0.0776750134260571,0.0097059247751349,0.5835294117647059,0.0108235294117646,0.5224528915476301,0.0108218179464545,0.6832941176470588,-0.0338823529411764,0.068235294117647,-0.0070588235294117,0.1637647058823529,-0.0334117647058823,0.5195294117647059,-0.0004705882352941,1.1786416934641828,0.0108864297832755,0,,False,fedavg,0.7239654930746602,0.7239654930746602,0.0,0.0,0.6867531239805871,0.6867531239805871,0.0,0.0,0.7097153911713731,0.7097153911713731,0.0,0.0,0.5727058823529412,0.5727058823529412,0.0,0.0,0.5116310736011755,0.5116310736011755,0.0,0.0,minus_site_qwk_spread_high,global_qwk_low;worst_site_qwk_low;mean_abs_error_high;severe_error_rate_high,,0,False,fedavg,0.7239654930746602,0.0,0.5116310736011755,0.0,0.6867531239805871,0.0,0.7097153911713731,0.0,0.5727058823529412,0.0
results\threshold_shift_panda_all_conservative_0_seed_2025\predictions.csv,0,0,2025,fedavg,cross_site_blend_50,0.6983892617352163,0.6744316058050153,0.7010870185241194,0.0584559494250015,0.5585882352941176,0.5000663744833895,0.7576470588235295,0.0870588235294117,0.2465882352941176,0.5110588235294118,1.1618222006061447,0.6988934439468641,0.0005041822116478,0.677440898806273,0.0030092930012577,0.7014432993023529,0.0003562807782335,0.0543557071565601,-0.0041002422684414,0.5472941176470588,-0.0112941176470587,0.4780140759710345,-0.022052298512355,0.7854117647058824,0.0277647058823529,0.092235294117647,0.0051764705882352,0.2790588235294117,0.0324705882352941,0.5063529411764706,-0.0047058823529412,1.177045535032376,0.0152233344262311,2,global_qwk_low;mean_abs_error_high,False,fedavg,0.6983892617352163,0.6983892617352163,0.0,0.0,0.6744316058050153,0.6744316058050153,0.0,0.0,0.7010870185241194,0.7010870185241194,0.0,0.0,0.5585882352941176,0.5585882352941176,0.0,0.0,0.5000663744833895,0.5000663744833895,0.0,0.0,minus_site_qwk_spread_high,global_qwk_low;worst_site_qwk_low;mean_abs_error_high;severe_error_rate_high,global_qwk_low;mean_abs_error_high,2,False,fedavg,0.6983892617352163,0.0,0.5000663744833895,0.0,0.6744316058050153,0.0,0.7010870185241194,0.0,0.5585882352941176,0.0
results\threshold_shift_panda_all_conservative_0_seed_23\predictions.csv,0,0,23,fedavg,cross_site_blend_50,0.7018818577459033,0.6673741964836729,0.7174845380245973,0.1002154031961053,0.56,0.4860606677435226,0.7637647058823529,0.092235294117647,0.228235294117647,0.5355294117647059,1.141851402646168,0.7037645067143725,0.0018826489684692,0.6681155525660587,0.0007413560823857,0.7204905791820245,0.0030060411574271,0.1266562161989222,0.0264408130028168,0.5604705882352942,0.0004705882352941,0.4889164480197272,0.0028557802762046,0.7614117647058823,-0.0023529411764705,0.0941176470588235,0.0018823529411764,0.2197647058823529,-0.0084705882352941,0.5416470588235294,0.0061176470588234,1.1372767953333078,-0.0045746073128603,3,global_qwk_low;mean_abs_error_high;severe_error_rate_high,True,cross_site_blend_50,0.7037645067143725,0.7018818577459033,0.0018826489684692,0.0018826489684692,0.6681155525660587,0.6673741964836729,0.0007413560823857,0.0007413560823857,0.7204905791820245,0.7174845380245973,0.0030060411574271,0.0030060411574271,0.5604705882352942,0.56,0.0004705882352941,0.0004705882352941,0.4889164480197272,0.4860606677435226,0.0028557802762046,0.0028557802762046,minus_site_qwk_spread_high,global_qwk_low;worst_site_qwk_low;mean_abs_error_high;severe_error_rate_high,global_qwk_low;mean_abs_error_high;severe_error_rate_high,3,True,cross_site_blend_50,0.7037645067143725,0.001882648968469236,0.4889164480197272,0.0028557802762046447,0.6681155525660587,0.0007413560823857912,0.7204905791820245,0.0030060411574271972,0.5604705882352942,0.00047058823529411153
results\threshold_shift_panda_all_conservative_0_seed_29\predictions.csv,0,0,29,fedavg,cross_site_blend_50,0.726441618643312,0.6865732434961865,0.71804951628285,0.0585544069027084,0.5741176470588235,0.5055895989900184,0.7247058823529412,0.0818823529411764,0.208,0.5167058823529411,1.147105895918461,0.7230326097996407,-0.0034090088436713,0.6763439793223045,-0.010229264173882,0.7209830795282827,0.0029335632454327,0.0931448064797406,0.0345903995770322,0.5764705882352941,0.0023529411764705,0.5123163664565035,0.006726767466485,0.7185882352941176,-0.0061176470588235,0.0828235294117647,0.0009411764705882,0.2428235294117647,0.0348235294117647,0.4757647058823529,-0.0409411764705882,1.1457565392719873,-0.0013493566464737,0,,False,fedavg,0.726441618643312,0.726441618643312,0.0,0.0,0.6865732434961865,0.6865732434961865,0.0,0.0,0.71804951628285,0.71804951628285,0.0,0.0,0.5741176470588235,0.5741176470588235,0.0,0.0,0.5055895989900184,0.5055895989900184,0.0,0.0,minus_site_qwk_spread_high,global_qwk_low;worst_site_qwk_low;mean_abs_error_high;severe_error_rate_high,,0,False,fedavg,0.726441618643312,0.0,0.5055895989900184,0.0,0.6865732434961865,0.0,0.71804951628285,0.0,0.5741176470588235,0.0
results\threshold_shift_panda_all_conservative_0_seed_31\predictions.csv,0,0,31,fedavg,cross_site_blend_50,0.7086968931815969,0.6738253917670043,0.7083238904839249,0.0518022247570875,0.5496470588235294,0.490416290241764,0.7463529411764706,0.0828235294117647,0.2395294117647058,0.5068235294117647,1.1670994637757055,0.7165003903666098,0.0078034971850129,0.6904800881334037,0.0166546963663993,0.7226313294886846,0.0143074390047597,0.0581068647975383,0.0063046400404508,0.5534117647058824,0.003764705882353,0.4950671262046908,0.0046508359629268,0.7557647058823529,0.0094117647058823,0.0847058823529411,0.0018823529411764,0.2875294117647058,0.0479999999999999,0.4682352941176471,-0.0385882352941175,1.1520586233386354,-0.0150408404370703,0,,False,fedavg,0.7086968931815969,0.7086968931815969,0.0,0.0,0.6738253917670043,0.6738253917670043,0.0,0.0,0.7083238904839249,0.7083238904839249,0.0,0.0,0.5496470588235294,0.5496470588235294,0.0,0.0,0.490416290241764,0.490416290241764,0.0,0.0,minus_site_qwk_spread_high,global_qwk_low;worst_site_qwk_low;mean_abs_error_high;severe_error_rate_high,,0,False,fedavg,0.7086968931815969,0.0,0.490416290241764,0.0,0.6738253917670043,0.0,0.7083238904839249,0.0,0.5496470588235294,0.0
results\threshold_shift_panda_all_conservative_0_seed_37\predictions.csv,0,0,37,fedavg,cross_site_blend_50,0.7169013513435238,0.7072214848478993,0.7205745926518567,0.0417600381363131,0.5755294117647058,0.5218186688693097,0.7138823529411765,0.0823529411764705,0.1872941176470588,0.5265882352941177,1.1259510238729171,0.7209045782831497,0.0040032269396258,0.7026297227340665,-0.0045917621138327,0.7245873212371869,0.0040127285853301,0.0390353396576449,-0.0027246984786681,0.5604705882352942,-0.0150588235294116,0.4917730629816231,-0.0300456058876866,0.7331764705882353,0.0192941176470587,0.0847058823529411,0.0023529411764705,0.2258823529411764,0.0385882352941176,0.5072941176470588,-0.0192941176470589,1.2102201270375847,0.0842691031646674,0,,False,fedavg,0.7169013513435238,0.7169013513435238,0.0,0.0,0.7072214848478993,0.7072214848478993,0.0,0.0,0.7205745926518567,0.7205745926518567,0.0,0.0,0.5755294117647058,0.5755294117647058,0.0,0.0,0.5218186688693097,0.5218186688693097,0.0,0.0,minus_site_qwk_spread_high,global_qwk_low;worst_site_qwk_low;mean_abs_error_high;severe_error_rate_high,,0,False,fedavg,0.7169013513435238,0.0,0.5218186688693097,0.0,0.7072214848478993,0.0,0.7205745926518567,0.0,0.5755294117647058,0.0
results\threshold_shift_panda_all_conservative_0_seed_41\predictions.csv,0,0,41,fedavg,cross_site_blend_50,0.7313483114760122,0.6692838566912203,0.7434729817875875,0.1428779212439995,0.5665882352941176,0.5004526523110261,0.72,0.0767058823529411,0.2357647058823529,0.484235294117647,1.1680296642247314,0.7212868239213154,-0.0100614875546968,0.6863423149808671,0.0170584582896468,0.7288710149947588,-0.0146019667928286,0.1169524129992917,-0.0259255082447078,0.56,-0.0065882352941175,0.4852339061395143,-0.0152187461715117,0.7421176470588235,0.0221176470588235,0.0809411764705882,0.004235294117647,0.2470588235294117,0.0112941176470588,0.4950588235294118,0.0108235294117647,1.148595782922415,-0.0194338813023164,1,site_qwk_spread_high,False,fedavg,0.7313483114760122,0.7313483114760122,0.0,0.0,0.6692838566912203,0.6692838566912203,0.0,0.0,0.7434729817875875,0.7434729817875875,0.0,0.0,0.5665882352941176,0.5665882352941176,0.0,0.0,0.5004526523110261,0.5004526523110261,0.0,0.0,minus_site_qwk_spread_high,global_qwk_low;worst_site_qwk_low;mean_abs_error_high;severe_error_rate_high,,0,False,fedavg,0.7313483114760122,0.0,0.5004526523110261,0.0,0.6692838566912203,0.0,0.7434729817875875,0.0,0.5665882352941176,0.0
results\threshold_shift_panda_all_conservative_0_seed_42\predictions.csv,0,0,42,fedavg,cross_site_blend_50,0.7072566694854118,0.6673300346903428,0.7161831406854237,0.14113790627812,0.5694117647058824,0.5159724605549763,0.7327058823529412,0.0809411764705882,0.2070588235294117,0.5256470588235295,1.1758076450075134,0.6934701255508754,-0.0137865439345363,0.6608777559281085,-0.0064522787622343,0.7057812801177772,-0.0104018605676464,0.1200084261559242,-0.0211294801221958,0.5585882352941176,-0.0108235294117647,0.496155205606327,-0.0198172549486492,0.7651764705882353,0.0324705882352941,0.0884705882352941,0.0075294117647058,0.220235294117647,0.0131764705882352,0.5449411764705883,0.0192941176470587,1.151800860179836,-0.0240067848276774,2,worst_site_qwk_low;site_qwk_spread_high,False,fedavg,0.7072566694854118,0.7072566694854118,0.0,0.0,0.6673300346903428,0.6673300346903428,0.0,0.0,0.7161831406854237,0.7161831406854237,0.0,0.0,0.5694117647058824,0.5694117647058824,0.0,0.0,0.5159724605549763,0.5159724605549763,0.0,0.0,minus_site_qwk_spread_high,global_qwk_low;worst_site_qwk_low;mean_abs_error_high;severe_error_rate_high,worst_site_qwk_low,1,False,fedavg,0.7072566694854118,0.0,0.5159724605549763,0.0,0.6673300346903428,0.0,0.7161831406854237,0.0,0.5694117647058824,0.0
results\threshold_shift_panda_all_conservative_0_seed_43\predictions.csv,0,0,43,fedavg,cross_site_blend_50,0.746679487551388,0.7384839293613565,0.7506560624693208,0.0273858022000844,0.5736470588235294,0.5091526183482555,0.7035294117647058,0.0752941176470588,0.2254117647058823,0.4781176470588235,1.1308712252820463,0.7445723706908911,-0.0021071168604969,0.7254084860689003,-0.0130754432924562,0.7452269109662587,-0.0054291515030621,0.0401667568477324,0.0127809546476479,0.5816470588235294,0.008,0.5208785983849045,0.0117259800366489,0.6889411764705883,-0.0145882352941175,0.0729411764705882,-0.0023529411764705,0.1990588235294117,-0.0263529411764705,0.4898823529411765,0.0117647058823529,1.1779910486661689,0.0471198233841221,0,,False,fedavg,0.746679487551388,0.746679487551388,0.0,0.0,0.7384839293613565,0.7384839293613565,0.0,0.0,0.7506560624693208,0.7506560624693208,0.0,0.0,0.5736470588235294,0.5736470588235294,0.0,0.0,0.5091526183482555,0.5091526183482555,0.0,0.0,minus_site_qwk_spread_high,global_qwk_low;worst_site_qwk_low;mean_abs_error_high;severe_error_rate_high,,0,False,fedavg,0.746679487551388,0.0,0.5091526183482555,0.0,0.7384839293613565,0.0,0.7506560624693208,0.0,0.5736470588235294,0.0
results\threshold_shift_panda_all_conservative_0_seed_47\predictions.csv,0,0,47,fedavg,cross_site_blend_50,0.7181815243226684,0.6786340882743549,0.7213997699169905,0.0801529243646518,0.5656470588235294,0.4981944682997181,0.7463529411764706,0.0884705882352941,0.2752941176470588,0.4710588235294117,1.1353106869842753,0.7180828092966849,-9.87150259834646e-05,0.6994246620651237,0.0207905737907687,0.7266365779426043,0.0052368080256137,0.0415894398834847,-0.038563484481167,0.571764705882353,0.0061176470588235,0.5029810518398447,0.0047865835401265,0.7369411764705882,-0.0094117647058823,0.0870588235294117,-0.0014117647058823,0.236235294117647,-0.0390588235294117,0.5007058823529412,0.0296470588235294,1.1433934522053368,0.0080827652210615,1,severe_error_rate_high,False,fedavg,0.7181815243226684,0.7181815243226684,0.0,0.0,0.6786340882743549,0.6786340882743549,0.0,0.0,0.7213997699169905,0.7213997699169905,0.0,0.0,0.5656470588235294,0.5656470588235294,0.0,0.0,0.4981944682997181,0.4981944682997181,0.0,0.0,minus_site_qwk_spread_high,global_qwk_low;worst_site_qwk_low;mean_abs_error_high;severe_error_rate_high,severe_error_rate_high,1,False,fedavg,0.7181815243226684,0.0,0.4981944682997181,0.0,0.6786340882743549,0.0,0.7213997699169905,0.0,0.5656470588235294,0.0
results\threshold_shift_panda_all_conservative_0_seed_53\predictions.csv,0,0,53,fedavg,cross_site_blend_50,0.7317556780937956,0.6740479638200556,0.7321636104952894,0.0933560233551015,0.5689411764705883,0.5085063095527034,0.7167058823529412,0.0785882352941176,0.2192941176470588,0.4974117647058823,1.1676241651479085,0.7278712679750026,-0.003884410118793,0.6610648798322412,-0.0129830839878144,0.7313916065488951,-0.0007720039463943,0.1220976432029016,0.0287416198478001,0.5609411764705883,-0.008,0.4933853771679242,-0.0151209323847791,0.7369411764705882,0.020235294117647,0.0814117647058823,0.0028235294117646,0.2432941176470588,0.0239999999999999,0.4936470588235294,-0.0037647058823528,1.1499776231798036,-0.0176465419681048,0,,False,fedavg,0.7317556780937956,0.7317556780937956,0.0,0.0,0.6740479638200556,0.6740479638200556,0.0,0.0,0.7321636104952894,0.7321636104952894,0.0,0.0,0.5689411764705883,0.5689411764705883,0.0,0.0,0.5085063095527034,0.5085063095527034,0.0,0.0,minus_site_qwk_spread_high,global_qwk_low;worst_site_qwk_low;mean_abs_error_high;severe_error_rate_high,,0,False,fedavg,0.7317556780937956,0.0,0.5085063095527034,0.0,0.6740479638200556,0.0,0.7321636104952894,0.0,0.5689411764705883,0.0
results\threshold_shift_panda_all_conservative_0_seed_59\predictions.csv,0,0,59,fedavg,cross_site_blend_50,0.7174448693789363,0.6554682158493963,0.704259831803012,0.1095119041168389,0.5656470588235294,0.4957776166241075,0.7557647058823529,0.088,0.2762352941176471,0.4795294117647058,1.1257526356540812,0.711743247391103,-0.0057016219878333,0.6773504954280436,0.0218822795786473,0.7011934943970357,-0.0030663374059762,0.0560265488980757,-0.0534853552187631,0.5581176470588235,-0.0075294117647058,0.4942243648561051,-0.0015532517680024,0.7529411764705882,-0.0028235294117646,0.0828235294117647,-0.0051764705882352,0.2592941176470588,-0.0169411764705882,0.4936470588235294,0.0141176470588235,1.176819785477475,0.0510671498233936,4,worst_site_qwk_low;site_qwk_spread_high;mean_abs_error_high;severe_error_rate_high,True,cross_site_blend_50,0.711743247391103,0.7174448693789363,-0.0057016219878333,-0.0057016219878333,0.6773504954280436,0.6554682158493963,0.0218822795786473,0.0218822795786473,0.7011934943970357,0.704259831803012,-0.0030663374059762,-0.0030663374059762,0.5581176470588235,0.5656470588235294,-0.0075294117647058,-0.0075294117647058,0.4942243648561051,0.4957776166241075,-0.0015532517680024,-0.0015532517680024,minus_site_qwk_spread_high,global_qwk_low;worst_site_qwk_low;mean_abs_error_high;severe_error_rate_high,worst_site_qwk_low;mean_abs_error_high;severe_error_rate_high,3,True,cross_site_blend_50,0.711743247391103,-0.005701621987833305,0.4942243648561051,-0.0015532517680024172,0.6773504954280436,0.0218822795786473,0.7011934943970357,-0.0030663374059762827,0.5581176470588235,-0.007529411764705896
results\threshold_shift_panda_all_conservative_0_seed_7\predictions.csv,0,0,7,fedavg,cross_site_blend_50,0.727615545028268,0.6936547323644097,0.7316464239387271,0.0723245048912265,0.5731764705882353,0.5099629714567177,0.7167058823529412,0.08,0.2098823529411764,0.5068235294117647,1.14490470366313,0.724997097427688,-0.0026184476005799,0.6749135732640295,-0.0187411591003802,0.7293748112328828,-0.0022716127058443,0.0870357413029477,0.0147112364117212,0.5778823529411765,0.0047058823529412,0.5081509709702154,-0.0018120004865022,0.7143529411764706,-0.0023529411764705,0.0804705882352941,0.0004705882352941,0.2221176470588235,0.012235294117647,0.492235294117647,-0.0145882352941176,1.2034422782645309,0.0585375746014007,0,,False,fedavg,0.727615545028268,0.727615545028268,0.0,0.0,0.6936547323644097,0.6936547323644097,0.0,0.0,0.7316464239387271,0.7316464239387271,0.0,0.0,0.5731764705882353,0.5731764705882353,0.0,0.0,0.5099629714567177,0.5099629714567177,0.0,0.0,minus_site_qwk_spread_high,global_qwk_low;worst_site_qwk_low;mean_abs_error_high;severe_error_rate_high,,0,False,fedavg,0.727615545028268,0.0,0.5099629714567177,0.0,0.6936547323644097,0.0,0.7316464239387271,0.0,0.5731764705882353,0.0
results\threshold_shift_panda_all_conservative_25_seed_11\predictions.csv,25,25,11,fedavg,cross_site_blend_50,0.7194569545078301,0.6906077348066298,0.7192355912509705,0.0537460098905715,0.5350588235294118,0.458856059014584,0.7477647058823529,0.0767058823529411,0.1590588235294117,0.5887058823529412,1.2087582913896644,0.7427163561434391,0.023259401635609,0.7238899315974094,0.0332821967907795,0.751256052880748,0.0320204616297775,0.0561885653486413,0.0024425554580698,0.5628235294117647,0.0277647058823529,0.4976325823209561,0.0387765233063721,0.7035294117647058,-0.044235294117647,0.0705882352941176,-0.0061176470588235,0.2,0.0409411764705882,0.5035294117647059,-0.0851764705882353,1.2120677251554204,0.0033094337657559,0,,False,fedavg,0.7194569545078301,0.7427163561434391,0.0,-0.023259401635609,0.6906077348066298,0.7238899315974094,0.0,-0.0332821967907795,0.7192355912509705,0.751256052880748,0.0,-0.0320204616297775,0.5350588235294118,0.5628235294117647,0.0,-0.0277647058823529,0.458856059014584,0.4976325823209561,0.0,-0.0387765233063721,minus_site_qwk_spread_high,global_qwk_low;worst_site_qwk_low;mean_abs_error_high;severe_error_rate_high,,0,False,fedavg,0.7194569545078301,0.0,0.458856059014584,0.0,0.6906077348066298,0.0,0.7192355912509705,0.0,0.5350588235294118,0.0
results\threshold_shift_panda_all_conservative_25_seed_123\predictions.csv,25,25,123,fedavg,cross_site_blend_50,0.7197993382461756,0.6730431803556465,0.7193763619826619,0.0976659677693344,0.5430588235294118,0.4726416104983698,0.7529411764705882,0.0837647058823529,0.2230588235294117,0.5298823529411765,1.2462496593485874,0.728387511335503,0.0085881730893273,0.6833917586546725,0.010348578299026,0.7265113077730707,0.0071349457904088,0.0711401057773704,-0.026525861991964,0.5505882352941176,0.0075294117647057,0.4851086759506891,0.0124670654523193,0.7449411764705882,-0.008,0.0785882352941176,-0.0051764705882352,0.2832941176470588,0.060235294117647,0.4616470588235294,-0.068235294117647,1.2248803640207009,-0.0213692953278865,1,mean_abs_error_high,False,fedavg,0.7197993382461756,0.728387511335503,0.0,-0.0085881730893273,0.6730431803556465,0.6833917586546725,0.0,-0.010348578299026,0.7193763619826619,0.7265113077730707,0.0,-0.0071349457904088,0.5430588235294118,0.5505882352941176,0.0,-0.0075294117647057,0.4726416104983698,0.4851086759506891,0.0,-0.0124670654523193,minus_site_qwk_spread_high,global_qwk_low;worst_site_qwk_low;mean_abs_error_high;severe_error_rate_high,mean_abs_error_high,1,False,fedavg,0.7197993382461756,0.0,0.4726416104983698,0.0,0.6730431803556465,0.0,0.7193763619826619,0.0,0.5430588235294118,0.0
results\threshold_shift_panda_all_conservative_25_seed_17\predictions.csv,25,25,17,fedavg,cross_site_blend_50,0.720376940359154,0.6833147193865888,0.7101396284477165,0.0594054737038443,0.5421176470588235,0.4762267680030482,0.7557647058823529,0.076235294117647,0.184,0.571764705882353,1.219535307227559,0.7184425124369567,-0.0019344279221973,0.6654724810460666,-0.0178422383405222,0.7027912252273306,-0.0073484032203858,0.0881462062884793,0.028740732584635,0.552,0.0098823529411765,0.4875084642132297,0.0112816962101814,0.7421176470588235,-0.0136470588235293,0.076235294117647,0.0,0.1623529411764706,-0.0216470588235294,0.579764705882353,0.008,1.2207009327368497,0.0011656255092906,1,mean_abs_error_high,False,fedavg,0.720376940359154,0.7184425124369567,0.0,0.0019344279221973,0.6833147193865888,0.6654724810460666,0.0,0.0178422383405222,0.7101396284477165,0.7027912252273306,0.0,0.0073484032203858,0.5421176470588235,0.552,0.0,-0.0098823529411765,0.4762267680030482,0.4875084642132297,0.0,-0.0112816962101814,minus_site_qwk_spread_high,global_qwk_low;worst_site_qwk_low;mean_abs_error_high;severe_error_rate_high,mean_abs_error_high,1,False,fedavg,0.720376940359154,0.0,0.4762267680030482,0.0,0.6833147193865888,0.0,0.7101396284477165,0.0,0.5421176470588235,0.0
results\threshold_shift_panda_all_conservative_25_seed_2025\predictions.csv,25,25,2025,fedavg,cross_site_blend_50,0.6871073305749891,0.664908782987116,0.6881382228979203,0.0447730274603912,0.5444705882352942,0.4738095021790583,0.7792941176470588,0.0917647058823529,0.2141176470588235,0.5651764705882353,1.2280648427757028,0.6910428579313148,0.0039355273563257,0.6682086371284353,0.0032998541413192,0.692717945481648,0.0045797225837277,0.0508814355261539,0.0061084080657627,0.5388235294117647,-0.0056470588235294,0.4611272405879175,-0.0126822615911408,0.7967058823529412,0.0174117647058823,0.0941176470588235,0.0023529411764705,0.2527058823529411,0.0385882352941176,0.544,-0.0211764705882352,1.2162750218892362,-0.0117898208864666,4,global_qwk_low;worst_site_qwk_low;mean_abs_error_high;severe_error_rate_high,True,cross_site_blend_50,0.6910428579313148,0.6910428579313148,0.0039355273563257,0.0,0.6682086371284353,0.6682086371284353,0.0032998541413192,0.0,0.692717945481648,0.692717945481648,0.0045797225837277,0.0,0.5388235294117647,0.5388235294117647,-0.0056470588235294,0.0,0.4611272405879175,0.4611272405879175,-0.0126822615911408,0.0,minus_site_qwk_spread_high,global_qwk_low;worst_site_qwk_low;mean_abs_error_high;severe_error_rate_high,global_qwk_low;worst_site_qwk_low;mean_abs_error_high;severe_error_rate_high,4,True,cross_site_blend_50,0.6910428579313148,0.003935527356325741,0.4611272405879175,-0.012682261591140831,0.6682086371284353,0.0032998541413192806,0.692717945481648,0.004579722583727741,0.5388235294117647,-0.0056470588235294494
results\threshold_shift_panda_all_conservative_25_seed_23\predictions.csv,25,25,23,fedavg,cross_site_blend_50,0.6943062002746598,0.6606247263358512,0.7103325858133951,0.1020203841921071,0.5392941176470588,0.4629566778752572,0.7952941176470588,0.0950588235294117,0.2084705882352941,0.5868235294117647,1.191487602080801,0.6864693221274281,-0.0078368781472317,0.6477595403818832,-0.012865185953968,0.7052749449504973,-0.0050576408628978,0.1191277281696128,0.0171073439775056,0.5430588235294118,0.003764705882353,0.4695553443961187,0.0065986665208614,0.7952941176470588,0.0,0.0988235294117647,0.0037647058823529,0.1948235294117647,-0.0136470588235294,0.6004705882352941,0.0136470588235293,1.1790915644818216,-0.0123960375989793,4,global_qwk_low;worst_site_qwk_low;mean_abs_error_high;severe_error_rate_high,True,cross_site_blend_50,0.6864693221274281,0.6864693221274281,-0.0078368781472317,0.0,0.6477595403818832,0.6477595403818832,-0.012865185953968,0.0,0.7052749449504973,0.7052749449504973,-0.0050576408628978,0.0,0.5430588235294118,0.5430588235294118,0.003764705882353,0.0,0.4695553443961187,0.4695553443961187,0.0065986665208614,0.0,minus_site_qwk_spread_high,global_qwk_low;worst_site_qwk_low;mean_abs_error_high;severe_error_rate_high,global_qwk_low;worst_site_qwk_low;mean_abs_error_high;severe_error_rate_high,4,True,cross_site_blend_50,0.6864693221274281,-0.007836878147231774,0.4695553443961187,0.006598666520861496,0.6477595403818832,-0.012865185953968017,0.7052749449504973,-0.005057640862897839,0.5430588235294118,0.0037647058823530033
results\threshold_shift_panda_all_conservative_25_seed_29\predictions.csv,25,25,29,fedavg,cross_site_blend_50,0.7073232273750609,0.6437582402331552,0.6971869555111424,0.0831847329629511,0.5510588235294117,0.4734075467695982,0.7665882352941177,0.0865882352941176,0.1985882352941176,0.568,1.193454244239236,0.7091049216375278,0.0017816942624668,0.6325638310389456,-0.0111944091942095,0.6979408089196868,0.0007538534085443,0.0977998357381717,0.0146151027752206,0.5614117647058824,0.0103529411764706,0.4956568616188304,0.0222493148492322,0.7501176470588236,-0.0164705882352941,0.0856470588235294,-0.0009411764705882,0.2117647058823529,0.0131764705882352,0.5383529411764706,-0.0296470588235293,1.2005224523465192,0.0070682081072832,2,worst_site_qwk_low;mean_abs_error_high,False,fedavg,0.7073232273750609,0.7091049216375278,0.0,-0.0017816942624668,0.6437582402331552,0.6325638310389456,0.0,0.0111944091942095,0.6971869555111424,0.6979408089196868,0.0,-0.0007538534085443,0.5510588235294117,0.5614117647058824,0.0,-0.0103529411764706,0.4734075467695982,0.4956568616188304,0.0,-0.0222493148492322,minus_site_qwk_spread_high,global_qwk_low;worst_site_qwk_low;mean_abs_error_high;severe_error_rate_high,worst_site_qwk_low;mean_abs_error_high,2,False,fedavg,0.7073232273750609,0.0,0.4734075467695982,0.0,0.6437582402331552,0.0,0.6971869555111424,0.0,0.5510588235294117,0.0
results\threshold_shift_panda_all_conservative_25_seed_31\predictions.csv,25,25,31,fedavg,cross_site_blend_50,0.7038167598165379,0.6746234886516298,0.7089499646706423,0.0630648837643983,0.5388235294117647,0.4800688775053049,0.7571764705882353,0.0809411764705882,0.2112941176470588,0.5458823529411765,1.2273967632534164,0.7112312495363955,0.0074144897198575,0.6842401014729452,0.0096166128213154,0.722553305531973,0.0136033408613306,0.0648583478599073,0.0017934640955089,0.5435294117647059,0.0047058823529412,0.4790853747748694,-0.0009835027304355,0.7675294117647059,0.0103529411764705,0.0847058823529411,0.0037647058823529,0.248,0.0367058823529411,0.5195294117647059,-0.0263529411764705,1.2059531548388054,-0.021443608414611,2,global_qwk_low;mean_abs_error_high,False,fedavg,0.7038167598165379,0.7112312495363955,0.0,-0.0074144897198575,0.6746234886516298,0.6842401014729452,0.0,-0.0096166128213154,0.7089499646706423,0.722553305531973,0.0,-0.0136033408613306,0.5388235294117647,0.5435294117647059,0.0,-0.0047058823529412,0.4800688775053049,0.4790853747748694,0.0,0.0009835027304355,minus_site_qwk_spread_high,global_qwk_low;worst_site_qwk_low;mean_abs_error_high;severe_error_rate_high,global_qwk_low;mean_abs_error_high,2,False,fedavg,0.7038167598165379,0.0,0.4800688775053049,0.0,0.6746234886516298,0.0,0.7089499646706423,0.0,0.5388235294117647,0.0
results\threshold_shift_panda_all_conservative_25_seed_37\predictions.csv,25,25,37,fedavg,cross_site_blend_50,0.6972148702441321,0.6877810564578191,0.7011151259007485,0.0268972756829471,0.5543529411764706,0.4918663622814496,0.7524705882352941,0.0856470588235294,0.1708235294117647,0.5816470588235294,1.1962116761237995,0.7205027718060073,0.0232879015618752,0.7040788598307737,0.0162978033729546,0.724575545451562,0.0234604195508134,0.036647267987292,0.0097499923043448,0.5571764705882353,0.0028235294117646,0.4861512125608092,-0.0057151497206404,0.7374117647058823,-0.0150588235294117,0.0832941176470588,-0.0023529411764705,0.2056470588235294,0.0348235294117647,0.5317647058823529,-0.0498823529411764,1.2660320426444314,0.0698203665206316,2,global_qwk_low;mean_abs_error_high,False,fedavg,0.6972148702441321,0.7205027718060073,0.0,-0.0232879015618752,0.6877810564578191,0.7040788598307737,0.0,-0.0162978033729546,0.7011151259007485,0.724575545451562,0.0,-0.0234604195508134,0.5543529411764706,0.5571764705882353,0.0,-0.0028235294117646,0.4918663622814496,0.4861512125608092,0.0,0.0057151497206404,minus_site_qwk_spread_high,global_qwk_low;worst_site_qwk_low;mean_abs_error_high;severe_error_rate_high,global_qwk_low;mean_abs_error_high,2,False,fedavg,0.6972148702441321,0.0,0.4918663622814496,0.0,0.6877810564578191,0.0,0.7011151259007485,0.0,0.5543529411764706,0.0
results\threshold_shift_panda_all_conservative_25_seed_41\predictions.csv,25,25,41,fedavg,cross_site_blend_50,0.7202580688884488,0.6743533473061274,0.7298307979702701,0.1317171220663648,0.5501176470588235,0.4824906967953413,0.7430588235294118,0.076235294117647,0.2094117647058823,0.5336470588235294,1.2182607172455775,0.7201768853345207,-8.118355392805476e-05,0.6762594388570907,0.0019060915509633,0.7291590557053944,-0.0006717422648756,0.133104813915374,0.0013876918490091,0.552,0.0018823529411765,0.4829258541347689,0.0004351573394276,0.739764705882353,-0.0032941176470587,0.0752941176470588,-0.0009411764705882,0.2018823529411764,-0.0075294117647058,0.5378823529411765,0.0042352941176471,1.2129724253257472,-0.0052882919198304,1,site_qwk_spread_high,False,fedavg,0.7202580688884488,0.7201768853345207,0.0,8.118355392805476e-05,0.6743533473061274,0.6762594388570907,0.0,-0.0019060915509633,0.7298307979702701,0.7291590557053944,0.0,0.0006717422648756,0.5501176470588235,0.552,0.0,-0.0018823529411765,0.4824906967953413,0.4829258541347689,0.0,-0.0004351573394276,minus_site_qwk_spread_high,global_qwk_low;worst_site_qwk_low;mean_abs_error_high;severe_error_rate_high,,0,False,fedavg,0.7202580688884488,0.0,0.4824906967953413,0.0,0.6743533473061274,0.0,0.7298307979702701,0.0,0.5501176470588235,0.0
results\threshold_shift_panda_all_conservative_25_seed_42\predictions.csv,25,25,42,fedavg,cross_site_blend_50,0.6900562645358724,0.6495610985501873,0.7071368235605715,0.1385424859867998,0.5501176470588235,0.4861718187932506,0.764235294117647,0.084235294117647,0.1858823529411764,0.5783529411764706,1.2376121071058417,0.68772360765853,-0.0023326568773424,0.6412751366879808,-0.0082859618622065,0.6920509148805926,-0.0150859086799789,0.1082639838881263,-0.0302785020986735,0.5548235294117647,0.0047058823529412,0.4959268967582335,0.0097550779649828,0.7694117647058824,0.0051764705882353,0.0865882352941176,0.0023529411764705,0.2018823529411764,0.0159999999999999,0.5675294117647058,-0.0108235294117647,1.1956573275220916,-0.04195477958375,4,global_qwk_low;worst_site_qwk_low;site_qwk_spread_high;mean_abs_error_high,True,cross_site_blend_50,0.68772360765853,0.68772360765853,-0.0023326568773424,0.0,0.6412751366879808,0.6412751366879808,-0.0082859618622065,0.0,0.6920509148805926,0.6920509148805926,-0.0150859086799789,0.0,0.5548235294117647,0.5548235294117647,0.0047058823529412,0.0,0.4959268967582335,0.4959268967582335,0.0097550779649828,0.0,minus_site_qwk_spread_high,global_qwk_low;worst_site_qwk_low;mean_abs_error_high;severe_error_rate_high,global_qwk_low;worst_site_qwk_low;mean_abs_error_high,3,True,cross_site_blend_50,0.68772360765853,-0.0023326568773424095,0.4959268967582335,0.009755077964982872,0.6412751366879808,-0.008285961862206537,0.6920509148805926,-0.015085908679978943,0.5548235294117647,0.004705882352941226
results\threshold_shift_panda_all_conservative_25_seed_43\predictions.csv,25,25,43,fedavg,cross_site_blend_50,0.7245069446598131,0.6952637768258507,0.7278015598431683,0.0595743442435383,0.5444705882352942,0.4752056614216659,0.7609411764705882,0.0823529411764705,0.2192941176470588,0.5416470588235294,1.175095418624223,0.7307639556201779,0.0062570109603647,0.7036243352895313,0.0083605584636805,0.7329086523850974,0.005107092541929,0.0482239859979651,-0.0113503582455731,0.5571764705882353,0.0127058823529411,0.4923517503378208,0.0171460889161548,0.7298823529411764,-0.0310588235294118,0.076235294117647,-0.0061176470588235,0.208,-0.0112941176470588,0.5218823529411765,-0.0197647058823529,1.2225802258384997,0.0474848072142763,1,mean_abs_error_high,False,fedavg,0.7245069446598131,0.7307639556201779,0.0,-0.0062570109603647,0.6952637768258507,0.7036243352895313,0.0,-0.0083605584636805,0.7278015598431683,0.7329086523850974,0.0,-0.005107092541929,0.5444705882352942,0.5571764705882353,0.0,-0.0127058823529411,0.4752056614216659,0.4923517503378208,0.0,-0.0171460889161548,minus_site_qwk_spread_high,global_qwk_low;worst_site_qwk_low;mean_abs_error_high;severe_error_rate_high,mean_abs_error_high,1,False,fedavg,0.7245069446598131,0.0,0.4752056614216659,0.0,0.6952637768258507,0.0,0.7278015598431683,0.0,0.5444705882352942,0.0
results\threshold_shift_panda_all_conservative_25_seed_47\predictions.csv,25,25,47,fedavg,cross_site_blend_50,0.6936284049330126,0.6691735749081276,0.7006720430459557,0.0671430749603549,0.5534117647058824,0.4851559264154019,0.7863529411764706,0.0978823529411764,0.2498823529411764,0.5364705882352941,1.203907042244046,0.7106572087915877,0.017028803858575,0.694133245603387,0.0249596706952593,0.7177787627595613,0.0171067197136056,0.0367471391254201,-0.0303959358349348,0.5661176470588235,0.0127058823529411,0.4995890266621112,0.0144331002467092,0.7491764705882353,-0.0371764705882352,0.0894117647058823,-0.0084705882352941,0.2254117647058823,-0.0244705882352941,0.5237647058823529,-0.0127058823529412,1.2128086729436829,0.0089016306996367,3,global_qwk_low;mean_abs_error_high;severe_error_rate_high,True,cross_site_blend_50,0.7106572087915877,0.7106572087915877,0.017028803858575,0.0,0.694133245603387,0.694133245603387,0.0249596706952593,0.0,0.7177787627595613,0.7177787627595613,0.0171067197136056,0.0,0.5661176470588235,0.5661176470588235,0.0127058823529411,0.0,0.4995890266621112,0.4995890266621112,0.0144331002467092,0.0,minus_site_qwk_spread_high,global_qwk_low;worst_site_qwk_low;mean_abs_error_high;severe_error_rate_high,global_qwk_low;mean_abs_error_high;severe_error_rate_high,3,True,cross_site_blend_50,0.7106572087915877,0.01702880385857508,0.4995890266621112,0.014433100246709296,0.694133245603387,0.024959670695259395,0.7177787627595613,0.017106719713605667,0.5661176470588235,0.012705882352941122
results\threshold_shift_panda_all_conservative_25_seed_53\predictions.csv,25,25,53,fedavg,cross_site_blend_50,0.7316496597962019,0.6920345176619945,0.7354807170169702,0.0837986543640098,0.5454117647058824,0.4823338060005934,0.7336470588235294,0.0767058823529411,0.1901176470588235,0.5435294117647059,1.2310987417430597,0.7229713415877923,-0.0086783182084095,0.6593399757389763,-0.0326945419230182,0.727922718917195,-0.0075579980997751,0.1214823750084715,0.0376837206444617,0.5397647058823529,-0.0056470588235294,0.4685537791958584,-0.013780026804735,0.764235294117647,0.0305882352941175,0.0856470588235294,0.0089411764705882,0.2235294117647059,0.0334117647058823,0.5407058823529411,-0.0028235294117647,1.2075136750952251,-0.0235850666478343,0,,False,fedavg,0.7316496597962019,0.7229713415877923,0.0,0.0086783182084095,0.6920345176619945,0.6593399757389763,0.0,0.0326945419230182,0.7354807170169702,0.727922718917195,0.0,0.0075579980997751,0.5454117647058824,0.5397647058823529,0.0,0.0056470588235294,0.4823338060005934,0.4685537791958584,0.0,0.013780026804735,minus_site_qwk_spread_high,global_qwk_low;worst_site_qwk_low;mean_abs_error_high;severe_error_rate_high,,0,False,fedavg,0.7316496597962019,0.0,0.4823338060005934,0.0,0.6920345176619945,0.0,0.7354807170169702,0.0,0.5454117647058824,0.0
results\threshold_shift_panda_all_conservative_25_seed_59\predictions.csv,25,25,59,fedavg,cross_site_blend_50,0.7130305484700741,0.6612079399132254,0.698713381988005,0.082129330752713,0.5477647058823529,0.4751522542118595,0.7656470588235295,0.0837647058823529,0.2268235294117647,0.5388235294117647,1.205636548813257,0.719643867277798,0.0066133188077239,0.6697262220078097,0.0085182820945843,0.7043899558928096,0.0056765739048045,0.0820154074742807,-0.0001139232784322,0.5515294117647059,0.003764705882353,0.4820257199853272,0.0068734657734677,0.7529411764705882,-0.0127058823529412,0.0804705882352941,-0.0032941176470588,0.2437647058823529,0.0169411764705882,0.5091764705882353,-0.0296470588235293,1.228863320739206,0.0232267719259491,2,worst_site_qwk_low;mean_abs_error_high,False,fedavg,0.7130305484700741,0.719643867277798,0.0,-0.0066133188077239,0.6612079399132254,0.6697262220078097,0.0,-0.0085182820945843,0.698713381988005,0.7043899558928096,0.0,-0.0056765739048045,0.5477647058823529,0.5515294117647059,0.0,-0.003764705882353,0.4751522542118595,0.4820257199853272,0.0,-0.0068734657734677,minus_site_qwk_spread_high,global_qwk_low;worst_site_qwk_low;mean_abs_error_high;severe_error_rate_high,worst_site_qwk_low;mean_abs_error_high,2,False,fedavg,0.7130305484700741,0.0,0.4751522542118595,0.0,0.6612079399132254,0.0,0.698713381988005,0.0,0.5477647058823529,0.0
results\threshold_shift_panda_all_conservative_25_seed_7\predictions.csv,25,25,7,fedavg,cross_site_blend_50,0.6997779270476749,0.6417326646399318,0.7003320675905599,0.0868746166503496,0.5458823529411765,0.4716612753115737,0.772235294117647,0.0898823529411764,0.1604705882352941,0.611764705882353,1.206203934723883,0.7082913382042162,0.0085134111565412,0.6875498993370899,0.045817234697158,0.7133127869348994,0.0129807193443395,0.0590436693205357,-0.0278309473298139,0.563764705882353,0.0178823529411764,0.4971004508642561,0.0254391755526823,0.7407058823529412,-0.0315294117647058,0.0832941176470588,-0.0065882352941176,0.2061176470588235,0.0456470588235294,0.5345882352941177,-0.0771764705882352,1.2364279175971007,0.0302239828732173,4,global_qwk_low;worst_site_qwk_low;mean_abs_error_high;severe_error_rate_high,True,cross_site_blend_50,0.7082913382042162,0.7082913382042162,0.0085134111565412,0.0,0.6875498993370899,0.6875498993370899,0.045817234697158,0.0,0.7133127869348994,0.7133127869348994,0.0129807193443395,0.0,0.563764705882353,0.563764705882353,0.0178823529411764,0.0,0.4971004508642561,0.4971004508642561,0.0254391755526823,0.0,minus_site_qwk_spread_high,global_qwk_low;worst_site_qwk_low;mean_abs_error_high;severe_error_rate_high,global_qwk_low;worst_site_qwk_low;mean_abs_error_high;severe_error_rate_high,4,True,cross_site_blend_50,0.7082913382042162,0.00851341115654125,0.4971004508642561,0.02543917555268238,0.6875498993370899,0.04581723469715804,0.7133127869348994,0.01298071934433953,0.563764705882353,0.01788235294117646
results\threshold_shift_panda_all_conservative_35_seed_11\predictions.csv,35,35,11,fedavg,cross_site_blend_50,0.7241025289932075,0.7041524030739115,0.7285246757959772,0.055110935899844,0.5336470588235294,0.4603222076775293,0.7444705882352941,0.0738823529411764,0.1425882352941176,0.6018823529411764,1.2194319461014094,0.7286098049351841,0.0045072759419766,0.7048289401573158,0.0006765370834043,0.7390256683110602,0.0105009925150829,0.0540562108771789,-0.0010547250226651,0.5458823529411765,0.0122352941176471,0.4730708481708514,0.012748640493322,0.7341176470588235,-0.0103529411764705,0.0743529411764706,0.0004705882352941,0.1854117647058823,0.0428235294117647,0.5487058823529412,-0.0531764705882352,1.2251364001053593,0.0057044540039499,0,,False,fedavg,0.7241025289932075,0.7286098049351841,0.0,-0.0045072759419766,0.7041524030739115,0.7048289401573158,0.0,-0.0006765370834043,0.7285246757959772,0.7390256683110602,0.0,-0.0105009925150829,0.5336470588235294,0.5458823529411765,0.0,-0.0122352941176471,0.4603222076775293,0.4730708481708514,0.0,-0.012748640493322,minus_site_qwk_spread_high,global_qwk_low;worst_site_qwk_low;mean_abs_error_high;severe_error_rate_high,,0,False,fedavg,0.7241025289932075,0.0,0.4603222076775293,0.0,0.7041524030739115,0.0,0.7285246757959772,0.0,0.5336470588235294,0.0
results\threshold_shift_panda_all_conservative_35_seed_123\predictions.csv,35,35,123,fedavg,cross_site_blend_50,0.7008120381304861,0.6415110661876857,0.697531397710042,0.0982795917259411,0.532235294117647,0.4574705593495003,0.7849411764705883,0.0875294117647058,0.2009411764705882,0.584,1.2611656449015984,0.7269069025420316,0.0260948644115455,0.6794004503871789,0.0378893841994931,0.7237739253622082,0.0262425276521661,0.0901034617497356,-0.0081761299762055,0.5444705882352942,0.0122352941176471,0.4786428584290986,0.0211722990795983,0.7501176470588236,-0.0348235294117647,0.0776470588235294,-0.0098823529411764,0.2592941176470588,0.0583529411764706,0.4908235294117647,-0.0931764705882352,1.2286715096175744,-0.032494135284024,4,global_qwk_low;worst_site_qwk_low;mean_abs_error_high;severe_error_rate_high,True,cross_site_blend_50,0.7269069025420316,0.7269069025420316,0.0260948644115455,0.0,0.6794004503871789,0.6794004503871789,0.0378893841994931,0.0,0.7237739253622082,0.7237739253622082,0.0262425276521661,0.0,0.5444705882352942,0.5444705882352942,0.0122352941176471,0.0,0.4786428584290986,0.4786428584290986,0.0211722990795983,0.0,minus_site_qwk_spread_high,global_qwk_low;worst_site_qwk_low;mean_abs_error_high;severe_error_rate_high,global_qwk_low;worst_site_qwk_low;mean_abs_error_high;severe_error_rate_high,4,True,cross_site_blend_50,0.7269069025420316,0.026094864411545515,0.4786428584290986,0.021172299079598278,0.6794004503871789,0.03788938419949317,0.7237739253622082,0.02624252765216617,0.5444705882352942,0.012235294117647122
results\threshold_shift_panda_all_conservative_35_seed_17\predictions.csv,35,35,17,fedavg,cross_site_blend_50,0.7156175045507729,0.662600406948435,0.6983166532576419,0.0911840083457815,0.5256470588235295,0.4553905734474262,0.7731764705882352,0.0767058823529411,0.1797647058823529,0.5934117647058823,1.238334154748132,0.7108784951497062,-0.0047390094010666,0.6478945756677357,-0.0147058312806993,0.6950529756936927,-0.0032636775639491,0.0984968352422668,0.0073128268964852,0.5407058823529411,0.0150588235294116,0.4738092183773791,0.0184186449299529,0.7576470588235295,-0.0155294117647057,0.0767058823529411,0.0,0.1614117647058823,-0.0183529411764705,0.5962352941176471,0.0028235294117647,1.2314981011120003,-0.0068360536361318,2,worst_site_qwk_low;mean_abs_error_high,False,fedavg,0.7156175045507729,0.7108784951497062,0.0,0.0047390094010666,0.662600406948435,0.6478945756677357,0.0,0.0147058312806993,0.6983166532576419,0.6950529756936927,0.0,0.0032636775639491,0.5256470588235295,0.5407058823529411,0.0,-0.0150588235294116,0.4553905734474262,0.4738092183773791,0.0,-0.0184186449299529,minus_site_qwk_spread_high,global_qwk_low;worst_site_qwk_low;mean_abs_error_high;severe_error_rate_high,worst_site_qwk_low;mean_abs_error_high,2,False,fedavg,0.7156175045507729,0.0,0.4553905734474262,0.0,0.662600406948435,0.0,0.6983166532576419,0.0,0.5256470588235295,0.0
results\threshold_shift_panda_all_conservative_35_seed_2025\predictions.csv,35,35,2025,fedavg,cross_site_blend_50,0.6807281930157466,0.6555318322663316,0.6810694037359211,0.043317625483436,0.5289411764705882,0.4536186046377839,0.8103529411764706,0.0978823529411764,0.216,0.5943529411764706,1.221732048158023,0.6843497880677879,0.0036215950520412,0.6713782370321215,0.0158464047657899,0.6886384962515921,0.007569092515671,0.0564340284703003,0.0131164029868642,0.5392941176470588,0.0103529411764705,0.4562819945143608,0.0026633898765768,0.7995294117647059,-0.0108235294117646,0.096,-0.0018823529411764,0.2367058823529411,0.0207058823529411,0.5628235294117647,-0.0315294117647059,1.2331664369495556,0.0114343887915326,4,global_qwk_low;worst_site_qwk_low;mean_abs_error_high;severe_error_rate_high,True,cross_site_blend_50,0.6843497880677879,0.6843497880677879,0.0036215950520412,0.0,0.6713782370321215,0.6713782370321215,0.0158464047657899,0.0,0.6886384962515921,0.6886384962515921,0.007569092515671,0.0,0.5392941176470588,0.5392941176470588,0.0103529411764705,0.0,0.4562819945143608,0.4562819945143608,0.0026633898765768,0.0,minus_site_qwk_spread_high,global_qwk_low;worst_site_qwk_low;mean_abs_error_high;severe_error_rate_high,global_qwk_low;worst_site_qwk_low;mean_abs_error_high;severe_error_rate_high,4,True,cross_site_blend_50,0.6843497880677879,0.003621595052041293,0.4562819945143608,0.0026633898765768826,0.6713782370321215,0.015846404765789912,0.6886384962515921,0.007569092515671061,0.5392941176470588,0.010352941176470565
results\threshold_shift_panda_all_conservative_35_seed_23\predictions.csv,35,35,23,fedavg,cross_site_blend_50,0.6817054931979193,0.6489528417707806,0.6975572303865987,0.119148092428158,0.5284705882352941,0.450867585684515,0.808,0.0931764705882352,0.1769411764705882,0.6310588235294118,1.1892046987633955,0.6817857870178419,8.029381992258333e-05,0.6388311572868921,-0.0101216844838885,0.7033775320945139,0.0058203017079152,0.1359653259433261,0.016817233515168,0.5369411764705883,0.0084705882352941,0.4639569043661534,0.0130893186816383,0.8032941176470588,-0.0047058823529412,0.0988235294117647,0.0056470588235294,0.1830588235294117,0.0061176470588235,0.6202352941176471,-0.0108235294117646,1.1863130684906258,-0.0028916302727697,5,global_qwk_low;worst_site_qwk_low;site_qwk_spread_high;mean_abs_error_high;severe_error_rate_high,True,cross_site_blend_50,0.6817857870178419,0.6817857870178419,8.029381992258333e-05,0.0,0.6388311572868921,0.6388311572868921,-0.0101216844838885,0.0,0.7033775320945139,0.7033775320945139,0.0058203017079152,0.0,0.5369411764705883,0.5369411764705883,0.0084705882352941,0.0,0.4639569043661534,0.4639569043661534,0.0130893186816383,0.0,minus_site_qwk_spread_high,global_qwk_low;worst_site_qwk_low;mean_abs_error_high;severe_error_rate_high,global_qwk_low;worst_site_qwk_low;mean_abs_error_high;severe_error_rate_high,4,True,cross_site_blend_50,0.6817857870178419,8.029381992258333e-05,0.4639569043661534,0.013089318681638373,0.6388311572868921,-0.010121684483888505,0.7033775320945139,0.005820301707915254,0.5369411764705883,0.008470588235294119
results\threshold_shift_panda_all_conservative_35_seed_29\predictions.csv,35,35,29,fedavg,cross_site_blend_50,0.7097904464951998,0.6662235221129132,0.7027673894900931,0.0632234981290861,0.540235294117647,0.4686042926591569,0.7694117647058824,0.0847058823529411,0.1727058823529411,0.5967058823529412,1.1890188545410898,0.7115535846956935,0.0017631382004936,0.6521589565004311,-0.0140645656124821,0.7032466256615588,0.0004792361714657,0.087725917623988,0.0245024194949019,0.552,0.011764705882353,0.4828868782856773,0.0142825856265204,0.7524705882352941,-0.0169411764705882,0.0832941176470588,-0.0014117647058823,0.1934117647058823,0.0207058823529411,0.5590588235294117,-0.0376470588235294,1.2192419668339496,0.0302231122928597,2,worst_site_qwk_low;mean_abs_error_high,False,fedavg,0.7097904464951998,0.7115535846956935,0.0,-0.0017631382004936,0.6662235221129132,0.6521589565004311,0.0,0.0140645656124821,0.7027673894900931,0.7032466256615588,0.0,-0.0004792361714657,0.540235294117647,0.552,0.0,-0.011764705882353,0.4686042926591569,0.4828868782856773,0.0,-0.0142825856265204,minus_site_qwk_spread_high,global_qwk_low;worst_site_qwk_low;mean_abs_error_high;severe_error_rate_high,worst_site_qwk_low;mean_abs_error_high,2,False,fedavg,0.7097904464951998,0.0,0.4686042926591569,0.0,0.6662235221129132,0.0,0.7027673894900931,0.0,0.540235294117647,0.0
results\threshold_shift_panda_all_conservative_35_seed_31\predictions.csv,35,35,31,fedavg,cross_site_blend_50,0.7007418973821561,0.6567343710782665,0.7054236189010938,0.0785465680739873,0.5303529411764706,0.4586274484143005,0.7637647058823529,0.0804705882352941,0.1778823529411764,0.5858823529411765,1.232779963720776,0.6984447992506222,-0.0022970981315338,0.6721370521131433,0.0154026810348768,0.7097259210937535,0.0043023021926597,0.0575256745329062,-0.021020893541081,0.5312941176470588,0.0009411764705882,0.4613398371291848,0.0027123887148843,0.7905882352941176,0.0268235294117646,0.0884705882352941,0.008,0.236235294117647,0.0583529411764706,0.5543529411764706,-0.0315294117647059,1.2149405922160483,-0.0178393715047278,3,global_qwk_low;worst_site_qwk_low;mean_abs_error_high,True,cross_site_blend_50,0.6984447992506222,0.6984447992506222,-0.0022970981315338,0.0,0.6721370521131433,0.6721370521131433,0.0154026810348768,0.0,0.7097259210937535,0.7097259210937535,0.0043023021926597,0.0,0.5312941176470588,0.5312941176470588,0.0009411764705882,0.0,0.4613398371291848,0.4613398371291848,0.0027123887148843,0.0,minus_site_qwk_spread_high,global_qwk_low;worst_site_qwk_low;mean_abs_error_high;severe_error_rate_high,global_qwk_low;worst_site_qwk_low;mean_abs_error_high,3,True,cross_site_blend_50,0.6984447992506222,-0.0022970981315338923,0.4613398371291848,0.0027123887148843284,0.6721370521131433,0.015402681034876853,0.7097259210937535,0.004302302192659702,0.5312941176470588,0.0009411764705882231
results\threshold_shift_panda_all_conservative_35_seed_37\predictions.csv,35,35,37,fedavg,cross_site_blend_50,0.6881570111379685,0.6753917200032407,0.6931063763738259,0.0480626294431818,0.5374117647058824,0.4783017867321298,0.780235294117647,0.0894117647058823,0.168,0.6122352941176471,1.1881799999568676,0.7088559872909906,0.0206989761530221,0.7005886411526676,0.0251969211494269,0.7091999311672879,0.0160935547934619,0.0179046574244339,-0.0301579720187479,0.5501176470588235,0.0127058823529411,0.4807607288988407,0.0024589421667108,0.7614117647058823,-0.0188235294117646,0.0875294117647058,-0.0018823529411764,0.1981176470588235,0.0301176470588235,0.5632941176470588,-0.0489411764705882,1.2618641650555706,0.073684165098703,3,global_qwk_low;mean_abs_error_high;severe_error_rate_high,True,cross_site_blend_50,0.7088559872909906,0.7088559872909906,0.0206989761530221,0.0,0.7005886411526676,0.7005886411526676,0.0251969211494269,0.0,0.7091999311672879,0.7091999311672879,0.0160935547934619,0.0,0.5501176470588235,0.5501176470588235,0.0127058823529411,0.0,0.4807607288988407,0.4807607288988407,0.0024589421667108,0.0,minus_site_qwk_spread_high,global_qwk_low;worst_site_qwk_low;mean_abs_error_high;severe_error_rate_high,global_qwk_low;mean_abs_error_high;severe_error_rate_high,3,True,cross_site_blend_50,0.7088559872909906,0.020698976153022186,0.4807607288988407,0.002458942166710887,0.7005886411526676,0.025196921149426954,0.7091999311672879,0.016093554793461973,0.5501176470588235,0.012705882352941122
results\threshold_shift_panda_all_conservative_35_seed_41\predictions.csv,35,35,41,fedavg,cross_site_blend_50,0.7113097901595187,0.6734327929995696,0.7237520313373309,0.121717904643702,0.5463529411764706,0.4799819319597888,0.7548235294117647,0.0776470588235294,0.1811764705882353,0.5736470588235294,1.2056767326949895,0.719471196172685,0.0081614060131662,0.6730135092011488,-0.0004192837984208,0.7303581616493352,0.0066061303120042,0.1303923017539611,0.008674397110259,0.5416470588235294,-0.0047058823529412,0.4637752881006425,-0.0162066438591463,0.7534117647058823,-0.0014117647058823,0.0776470588235294,0.0,0.1952941176470588,0.0141176470588235,0.5581176470588235,-0.0155294117647059,1.2143684094040363,0.0086916767090468,2,site_qwk_spread_high;mean_abs_error_high,False,fedavg,0.7113097901595187,0.719471196172685,0.0,-0.0081614060131662,0.6734327929995696,0.6730135092011488,0.0,0.0004192837984208,0.7237520313373309,0.7303581616493352,0.0,-0.0066061303120042,0.5463529411764706,0.5416470588235294,0.0,0.0047058823529412,0.4799819319597888,0.4637752881006425,0.0,0.0162066438591463,minus_site_qwk_spread_high,global_qwk_low;worst_site_qwk_low;mean_abs_error_high;severe_error_rate_high,mean_abs_error_high,1,False,fedavg,0.7113097901595187,0.0,0.4799819319597888,0.0,0.6734327929995696,0.0,0.7237520313373309,0.0,0.5463529411764706,0.0
results\threshold_shift_panda_all_conservative_35_seed_42\predictions.csv,35,35,42,fedavg,cross_site_blend_50,0.6756849335913802,0.6353615299085036,0.6925201467229715,0.1310682876157862,0.536,0.4644619166746092,0.792,0.0894117647058823,0.1543529411764705,0.6376470588235295,1.224289945414343,0.6894884384239218,0.0138035048325416,0.6669725170550318,0.0316109871465282,0.6993536527466236,0.0068335060236521,0.0618142421004909,-0.0692540455152953,0.5510588235294117,0.0150588235294116,0.4887452064509185,0.0242832897763093,0.768,-0.024,0.0894117647058823,0.0,0.1741176470588235,0.0197647058823529,0.5938823529411764,-0.043764705882353,1.210178393635258,-0.014111551779085,5,global_qwk_low;worst_site_qwk_low;site_qwk_spread_high;mean_abs_error_high;severe_error_rate_high,True,cross_site_blend_50,0.6894884384239218,0.6894884384239218,0.0138035048325416,0.0,0.6669725170550318,0.6669725170550318,0.0316109871465282,0.0,0.6993536527466236,0.6993536527466236,0.0068335060236521,0.0,0.5510588235294117,0.5510588235294117,0.0150588235294116,0.0,0.4887452064509185,0.4887452064509185,0.0242832897763093,0.0,minus_site_qwk_spread_high,global_qwk_low;worst_site_qwk_low;mean_abs_error_high;severe_error_rate_high,global_qwk_low;worst_site_qwk_low;mean_abs_error_high;severe_error_rate_high,4,True,cross_site_blend_50,0.6894884384239218,0.013803504832541669,0.4887452064509185,0.024283289776309336,0.6669725170550318,0.03161098714652821,0.6993536527466236,0.0068335060236521805,0.5510588235294117,0.01505882352941168
results\threshold_shift_panda_all_conservative_35_seed_43\predictions.csv,35,35,43,fedavg,cross_site_blend_50,0.7243710362103042,0.6957735339954874,0.7233928968414869,0.0581241993214474,0.5411764705882353,0.4743099103943904,0.7548235294117647,0.0776470588235294,0.1849411764705882,0.5698823529411765,1.19096471275959,0.727587704567845,0.0032166683575408,0.7141744782952756,0.0184009442997882,0.7280030301481822,0.0046101333066953,0.024354381203459,-0.0337698181179884,0.5576470588235294,0.0164705882352941,0.4963415130623081,0.0220316026679177,0.728,-0.0268235294117646,0.0757647058823529,-0.0018823529411764,0.1863529411764705,0.0014117647058823,0.5416470588235294,-0.0282352941176471,1.253319658952319,0.062354946192729,1,mean_abs_error_high,False,fedavg,0.7243710362103042,0.727587704567845,0.0,-0.0032166683575408,0.6957735339954874,0.7141744782952756,0.0,-0.0184009442997882,0.7233928968414869,0.7280030301481822,0.0,-0.0046101333066953,0.5411764705882353,0.5576470588235294,0.0,-0.0164705882352941,0.4743099103943904,0.4963415130623081,0.0,-0.0220316026679177,minus_site_qwk_spread_high,global_qwk_low;worst_site_qwk_low;mean_abs_error_high;severe_error_rate_high,mean_abs_error_high,1,False,fedavg,0.7243710362103042,0.0,0.4743099103943904,0.0,0.6957735339954874,0.0,0.7233928968414869,0.0,0.5411764705882353,0.0
results\threshold_shift_panda_all_conservative_35_seed_47\predictions.csv,35,35,47,fedavg,cross_site_blend_50,0.6921737812192412,0.6538064261416063,0.7020314672875764,0.0848993069725201,0.5298823529411765,0.4594810361790215,0.8004705882352942,0.0941176470588235,0.2254117647058823,0.5750588235294117,1.2166343312159058,0.6985148818152267,0.0063411005959854,0.6806512543888461,0.0268448282472397,0.7065425962205635,0.0045111289329871,0.0411207590642284,-0.0437785479082917,0.5538823529411765,0.024,0.4823224745876996,0.0228414384086781,0.772235294117647,-0.0282352941176471,0.0889411764705882,-0.0051764705882352,0.2188235294117647,-0.0065882352941176,0.5534117647058824,-0.0216470588235293,1.2207361889290396,0.0041018577131337,4,global_qwk_low;worst_site_qwk_low;mean_abs_error_high;severe_error_rate_high,True,cross_site_blend_50,0.6985148818152267,0.6985148818152267,0.0063411005959854,0.0,0.6806512543888461,0.6806512543888461,0.0268448282472397,0.0,0.7065425962205635,0.7065425962205635,0.0045111289329871,0.0,0.5538823529411765,0.5538823529411765,0.024,0.0,0.4823224745876996,0.4823224745876996,0.0228414384086781,0.0,minus_site_qwk_spread_high,global_qwk_low;worst_site_qwk_low;mean_abs_error_high;severe_error_rate_high,global_qwk_low;worst_site_qwk_low;mean_abs_error_high;severe_error_rate_high,4,True,cross_site_blend_50,0.6985148818152267,0.006341100595985472,0.4823224745876996,0.02284143840867814,0.6806512543888461,0.02684482824723977,0.7065425962205635,0.004511128932987107,0.5538823529411765,0.02400000000000002
results\threshold_shift_panda_all_conservative_35_seed_53\predictions.csv,35,35,53,fedavg,cross_site_blend_50,0.7220044444993801,0.6893711996389367,0.7283130832458101,0.0732320067083412,0.5416470588235294,0.475308711273759,0.7501176470588236,0.0814117647058823,0.1745882352941176,0.5755294117647058,1.2470530666116162,0.717561349932142,-0.004443094567238,0.6569645223976546,-0.0324066772412821,0.722569893267072,-0.0057431899787381,0.1146446391528314,0.0414126324444901,0.5284705882352941,-0.0131764705882352,0.450925928543104,-0.024382782730655,0.7821176470588236,0.032,0.0865882352941176,0.0051764705882352,0.2136470588235294,0.0390588235294117,0.5684705882352942,-0.0070588235294116,1.213103565384407,-0.0339495012272093,1,mean_abs_error_high,False,fedavg,0.7220044444993801,0.717561349932142,0.0,0.004443094567238,0.6893711996389367,0.6569645223976546,0.0,0.0324066772412821,0.7283130832458101,0.722569893267072,0.0,0.0057431899787381,0.5416470588235294,0.5284705882352941,0.0,0.0131764705882352,0.475308711273759,0.450925928543104,0.0,0.024382782730655,minus_site_qwk_spread_high,global_qwk_low;worst_site_qwk_low;mean_abs_error_high;severe_error_rate_high,mean_abs_error_high,1,False,fedavg,0.7220044444993801,0.0,0.475308711273759,0.0,0.6893711996389367,0.0,0.7283130832458101,0.0,0.5416470588235294,0.0
results\threshold_shift_panda_all_conservative_35_seed_59\predictions.csv,35,35,59,fedavg,cross_site_blend_50,0.7100777412130561,0.6429990356369907,0.6901337869423715,0.105887289059677,0.5435294117647059,0.471341301659099,0.7717647058823529,0.0851764705882353,0.1952941176470588,0.5764705882352941,1.2240254947685616,0.7116016939956201,0.001523952782564,0.6370567174716034,-0.0059423181653872,0.6934241099992058,0.0032903230568342,0.1132789288326377,0.0073916397729607,0.5534117647058824,0.0098823529411764,0.4825955569744076,0.0112542553153086,0.7604705882352941,-0.0112941176470587,0.0818823529411764,-0.0032941176470588,0.2141176470588235,0.0188235294117647,0.5463529411764706,-0.0301176470588234,1.238746797482302,0.0147213027137405,3,worst_site_qwk_low;site_qwk_spread_high;mean_abs_error_high,True,cross_site_blend_50,0.7116016939956201,0.7116016939956201,0.001523952782564,0.0,0.6370567174716034,0.6370567174716034,-0.0059423181653872,0.0,0.6934241099992058,0.6934241099992058,0.0032903230568342,0.0,0.5534117647058824,0.5534117647058824,0.0098823529411764,0.0,0.4825955569744076,0.4825955569744076,0.0112542553153086,0.0,minus_site_qwk_spread_high,global_qwk_low;worst_site_qwk_low;mean_abs_error_high;severe_error_rate_high,worst_site_qwk_low;mean_abs_error_high,2,False,fedavg,0.7100777412130561,0.0,0.471341301659099,0.0,0.6429990356369907,0.0,0.6901337869423715,0.0,0.5435294117647059,0.0
results\threshold_shift_panda_all_conservative_35_seed_7\predictions.csv,35,35,7,fedavg,cross_site_blend_50,0.6942774894031114,0.6443874347078955,0.6975829421396949,0.0858773052027235,0.5374117647058824,0.4603144780205284,0.7849411764705883,0.0903529411764706,0.1552941176470588,0.6296470588235294,1.2142426451106132,0.7056756010856606,0.0113981116825492,0.6562957385838117,0.0119083038759162,0.7117153467248711,0.0141324045851762,0.1079768212688585,0.022099516066135,0.5529411764705883,0.0155294117647059,0.4856018793440087,0.0252874013234802,0.7529411764705882,-0.032,0.0870588235294117,-0.0032941176470588,0.1868235294117647,0.0315294117647058,0.5661176470588235,-0.0635294117647059,1.2264807032274183,0.0122380581168053,4,global_qwk_low;worst_site_qwk_low;mean_abs_error_high;severe_error_rate_high,True,cross_site_blend_50,0.7056756010856606,0.7056756010856606,0.0113981116825492,0.0,0.6562957385838117,0.6562957385838117,0.0119083038759162,0.0,0.7117153467248711,0.7117153467248711,0.0141324045851762,0.0,0.5529411764705883,0.5529411764705883,0.0155294117647059,0.0,0.4856018793440087,0.4856018793440087,0.0252874013234802,0.0,minus_site_qwk_spread_high,global_qwk_low;worst_site_qwk_low;mean_abs_error_high;severe_error_rate_high,global_qwk_low;worst_site_qwk_low;mean_abs_error_high;severe_error_rate_high,4,True,cross_site_blend_50,0.7056756010856606,0.011398111682549228,0.4856018793440087,0.02528740132348034,0.6562957385838117,0.011908303875916237,0.7117153467248711,0.014132404585176284,0.5529411764705883,0.015529411764705903
results\threshold_shift_panda_all_conservative_45_seed_11\predictions.csv,45,45,11,fedavg,cross_site_blend_50,0.7186645880399637,0.6983115957788266,0.7269082996176406,0.0565871762874488,0.5256470588235295,0.4458322751590808,0.7581176470588236,0.0705882352941176,0.1327058823529411,0.6254117647058823,1.2047639969635384,0.7279402531602377,0.009275665120274,0.6982601754864977,-5.142029232896306e-05,0.7413890565436128,0.0144807569259721,0.0733651753637983,0.0167779990763495,0.5491764705882353,0.0235294117647058,0.4756956220330177,0.0298633468739368,0.7265882352941176,-0.0315294117647059,0.0752941176470588,0.0047058823529411,0.1656470588235294,0.0329411764705882,0.5609411764705883,-0.064470588235294,1.228324298388084,0.0235603014245455,1,mean_abs_error_high,False,fedavg,0.7186645880399637,0.7279402531602377,0.0,-0.009275665120274,0.6983115957788266,0.6982601754864977,0.0,5.142029232896306e-05,0.7269082996176406,0.7413890565436128,0.0,-0.0144807569259721,0.5256470588235295,0.5491764705882353,0.0,-0.0235294117647058,0.4458322751590808,0.4756956220330177,0.0,-0.0298633468739368,minus_site_qwk_spread_high,global_qwk_low;worst_site_qwk_low;mean_abs_error_high;severe_error_rate_high,mean_abs_error_high,1,False,fedavg,0.7186645880399637,0.0,0.4458322751590808,0.0,0.6983115957788266,0.0,0.7269082996176406,0.0,0.5256470588235295,0.0
results\threshold_shift_panda_all_conservative_45_seed_123\predictions.csv,45,45,123,fedavg,cross_site_blend_50,0.6842525827854697,0.6443909272024675,0.6827482723486302,0.0739910587963851,0.512,0.4354754690015998,0.8084705882352942,0.0912941176470588,0.1647058823529411,0.6437647058823529,1.25651402768541,0.7276041522412715,0.0433515694558017,0.6793432674370103,0.0349523402345428,0.7197759974251865,0.0370277250765562,0.0794422259562985,0.0054511671599134,0.5421176470588235,0.0301176470588234,0.4722981845450189,0.036822715543419,0.7463529411764706,-0.0621176470588236,0.0767058823529411,-0.0145882352941176,0.2381176470588235,0.0734117647058823,0.508235294117647,-0.1355294117647059,1.2447748699019268,-0.0117391577834833,4,global_qwk_low;worst_site_qwk_low;mean_abs_error_high;severe_error_rate_high,True,cross_site_blend_50,0.7276041522412715,0.7276041522412715,0.0433515694558017,0.0,0.6793432674370103,0.6793432674370103,0.0349523402345428,0.0,0.7197759974251865,0.7197759974251865,0.0370277250765562,0.0,0.5421176470588235,0.5421176470588235,0.0301176470588234,0.0,0.4722981845450189,0.4722981845450189,0.036822715543419,0.0,minus_site_qwk_spread_high,global_qwk_low;worst_site_qwk_low;mean_abs_error_high;severe_error_rate_high,global_qwk_low;worst_site_qwk_low;mean_abs_error_high;severe_error_rate_high,4,True,cross_site_blend_50,0.7276041522412715,0.043351569455801764,0.4722981845450189,0.03682271554341909,0.6793432674370103,0.034952340234542856,0.7197759974251865,0.03702772507655627,0.5421176470588235,0.03011764705882347
results\threshold_shift_panda_all_conservative_45_seed_17\predictions.csv,45,45,17,fedavg,cross_site_blend_50,0.7047611051305348,0.645220573180699,0.6905945451901226,0.0909757587087569,0.5129411764705882,0.4388248410063545,0.7943529411764706,0.0781176470588235,0.1477647058823529,0.6465882352941177,1.2398184894957895,0.7077247854813571,0.0029636803508222,0.6417517990615361,-0.0034687741191629,0.6917447783051633,0.0011502331150406,0.1018123133312761,0.0108365546225192,0.5289411764705882,0.016,0.4601461090491274,0.0213212680427729,0.7684705882352941,-0.0258823529411764,0.0785882352941176,0.0004705882352941,0.1609411764705882,0.0131764705882352,0.6075294117647059,-0.0390588235294118,1.2388539655751256,-0.0009645239206639,2,worst_site_qwk_low;mean_abs_error_high,False,fedavg,0.7047611051305348,0.7077247854813571,0.0,-0.0029636803508222,0.645220573180699,0.6417517990615361,0.0,0.0034687741191629,0.6905945451901226,0.6917447783051633,0.0,-0.0011502331150406,0.5129411764705882,0.5289411764705882,0.0,-0.016,0.4388248410063545,0.4601461090491274,0.0,-0.0213212680427729,minus_site_qwk_spread_high,global_qwk_low;worst_site_qwk_low;mean_abs_error_high;severe_error_rate_high,worst_site_qwk_low;mean_abs_error_high,2,False,fedavg,0.7047611051305348,0.0,0.4388248410063545,0.0,0.645220573180699,0.0,0.6905945451901226,0.0,0.5129411764705882,0.0
results\threshold_shift_panda_all_conservative_45_seed_2025\predictions.csv,45,45,2025,fedavg,cross_site_blend_50,0.6513178987545161,0.6357395844743857,0.6550728682482759,0.0617910715279269,0.512,0.4213510266509179,0.8465882352941176,0.1021176470588235,0.1689411764705882,0.6776470588235294,1.2398197962944426,0.6916847406111084,0.0403668418565923,0.6475384686313133,0.0117988841569275,0.6929907323339558,0.0379178640856798,0.0791388873452907,0.0173478158173637,0.5251764705882352,0.0131764705882352,0.4405144881551974,0.0191634615042795,0.7995294117647059,-0.0470588235294117,0.0908235294117647,-0.0112941176470588,0.2188235294117647,0.0498823529411764,0.5807058823529412,-0.0969411764705882,1.2347401108882392,-0.0050796854062034,4,global_qwk_low;worst_site_qwk_low;mean_abs_error_high;severe_error_rate_high,True,cross_site_blend_50,0.6916847406111084,0.6916847406111084,0.0403668418565923,0.0,0.6475384686313133,0.6475384686313133,0.0117988841569275,0.0,0.6929907323339558,0.6929907323339558,0.0379178640856798,0.0,0.5251764705882352,0.5251764705882352,0.0131764705882352,0.0,0.4405144881551974,0.4405144881551974,0.0191634615042795,0.0,minus_site_qwk_spread_high,global_qwk_low;worst_site_qwk_low;mean_abs_error_high;severe_error_rate_high,global_qwk_low;worst_site_qwk_low;mean_abs_error_high;severe_error_rate_high,4,True,cross_site_blend_50,0.6916847406111084,0.04036684185659234,0.4405144881551974,0.0191634615042795,0.6475384686313133,0.011798884156927536,0.6929907323339558,0.037917864085679875,0.5251764705882352,0.013176470588235234
results\threshold_shift_panda_all_conservative_45_seed_23\predictions.csv,45,45,23,fedavg,cross_site_blend_50,0.6689702161873159,0.6278285098051922,0.6892648974635475,0.1249900734371944,0.5256470588235295,0.4501728064200315,0.8169411764705883,0.0974117647058823,0.1487058823529412,0.668235294117647,1.223265605185007,0.6811832732447068,0.0122130570573909,0.6330609816469177,0.0052324718417254,0.7044609882881547,0.0151960908246072,0.1447019826986322,0.0197119092614377,0.5383529411764706,0.0127058823529411,0.4677176487867743,0.0175448423667428,0.7981176470588235,-0.0188235294117647,0.0974117647058823,0.0,0.1632941176470588,0.0145882352941176,0.6348235294117647,-0.0334117647058823,1.1950156635017095,-0.0282499416832973,5,global_qwk_low;worst_site_qwk_low;site_qwk_spread_high;mean_abs_error_high;severe_error_rate_high,True,cross_site_blend_50,0.6811832732447068,0.6811832732447068,0.0122130570573909,0.0,0.6330609816469177,0.6330609816469177,0.0052324718417254,0.0,0.7044609882881547,0.7044609882881547,0.0151960908246072,0.0,0.5383529411764706,0.5383529411764706,0.0127058823529411,0.0,0.4677176487867743,0.4677176487867743,0.0175448423667428,0.0,minus_site_qwk_spread_high,global_qwk_low;worst_site_qwk_low;mean_abs_error_high;severe_error_rate_high,global_qwk_low;worst_site_qwk_low;mean_abs_error_high;severe_error_rate_high,4,True,cross_site_blend_50,0.6811832732447068,0.012213057057390952,0.4677176487867743,0.017544842366742808,0.6330609816469177,0.005232471841725483,0.7044609882881547,0.015196090824607267,0.5383529411764706,0.012705882352941122
results\threshold_shift_panda_all_conservative_45_seed_29\predictions.csv,45,45,29,fedavg,cross_site_blend_50,0.7027122701678348,0.6593035575542109,0.6983248374194991,0.0674032162340082,0.5218823529411765,0.4494435876297903,0.7905882352941176,0.088,0.1576470588235294,0.6329411764705882,1.196903554445906,0.7083737182341829,0.0056614480663481,0.6553674973311827,-0.0039360602230281,0.7033051263106922,0.004980288891193,0.0885817534051347,0.0211785371711265,0.5468235294117647,0.0249411764705882,0.4791428742323236,0.0296992866025332,0.7585882352941177,-0.0319999999999999,0.084235294117647,-0.0037647058823529,0.1830588235294117,0.0254117647058823,0.5755294117647058,-0.0574117647058823,1.2174418629639214,0.0205383085180153,4,global_qwk_low;worst_site_qwk_low;mean_abs_error_high;severe_error_rate_high,True,cross_site_blend_50,0.7083737182341829,0.7083737182341829,0.0056614480663481,0.0,0.6553674973311827,0.6553674973311827,-0.0039360602230281,0.0,0.7033051263106922,0.7033051263106922,0.004980288891193,0.0,0.5468235294117647,0.5468235294117647,0.0249411764705882,0.0,0.4791428742323236,0.4791428742323236,0.0296992866025332,0.0,minus_site_qwk_spread_high,global_qwk_low;worst_site_qwk_low;mean_abs_error_high;severe_error_rate_high,global_qwk_low;worst_site_qwk_low;mean_abs_error_high;severe_error_rate_high,4,True,cross_site_blend_50,0.7083737182341829,0.0056614480663481626,0.4791428742323236,0.029699286602533292,0.6553674973311827,-0.0039360602230281705,0.7033051263106922,0.004980288891193063,0.5468235294117647,0.024941176470588244
results\threshold_shift_panda_all_conservative_45_seed_31\predictions.csv,45,45,31,fedavg,cross_site_blend_50,0.6907445542033991,0.6478213865592243,0.697022671132488,0.0990737087116392,0.5209411764705882,0.4467296226169241,0.7783529411764706,0.0809411764705882,0.156235294117647,0.6221176470588236,1.241704937493638,0.7010929147350812,0.010348360531682,0.6782066835699941,0.0303852970107698,0.7110580444059729,0.0140353732734849,0.063455555044703,-0.0356181536669362,0.5378823529411765,0.0169411764705882,0.4778400687043871,0.031110446087463,0.7807058823529411,0.0023529411764705,0.0884705882352941,0.0075294117647058,0.2258823529411764,0.0696470588235294,0.5548235294117647,-0.0672941176470588,1.2281036756811077,-0.0136012618125302,3,global_qwk_low;worst_site_qwk_low;mean_abs_error_high,True,cross_site_blend_50,0.7010929147350812,0.7010929147350812,0.010348360531682,0.0,0.6782066835699941,0.6782066835699941,0.0303852970107698,0.0,0.7110580444059729,0.7110580444059729,0.0140353732734849,0.0,0.5378823529411765,0.5378823529411765,0.0169411764705882,0.0,0.4778400687043871,0.4778400687043871,0.031110446087463,0.0,minus_site_qwk_spread_high,global_qwk_low;worst_site_qwk_low;mean_abs_error_high;severe_error_rate_high,global_qwk_low;worst_site_qwk_low;mean_abs_error_high,3,True,cross_site_blend_50,0.7010929147350812,0.010348360531682088,0.4778400687043871,0.031110446087462995,0.6782066835699941,0.030385297010769863,0.7110580444059729,0.014035373273484919,0.5378823529411765,0.016941176470588237
results\threshold_shift_panda_all_conservative_45_seed_37\predictions.csv,45,45,37,fedavg,cross_site_blend_50,0.6718398316224687,0.6566294013012368,0.6776751902752847,0.0577402918144898,0.5134117647058823,0.4501286620132132,0.8178823529411765,0.0941176470588235,0.1454117647058823,0.6724705882352942,1.1877916427116788,0.6989889494547878,0.0271491178323191,0.6798369892493196,0.0232075879480827,0.7028944926747505,0.0252193023994657,0.0388444897333896,-0.0188958020811002,0.5383529411764706,0.0249411764705882,0.4679482987007382,0.0178196366875249,0.7778823529411765,-0.04,0.0903529411764706,-0.0037647058823529,0.1910588235294117,0.0456470588235294,0.5868235294117647,-0.0856470588235294,1.2612150037606646,0.0734233610489858,4,global_qwk_low;worst_site_qwk_low;mean_abs_error_high;severe_error_rate_high,True,cross_site_blend_50,0.6989889494547878,0.6989889494547878,0.0271491178323191,0.0,0.6798369892493196,0.6798369892493196,0.0232075879480827,0.0,0.7028944926747505,0.7028944926747505,0.0252193023994657,0.0,0.5383529411764706,0.5383529411764706,0.0249411764705882,0.0,0.4679482987007382,0.4679482987007382,0.0178196366875249,0.0,minus_site_qwk_spread_high,global_qwk_low;worst_site_qwk_low;mean_abs_error_high;severe_error_rate_high,global_qwk_low;worst_site_qwk_low;mean_abs_error_high;severe_error_rate_high,4,True,cross_site_blend_50,0.6989889494547878,0.027149117832319103,0.4679482987007382,0.017819636687524953,0.6798369892493196,0.023207587948082753,0.7028944926747505,0.025219302399465793,0.5383529411764706,0.024941176470588244
results\threshold_shift_panda_all_conservative_45_seed_41\predictions.csv,45,45,41,fedavg,cross_site_blend_50,0.7123796898843978,0.6477160424225139,0.7230280654793807,0.1493724689112257,0.532235294117647,0.4576524733917275,0.7595294117647059,0.0752941176470588,0.1689411764705882,0.5905882352941176,1.216875668403408,0.7108887383352965,-0.0014909515491012,0.6681257448384706,0.0204097024159567,0.7194995869173381,-0.0035284785620426,0.1343608083755315,-0.0150116605356941,0.536,0.003764705882353,0.4617007732319488,0.0040482998402213,0.7670588235294118,0.0075294117647058,0.0785882352941176,0.0032941176470588,0.1656470588235294,-0.0032941176470588,0.6014117647058823,0.0108235294117646,1.208587090198221,-0.0082885782051869,3,worst_site_qwk_low;site_qwk_spread_high;mean_abs_error_high,True,cross_site_blend_50,0.7108887383352965,0.7108887383352965,-0.0014909515491012,0.0,0.6681257448384706,0.6681257448384706,0.0204097024159567,0.0,0.7194995869173381,0.7194995869173381,-0.0035284785620426,0.0,0.536,0.536,0.003764705882353,0.0,0.4617007732319488,0.4617007732319488,0.0040482998402213,0.0,minus_site_qwk_spread_high,global_qwk_low;worst_site_qwk_low;mean_abs_error_high;severe_error_rate_high,worst_site_qwk_low;mean_abs_error_high,2,False,fedavg,0.7123796898843978,0.0,0.4576524733917275,0.0,0.6477160424225139,0.0,0.7230280654793807,0.0,0.532235294117647,0.0
results\threshold_shift_panda_all_conservative_45_seed_42\predictions.csv,45,45,42,fedavg,cross_site_blend_50,0.6774827764861275,0.6445375035779021,0.6916365566904921,0.1014820199256691,0.5270588235294118,0.4543662053061909,0.7985882352941176,0.0912941176470588,0.1336470588235294,0.6649411764705883,1.2261141193444989,0.684495430609388,0.0070126541232604,0.6552577603454078,0.0107202567675057,0.6966647491374609,0.0050281924469688,0.0956957754403231,-0.005786244485346,0.536,0.0089411764705882,0.462630665272385,0.0082644599661941,0.7835294117647059,-0.0150588235294116,0.0894117647058823,-0.0018823529411764,0.1557647058823529,0.0221176470588235,0.6277647058823529,-0.0371764705882353,1.2219655729572696,-0.0041485463872292,4,global_qwk_low;worst_site_qwk_low;mean_abs_error_high;severe_error_rate_high,True,cross_site_blend_50,0.684495430609388,0.684495430609388,0.0070126541232604,0.0,0.6552577603454078,0.6552577603454078,0.0107202567675057,0.0,0.6966647491374609,0.6966647491374609,0.0050281924469688,0.0,0.536,0.536,0.0089411764705882,0.0,0.462630665272385,0.462630665272385,0.0082644599661941,0.0,minus_site_qwk_spread_high,global_qwk_low;worst_site_qwk_low;mean_abs_error_high;severe_error_rate_high,global_qwk_low;worst_site_qwk_low;mean_abs_error_high;severe_error_rate_high,4,True,cross_site_blend_50,0.684495430609388,0.0070126541232604644,0.462630665272385,0.008264459966194126,0.6552577603454078,0.010720256767505765,0.6966647491374609,0.005028192446968838,0.536,0.00894117647058823
results\threshold_shift_panda_all_conservative_45_seed_43\predictions.csv,45,45,43,fedavg,cross_site_blend_50,0.7138716162513442,0.6822721801086638,0.711808940745141,0.0616774222069055,0.5289411764705882,0.4655935566146705,0.7736470588235295,0.0790588235294117,0.1647058823529411,0.6089411764705882,1.1930575391361506,0.7238906047035034,0.0100189884521592,0.6955788405751153,0.0133066604664515,0.7253029885742331,0.0134940478290921,0.0540392088119872,-0.0076382133949183,0.5472941176470588,0.0183529411764705,0.4833792586175012,0.0177857020028307,0.739764705882353,-0.0338823529411764,0.0767058823529411,-0.0023529411764705,0.1736470588235294,0.0089411764705882,0.5661176470588235,-0.0428235294117647,1.2490948525451526,0.0560373134090019,1,mean_abs_error_high,False,fedavg,0.7138716162513442,0.7238906047035034,0.0,-0.0100189884521592,0.6822721801086638,0.6955788405751153,0.0,-0.0133066604664515,0.711808940745141,0.7253029885742331,0.0,-0.0134940478290921,0.5289411764705882,0.5472941176470588,0.0,-0.0183529411764705,0.4655935566146705,0.4833792586175012,0.0,-0.0177857020028307,minus_site_qwk_spread_high,global_qwk_low;worst_site_qwk_low;mean_abs_error_high;severe_error_rate_high,mean_abs_error_high,1,False,fedavg,0.7138716162513442,0.0,0.4655935566146705,0.0,0.6822721801086638,0.0,0.711808940745141,0.0,0.5289411764705882,0.0
results\threshold_shift_panda_all_conservative_45_seed_47\predictions.csv,45,45,47,fedavg,cross_site_blend_50,0.6847965201382491,0.6483616776044975,0.6910543398194848,0.0705500414349021,0.5247058823529411,0.4514071460022199,0.8014117647058824,0.0927058823529411,0.1689411764705882,0.6324705882352941,1.223896878202759,0.6851789430850455,0.0003824229467963,0.652432325294192,0.0040706476896945,0.6995950911807111,0.0085407513612262,0.0619584935386275,-0.0085915478962745,0.5449411764705883,0.0202352941176471,0.472621372126016,0.021214226123796,0.7910588235294118,-0.0103529411764705,0.0941176470588235,0.0014117647058823,0.1797647058823529,0.0108235294117647,0.6112941176470589,-0.0211764705882352,1.217905331775368,-0.0059915464273909,4,global_qwk_low;worst_site_qwk_low;mean_abs_error_high;severe_error_rate_high,True,cross_site_blend_50,0.6851789430850455,0.6851789430850455,0.0003824229467963,0.0,0.652432325294192,0.652432325294192,0.0040706476896945,0.0,0.6995950911807111,0.6995950911807111,0.0085407513612262,0.0,0.5449411764705883,0.5449411764705883,0.0202352941176471,0.0,0.472621372126016,0.472621372126016,0.021214226123796,0.0,minus_site_qwk_spread_high,global_qwk_low;worst_site_qwk_low;mean_abs_error_high;severe_error_rate_high,global_qwk_low;worst_site_qwk_low;mean_abs_error_high;severe_error_rate_high,4,True,cross_site_blend_50,0.6851789430850455,0.0003824229467963569,0.472621372126016,0.021214226123796143,0.652432325294192,0.004070647689694562,0.6995950911807111,0.008540751361226229,0.5449411764705883,0.02023529411764713
results\threshold_shift_panda_all_conservative_45_seed_53\predictions.csv,45,45,53,fedavg,cross_site_blend_50,0.7201645664369767,0.6590058792089791,0.7242115653009432,0.0962519076398983,0.5124705882352941,0.4494431704394436,0.7712941176470588,0.0785882352941176,0.1449411764705882,0.6263529411764706,1.2476182242498215,0.7142977210762524,-0.0058668453607242,0.6664553756290599,0.0074494964200807,0.7213074678388882,-0.0029040974620549,0.092832744626332,-0.0034191630135662,0.5265882352941177,0.0141176470588235,0.4523648833805307,0.002921712941087,0.7811764705882352,0.0098823529411764,0.0861176470588235,0.0075294117647058,0.2018823529411764,0.0569411764705882,0.5792941176470588,-0.0470588235294117,1.216200957210754,-0.0314172670390675,2,worst_site_qwk_low;mean_abs_error_high,False,fedavg,0.7201645664369767,0.7142977210762524,0.0,0.0058668453607242,0.6590058792089791,0.6664553756290599,0.0,-0.0074494964200807,0.7242115653009432,0.7213074678388882,0.0,0.0029040974620549,0.5124705882352941,0.5265882352941177,0.0,-0.0141176470588235,0.4494431704394436,0.4523648833805307,0.0,-0.002921712941087,minus_site_qwk_spread_high,global_qwk_low;worst_site_qwk_low;mean_abs_error_high;severe_error_rate_high,worst_site_qwk_low;mean_abs_error_high,2,False,fedavg,0.7201645664369767,0.0,0.4494431704394436,0.0,0.6590058792089791,0.0,0.7242115653009432,0.0,0.5124705882352941,0.0
results\threshold_shift_panda_all_conservative_45_seed_59\predictions.csv,45,45,59,fedavg,cross_site_blend_50,0.7016674406948484,0.6159609540801119,0.6845382756686187,0.1206158796476057,0.5256470588235295,0.4495477542539736,0.7915294117647059,0.0861176470588235,0.1825882352941176,0.6089411764705882,1.1982354306608411,0.705730488586835,0.0040630478919865,0.643696978717071,0.0277360246369591,0.6883887122265069,0.0038504365578881,0.0969232193571749,-0.0236926602904308,0.5407058823529411,0.0150588235294116,0.4656458284346138,0.0160980741806401,0.7783529411764706,-0.0131764705882353,0.0851764705882353,-0.0009411764705882,0.2089411764705882,0.0263529411764706,0.5694117647058824,-0.0395294117647058,1.2381082534135337,0.0398728227526925,4,global_qwk_low;worst_site_qwk_low;site_qwk_spread_high;mean_abs_error_high,True,cross_site_blend_50,0.705730488586835,0.705730488586835,0.0040630478919865,0.0,0.643696978717071,0.643696978717071,0.0277360246369591,0.0,0.6883887122265069,0.6883887122265069,0.0038504365578881,0.0,0.5407058823529411,0.5407058823529411,0.0150588235294116,0.0,0.4656458284346138,0.4656458284346138,0.0160980741806401,0.0,minus_site_qwk_spread_high,global_qwk_low;worst_site_qwk_low;mean_abs_error_high;severe_error_rate_high,global_qwk_low;worst_site_qwk_low;mean_abs_error_high,3,True,cross_site_blend_50,0.705730488586835,0.0040630478919865265,0.4656458284346138,0.016098074180640187,0.643696978717071,0.027736024636959122,0.6883887122265069,0.0038504365578881927,0.5407058823529411,0.01505882352941168
results\threshold_shift_panda_all_conservative_45_seed_7\predictions.csv,45,45,7,fedavg,cross_site_blend_50,0.6923907834999634,0.6489613109441599,0.6966096027165747,0.0937013742162709,0.5251764705882352,0.4536372003313794,0.7976470588235294,0.0894117647058823,0.1392941176470588,0.6583529411764706,1.2069264914261555,0.7012379189330036,0.0088471354330401,0.6779182879377432,0.0289569769935833,0.7076271761977981,0.0110175734812234,0.0784267466587252,-0.0152746275575456,0.5463529411764706,0.0211764705882353,0.4786342882830192,0.0249970879516397,0.7567058823529412,-0.0409411764705881,0.0870588235294117,-0.0023529411764705,0.1755294117647058,0.036235294117647,0.5811764705882353,-0.0771764705882352,1.248436539060467,0.0415100476343115,4,global_qwk_low;worst_site_qwk_low;mean_abs_error_high;severe_error_rate_high,True,cross_site_blend_50,0.7012379189330036,0.7012379189330036,0.0088471354330401,0.0,0.6779182879377432,0.6779182879377432,0.0289569769935833,0.0,0.7076271761977981,0.7076271761977981,0.0110175734812234,0.0,0.5463529411764706,0.5463529411764706,0.0211764705882353,0.0,0.4786342882830192,0.4786342882830192,0.0249970879516397,0.0,minus_site_qwk_spread_high,global_qwk_low;worst_site_qwk_low;mean_abs_error_high;severe_error_rate_high,global_qwk_low;worst_site_qwk_low;mean_abs_error_high;severe_error_rate_high,4,True,cross_site_blend_50,0.7012379189330036,0.008847135433040165,0.4786342882830192,0.024997087951639796,0.6779182879377432,0.02895697699358335,0.7076271761977981,0.011017573481223453,0.5463529411764706,0.021176470588235352
results\threshold_shift_panda_all_conservative_0_seed_11\predictions.csv,0,0,11,fedavg,cross_site_blend_50,0.7429581080983443,0.7164217698801902,0.7441992641283725,0.0593496863554664,0.5745882352941176,0.5098279114359029,0.6922352941176471,0.0734117647058823,0.208,0.484235294117647,1.156964949139127,0.7337225638667626,-0.0092355442315816,0.7119886879296122,-0.004433081950578,0.743286473704899,-0.0009127904234734,0.0433346987300143,-0.016014987625452,0.5736470588235294,-0.0009411764705882,0.5055207797599799,-0.004307131675923,0.7105882352941176,0.0183529411764705,0.0785882352941176,0.0051764705882352,0.2343529411764706,0.0263529411764706,0.476235294117647,-0.008,1.1778074606925435,0.0208425115534167,0,,False,fedavg,0.7429581080983443,0.7429581080983443,0.0,0.0,0.7164217698801902,0.7164217698801902,0.0,0.0,0.7441992641283725,0.7441992641283725,0.0,0.0,0.5745882352941176,0.5745882352941176,0.0,0.0,0.5098279114359029,0.5098279114359029,0.0,0.0,minus_mean_abs_error_high,global_qwk_low;worst_site_qwk_low;site_qwk_spread_high;severe_error_rate_high,,0,False,fedavg,0.7429581080983443,0.0,0.5098279114359029,0.0,0.7164217698801902,0.0,0.7441992641283725,0.0,0.5745882352941176,0.0
results\threshold_shift_panda_all_conservative_0_seed_123\predictions.csv,0,0,123,fedavg,cross_site_blend_50,0.7298328239744079,0.702768825425204,0.732487374863064,0.0713198620093883,0.5694117647058824,0.5055799211566626,0.7134117647058823,0.076235294117647,0.2376470588235294,0.4757647058823529,1.1721565327917418,0.7280400712222352,-0.0017927527521726,0.6825573624415238,-0.0202114629836802,0.7254086963081546,-0.0070786785549094,0.0742889639064762,0.0029691018970878,0.5567058823529412,-0.0127058823529412,0.4949036378409496,-0.0106762833157129,0.7425882352941177,0.0291764705882353,0.0767058823529411,0.0004705882352941,0.3171764705882353,0.0795294117647058,0.4254117647058824,-0.0503529411764705,1.1780110800360235,0.0058545472442819,0,,False,fedavg,0.7298328239744079,0.7298328239744079,0.0,0.0,0.702768825425204,0.702768825425204,0.0,0.0,0.732487374863064,0.732487374863064,0.0,0.0,0.5694117647058824,0.5694117647058824,0.0,0.0,0.5055799211566626,0.5055799211566626,0.0,0.0,minus_mean_abs_error_high,global_qwk_low;worst_site_qwk_low;site_qwk_spread_high;severe_error_rate_high,,0,False,fedavg,0.7298328239744079,0.0,0.5055799211566626,0.0,0.702768825425204,0.0,0.732487374863064,0.0,0.5694117647058824,0.0
results\threshold_shift_panda_all_conservative_0_seed_17\predictions.csv,0,0,17,fedavg,cross_site_blend_50,0.7239654930746602,0.6867531239805871,0.7097153911713731,0.0679690886509221,0.5727058823529412,0.5116310736011755,0.7171764705882353,0.0752941176470588,0.1971764705882353,0.52,1.1677552636809072,0.741825343260487,0.0178598501858268,0.6977504245196491,0.010997300539062,0.7270813020050024,0.0173659108336293,0.0776750134260571,0.0097059247751349,0.5835294117647059,0.0108235294117646,0.5224528915476301,0.0108218179464545,0.6832941176470588,-0.0338823529411764,0.068235294117647,-0.0070588235294117,0.1637647058823529,-0.0334117647058823,0.5195294117647059,-0.0004705882352941,1.1786416934641828,0.0108864297832755,0,,False,fedavg,0.7239654930746602,0.7239654930746602,0.0,0.0,0.6867531239805871,0.6867531239805871,0.0,0.0,0.7097153911713731,0.7097153911713731,0.0,0.0,0.5727058823529412,0.5727058823529412,0.0,0.0,0.5116310736011755,0.5116310736011755,0.0,0.0,minus_mean_abs_error_high,global_qwk_low;worst_site_qwk_low;site_qwk_spread_high;severe_error_rate_high,,0,False,fedavg,0.7239654930746602,0.0,0.5116310736011755,0.0,0.6867531239805871,0.0,0.7097153911713731,0.0,0.5727058823529412,0.0
results\threshold_shift_panda_all_conservative_0_seed_2025\predictions.csv,0,0,2025,fedavg,cross_site_blend_50,0.6983892617352163,0.6744316058050153,0.7010870185241194,0.0584559494250015,0.5585882352941176,0.5000663744833895,0.7576470588235295,0.0870588235294117,0.2465882352941176,0.5110588235294118,1.1618222006061447,0.6988934439468641,0.0005041822116478,0.677440898806273,0.0030092930012577,0.7014432993023529,0.0003562807782335,0.0543557071565601,-0.0041002422684414,0.5472941176470588,-0.0112941176470587,0.4780140759710345,-0.022052298512355,0.7854117647058824,0.0277647058823529,0.092235294117647,0.0051764705882352,0.2790588235294117,0.0324705882352941,0.5063529411764706,-0.0047058823529412,1.177045535032376,0.0152233344262311,2,global_qwk_low;mean_abs_error_high,False,fedavg,0.6983892617352163,0.6983892617352163,0.0,0.0,0.6744316058050153,0.6744316058050153,0.0,0.0,0.7010870185241194,0.7010870185241194,0.0,0.0,0.5585882352941176,0.5585882352941176,0.0,0.0,0.5000663744833895,0.5000663744833895,0.0,0.0,minus_mean_abs_error_high,global_qwk_low;worst_site_qwk_low;site_qwk_spread_high;severe_error_rate_high,global_qwk_low,1,False,fedavg,0.6983892617352163,0.0,0.5000663744833895,0.0,0.6744316058050153,0.0,0.7010870185241194,0.0,0.5585882352941176,0.0
results\threshold_shift_panda_all_conservative_0_seed_23\predictions.csv,0,0,23,fedavg,cross_site_blend_50,0.7018818577459033,0.6673741964836729,0.7174845380245973,0.1002154031961053,0.56,0.4860606677435226,0.7637647058823529,0.092235294117647,0.228235294117647,0.5355294117647059,1.141851402646168,0.7037645067143725,0.0018826489684692,0.6681155525660587,0.0007413560823857,0.7204905791820245,0.0030060411574271,0.1266562161989222,0.0264408130028168,0.5604705882352942,0.0004705882352941,0.4889164480197272,0.0028557802762046,0.7614117647058823,-0.0023529411764705,0.0941176470588235,0.0018823529411764,0.2197647058823529,-0.0084705882352941,0.5416470588235294,0.0061176470588234,1.1372767953333078,-0.0045746073128603,3,global_qwk_low;mean_abs_error_high;severe_error_rate_high,True,cross_site_blend_50,0.7037645067143725,0.7018818577459033,0.0018826489684692,0.0018826489684692,0.6681155525660587,0.6673741964836729,0.0007413560823857,0.0007413560823857,0.7204905791820245,0.7174845380245973,0.0030060411574271,0.0030060411574271,0.5604705882352942,0.56,0.0004705882352941,0.0004705882352941,0.4889164480197272,0.4860606677435226,0.0028557802762046,0.0028557802762046,minus_mean_abs_error_high,global_qwk_low;worst_site_qwk_low;site_qwk_spread_high;severe_error_rate_high,global_qwk_low;severe_error_rate_high,2,False,fedavg,0.7018818577459033,0.0,0.4860606677435226,0.0,0.6673741964836729,0.0,0.7174845380245973,0.0,0.56,0.0
results\threshold_shift_panda_all_conservative_0_seed_29\predictions.csv,0,0,29,fedavg,cross_site_blend_50,0.726441618643312,0.6865732434961865,0.71804951628285,0.0585544069027084,0.5741176470588235,0.5055895989900184,0.7247058823529412,0.0818823529411764,0.208,0.5167058823529411,1.147105895918461,0.7230326097996407,-0.0034090088436713,0.6763439793223045,-0.010229264173882,0.7209830795282827,0.0029335632454327,0.0931448064797406,0.0345903995770322,0.5764705882352941,0.0023529411764705,0.5123163664565035,0.006726767466485,0.7185882352941176,-0.0061176470588235,0.0828235294117647,0.0009411764705882,0.2428235294117647,0.0348235294117647,0.4757647058823529,-0.0409411764705882,1.1457565392719873,-0.0013493566464737,0,,False,fedavg,0.726441618643312,0.726441618643312,0.0,0.0,0.6865732434961865,0.6865732434961865,0.0,0.0,0.71804951628285,0.71804951628285,0.0,0.0,0.5741176470588235,0.5741176470588235,0.0,0.0,0.5055895989900184,0.5055895989900184,0.0,0.0,minus_mean_abs_error_high,global_qwk_low;worst_site_qwk_low;site_qwk_spread_high;severe_error_rate_high,,0,False,fedavg,0.726441618643312,0.0,0.5055895989900184,0.0,0.6865732434961865,0.0,0.71804951628285,0.0,0.5741176470588235,0.0
results\threshold_shift_panda_all_conservative_0_seed_31\predictions.csv,0,0,31,fedavg,cross_site_blend_50,0.7086968931815969,0.6738253917670043,0.7083238904839249,0.0518022247570875,0.5496470588235294,0.490416290241764,0.7463529411764706,0.0828235294117647,0.2395294117647058,0.5068235294117647,1.1670994637757055,0.7165003903666098,0.0078034971850129,0.6904800881334037,0.0166546963663993,0.7226313294886846,0.0143074390047597,0.0581068647975383,0.0063046400404508,0.5534117647058824,0.003764705882353,0.4950671262046908,0.0046508359629268,0.7557647058823529,0.0094117647058823,0.0847058823529411,0.0018823529411764,0.2875294117647058,0.0479999999999999,0.4682352941176471,-0.0385882352941175,1.1520586233386354,-0.0150408404370703,0,,False,fedavg,0.7086968931815969,0.7086968931815969,0.0,0.0,0.6738253917670043,0.6738253917670043,0.0,0.0,0.7083238904839249,0.7083238904839249,0.0,0.0,0.5496470588235294,0.5496470588235294,0.0,0.0,0.490416290241764,0.490416290241764,0.0,0.0,minus_mean_abs_error_high,global_qwk_low;worst_site_qwk_low;site_qwk_spread_high;severe_error_rate_high,,0,False,fedavg,0.7086968931815969,0.0,0.490416290241764,0.0,0.6738253917670043,0.0,0.7083238904839249,0.0,0.5496470588235294,0.0
results\threshold_shift_panda_all_conservative_0_seed_37\predictions.csv,0,0,37,fedavg,cross_site_blend_50,0.7169013513435238,0.7072214848478993,0.7205745926518567,0.0417600381363131,0.5755294117647058,0.5218186688693097,0.7138823529411765,0.0823529411764705,0.1872941176470588,0.5265882352941177,1.1259510238729171,0.7209045782831497,0.0040032269396258,0.7026297227340665,-0.0045917621138327,0.7245873212371869,0.0040127285853301,0.0390353396576449,-0.0027246984786681,0.5604705882352942,-0.0150588235294116,0.4917730629816231,-0.0300456058876866,0.7331764705882353,0.0192941176470587,0.0847058823529411,0.0023529411764705,0.2258823529411764,0.0385882352941176,0.5072941176470588,-0.0192941176470589,1.2102201270375847,0.0842691031646674,0,,False,fedavg,0.7169013513435238,0.7169013513435238,0.0,0.0,0.7072214848478993,0.7072214848478993,0.0,0.0,0.7205745926518567,0.7205745926518567,0.0,0.0,0.5755294117647058,0.5755294117647058,0.0,0.0,0.5218186688693097,0.5218186688693097,0.0,0.0,minus_mean_abs_error_high,global_qwk_low;worst_site_qwk_low;site_qwk_spread_high;severe_error_rate_high,,0,False,fedavg,0.7169013513435238,0.0,0.5218186688693097,0.0,0.7072214848478993,0.0,0.7205745926518567,0.0,0.5755294117647058,0.0
results\threshold_shift_panda_all_conservative_0_seed_41\predictions.csv,0,0,41,fedavg,cross_site_blend_50,0.7313483114760122,0.6692838566912203,0.7434729817875875,0.1428779212439995,0.5665882352941176,0.5004526523110261,0.72,0.0767058823529411,0.2357647058823529,0.484235294117647,1.1680296642247314,0.7212868239213154,-0.0100614875546968,0.6863423149808671,0.0170584582896468,0.7288710149947588,-0.0146019667928286,0.1169524129992917,-0.0259255082447078,0.56,-0.0065882352941175,0.4852339061395143,-0.0152187461715117,0.7421176470588235,0.0221176470588235,0.0809411764705882,0.004235294117647,0.2470588235294117,0.0112941176470588,0.4950588235294118,0.0108235294117647,1.148595782922415,-0.0194338813023164,1,site_qwk_spread_high,False,fedavg,0.7313483114760122,0.7313483114760122,0.0,0.0,0.6692838566912203,0.6692838566912203,0.0,0.0,0.7434729817875875,0.7434729817875875,0.0,0.0,0.5665882352941176,0.5665882352941176,0.0,0.0,0.5004526523110261,0.5004526523110261,0.0,0.0,minus_mean_abs_error_high,global_qwk_low;worst_site_qwk_low;site_qwk_spread_high;severe_error_rate_high,site_qwk_spread_high,1,False,fedavg,0.7313483114760122,0.0,0.5004526523110261,0.0,0.6692838566912203,0.0,0.7434729817875875,0.0,0.5665882352941176,0.0
results\threshold_shift_panda_all_conservative_0_seed_42\predictions.csv,0,0,42,fedavg,cross_site_blend_50,0.7072566694854118,0.6673300346903428,0.7161831406854237,0.14113790627812,0.5694117647058824,0.5159724605549763,0.7327058823529412,0.0809411764705882,0.2070588235294117,0.5256470588235295,1.1758076450075134,0.6934701255508754,-0.0137865439345363,0.6608777559281085,-0.0064522787622343,0.7057812801177772,-0.0104018605676464,0.1200084261559242,-0.0211294801221958,0.5585882352941176,-0.0108235294117647,0.496155205606327,-0.0198172549486492,0.7651764705882353,0.0324705882352941,0.0884705882352941,0.0075294117647058,0.220235294117647,0.0131764705882352,0.5449411764705883,0.0192941176470587,1.151800860179836,-0.0240067848276774,2,worst_site_qwk_low;site_qwk_spread_high,False,fedavg,0.7072566694854118,0.7072566694854118,0.0,0.0,0.6673300346903428,0.6673300346903428,0.0,0.0,0.7161831406854237,0.7161831406854237,0.0,0.0,0.5694117647058824,0.5694117647058824,0.0,0.0,0.5159724605549763,0.5159724605549763,0.0,0.0,minus_mean_abs_error_high,global_qwk_low;worst_site_qwk_low;site_qwk_spread_high;severe_error_rate_high,worst_site_qwk_low;site_qwk_spread_high,2,False,fedavg,0.7072566694854118,0.0,0.5159724605549763,0.0,0.6673300346903428,0.0,0.7161831406854237,0.0,0.5694117647058824,0.0
results\threshold_shift_panda_all_conservative_0_seed_43\predictions.csv,0,0,43,fedavg,cross_site_blend_50,0.746679487551388,0.7384839293613565,0.7506560624693208,0.0273858022000844,0.5736470588235294,0.5091526183482555,0.7035294117647058,0.0752941176470588,0.2254117647058823,0.4781176470588235,1.1308712252820463,0.7445723706908911,-0.0021071168604969,0.7254084860689003,-0.0130754432924562,0.7452269109662587,-0.0054291515030621,0.0401667568477324,0.0127809546476479,0.5816470588235294,0.008,0.5208785983849045,0.0117259800366489,0.6889411764705883,-0.0145882352941175,0.0729411764705882,-0.0023529411764705,0.1990588235294117,-0.0263529411764705,0.4898823529411765,0.0117647058823529,1.1779910486661689,0.0471198233841221,0,,False,fedavg,0.746679487551388,0.746679487551388,0.0,0.0,0.7384839293613565,0.7384839293613565,0.0,0.0,0.7506560624693208,0.7506560624693208,0.0,0.0,0.5736470588235294,0.5736470588235294,0.0,0.0,0.5091526183482555,0.5091526183482555,0.0,0.0,minus_mean_abs_error_high,global_qwk_low;worst_site_qwk_low;site_qwk_spread_high;severe_error_rate_high,,0,False,fedavg,0.746679487551388,0.0,0.5091526183482555,0.0,0.7384839293613565,0.0,0.7506560624693208,0.0,0.5736470588235294,0.0
results\threshold_shift_panda_all_conservative_0_seed_47\predictions.csv,0,0,47,fedavg,cross_site_blend_50,0.7181815243226684,0.6786340882743549,0.7213997699169905,0.0801529243646518,0.5656470588235294,0.4981944682997181,0.7463529411764706,0.0884705882352941,0.2752941176470588,0.4710588235294117,1.1353106869842753,0.7180828092966849,-9.87150259834646e-05,0.6994246620651237,0.0207905737907687,0.7266365779426043,0.0052368080256137,0.0415894398834847,-0.038563484481167,0.571764705882353,0.0061176470588235,0.5029810518398447,0.0047865835401265,0.7369411764705882,-0.0094117647058823,0.0870588235294117,-0.0014117647058823,0.236235294117647,-0.0390588235294117,0.5007058823529412,0.0296470588235294,1.1433934522053368,0.0080827652210615,1,severe_error_rate_high,False,fedavg,0.7181815243226684,0.7181815243226684,0.0,0.0,0.6786340882743549,0.6786340882743549,0.0,0.0,0.7213997699169905,0.7213997699169905,0.0,0.0,0.5656470588235294,0.5656470588235294,0.0,0.0,0.4981944682997181,0.4981944682997181,0.0,0.0,minus_mean_abs_error_high,global_qwk_low;worst_site_qwk_low;site_qwk_spread_high;severe_error_rate_high,severe_error_rate_high,1,False,fedavg,0.7181815243226684,0.0,0.4981944682997181,0.0,0.6786340882743549,0.0,0.7213997699169905,0.0,0.5656470588235294,0.0
results\threshold_shift_panda_all_conservative_0_seed_53\predictions.csv,0,0,53,fedavg,cross_site_blend_50,0.7317556780937956,0.6740479638200556,0.7321636104952894,0.0933560233551015,0.5689411764705883,0.5085063095527034,0.7167058823529412,0.0785882352941176,0.2192941176470588,0.4974117647058823,1.1676241651479085,0.7278712679750026,-0.003884410118793,0.6610648798322412,-0.0129830839878144,0.7313916065488951,-0.0007720039463943,0.1220976432029016,0.0287416198478001,0.5609411764705883,-0.008,0.4933853771679242,-0.0151209323847791,0.7369411764705882,0.020235294117647,0.0814117647058823,0.0028235294117646,0.2432941176470588,0.0239999999999999,0.4936470588235294,-0.0037647058823528,1.1499776231798036,-0.0176465419681048,0,,False,fedavg,0.7317556780937956,0.7317556780937956,0.0,0.0,0.6740479638200556,0.6740479638200556,0.0,0.0,0.7321636104952894,0.7321636104952894,0.0,0.0,0.5689411764705883,0.5689411764705883,0.0,0.0,0.5085063095527034,0.5085063095527034,0.0,0.0,minus_mean_abs_error_high,global_qwk_low;worst_site_qwk_low;site_qwk_spread_high;severe_error_rate_high,,0,False,fedavg,0.7317556780937956,0.0,0.5085063095527034,0.0,0.6740479638200556,0.0,0.7321636104952894,0.0,0.5689411764705883,0.0
results\threshold_shift_panda_all_conservative_0_seed_59\predictions.csv,0,0,59,fedavg,cross_site_blend_50,0.7174448693789363,0.6554682158493963,0.704259831803012,0.1095119041168389,0.5656470588235294,0.4957776166241075,0.7557647058823529,0.088,0.2762352941176471,0.4795294117647058,1.1257526356540812,0.711743247391103,-0.0057016219878333,0.6773504954280436,0.0218822795786473,0.7011934943970357,-0.0030663374059762,0.0560265488980757,-0.0534853552187631,0.5581176470588235,-0.0075294117647058,0.4942243648561051,-0.0015532517680024,0.7529411764705882,-0.0028235294117646,0.0828235294117647,-0.0051764705882352,0.2592941176470588,-0.0169411764705882,0.4936470588235294,0.0141176470588235,1.176819785477475,0.0510671498233936,4,worst_site_qwk_low;site_qwk_spread_high;mean_abs_error_high;severe_error_rate_high,True,cross_site_blend_50,0.711743247391103,0.7174448693789363,-0.0057016219878333,-0.0057016219878333,0.6773504954280436,0.6554682158493963,0.0218822795786473,0.0218822795786473,0.7011934943970357,0.704259831803012,-0.0030663374059762,-0.0030663374059762,0.5581176470588235,0.5656470588235294,-0.0075294117647058,-0.0075294117647058,0.4942243648561051,0.4957776166241075,-0.0015532517680024,-0.0015532517680024,minus_mean_abs_error_high,global_qwk_low;worst_site_qwk_low;site_qwk_spread_high;severe_error_rate_high,worst_site_qwk_low;site_qwk_spread_high;severe_error_rate_high,3,True,cross_site_blend_50,0.711743247391103,-0.005701621987833305,0.4942243648561051,-0.0015532517680024172,0.6773504954280436,0.0218822795786473,0.7011934943970357,-0.0030663374059762827,0.5581176470588235,-0.007529411764705896
results\threshold_shift_panda_all_conservative_0_seed_7\predictions.csv,0,0,7,fedavg,cross_site_blend_50,0.727615545028268,0.6936547323644097,0.7316464239387271,0.0723245048912265,0.5731764705882353,0.5099629714567177,0.7167058823529412,0.08,0.2098823529411764,0.5068235294117647,1.14490470366313,0.724997097427688,-0.0026184476005799,0.6749135732640295,-0.0187411591003802,0.7293748112328828,-0.0022716127058443,0.0870357413029477,0.0147112364117212,0.5778823529411765,0.0047058823529412,0.5081509709702154,-0.0018120004865022,0.7143529411764706,-0.0023529411764705,0.0804705882352941,0.0004705882352941,0.2221176470588235,0.012235294117647,0.492235294117647,-0.0145882352941176,1.2034422782645309,0.0585375746014007,0,,False,fedavg,0.727615545028268,0.727615545028268,0.0,0.0,0.6936547323644097,0.6936547323644097,0.0,0.0,0.7316464239387271,0.7316464239387271,0.0,0.0,0.5731764705882353,0.5731764705882353,0.0,0.0,0.5099629714567177,0.5099629714567177,0.0,0.0,minus_mean_abs_error_high,global_qwk_low;worst_site_qwk_low;site_qwk_spread_high;severe_error_rate_high,,0,False,fedavg,0.727615545028268,0.0,0.5099629714567177,0.0,0.6936547323644097,0.0,0.7316464239387271,0.0,0.5731764705882353,0.0
results\threshold_shift_panda_all_conservative_25_seed_11\predictions.csv,25,25,11,fedavg,cross_site_blend_50,0.7194569545078301,0.6906077348066298,0.7192355912509705,0.0537460098905715,0.5350588235294118,0.458856059014584,0.7477647058823529,0.0767058823529411,0.1590588235294117,0.5887058823529412,1.2087582913896644,0.7427163561434391,0.023259401635609,0.7238899315974094,0.0332821967907795,0.751256052880748,0.0320204616297775,0.0561885653486413,0.0024425554580698,0.5628235294117647,0.0277647058823529,0.4976325823209561,0.0387765233063721,0.7035294117647058,-0.044235294117647,0.0705882352941176,-0.0061176470588235,0.2,0.0409411764705882,0.5035294117647059,-0.0851764705882353,1.2120677251554204,0.0033094337657559,0,,False,fedavg,0.7194569545078301,0.7427163561434391,0.0,-0.023259401635609,0.6906077348066298,0.7238899315974094,0.0,-0.0332821967907795,0.7192355912509705,0.751256052880748,0.0,-0.0320204616297775,0.5350588235294118,0.5628235294117647,0.0,-0.0277647058823529,0.458856059014584,0.4976325823209561,0.0,-0.0387765233063721,minus_mean_abs_error_high,global_qwk_low;worst_site_qwk_low;site_qwk_spread_high;severe_error_rate_high,,0,False,fedavg,0.7194569545078301,0.0,0.458856059014584,0.0,0.6906077348066298,0.0,0.7192355912509705,0.0,0.5350588235294118,0.0
results\threshold_shift_panda_all_conservative_25_seed_123\predictions.csv,25,25,123,fedavg,cross_site_blend_50,0.7197993382461756,0.6730431803556465,0.7193763619826619,0.0976659677693344,0.5430588235294118,0.4726416104983698,0.7529411764705882,0.0837647058823529,0.2230588235294117,0.5298823529411765,1.2462496593485874,0.728387511335503,0.0085881730893273,0.6833917586546725,0.010348578299026,0.7265113077730707,0.0071349457904088,0.0711401057773704,-0.026525861991964,0.5505882352941176,0.0075294117647057,0.4851086759506891,0.0124670654523193,0.7449411764705882,-0.008,0.0785882352941176,-0.0051764705882352,0.2832941176470588,0.060235294117647,0.4616470588235294,-0.068235294117647,1.2248803640207009,-0.0213692953278865,1,mean_abs_error_high,False,fedavg,0.7197993382461756,0.728387511335503,0.0,-0.0085881730893273,0.6730431803556465,0.6833917586546725,0.0,-0.010348578299026,0.7193763619826619,0.7265113077730707,0.0,-0.0071349457904088,0.5430588235294118,0.5505882352941176,0.0,-0.0075294117647057,0.4726416104983698,0.4851086759506891,0.0,-0.0124670654523193,minus_mean_abs_error_high,global_qwk_low;worst_site_qwk_low;site_qwk_spread_high;severe_error_rate_high,,0,False,fedavg,0.7197993382461756,0.0,0.4726416104983698,0.0,0.6730431803556465,0.0,0.7193763619826619,0.0,0.5430588235294118,0.0
results\threshold_shift_panda_all_conservative_25_seed_17\predictions.csv,25,25,17,fedavg,cross_site_blend_50,0.720376940359154,0.6833147193865888,0.7101396284477165,0.0594054737038443,0.5421176470588235,0.4762267680030482,0.7557647058823529,0.076235294117647,0.184,0.571764705882353,1.219535307227559,0.7184425124369567,-0.0019344279221973,0.6654724810460666,-0.0178422383405222,0.7027912252273306,-0.0073484032203858,0.0881462062884793,0.028740732584635,0.552,0.0098823529411765,0.4875084642132297,0.0112816962101814,0.7421176470588235,-0.0136470588235293,0.076235294117647,0.0,0.1623529411764706,-0.0216470588235294,0.579764705882353,0.008,1.2207009327368497,0.0011656255092906,1,mean_abs_error_high,False,fedavg,0.720376940359154,0.7184425124369567,0.0,0.0019344279221973,0.6833147193865888,0.6654724810460666,0.0,0.0178422383405222,0.7101396284477165,0.7027912252273306,0.0,0.0073484032203858,0.5421176470588235,0.552,0.0,-0.0098823529411765,0.4762267680030482,0.4875084642132297,0.0,-0.0112816962101814,minus_mean_abs_error_high,global_qwk_low;worst_site_qwk_low;site_qwk_spread_high;severe_error_rate_high,,0,False,fedavg,0.720376940359154,0.0,0.4762267680030482,0.0,0.6833147193865888,0.0,0.7101396284477165,0.0,0.5421176470588235,0.0
results\threshold_shift_panda_all_conservative_25_seed_2025\predictions.csv,25,25,2025,fedavg,cross_site_blend_50,0.6871073305749891,0.664908782987116,0.6881382228979203,0.0447730274603912,0.5444705882352942,0.4738095021790583,0.7792941176470588,0.0917647058823529,0.2141176470588235,0.5651764705882353,1.2280648427757028,0.6910428579313148,0.0039355273563257,0.6682086371284353,0.0032998541413192,0.692717945481648,0.0045797225837277,0.0508814355261539,0.0061084080657627,0.5388235294117647,-0.0056470588235294,0.4611272405879175,-0.0126822615911408,0.7967058823529412,0.0174117647058823,0.0941176470588235,0.0023529411764705,0.2527058823529411,0.0385882352941176,0.544,-0.0211764705882352,1.2162750218892362,-0.0117898208864666,4,global_qwk_low;worst_site_qwk_low;mean_abs_error_high;severe_error_rate_high,True,cross_site_blend_50,0.6910428579313148,0.6910428579313148,0.0039355273563257,0.0,0.6682086371284353,0.6682086371284353,0.0032998541413192,0.0,0.692717945481648,0.692717945481648,0.0045797225837277,0.0,0.5388235294117647,0.5388235294117647,-0.0056470588235294,0.0,0.4611272405879175,0.4611272405879175,-0.0126822615911408,0.0,minus_mean_abs_error_high,global_qwk_low;worst_site_qwk_low;site_qwk_spread_high;severe_error_rate_high,global_qwk_low;worst_site_qwk_low;severe_error_rate_high,3,True,cross_site_blend_50,0.6910428579313148,0.003935527356325741,0.4611272405879175,-0.012682261591140831,0.6682086371284353,0.0032998541413192806,0.692717945481648,0.004579722583727741,0.5388235294117647,-0.0056470588235294494
results\threshold_shift_panda_all_conservative_25_seed_23\predictions.csv,25,25,23,fedavg,cross_site_blend_50,0.6943062002746598,0.6606247263358512,0.7103325858133951,0.1020203841921071,0.5392941176470588,0.4629566778752572,0.7952941176470588,0.0950588235294117,0.2084705882352941,0.5868235294117647,1.191487602080801,0.6864693221274281,-0.0078368781472317,0.6477595403818832,-0.012865185953968,0.7052749449504973,-0.0050576408628978,0.1191277281696128,0.0171073439775056,0.5430588235294118,0.003764705882353,0.4695553443961187,0.0065986665208614,0.7952941176470588,0.0,0.0988235294117647,0.0037647058823529,0.1948235294117647,-0.0136470588235294,0.6004705882352941,0.0136470588235293,1.1790915644818216,-0.0123960375989793,4,global_qwk_low;worst_site_qwk_low;mean_abs_error_high;severe_error_rate_high,True,cross_site_blend_50,0.6864693221274281,0.6864693221274281,-0.0078368781472317,0.0,0.6477595403818832,0.6477595403818832,-0.012865185953968,0.0,0.7052749449504973,0.7052749449504973,-0.0050576408628978,0.0,0.5430588235294118,0.5430588235294118,0.003764705882353,0.0,0.4695553443961187,0.4695553443961187,0.0065986665208614,0.0,minus_mean_abs_error_high,global_qwk_low;worst_site_qwk_low;site_qwk_spread_high;severe_error_rate_high,global_qwk_low;worst_site_qwk_low;severe_error_rate_high,3,True,cross_site_blend_50,0.6864693221274281,-0.007836878147231774,0.4695553443961187,0.006598666520861496,0.6477595403818832,-0.012865185953968017,0.7052749449504973,-0.005057640862897839,0.5430588235294118,0.0037647058823530033
results\threshold_shift_panda_all_conservative_25_seed_29\predictions.csv,25,25,29,fedavg,cross_site_blend_50,0.7073232273750609,0.6437582402331552,0.6971869555111424,0.0831847329629511,0.5510588235294117,0.4734075467695982,0.7665882352941177,0.0865882352941176,0.1985882352941176,0.568,1.193454244239236,0.7091049216375278,0.0017816942624668,0.6325638310389456,-0.0111944091942095,0.6979408089196868,0.0007538534085443,0.0977998357381717,0.0146151027752206,0.5614117647058824,0.0103529411764706,0.4956568616188304,0.0222493148492322,0.7501176470588236,-0.0164705882352941,0.0856470588235294,-0.0009411764705882,0.2117647058823529,0.0131764705882352,0.5383529411764706,-0.0296470588235293,1.2005224523465192,0.0070682081072832,2,worst_site_qwk_low;mean_abs_error_high,False,fedavg,0.7073232273750609,0.7091049216375278,0.0,-0.0017816942624668,0.6437582402331552,0.6325638310389456,0.0,0.0111944091942095,0.6971869555111424,0.6979408089196868,0.0,-0.0007538534085443,0.5510588235294117,0.5614117647058824,0.0,-0.0103529411764706,0.4734075467695982,0.4956568616188304,0.0,-0.0222493148492322,minus_mean_abs_error_high,global_qwk_low;worst_site_qwk_low;site_qwk_spread_high;severe_error_rate_high,worst_site_qwk_low,1,False,fedavg,0.7073232273750609,0.0,0.4734075467695982,0.0,0.6437582402331552,0.0,0.6971869555111424,0.0,0.5510588235294117,0.0
results\threshold_shift_panda_all_conservative_25_seed_31\predictions.csv,25,25,31,fedavg,cross_site_blend_50,0.7038167598165379,0.6746234886516298,0.7089499646706423,0.0630648837643983,0.5388235294117647,0.4800688775053049,0.7571764705882353,0.0809411764705882,0.2112941176470588,0.5458823529411765,1.2273967632534164,0.7112312495363955,0.0074144897198575,0.6842401014729452,0.0096166128213154,0.722553305531973,0.0136033408613306,0.0648583478599073,0.0017934640955089,0.5435294117647059,0.0047058823529412,0.4790853747748694,-0.0009835027304355,0.7675294117647059,0.0103529411764705,0.0847058823529411,0.0037647058823529,0.248,0.0367058823529411,0.5195294117647059,-0.0263529411764705,1.2059531548388054,-0.021443608414611,2,global_qwk_low;mean_abs_error_high,False,fedavg,0.7038167598165379,0.7112312495363955,0.0,-0.0074144897198575,0.6746234886516298,0.6842401014729452,0.0,-0.0096166128213154,0.7089499646706423,0.722553305531973,0.0,-0.0136033408613306,0.5388235294117647,0.5435294117647059,0.0,-0.0047058823529412,0.4800688775053049,0.4790853747748694,0.0,0.0009835027304355,minus_mean_abs_error_high,global_qwk_low;worst_site_qwk_low;site_qwk_spread_high;severe_error_rate_high,global_qwk_low,1,False,fedavg,0.7038167598165379,0.0,0.4800688775053049,0.0,0.6746234886516298,0.0,0.7089499646706423,0.0,0.5388235294117647,0.0
results\threshold_shift_panda_all_conservative_25_seed_37\predictions.csv,25,25,37,fedavg,cross_site_blend_50,0.6972148702441321,0.6877810564578191,0.7011151259007485,0.0268972756829471,0.5543529411764706,0.4918663622814496,0.7524705882352941,0.0856470588235294,0.1708235294117647,0.5816470588235294,1.1962116761237995,0.7205027718060073,0.0232879015618752,0.7040788598307737,0.0162978033729546,0.724575545451562,0.0234604195508134,0.036647267987292,0.0097499923043448,0.5571764705882353,0.0028235294117646,0.4861512125608092,-0.0057151497206404,0.7374117647058823,-0.0150588235294117,0.0832941176470588,-0.0023529411764705,0.2056470588235294,0.0348235294117647,0.5317647058823529,-0.0498823529411764,1.2660320426444314,0.0698203665206316,2,global_qwk_low;mean_abs_error_high,False,fedavg,0.6972148702441321,0.7205027718060073,0.0,-0.0232879015618752,0.6877810564578191,0.7040788598307737,0.0,-0.0162978033729546,0.7011151259007485,0.724575545451562,0.0,-0.0234604195508134,0.5543529411764706,0.5571764705882353,0.0,-0.0028235294117646,0.4918663622814496,0.4861512125608092,0.0,0.0057151497206404,minus_mean_abs_error_high,global_qwk_low;worst_site_qwk_low;site_qwk_spread_high;severe_error_rate_high,global_qwk_low,1,False,fedavg,0.6972148702441321,0.0,0.4918663622814496,0.0,0.6877810564578191,0.0,0.7011151259007485,0.0,0.5543529411764706,0.0
results\threshold_shift_panda_all_conservative_25_seed_41\predictions.csv,25,25,41,fedavg,cross_site_blend_50,0.7202580688884488,0.6743533473061274,0.7298307979702701,0.1317171220663648,0.5501176470588235,0.4824906967953413,0.7430588235294118,0.076235294117647,0.2094117647058823,0.5336470588235294,1.2182607172455775,0.7201768853345207,-8.118355392805476e-05,0.6762594388570907,0.0019060915509633,0.7291590557053944,-0.0006717422648756,0.133104813915374,0.0013876918490091,0.552,0.0018823529411765,0.4829258541347689,0.0004351573394276,0.739764705882353,-0.0032941176470587,0.0752941176470588,-0.0009411764705882,0.2018823529411764,-0.0075294117647058,0.5378823529411765,0.0042352941176471,1.2129724253257472,-0.0052882919198304,1,site_qwk_spread_high,False,fedavg,0.7202580688884488,0.7201768853345207,0.0,8.118355392805476e-05,0.6743533473061274,0.6762594388570907,0.0,-0.0019060915509633,0.7298307979702701,0.7291590557053944,0.0,0.0006717422648756,0.5501176470588235,0.552,0.0,-0.0018823529411765,0.4824906967953413,0.4829258541347689,0.0,-0.0004351573394276,minus_mean_abs_error_high,global_qwk_low;worst_site_qwk_low;site_qwk_spread_high;severe_error_rate_high,site_qwk_spread_high,1,False,fedavg,0.7202580688884488,0.0,0.4824906967953413,0.0,0.6743533473061274,0.0,0.7298307979702701,0.0,0.5501176470588235,0.0
results\threshold_shift_panda_all_conservative_25_seed_42\predictions.csv,25,25,42,fedavg,cross_site_blend_50,0.6900562645358724,0.6495610985501873,0.7071368235605715,0.1385424859867998,0.5501176470588235,0.4861718187932506,0.764235294117647,0.084235294117647,0.1858823529411764,0.5783529411764706,1.2376121071058417,0.68772360765853,-0.0023326568773424,0.6412751366879808,-0.0082859618622065,0.6920509148805926,-0.0150859086799789,0.1082639838881263,-0.0302785020986735,0.5548235294117647,0.0047058823529412,0.4959268967582335,0.0097550779649828,0.7694117647058824,0.0051764705882353,0.0865882352941176,0.0023529411764705,0.2018823529411764,0.0159999999999999,0.5675294117647058,-0.0108235294117647,1.1956573275220916,-0.04195477958375,4,global_qwk_low;worst_site_qwk_low;site_qwk_spread_high;mean_abs_error_high,True,cross_site_blend_50,0.68772360765853,0.68772360765853,-0.0023326568773424,0.0,0.6412751366879808,0.6412751366879808,-0.0082859618622065,0.0,0.6920509148805926,0.6920509148805926,-0.0150859086799789,0.0,0.5548235294117647,0.5548235294117647,0.0047058823529412,0.0,0.4959268967582335,0.4959268967582335,0.0097550779649828,0.0,minus_mean_abs_error_high,global_qwk_low;worst_site_qwk_low;site_qwk_spread_high;severe_error_rate_high,global_qwk_low;worst_site_qwk_low;site_qwk_spread_high,3,True,cross_site_blend_50,0.68772360765853,-0.0023326568773424095,0.4959268967582335,0.009755077964982872,0.6412751366879808,-0.008285961862206537,0.6920509148805926,-0.015085908679978943,0.5548235294117647,0.004705882352941226
results\threshold_shift_panda_all_conservative_25_seed_43\predictions.csv,25,25,43,fedavg,cross_site_blend_50,0.7245069446598131,0.6952637768258507,0.7278015598431683,0.0595743442435383,0.5444705882352942,0.4752056614216659,0.7609411764705882,0.0823529411764705,0.2192941176470588,0.5416470588235294,1.175095418624223,0.7307639556201779,0.0062570109603647,0.7036243352895313,0.0083605584636805,0.7329086523850974,0.005107092541929,0.0482239859979651,-0.0113503582455731,0.5571764705882353,0.0127058823529411,0.4923517503378208,0.0171460889161548,0.7298823529411764,-0.0310588235294118,0.076235294117647,-0.0061176470588235,0.208,-0.0112941176470588,0.5218823529411765,-0.0197647058823529,1.2225802258384997,0.0474848072142763,1,mean_abs_error_high,False,fedavg,0.7245069446598131,0.7307639556201779,0.0,-0.0062570109603647,0.6952637768258507,0.7036243352895313,0.0,-0.0083605584636805,0.7278015598431683,0.7329086523850974,0.0,-0.005107092541929,0.5444705882352942,0.5571764705882353,0.0,-0.0127058823529411,0.4752056614216659,0.4923517503378208,0.0,-0.0171460889161548,minus_mean_abs_error_high,global_qwk_low;worst_site_qwk_low;site_qwk_spread_high;severe_error_rate_high,,0,False,fedavg,0.7245069446598131,0.0,0.4752056614216659,0.0,0.6952637768258507,0.0,0.7278015598431683,0.0,0.5444705882352942,0.0
results\threshold_shift_panda_all_conservative_25_seed_47\predictions.csv,25,25,47,fedavg,cross_site_blend_50,0.6936284049330126,0.6691735749081276,0.7006720430459557,0.0671430749603549,0.5534117647058824,0.4851559264154019,0.7863529411764706,0.0978823529411764,0.2498823529411764,0.5364705882352941,1.203907042244046,0.7106572087915877,0.017028803858575,0.694133245603387,0.0249596706952593,0.7177787627595613,0.0171067197136056,0.0367471391254201,-0.0303959358349348,0.5661176470588235,0.0127058823529411,0.4995890266621112,0.0144331002467092,0.7491764705882353,-0.0371764705882352,0.0894117647058823,-0.0084705882352941,0.2254117647058823,-0.0244705882352941,0.5237647058823529,-0.0127058823529412,1.2128086729436829,0.0089016306996367,3,global_qwk_low;mean_abs_error_high;severe_error_rate_high,True,cross_site_blend_50,0.7106572087915877,0.7106572087915877,0.017028803858575,0.0,0.694133245603387,0.694133245603387,0.0249596706952593,0.0,0.7177787627595613,0.7177787627595613,0.0171067197136056,0.0,0.5661176470588235,0.5661176470588235,0.0127058823529411,0.0,0.4995890266621112,0.4995890266621112,0.0144331002467092,0.0,minus_mean_abs_error_high,global_qwk_low;worst_site_qwk_low;site_qwk_spread_high;severe_error_rate_high,global_qwk_low;severe_error_rate_high,2,False,fedavg,0.6936284049330126,0.0,0.4851559264154019,0.0,0.6691735749081276,0.0,0.7006720430459557,0.0,0.5534117647058824,0.0
results\threshold_shift_panda_all_conservative_25_seed_53\predictions.csv,25,25,53,fedavg,cross_site_blend_50,0.7316496597962019,0.6920345176619945,0.7354807170169702,0.0837986543640098,0.5454117647058824,0.4823338060005934,0.7336470588235294,0.0767058823529411,0.1901176470588235,0.5435294117647059,1.2310987417430597,0.7229713415877923,-0.0086783182084095,0.6593399757389763,-0.0326945419230182,0.727922718917195,-0.0075579980997751,0.1214823750084715,0.0376837206444617,0.5397647058823529,-0.0056470588235294,0.4685537791958584,-0.013780026804735,0.764235294117647,0.0305882352941175,0.0856470588235294,0.0089411764705882,0.2235294117647059,0.0334117647058823,0.5407058823529411,-0.0028235294117647,1.2075136750952251,-0.0235850666478343,0,,False,fedavg,0.7316496597962019,0.7229713415877923,0.0,0.0086783182084095,0.6920345176619945,0.6593399757389763,0.0,0.0326945419230182,0.7354807170169702,0.727922718917195,0.0,0.0075579980997751,0.5454117647058824,0.5397647058823529,0.0,0.0056470588235294,0.4823338060005934,0.4685537791958584,0.0,0.013780026804735,minus_mean_abs_error_high,global_qwk_low;worst_site_qwk_low;site_qwk_spread_high;severe_error_rate_high,,0,False,fedavg,0.7316496597962019,0.0,0.4823338060005934,0.0,0.6920345176619945,0.0,0.7354807170169702,0.0,0.5454117647058824,0.0
results\threshold_shift_panda_all_conservative_25_seed_59\predictions.csv,25,25,59,fedavg,cross_site_blend_50,0.7130305484700741,0.6612079399132254,0.698713381988005,0.082129330752713,0.5477647058823529,0.4751522542118595,0.7656470588235295,0.0837647058823529,0.2268235294117647,0.5388235294117647,1.205636548813257,0.719643867277798,0.0066133188077239,0.6697262220078097,0.0085182820945843,0.7043899558928096,0.0056765739048045,0.0820154074742807,-0.0001139232784322,0.5515294117647059,0.003764705882353,0.4820257199853272,0.0068734657734677,0.7529411764705882,-0.0127058823529412,0.0804705882352941,-0.0032941176470588,0.2437647058823529,0.0169411764705882,0.5091764705882353,-0.0296470588235293,1.228863320739206,0.0232267719259491,2,worst_site_qwk_low;mean_abs_error_high,False,fedavg,0.7130305484700741,0.719643867277798,0.0,-0.0066133188077239,0.6612079399132254,0.6697262220078097,0.0,-0.0085182820945843,0.698713381988005,0.7043899558928096,0.0,-0.0056765739048045,0.5477647058823529,0.5515294117647059,0.0,-0.003764705882353,0.4751522542118595,0.4820257199853272,0.0,-0.0068734657734677,minus_mean_abs_error_high,global_qwk_low;worst_site_qwk_low;site_qwk_spread_high;severe_error_rate_high,worst_site_qwk_low,1,False,fedavg,0.7130305484700741,0.0,0.4751522542118595,0.0,0.6612079399132254,0.0,0.698713381988005,0.0,0.5477647058823529,0.0
results\threshold_shift_panda_all_conservative_25_seed_7\predictions.csv,25,25,7,fedavg,cross_site_blend_50,0.6997779270476749,0.6417326646399318,0.7003320675905599,0.0868746166503496,0.5458823529411765,0.4716612753115737,0.772235294117647,0.0898823529411764,0.1604705882352941,0.611764705882353,1.206203934723883,0.7082913382042162,0.0085134111565412,0.6875498993370899,0.045817234697158,0.7133127869348994,0.0129807193443395,0.0590436693205357,-0.0278309473298139,0.563764705882353,0.0178823529411764,0.4971004508642561,0.0254391755526823,0.7407058823529412,-0.0315294117647058,0.0832941176470588,-0.0065882352941176,0.2061176470588235,0.0456470588235294,0.5345882352941177,-0.0771764705882352,1.2364279175971007,0.0302239828732173,4,global_qwk_low;worst_site_qwk_low;mean_abs_error_high;severe_error_rate_high,True,cross_site_blend_50,0.7082913382042162,0.7082913382042162,0.0085134111565412,0.0,0.6875498993370899,0.6875498993370899,0.045817234697158,0.0,0.7133127869348994,0.7133127869348994,0.0129807193443395,0.0,0.563764705882353,0.563764705882353,0.0178823529411764,0.0,0.4971004508642561,0.4971004508642561,0.0254391755526823,0.0,minus_mean_abs_error_high,global_qwk_low;worst_site_qwk_low;site_qwk_spread_high;severe_error_rate_high,global_qwk_low;worst_site_qwk_low;severe_error_rate_high,3,True,cross_site_blend_50,0.7082913382042162,0.00851341115654125,0.4971004508642561,0.02543917555268238,0.6875498993370899,0.04581723469715804,0.7133127869348994,0.01298071934433953,0.563764705882353,0.01788235294117646
results\threshold_shift_panda_all_conservative_35_seed_11\predictions.csv,35,35,11,fedavg,cross_site_blend_50,0.7241025289932075,0.7041524030739115,0.7285246757959772,0.055110935899844,0.5336470588235294,0.4603222076775293,0.7444705882352941,0.0738823529411764,0.1425882352941176,0.6018823529411764,1.2194319461014094,0.7286098049351841,0.0045072759419766,0.7048289401573158,0.0006765370834043,0.7390256683110602,0.0105009925150829,0.0540562108771789,-0.0010547250226651,0.5458823529411765,0.0122352941176471,0.4730708481708514,0.012748640493322,0.7341176470588235,-0.0103529411764705,0.0743529411764706,0.0004705882352941,0.1854117647058823,0.0428235294117647,0.5487058823529412,-0.0531764705882352,1.2251364001053593,0.0057044540039499,0,,False,fedavg,0.7241025289932075,0.7286098049351841,0.0,-0.0045072759419766,0.7041524030739115,0.7048289401573158,0.0,-0.0006765370834043,0.7285246757959772,0.7390256683110602,0.0,-0.0105009925150829,0.5336470588235294,0.5458823529411765,0.0,-0.0122352941176471,0.4603222076775293,0.4730708481708514,0.0,-0.012748640493322,minus_mean_abs_error_high,global_qwk_low;worst_site_qwk_low;site_qwk_spread_high;severe_error_rate_high,,0,False,fedavg,0.7241025289932075,0.0,0.4603222076775293,0.0,0.7041524030739115,0.0,0.7285246757959772,0.0,0.5336470588235294,0.0
results\threshold_shift_panda_all_conservative_35_seed_123\predictions.csv,35,35,123,fedavg,cross_site_blend_50,0.7008120381304861,0.6415110661876857,0.697531397710042,0.0982795917259411,0.532235294117647,0.4574705593495003,0.7849411764705883,0.0875294117647058,0.2009411764705882,0.584,1.2611656449015984,0.7269069025420316,0.0260948644115455,0.6794004503871789,0.0378893841994931,0.7237739253622082,0.0262425276521661,0.0901034617497356,-0.0081761299762055,0.5444705882352942,0.0122352941176471,0.4786428584290986,0.0211722990795983,0.7501176470588236,-0.0348235294117647,0.0776470588235294,-0.0098823529411764,0.2592941176470588,0.0583529411764706,0.4908235294117647,-0.0931764705882352,1.2286715096175744,-0.032494135284024,4,global_qwk_low;worst_site_qwk_low;mean_abs_error_high;severe_error_rate_high,True,cross_site_blend_50,0.7269069025420316,0.7269069025420316,0.0260948644115455,0.0,0.6794004503871789,0.6794004503871789,0.0378893841994931,0.0,0.7237739253622082,0.7237739253622082,0.0262425276521661,0.0,0.5444705882352942,0.5444705882352942,0.0122352941176471,0.0,0.4786428584290986,0.4786428584290986,0.0211722990795983,0.0,minus_mean_abs_error_high,global_qwk_low;worst_site_qwk_low;site_qwk_spread_high;severe_error_rate_high,global_qwk_low;worst_site_qwk_low;severe_error_rate_high,3,True,cross_site_blend_50,0.7269069025420316,0.026094864411545515,0.4786428584290986,0.021172299079598278,0.6794004503871789,0.03788938419949317,0.7237739253622082,0.02624252765216617,0.5444705882352942,0.012235294117647122
results\threshold_shift_panda_all_conservative_35_seed_17\predictions.csv,35,35,17,fedavg,cross_site_blend_50,0.7156175045507729,0.662600406948435,0.6983166532576419,0.0911840083457815,0.5256470588235295,0.4553905734474262,0.7731764705882352,0.0767058823529411,0.1797647058823529,0.5934117647058823,1.238334154748132,0.7108784951497062,-0.0047390094010666,0.6478945756677357,-0.0147058312806993,0.6950529756936927,-0.0032636775639491,0.0984968352422668,0.0073128268964852,0.5407058823529411,0.0150588235294116,0.4738092183773791,0.0184186449299529,0.7576470588235295,-0.0155294117647057,0.0767058823529411,0.0,0.1614117647058823,-0.0183529411764705,0.5962352941176471,0.0028235294117647,1.2314981011120003,-0.0068360536361318,2,worst_site_qwk_low;mean_abs_error_high,False,fedavg,0.7156175045507729,0.7108784951497062,0.0,0.0047390094010666,0.662600406948435,0.6478945756677357,0.0,0.0147058312806993,0.6983166532576419,0.6950529756936927,0.0,0.0032636775639491,0.5256470588235295,0.5407058823529411,0.0,-0.0150588235294116,0.4553905734474262,0.4738092183773791,0.0,-0.0184186449299529,minus_mean_abs_error_high,global_qwk_low;worst_site_qwk_low;site_qwk_spread_high;severe_error_rate_high,worst_site_qwk_low,1,False,fedavg,0.7156175045507729,0.0,0.4553905734474262,0.0,0.662600406948435,0.0,0.6983166532576419,0.0,0.5256470588235295,0.0
results\threshold_shift_panda_all_conservative_35_seed_2025\predictions.csv,35,35,2025,fedavg,cross_site_blend_50,0.6807281930157466,0.6555318322663316,0.6810694037359211,0.043317625483436,0.5289411764705882,0.4536186046377839,0.8103529411764706,0.0978823529411764,0.216,0.5943529411764706,1.221732048158023,0.6843497880677879,0.0036215950520412,0.6713782370321215,0.0158464047657899,0.6886384962515921,0.007569092515671,0.0564340284703003,0.0131164029868642,0.5392941176470588,0.0103529411764705,0.4562819945143608,0.0026633898765768,0.7995294117647059,-0.0108235294117646,0.096,-0.0018823529411764,0.2367058823529411,0.0207058823529411,0.5628235294117647,-0.0315294117647059,1.2331664369495556,0.0114343887915326,4,global_qwk_low;worst_site_qwk_low;mean_abs_error_high;severe_error_rate_high,True,cross_site_blend_50,0.6843497880677879,0.6843497880677879,0.0036215950520412,0.0,0.6713782370321215,0.6713782370321215,0.0158464047657899,0.0,0.6886384962515921,0.6886384962515921,0.007569092515671,0.0,0.5392941176470588,0.5392941176470588,0.0103529411764705,0.0,0.4562819945143608,0.4562819945143608,0.0026633898765768,0.0,minus_mean_abs_error_high,global_qwk_low;worst_site_qwk_low;site_qwk_spread_high;severe_error_rate_high,global_qwk_low;worst_site_qwk_low;severe_error_rate_high,3,True,cross_site_blend_50,0.6843497880677879,0.003621595052041293,0.4562819945143608,0.0026633898765768826,0.6713782370321215,0.015846404765789912,0.6886384962515921,0.007569092515671061,0.5392941176470588,0.010352941176470565
results\threshold_shift_panda_all_conservative_35_seed_23\predictions.csv,35,35,23,fedavg,cross_site_blend_50,0.6817054931979193,0.6489528417707806,0.6975572303865987,0.119148092428158,0.5284705882352941,0.450867585684515,0.808,0.0931764705882352,0.1769411764705882,0.6310588235294118,1.1892046987633955,0.6817857870178419,8.029381992258333e-05,0.6388311572868921,-0.0101216844838885,0.7033775320945139,0.0058203017079152,0.1359653259433261,0.016817233515168,0.5369411764705883,0.0084705882352941,0.4639569043661534,0.0130893186816383,0.8032941176470588,-0.0047058823529412,0.0988235294117647,0.0056470588235294,0.1830588235294117,0.0061176470588235,0.6202352941176471,-0.0108235294117646,1.1863130684906258,-0.0028916302727697,5,global_qwk_low;worst_site_qwk_low;site_qwk_spread_high;mean_abs_error_high;severe_error_rate_high,True,cross_site_blend_50,0.6817857870178419,0.6817857870178419,8.029381992258333e-05,0.0,0.6388311572868921,0.6388311572868921,-0.0101216844838885,0.0,0.7033775320945139,0.7033775320945139,0.0058203017079152,0.0,0.5369411764705883,0.5369411764705883,0.0084705882352941,0.0,0.4639569043661534,0.4639569043661534,0.0130893186816383,0.0,minus_mean_abs_error_high,global_qwk_low;worst_site_qwk_low;site_qwk_spread_high;severe_error_rate_high,global_qwk_low;worst_site_qwk_low;site_qwk_spread_high;severe_error_rate_high,4,True,cross_site_blend_50,0.6817857870178419,8.029381992258333e-05,0.4639569043661534,0.013089318681638373,0.6388311572868921,-0.010121684483888505,0.7033775320945139,0.005820301707915254,0.5369411764705883,0.008470588235294119
results\threshold_shift_panda_all_conservative_35_seed_29\predictions.csv,35,35,29,fedavg,cross_site_blend_50,0.7097904464951998,0.6662235221129132,0.7027673894900931,0.0632234981290861,0.540235294117647,0.4686042926591569,0.7694117647058824,0.0847058823529411,0.1727058823529411,0.5967058823529412,1.1890188545410898,0.7115535846956935,0.0017631382004936,0.6521589565004311,-0.0140645656124821,0.7032466256615588,0.0004792361714657,0.087725917623988,0.0245024194949019,0.552,0.011764705882353,0.4828868782856773,0.0142825856265204,0.7524705882352941,-0.0169411764705882,0.0832941176470588,-0.0014117647058823,0.1934117647058823,0.0207058823529411,0.5590588235294117,-0.0376470588235294,1.2192419668339496,0.0302231122928597,2,worst_site_qwk_low;mean_abs_error_high,False,fedavg,0.7097904464951998,0.7115535846956935,0.0,-0.0017631382004936,0.6662235221129132,0.6521589565004311,0.0,0.0140645656124821,0.7027673894900931,0.7032466256615588,0.0,-0.0004792361714657,0.540235294117647,0.552,0.0,-0.011764705882353,0.4686042926591569,0.4828868782856773,0.0,-0.0142825856265204,minus_mean_abs_error_high,global_qwk_low;worst_site_qwk_low;site_qwk_spread_high;severe_error_rate_high,worst_site_qwk_low,1,False,fedavg,0.7097904464951998,0.0,0.4686042926591569,0.0,0.6662235221129132,0.0,0.7027673894900931,0.0,0.540235294117647,0.0
results\threshold_shift_panda_all_conservative_35_seed_31\predictions.csv,35,35,31,fedavg,cross_site_blend_50,0.7007418973821561,0.6567343710782665,0.7054236189010938,0.0785465680739873,0.5303529411764706,0.4586274484143005,0.7637647058823529,0.0804705882352941,0.1778823529411764,0.5858823529411765,1.232779963720776,0.6984447992506222,-0.0022970981315338,0.6721370521131433,0.0154026810348768,0.7097259210937535,0.0043023021926597,0.0575256745329062,-0.021020893541081,0.5312941176470588,0.0009411764705882,0.4613398371291848,0.0027123887148843,0.7905882352941176,0.0268235294117646,0.0884705882352941,0.008,0.236235294117647,0.0583529411764706,0.5543529411764706,-0.0315294117647059,1.2149405922160483,-0.0178393715047278,3,global_qwk_low;worst_site_qwk_low;mean_abs_error_high,True,cross_site_blend_50,0.6984447992506222,0.6984447992506222,-0.0022970981315338,0.0,0.6721370521131433,0.6721370521131433,0.0154026810348768,0.0,0.7097259210937535,0.7097259210937535,0.0043023021926597,0.0,0.5312941176470588,0.5312941176470588,0.0009411764705882,0.0,0.4613398371291848,0.4613398371291848,0.0027123887148843,0.0,minus_mean_abs_error_high,global_qwk_low;worst_site_qwk_low;site_qwk_spread_high;severe_error_rate_high,global_qwk_low;worst_site_qwk_low,2,False,fedavg,0.7007418973821561,0.0,0.4586274484143005,0.0,0.6567343710782665,0.0,0.7054236189010938,0.0,0.5303529411764706,0.0
results\threshold_shift_panda_all_conservative_35_seed_37\predictions.csv,35,35,37,fedavg,cross_site_blend_50,0.6881570111379685,0.6753917200032407,0.6931063763738259,0.0480626294431818,0.5374117647058824,0.4783017867321298,0.780235294117647,0.0894117647058823,0.168,0.6122352941176471,1.1881799999568676,0.7088559872909906,0.0206989761530221,0.7005886411526676,0.0251969211494269,0.7091999311672879,0.0160935547934619,0.0179046574244339,-0.0301579720187479,0.5501176470588235,0.0127058823529411,0.4807607288988407,0.0024589421667108,0.7614117647058823,-0.0188235294117646,0.0875294117647058,-0.0018823529411764,0.1981176470588235,0.0301176470588235,0.5632941176470588,-0.0489411764705882,1.2618641650555706,0.073684165098703,3,global_qwk_low;mean_abs_error_high;severe_error_rate_high,True,cross_site_blend_50,0.7088559872909906,0.7088559872909906,0.0206989761530221,0.0,0.7005886411526676,0.7005886411526676,0.0251969211494269,0.0,0.7091999311672879,0.7091999311672879,0.0160935547934619,0.0,0.5501176470588235,0.5501176470588235,0.0127058823529411,0.0,0.4807607288988407,0.4807607288988407,0.0024589421667108,0.0,minus_mean_abs_error_high,global_qwk_low;worst_site_qwk_low;site_qwk_spread_high;severe_error_rate_high,global_qwk_low;severe_error_rate_high,2,False,fedavg,0.6881570111379685,0.0,0.4783017867321298,0.0,0.6753917200032407,0.0,0.6931063763738259,0.0,0.5374117647058824,0.0
results\threshold_shift_panda_all_conservative_35_seed_41\predictions.csv,35,35,41,fedavg,cross_site_blend_50,0.7113097901595187,0.6734327929995696,0.7237520313373309,0.121717904643702,0.5463529411764706,0.4799819319597888,0.7548235294117647,0.0776470588235294,0.1811764705882353,0.5736470588235294,1.2056767326949895,0.719471196172685,0.0081614060131662,0.6730135092011488,-0.0004192837984208,0.7303581616493352,0.0066061303120042,0.1303923017539611,0.008674397110259,0.5416470588235294,-0.0047058823529412,0.4637752881006425,-0.0162066438591463,0.7534117647058823,-0.0014117647058823,0.0776470588235294,0.0,0.1952941176470588,0.0141176470588235,0.5581176470588235,-0.0155294117647059,1.2143684094040363,0.0086916767090468,2,site_qwk_spread_high;mean_abs_error_high,False,fedavg,0.7113097901595187,0.719471196172685,0.0,-0.0081614060131662,0.6734327929995696,0.6730135092011488,0.0,0.0004192837984208,0.7237520313373309,0.7303581616493352,0.0,-0.0066061303120042,0.5463529411764706,0.5416470588235294,0.0,0.0047058823529412,0.4799819319597888,0.4637752881006425,0.0,0.0162066438591463,minus_mean_abs_error_high,global_qwk_low;worst_site_qwk_low;site_qwk_spread_high;severe_error_rate_high,site_qwk_spread_high,1,False,fedavg,0.7113097901595187,0.0,0.4799819319597888,0.0,0.6734327929995696,0.0,0.7237520313373309,0.0,0.5463529411764706,0.0
results\threshold_shift_panda_all_conservative_35_seed_42\predictions.csv,35,35,42,fedavg,cross_site_blend_50,0.6756849335913802,0.6353615299085036,0.6925201467229715,0.1310682876157862,0.536,0.4644619166746092,0.792,0.0894117647058823,0.1543529411764705,0.6376470588235295,1.224289945414343,0.6894884384239218,0.0138035048325416,0.6669725170550318,0.0316109871465282,0.6993536527466236,0.0068335060236521,0.0618142421004909,-0.0692540455152953,0.5510588235294117,0.0150588235294116,0.4887452064509185,0.0242832897763093,0.768,-0.024,0.0894117647058823,0.0,0.1741176470588235,0.0197647058823529,0.5938823529411764,-0.043764705882353,1.210178393635258,-0.014111551779085,5,global_qwk_low;worst_site_qwk_low;site_qwk_spread_high;mean_abs_error_high;severe_error_rate_high,True,cross_site_blend_50,0.6894884384239218,0.6894884384239218,0.0138035048325416,0.0,0.6669725170550318,0.6669725170550318,0.0316109871465282,0.0,0.6993536527466236,0.6993536527466236,0.0068335060236521,0.0,0.5510588235294117,0.5510588235294117,0.0150588235294116,0.0,0.4887452064509185,0.4887452064509185,0.0242832897763093,0.0,minus_mean_abs_error_high,global_qwk_low;worst_site_qwk_low;site_qwk_spread_high;severe_error_rate_high,global_qwk_low;worst_site_qwk_low;site_qwk_spread_high;severe_error_rate_high,4,True,cross_site_blend_50,0.6894884384239218,0.013803504832541669,0.4887452064509185,0.024283289776309336,0.6669725170550318,0.03161098714652821,0.6993536527466236,0.0068335060236521805,0.5510588235294117,0.01505882352941168
results\threshold_shift_panda_all_conservative_35_seed_43\predictions.csv,35,35,43,fedavg,cross_site_blend_50,0.7243710362103042,0.6957735339954874,0.7233928968414869,0.0581241993214474,0.5411764705882353,0.4743099103943904,0.7548235294117647,0.0776470588235294,0.1849411764705882,0.5698823529411765,1.19096471275959,0.727587704567845,0.0032166683575408,0.7141744782952756,0.0184009442997882,0.7280030301481822,0.0046101333066953,0.024354381203459,-0.0337698181179884,0.5576470588235294,0.0164705882352941,0.4963415130623081,0.0220316026679177,0.728,-0.0268235294117646,0.0757647058823529,-0.0018823529411764,0.1863529411764705,0.0014117647058823,0.5416470588235294,-0.0282352941176471,1.253319658952319,0.062354946192729,1,mean_abs_error_high,False,fedavg,0.7243710362103042,0.727587704567845,0.0,-0.0032166683575408,0.6957735339954874,0.7141744782952756,0.0,-0.0184009442997882,0.7233928968414869,0.7280030301481822,0.0,-0.0046101333066953,0.5411764705882353,0.5576470588235294,0.0,-0.0164705882352941,0.4743099103943904,0.4963415130623081,0.0,-0.0220316026679177,minus_mean_abs_error_high,global_qwk_low;worst_site_qwk_low;site_qwk_spread_high;severe_error_rate_high,,0,False,fedavg,0.7243710362103042,0.0,0.4743099103943904,0.0,0.6957735339954874,0.0,0.7233928968414869,0.0,0.5411764705882353,0.0
results\threshold_shift_panda_all_conservative_35_seed_47\predictions.csv,35,35,47,fedavg,cross_site_blend_50,0.6921737812192412,0.6538064261416063,0.7020314672875764,0.0848993069725201,0.5298823529411765,0.4594810361790215,0.8004705882352942,0.0941176470588235,0.2254117647058823,0.5750588235294117,1.2166343312159058,0.6985148818152267,0.0063411005959854,0.6806512543888461,0.0268448282472397,0.7065425962205635,0.0045111289329871,0.0411207590642284,-0.0437785479082917,0.5538823529411765,0.024,0.4823224745876996,0.0228414384086781,0.772235294117647,-0.0282352941176471,0.0889411764705882,-0.0051764705882352,0.2188235294117647,-0.0065882352941176,0.5534117647058824,-0.0216470588235293,1.2207361889290396,0.0041018577131337,4,global_qwk_low;worst_site_qwk_low;mean_abs_error_high;severe_error_rate_high,True,cross_site_blend_50,0.6985148818152267,0.6985148818152267,0.0063411005959854,0.0,0.6806512543888461,0.6806512543888461,0.0268448282472397,0.0,0.7065425962205635,0.7065425962205635,0.0045111289329871,0.0,0.5538823529411765,0.5538823529411765,0.024,0.0,0.4823224745876996,0.4823224745876996,0.0228414384086781,0.0,minus_mean_abs_error_high,global_qwk_low;worst_site_qwk_low;site_qwk_spread_high;severe_error_rate_high,global_qwk_low;worst_site_qwk_low;severe_error_rate_high,3,True,cross_site_blend_50,0.6985148818152267,0.006341100595985472,0.4823224745876996,0.02284143840867814,0.6806512543888461,0.02684482824723977,0.7065425962205635,0.004511128932987107,0.5538823529411765,0.02400000000000002
results\threshold_shift_panda_all_conservative_35_seed_53\predictions.csv,35,35,53,fedavg,cross_site_blend_50,0.7220044444993801,0.6893711996389367,0.7283130832458101,0.0732320067083412,0.5416470588235294,0.475308711273759,0.7501176470588236,0.0814117647058823,0.1745882352941176,0.5755294117647058,1.2470530666116162,0.717561349932142,-0.004443094567238,0.6569645223976546,-0.0324066772412821,0.722569893267072,-0.0057431899787381,0.1146446391528314,0.0414126324444901,0.5284705882352941,-0.0131764705882352,0.450925928543104,-0.024382782730655,0.7821176470588236,0.032,0.0865882352941176,0.0051764705882352,0.2136470588235294,0.0390588235294117,0.5684705882352942,-0.0070588235294116,1.213103565384407,-0.0339495012272093,1,mean_abs_error_high,False,fedavg,0.7220044444993801,0.717561349932142,0.0,0.004443094567238,0.6893711996389367,0.6569645223976546,0.0,0.0324066772412821,0.7283130832458101,0.722569893267072,0.0,0.0057431899787381,0.5416470588235294,0.5284705882352941,0.0,0.0131764705882352,0.475308711273759,0.450925928543104,0.0,0.024382782730655,minus_mean_abs_error_high,global_qwk_low;worst_site_qwk_low;site_qwk_spread_high;severe_error_rate_high,,0,False,fedavg,0.7220044444993801,0.0,0.475308711273759,0.0,0.6893711996389367,0.0,0.7283130832458101,0.0,0.5416470588235294,0.0
results\threshold_shift_panda_all_conservative_35_seed_59\predictions.csv,35,35,59,fedavg,cross_site_blend_50,0.7100777412130561,0.6429990356369907,0.6901337869423715,0.105887289059677,0.5435294117647059,0.471341301659099,0.7717647058823529,0.0851764705882353,0.1952941176470588,0.5764705882352941,1.2240254947685616,0.7116016939956201,0.001523952782564,0.6370567174716034,-0.0059423181653872,0.6934241099992058,0.0032903230568342,0.1132789288326377,0.0073916397729607,0.5534117647058824,0.0098823529411764,0.4825955569744076,0.0112542553153086,0.7604705882352941,-0.0112941176470587,0.0818823529411764,-0.0032941176470588,0.2141176470588235,0.0188235294117647,0.5463529411764706,-0.0301176470588234,1.238746797482302,0.0147213027137405,3,worst_site_qwk_low;site_qwk_spread_high;mean_abs_error_high,True,cross_site_blend_50,0.7116016939956201,0.7116016939956201,0.001523952782564,0.0,0.6370567174716034,0.6370567174716034,-0.0059423181653872,0.0,0.6934241099992058,0.6934241099992058,0.0032903230568342,0.0,0.5534117647058824,0.5534117647058824,0.0098823529411764,0.0,0.4825955569744076,0.4825955569744076,0.0112542553153086,0.0,minus_mean_abs_error_high,global_qwk_low;worst_site_qwk_low;site_qwk_spread_high;severe_error_rate_high,worst_site_qwk_low;site_qwk_spread_high,2,False,fedavg,0.7100777412130561,0.0,0.471341301659099,0.0,0.6429990356369907,0.0,0.6901337869423715,0.0,0.5435294117647059,0.0
results\threshold_shift_panda_all_conservative_35_seed_7\predictions.csv,35,35,7,fedavg,cross_site_blend_50,0.6942774894031114,0.6443874347078955,0.6975829421396949,0.0858773052027235,0.5374117647058824,0.4603144780205284,0.7849411764705883,0.0903529411764706,0.1552941176470588,0.6296470588235294,1.2142426451106132,0.7056756010856606,0.0113981116825492,0.6562957385838117,0.0119083038759162,0.7117153467248711,0.0141324045851762,0.1079768212688585,0.022099516066135,0.5529411764705883,0.0155294117647059,0.4856018793440087,0.0252874013234802,0.7529411764705882,-0.032,0.0870588235294117,-0.0032941176470588,0.1868235294117647,0.0315294117647058,0.5661176470588235,-0.0635294117647059,1.2264807032274183,0.0122380581168053,4,global_qwk_low;worst_site_qwk_low;mean_abs_error_high;severe_error_rate_high,True,cross_site_blend_50,0.7056756010856606,0.7056756010856606,0.0113981116825492,0.0,0.6562957385838117,0.6562957385838117,0.0119083038759162,0.0,0.7117153467248711,0.7117153467248711,0.0141324045851762,0.0,0.5529411764705883,0.5529411764705883,0.0155294117647059,0.0,0.4856018793440087,0.4856018793440087,0.0252874013234802,0.0,minus_mean_abs_error_high,global_qwk_low;worst_site_qwk_low;site_qwk_spread_high;severe_error_rate_high,global_qwk_low;worst_site_qwk_low;severe_error_rate_high,3,True,cross_site_blend_50,0.7056756010856606,0.011398111682549228,0.4856018793440087,0.02528740132348034,0.6562957385838117,0.011908303875916237,0.7117153467248711,0.014132404585176284,0.5529411764705883,0.015529411764705903
results\threshold_shift_panda_all_conservative_45_seed_11\predictions.csv,45,45,11,fedavg,cross_site_blend_50,0.7186645880399637,0.6983115957788266,0.7269082996176406,0.0565871762874488,0.5256470588235295,0.4458322751590808,0.7581176470588236,0.0705882352941176,0.1327058823529411,0.6254117647058823,1.2047639969635384,0.7279402531602377,0.009275665120274,0.6982601754864977,-5.142029232896306e-05,0.7413890565436128,0.0144807569259721,0.0733651753637983,0.0167779990763495,0.5491764705882353,0.0235294117647058,0.4756956220330177,0.0298633468739368,0.7265882352941176,-0.0315294117647059,0.0752941176470588,0.0047058823529411,0.1656470588235294,0.0329411764705882,0.5609411764705883,-0.064470588235294,1.228324298388084,0.0235603014245455,1,mean_abs_error_high,False,fedavg,0.7186645880399637,0.7279402531602377,0.0,-0.009275665120274,0.6983115957788266,0.6982601754864977,0.0,5.142029232896306e-05,0.7269082996176406,0.7413890565436128,0.0,-0.0144807569259721,0.5256470588235295,0.5491764705882353,0.0,-0.0235294117647058,0.4458322751590808,0.4756956220330177,0.0,-0.0298633468739368,minus_mean_abs_error_high,global_qwk_low;worst_site_qwk_low;site_qwk_spread_high;severe_error_rate_high,,0,False,fedavg,0.7186645880399637,0.0,0.4458322751590808,0.0,0.6983115957788266,0.0,0.7269082996176406,0.0,0.5256470588235295,0.0
results\threshold_shift_panda_all_conservative_45_seed_123\predictions.csv,45,45,123,fedavg,cross_site_blend_50,0.6842525827854697,0.6443909272024675,0.6827482723486302,0.0739910587963851,0.512,0.4354754690015998,0.8084705882352942,0.0912941176470588,0.1647058823529411,0.6437647058823529,1.25651402768541,0.7276041522412715,0.0433515694558017,0.6793432674370103,0.0349523402345428,0.7197759974251865,0.0370277250765562,0.0794422259562985,0.0054511671599134,0.5421176470588235,0.0301176470588234,0.4722981845450189,0.036822715543419,0.7463529411764706,-0.0621176470588236,0.0767058823529411,-0.0145882352941176,0.2381176470588235,0.0734117647058823,0.508235294117647,-0.1355294117647059,1.2447748699019268,-0.0117391577834833,4,global_qwk_low;worst_site_qwk_low;mean_abs_error_high;severe_error_rate_high,True,cross_site_blend_50,0.7276041522412715,0.7276041522412715,0.0433515694558017,0.0,0.6793432674370103,0.6793432674370103,0.0349523402345428,0.0,0.7197759974251865,0.7197759974251865,0.0370277250765562,0.0,0.5421176470588235,0.5421176470588235,0.0301176470588234,0.0,0.4722981845450189,0.4722981845450189,0.036822715543419,0.0,minus_mean_abs_error_high,global_qwk_low;worst_site_qwk_low;site_qwk_spread_high;severe_error_rate_high,global_qwk_low;worst_site_qwk_low;severe_error_rate_high,3,True,cross_site_blend_50,0.7276041522412715,0.043351569455801764,0.4722981845450189,0.03682271554341909,0.6793432674370103,0.034952340234542856,0.7197759974251865,0.03702772507655627,0.5421176470588235,0.03011764705882347
results\threshold_shift_panda_all_conservative_45_seed_17\predictions.csv,45,45,17,fedavg,cross_site_blend_50,0.7047611051305348,0.645220573180699,0.6905945451901226,0.0909757587087569,0.5129411764705882,0.4388248410063545,0.7943529411764706,0.0781176470588235,0.1477647058823529,0.6465882352941177,1.2398184894957895,0.7077247854813571,0.0029636803508222,0.6417517990615361,-0.0034687741191629,0.6917447783051633,0.0011502331150406,0.1018123133312761,0.0108365546225192,0.5289411764705882,0.016,0.4601461090491274,0.0213212680427729,0.7684705882352941,-0.0258823529411764,0.0785882352941176,0.0004705882352941,0.1609411764705882,0.0131764705882352,0.6075294117647059,-0.0390588235294118,1.2388539655751256,-0.0009645239206639,2,worst_site_qwk_low;mean_abs_error_high,False,fedavg,0.7047611051305348,0.7077247854813571,0.0,-0.0029636803508222,0.645220573180699,0.6417517990615361,0.0,0.0034687741191629,0.6905945451901226,0.6917447783051633,0.0,-0.0011502331150406,0.5129411764705882,0.5289411764705882,0.0,-0.016,0.4388248410063545,0.4601461090491274,0.0,-0.0213212680427729,minus_mean_abs_error_high,global_qwk_low;worst_site_qwk_low;site_qwk_spread_high;severe_error_rate_high,worst_site_qwk_low,1,False,fedavg,0.7047611051305348,0.0,0.4388248410063545,0.0,0.645220573180699,0.0,0.6905945451901226,0.0,0.5129411764705882,0.0
results\threshold_shift_panda_all_conservative_45_seed_2025\predictions.csv,45,45,2025,fedavg,cross_site_blend_50,0.6513178987545161,0.6357395844743857,0.6550728682482759,0.0617910715279269,0.512,0.4213510266509179,0.8465882352941176,0.1021176470588235,0.1689411764705882,0.6776470588235294,1.2398197962944426,0.6916847406111084,0.0403668418565923,0.6475384686313133,0.0117988841569275,0.6929907323339558,0.0379178640856798,0.0791388873452907,0.0173478158173637,0.5251764705882352,0.0131764705882352,0.4405144881551974,0.0191634615042795,0.7995294117647059,-0.0470588235294117,0.0908235294117647,-0.0112941176470588,0.2188235294117647,0.0498823529411764,0.5807058823529412,-0.0969411764705882,1.2347401108882392,-0.0050796854062034,4,global_qwk_low;worst_site_qwk_low;mean_abs_error_high;severe_error_rate_high,True,cross_site_blend_50,0.6916847406111084,0.6916847406111084,0.0403668418565923,0.0,0.6475384686313133,0.6475384686313133,0.0117988841569275,0.0,0.6929907323339558,0.6929907323339558,0.0379178640856798,0.0,0.5251764705882352,0.5251764705882352,0.0131764705882352,0.0,0.4405144881551974,0.4405144881551974,0.0191634615042795,0.0,minus_mean_abs_error_high,global_qwk_low;worst_site_qwk_low;site_qwk_spread_high;severe_error_rate_high,global_qwk_low;worst_site_qwk_low;severe_error_rate_high,3,True,cross_site_blend_50,0.6916847406111084,0.04036684185659234,0.4405144881551974,0.0191634615042795,0.6475384686313133,0.011798884156927536,0.6929907323339558,0.037917864085679875,0.5251764705882352,0.013176470588235234
results\threshold_shift_panda_all_conservative_45_seed_23\predictions.csv,45,45,23,fedavg,cross_site_blend_50,0.6689702161873159,0.6278285098051922,0.6892648974635475,0.1249900734371944,0.5256470588235295,0.4501728064200315,0.8169411764705883,0.0974117647058823,0.1487058823529412,0.668235294117647,1.223265605185007,0.6811832732447068,0.0122130570573909,0.6330609816469177,0.0052324718417254,0.7044609882881547,0.0151960908246072,0.1447019826986322,0.0197119092614377,0.5383529411764706,0.0127058823529411,0.4677176487867743,0.0175448423667428,0.7981176470588235,-0.0188235294117647,0.0974117647058823,0.0,0.1632941176470588,0.0145882352941176,0.6348235294117647,-0.0334117647058823,1.1950156635017095,-0.0282499416832973,5,global_qwk_low;worst_site_qwk_low;site_qwk_spread_high;mean_abs_error_high;severe_error_rate_high,True,cross_site_blend_50,0.6811832732447068,0.6811832732447068,0.0122130570573909,0.0,0.6330609816469177,0.6330609816469177,0.0052324718417254,0.0,0.7044609882881547,0.7044609882881547,0.0151960908246072,0.0,0.5383529411764706,0.5383529411764706,0.0127058823529411,0.0,0.4677176487867743,0.4677176487867743,0.0175448423667428,0.0,minus_mean_abs_error_high,global_qwk_low;worst_site_qwk_low;site_qwk_spread_high;severe_error_rate_high,global_qwk_low;worst_site_qwk_low;site_qwk_spread_high;severe_error_rate_high,4,True,cross_site_blend_50,0.6811832732447068,0.012213057057390952,0.4677176487867743,0.017544842366742808,0.6330609816469177,0.005232471841725483,0.7044609882881547,0.015196090824607267,0.5383529411764706,0.012705882352941122
results\threshold_shift_panda_all_conservative_45_seed_29\predictions.csv,45,45,29,fedavg,cross_site_blend_50,0.7027122701678348,0.6593035575542109,0.6983248374194991,0.0674032162340082,0.5218823529411765,0.4494435876297903,0.7905882352941176,0.088,0.1576470588235294,0.6329411764705882,1.196903554445906,0.7083737182341829,0.0056614480663481,0.6553674973311827,-0.0039360602230281,0.7033051263106922,0.004980288891193,0.0885817534051347,0.0211785371711265,0.5468235294117647,0.0249411764705882,0.4791428742323236,0.0296992866025332,0.7585882352941177,-0.0319999999999999,0.084235294117647,-0.0037647058823529,0.1830588235294117,0.0254117647058823,0.5755294117647058,-0.0574117647058823,1.2174418629639214,0.0205383085180153,4,global_qwk_low;worst_site_qwk_low;mean_abs_error_high;severe_error_rate_high,True,cross_site_blend_50,0.7083737182341829,0.7083737182341829,0.0056614480663481,0.0,0.6553674973311827,0.6553674973311827,-0.0039360602230281,0.0,0.7033051263106922,0.7033051263106922,0.004980288891193,0.0,0.5468235294117647,0.5468235294117647,0.0249411764705882,0.0,0.4791428742323236,0.4791428742323236,0.0296992866025332,0.0,minus_mean_abs_error_high,global_qwk_low;worst_site_qwk_low;site_qwk_spread_high;severe_error_rate_high,global_qwk_low;worst_site_qwk_low;severe_error_rate_high,3,True,cross_site_blend_50,0.7083737182341829,0.0056614480663481626,0.4791428742323236,0.029699286602533292,0.6553674973311827,-0.0039360602230281705,0.7033051263106922,0.004980288891193063,0.5468235294117647,0.024941176470588244
results\threshold_shift_panda_all_conservative_45_seed_31\predictions.csv,45,45,31,fedavg,cross_site_blend_50,0.6907445542033991,0.6478213865592243,0.697022671132488,0.0990737087116392,0.5209411764705882,0.4467296226169241,0.7783529411764706,0.0809411764705882,0.156235294117647,0.6221176470588236,1.241704937493638,0.7010929147350812,0.010348360531682,0.6782066835699941,0.0303852970107698,0.7110580444059729,0.0140353732734849,0.063455555044703,-0.0356181536669362,0.5378823529411765,0.0169411764705882,0.4778400687043871,0.031110446087463,0.7807058823529411,0.0023529411764705,0.0884705882352941,0.0075294117647058,0.2258823529411764,0.0696470588235294,0.5548235294117647,-0.0672941176470588,1.2281036756811077,-0.0136012618125302,3,global_qwk_low;worst_site_qwk_low;mean_abs_error_high,True,cross_site_blend_50,0.7010929147350812,0.7010929147350812,0.010348360531682,0.0,0.6782066835699941,0.6782066835699941,0.0303852970107698,0.0,0.7110580444059729,0.7110580444059729,0.0140353732734849,0.0,0.5378823529411765,0.5378823529411765,0.0169411764705882,0.0,0.4778400687043871,0.4778400687043871,0.031110446087463,0.0,minus_mean_abs_error_high,global_qwk_low;worst_site_qwk_low;site_qwk_spread_high;severe_error_rate_high,global_qwk_low;worst_site_qwk_low,2,False,fedavg,0.6907445542033991,0.0,0.4467296226169241,0.0,0.6478213865592243,0.0,0.697022671132488,0.0,0.5209411764705882,0.0
results\threshold_shift_panda_all_conservative_45_seed_37\predictions.csv,45,45,37,fedavg,cross_site_blend_50,0.6718398316224687,0.6566294013012368,0.6776751902752847,0.0577402918144898,0.5134117647058823,0.4501286620132132,0.8178823529411765,0.0941176470588235,0.1454117647058823,0.6724705882352942,1.1877916427116788,0.6989889494547878,0.0271491178323191,0.6798369892493196,0.0232075879480827,0.7028944926747505,0.0252193023994657,0.0388444897333896,-0.0188958020811002,0.5383529411764706,0.0249411764705882,0.4679482987007382,0.0178196366875249,0.7778823529411765,-0.04,0.0903529411764706,-0.0037647058823529,0.1910588235294117,0.0456470588235294,0.5868235294117647,-0.0856470588235294,1.2612150037606646,0.0734233610489858,4,global_qwk_low;worst_site_qwk_low;mean_abs_error_high;severe_error_rate_high,True,cross_site_blend_50,0.6989889494547878,0.6989889494547878,0.0271491178323191,0.0,0.6798369892493196,0.6798369892493196,0.0232075879480827,0.0,0.7028944926747505,0.7028944926747505,0.0252193023994657,0.0,0.5383529411764706,0.5383529411764706,0.0249411764705882,0.0,0.4679482987007382,0.4679482987007382,0.0178196366875249,0.0,minus_mean_abs_error_high,global_qwk_low;worst_site_qwk_low;site_qwk_spread_high;severe_error_rate_high,global_qwk_low;worst_site_qwk_low;severe_error_rate_high,3,True,cross_site_blend_50,0.6989889494547878,0.027149117832319103,0.4679482987007382,0.017819636687524953,0.6798369892493196,0.023207587948082753,0.7028944926747505,0.025219302399465793,0.5383529411764706,0.024941176470588244
results\threshold_shift_panda_all_conservative_45_seed_41\predictions.csv,45,45,41,fedavg,cross_site_blend_50,0.7123796898843978,0.6477160424225139,0.7230280654793807,0.1493724689112257,0.532235294117647,0.4576524733917275,0.7595294117647059,0.0752941176470588,0.1689411764705882,0.5905882352941176,1.216875668403408,0.7108887383352965,-0.0014909515491012,0.6681257448384706,0.0204097024159567,0.7194995869173381,-0.0035284785620426,0.1343608083755315,-0.0150116605356941,0.536,0.003764705882353,0.4617007732319488,0.0040482998402213,0.7670588235294118,0.0075294117647058,0.0785882352941176,0.0032941176470588,0.1656470588235294,-0.0032941176470588,0.6014117647058823,0.0108235294117646,1.208587090198221,-0.0082885782051869,3,worst_site_qwk_low;site_qwk_spread_high;mean_abs_error_high,True,cross_site_blend_50,0.7108887383352965,0.7108887383352965,-0.0014909515491012,0.0,0.6681257448384706,0.6681257448384706,0.0204097024159567,0.0,0.7194995869173381,0.7194995869173381,-0.0035284785620426,0.0,0.536,0.536,0.003764705882353,0.0,0.4617007732319488,0.4617007732319488,0.0040482998402213,0.0,minus_mean_abs_error_high,global_qwk_low;worst_site_qwk_low;site_qwk_spread_high;severe_error_rate_high,worst_site_qwk_low;site_qwk_spread_high,2,False,fedavg,0.7123796898843978,0.0,0.4576524733917275,0.0,0.6477160424225139,0.0,0.7230280654793807,0.0,0.532235294117647,0.0
results\threshold_shift_panda_all_conservative_45_seed_42\predictions.csv,45,45,42,fedavg,cross_site_blend_50,0.6774827764861275,0.6445375035779021,0.6916365566904921,0.1014820199256691,0.5270588235294118,0.4543662053061909,0.7985882352941176,0.0912941176470588,0.1336470588235294,0.6649411764705883,1.2261141193444989,0.684495430609388,0.0070126541232604,0.6552577603454078,0.0107202567675057,0.6966647491374609,0.0050281924469688,0.0956957754403231,-0.005786244485346,0.536,0.0089411764705882,0.462630665272385,0.0082644599661941,0.7835294117647059,-0.0150588235294116,0.0894117647058823,-0.0018823529411764,0.1557647058823529,0.0221176470588235,0.6277647058823529,-0.0371764705882353,1.2219655729572696,-0.0041485463872292,4,global_qwk_low;worst_site_qwk_low;mean_abs_error_high;severe_error_rate_high,True,cross_site_blend_50,0.684495430609388,0.684495430609388,0.0070126541232604,0.0,0.6552577603454078,0.6552577603454078,0.0107202567675057,0.0,0.6966647491374609,0.6966647491374609,0.0050281924469688,0.0,0.536,0.536,0.0089411764705882,0.0,0.462630665272385,0.462630665272385,0.0082644599661941,0.0,minus_mean_abs_error_high,global_qwk_low;worst_site_qwk_low;site_qwk_spread_high;severe_error_rate_high,global_qwk_low;worst_site_qwk_low;severe_error_rate_high,3,True,cross_site_blend_50,0.684495430609388,0.0070126541232604644,0.462630665272385,0.008264459966194126,0.6552577603454078,0.010720256767505765,0.6966647491374609,0.005028192446968838,0.536,0.00894117647058823
results\threshold_shift_panda_all_conservative_45_seed_43\predictions.csv,45,45,43,fedavg,cross_site_blend_50,0.7138716162513442,0.6822721801086638,0.711808940745141,0.0616774222069055,0.5289411764705882,0.4655935566146705,0.7736470588235295,0.0790588235294117,0.1647058823529411,0.6089411764705882,1.1930575391361506,0.7238906047035034,0.0100189884521592,0.6955788405751153,0.0133066604664515,0.7253029885742331,0.0134940478290921,0.0540392088119872,-0.0076382133949183,0.5472941176470588,0.0183529411764705,0.4833792586175012,0.0177857020028307,0.739764705882353,-0.0338823529411764,0.0767058823529411,-0.0023529411764705,0.1736470588235294,0.0089411764705882,0.5661176470588235,-0.0428235294117647,1.2490948525451526,0.0560373134090019,1,mean_abs_error_high,False,fedavg,0.7138716162513442,0.7238906047035034,0.0,-0.0100189884521592,0.6822721801086638,0.6955788405751153,0.0,-0.0133066604664515,0.711808940745141,0.7253029885742331,0.0,-0.0134940478290921,0.5289411764705882,0.5472941176470588,0.0,-0.0183529411764705,0.4655935566146705,0.4833792586175012,0.0,-0.0177857020028307,minus_mean_abs_error_high,global_qwk_low;worst_site_qwk_low;site_qwk_spread_high;severe_error_rate_high,,0,False,fedavg,0.7138716162513442,0.0,0.4655935566146705,0.0,0.6822721801086638,0.0,0.711808940745141,0.0,0.5289411764705882,0.0
results\threshold_shift_panda_all_conservative_45_seed_47\predictions.csv,45,45,47,fedavg,cross_site_blend_50,0.6847965201382491,0.6483616776044975,0.6910543398194848,0.0705500414349021,0.5247058823529411,0.4514071460022199,0.8014117647058824,0.0927058823529411,0.1689411764705882,0.6324705882352941,1.223896878202759,0.6851789430850455,0.0003824229467963,0.652432325294192,0.0040706476896945,0.6995950911807111,0.0085407513612262,0.0619584935386275,-0.0085915478962745,0.5449411764705883,0.0202352941176471,0.472621372126016,0.021214226123796,0.7910588235294118,-0.0103529411764705,0.0941176470588235,0.0014117647058823,0.1797647058823529,0.0108235294117647,0.6112941176470589,-0.0211764705882352,1.217905331775368,-0.0059915464273909,4,global_qwk_low;worst_site_qwk_low;mean_abs_error_high;severe_error_rate_high,True,cross_site_blend_50,0.6851789430850455,0.6851789430850455,0.0003824229467963,0.0,0.652432325294192,0.652432325294192,0.0040706476896945,0.0,0.6995950911807111,0.6995950911807111,0.0085407513612262,0.0,0.5449411764705883,0.5449411764705883,0.0202352941176471,0.0,0.472621372126016,0.472621372126016,0.021214226123796,0.0,minus_mean_abs_error_high,global_qwk_low;worst_site_qwk_low;site_qwk_spread_high;severe_error_rate_high,global_qwk_low;worst_site_qwk_low;severe_error_rate_high,3,True,cross_site_blend_50,0.6851789430850455,0.0003824229467963569,0.472621372126016,0.021214226123796143,0.652432325294192,0.004070647689694562,0.6995950911807111,0.008540751361226229,0.5449411764705883,0.02023529411764713
results\threshold_shift_panda_all_conservative_45_seed_53\predictions.csv,45,45,53,fedavg,cross_site_blend_50,0.7201645664369767,0.6590058792089791,0.7242115653009432,0.0962519076398983,0.5124705882352941,0.4494431704394436,0.7712941176470588,0.0785882352941176,0.1449411764705882,0.6263529411764706,1.2476182242498215,0.7142977210762524,-0.0058668453607242,0.6664553756290599,0.0074494964200807,0.7213074678388882,-0.0029040974620549,0.092832744626332,-0.0034191630135662,0.5265882352941177,0.0141176470588235,0.4523648833805307,0.002921712941087,0.7811764705882352,0.0098823529411764,0.0861176470588235,0.0075294117647058,0.2018823529411764,0.0569411764705882,0.5792941176470588,-0.0470588235294117,1.216200957210754,-0.0314172670390675,2,worst_site_qwk_low;mean_abs_error_high,False,fedavg,0.7201645664369767,0.7142977210762524,0.0,0.0058668453607242,0.6590058792089791,0.6664553756290599,0.0,-0.0074494964200807,0.7242115653009432,0.7213074678388882,0.0,0.0029040974620549,0.5124705882352941,0.5265882352941177,0.0,-0.0141176470588235,0.4494431704394436,0.4523648833805307,0.0,-0.002921712941087,minus_mean_abs_error_high,global_qwk_low;worst_site_qwk_low;site_qwk_spread_high;severe_error_rate_high,worst_site_qwk_low,1,False,fedavg,0.7201645664369767,0.0,0.4494431704394436,0.0,0.6590058792089791,0.0,0.7242115653009432,0.0,0.5124705882352941,0.0
results\threshold_shift_panda_all_conservative_45_seed_59\predictions.csv,45,45,59,fedavg,cross_site_blend_50,0.7016674406948484,0.6159609540801119,0.6845382756686187,0.1206158796476057,0.5256470588235295,0.4495477542539736,0.7915294117647059,0.0861176470588235,0.1825882352941176,0.6089411764705882,1.1982354306608411,0.705730488586835,0.0040630478919865,0.643696978717071,0.0277360246369591,0.6883887122265069,0.0038504365578881,0.0969232193571749,-0.0236926602904308,0.5407058823529411,0.0150588235294116,0.4656458284346138,0.0160980741806401,0.7783529411764706,-0.0131764705882353,0.0851764705882353,-0.0009411764705882,0.2089411764705882,0.0263529411764706,0.5694117647058824,-0.0395294117647058,1.2381082534135337,0.0398728227526925,4,global_qwk_low;worst_site_qwk_low;site_qwk_spread_high;mean_abs_error_high,True,cross_site_blend_50,0.705730488586835,0.705730488586835,0.0040630478919865,0.0,0.643696978717071,0.643696978717071,0.0277360246369591,0.0,0.6883887122265069,0.6883887122265069,0.0038504365578881,0.0,0.5407058823529411,0.5407058823529411,0.0150588235294116,0.0,0.4656458284346138,0.4656458284346138,0.0160980741806401,0.0,minus_mean_abs_error_high,global_qwk_low;worst_site_qwk_low;site_qwk_spread_high;severe_error_rate_high,global_qwk_low;worst_site_qwk_low;site_qwk_spread_high,3,True,cross_site_blend_50,0.705730488586835,0.0040630478919865265,0.4656458284346138,0.016098074180640187,0.643696978717071,0.027736024636959122,0.6883887122265069,0.0038504365578881927,0.5407058823529411,0.01505882352941168
results\threshold_shift_panda_all_conservative_45_seed_7\predictions.csv,45,45,7,fedavg,cross_site_blend_50,0.6923907834999634,0.6489613109441599,0.6966096027165747,0.0937013742162709,0.5251764705882352,0.4536372003313794,0.7976470588235294,0.0894117647058823,0.1392941176470588,0.6583529411764706,1.2069264914261555,0.7012379189330036,0.0088471354330401,0.6779182879377432,0.0289569769935833,0.7076271761977981,0.0110175734812234,0.0784267466587252,-0.0152746275575456,0.5463529411764706,0.0211764705882353,0.4786342882830192,0.0249970879516397,0.7567058823529412,-0.0409411764705881,0.0870588235294117,-0.0023529411764705,0.1755294117647058,0.036235294117647,0.5811764705882353,-0.0771764705882352,1.248436539060467,0.0415100476343115,4,global_qwk_low;worst_site_qwk_low;mean_abs_error_high;severe_error_rate_high,True,cross_site_blend_50,0.7012379189330036,0.7012379189330036,0.0088471354330401,0.0,0.6779182879377432,0.6779182879377432,0.0289569769935833,0.0,0.7076271761977981,0.7076271761977981,0.0110175734812234,0.0,0.5463529411764706,0.5463529411764706,0.0211764705882353,0.0,0.4786342882830192,0.4786342882830192,0.0249970879516397,0.0,minus_mean_abs_error_high,global_qwk_low;worst_site_qwk_low;site_qwk_spread_high;severe_error_rate_high,global_qwk_low;worst_site_qwk_low;severe_error_rate_high,3,True,cross_site_blend_50,0.7012379189330036,0.008847135433040165,0.4786342882830192,0.024997087951639796,0.6779182879377432,0.02895697699358335,0.7076271761977981,0.011017573481223453,0.5463529411764706,0.021176470588235352
results\threshold_shift_panda_all_conservative_0_seed_11\predictions.csv,0,0,11,fedavg,cross_site_blend_50,0.7429581080983443,0.7164217698801902,0.7441992641283725,0.0593496863554664,0.5745882352941176,0.5098279114359029,0.6922352941176471,0.0734117647058823,0.208,0.484235294117647,1.156964949139127,0.7337225638667626,-0.0092355442315816,0.7119886879296122,-0.004433081950578,0.743286473704899,-0.0009127904234734,0.0433346987300143,-0.016014987625452,0.5736470588235294,-0.0009411764705882,0.5055207797599799,-0.004307131675923,0.7105882352941176,0.0183529411764705,0.0785882352941176,0.0051764705882352,0.2343529411764706,0.0263529411764706,0.476235294117647,-0.008,1.1778074606925435,0.0208425115534167,0,,False,fedavg,0.7429581080983443,0.7429581080983443,0.0,0.0,0.7164217698801902,0.7164217698801902,0.0,0.0,0.7441992641283725,0.7441992641283725,0.0,0.0,0.5745882352941176,0.5745882352941176,0.0,0.0,0.5098279114359029,0.5098279114359029,0.0,0.0,minus_severe_error_rate_high,global_qwk_low;worst_site_qwk_low;site_qwk_spread_high;mean_abs_error_high,,0,False,fedavg,0.7429581080983443,0.0,0.5098279114359029,0.0,0.7164217698801902,0.0,0.7441992641283725,0.0,0.5745882352941176,0.0
results\threshold_shift_panda_all_conservative_0_seed_123\predictions.csv,0,0,123,fedavg,cross_site_blend_50,0.7298328239744079,0.702768825425204,0.732487374863064,0.0713198620093883,0.5694117647058824,0.5055799211566626,0.7134117647058823,0.076235294117647,0.2376470588235294,0.4757647058823529,1.1721565327917418,0.7280400712222352,-0.0017927527521726,0.6825573624415238,-0.0202114629836802,0.7254086963081546,-0.0070786785549094,0.0742889639064762,0.0029691018970878,0.5567058823529412,-0.0127058823529412,0.4949036378409496,-0.0106762833157129,0.7425882352941177,0.0291764705882353,0.0767058823529411,0.0004705882352941,0.3171764705882353,0.0795294117647058,0.4254117647058824,-0.0503529411764705,1.1780110800360235,0.0058545472442819,0,,False,fedavg,0.7298328239744079,0.7298328239744079,0.0,0.0,0.702768825425204,0.702768825425204,0.0,0.0,0.732487374863064,0.732487374863064,0.0,0.0,0.5694117647058824,0.5694117647058824,0.0,0.0,0.5055799211566626,0.5055799211566626,0.0,0.0,minus_severe_error_rate_high,global_qwk_low;worst_site_qwk_low;site_qwk_spread_high;mean_abs_error_high,,0,False,fedavg,0.7298328239744079,0.0,0.5055799211566626,0.0,0.702768825425204,0.0,0.732487374863064,0.0,0.5694117647058824,0.0
results\threshold_shift_panda_all_conservative_0_seed_17\predictions.csv,0,0,17,fedavg,cross_site_blend_50,0.7239654930746602,0.6867531239805871,0.7097153911713731,0.0679690886509221,0.5727058823529412,0.5116310736011755,0.7171764705882353,0.0752941176470588,0.1971764705882353,0.52,1.1677552636809072,0.741825343260487,0.0178598501858268,0.6977504245196491,0.010997300539062,0.7270813020050024,0.0173659108336293,0.0776750134260571,0.0097059247751349,0.5835294117647059,0.0108235294117646,0.5224528915476301,0.0108218179464545,0.6832941176470588,-0.0338823529411764,0.068235294117647,-0.0070588235294117,0.1637647058823529,-0.0334117647058823,0.5195294117647059,-0.0004705882352941,1.1786416934641828,0.0108864297832755,0,,False,fedavg,0.7239654930746602,0.7239654930746602,0.0,0.0,0.6867531239805871,0.6867531239805871,0.0,0.0,0.7097153911713731,0.7097153911713731,0.0,0.0,0.5727058823529412,0.5727058823529412,0.0,0.0,0.5116310736011755,0.5116310736011755,0.0,0.0,minus_severe_error_rate_high,global_qwk_low;worst_site_qwk_low;site_qwk_spread_high;mean_abs_error_high,,0,False,fedavg,0.7239654930746602,0.0,0.5116310736011755,0.0,0.6867531239805871,0.0,0.7097153911713731,0.0,0.5727058823529412,0.0
results\threshold_shift_panda_all_conservative_0_seed_2025\predictions.csv,0,0,2025,fedavg,cross_site_blend_50,0.6983892617352163,0.6744316058050153,0.7010870185241194,0.0584559494250015,0.5585882352941176,0.5000663744833895,0.7576470588235295,0.0870588235294117,0.2465882352941176,0.5110588235294118,1.1618222006061447,0.6988934439468641,0.0005041822116478,0.677440898806273,0.0030092930012577,0.7014432993023529,0.0003562807782335,0.0543557071565601,-0.0041002422684414,0.5472941176470588,-0.0112941176470587,0.4780140759710345,-0.022052298512355,0.7854117647058824,0.0277647058823529,0.092235294117647,0.0051764705882352,0.2790588235294117,0.0324705882352941,0.5063529411764706,-0.0047058823529412,1.177045535032376,0.0152233344262311,2,global_qwk_low;mean_abs_error_high,False,fedavg,0.6983892617352163,0.6983892617352163,0.0,0.0,0.6744316058050153,0.6744316058050153,0.0,0.0,0.7010870185241194,0.7010870185241194,0.0,0.0,0.5585882352941176,0.5585882352941176,0.0,0.0,0.5000663744833895,0.5000663744833895,0.0,0.0,minus_severe_error_rate_high,global_qwk_low;worst_site_qwk_low;site_qwk_spread_high;mean_abs_error_high,global_qwk_low;mean_abs_error_high,2,False,fedavg,0.6983892617352163,0.0,0.5000663744833895,0.0,0.6744316058050153,0.0,0.7010870185241194,0.0,0.5585882352941176,0.0
results\threshold_shift_panda_all_conservative_0_seed_23\predictions.csv,0,0,23,fedavg,cross_site_blend_50,0.7018818577459033,0.6673741964836729,0.7174845380245973,0.1002154031961053,0.56,0.4860606677435226,0.7637647058823529,0.092235294117647,0.228235294117647,0.5355294117647059,1.141851402646168,0.7037645067143725,0.0018826489684692,0.6681155525660587,0.0007413560823857,0.7204905791820245,0.0030060411574271,0.1266562161989222,0.0264408130028168,0.5604705882352942,0.0004705882352941,0.4889164480197272,0.0028557802762046,0.7614117647058823,-0.0023529411764705,0.0941176470588235,0.0018823529411764,0.2197647058823529,-0.0084705882352941,0.5416470588235294,0.0061176470588234,1.1372767953333078,-0.0045746073128603,3,global_qwk_low;mean_abs_error_high;severe_error_rate_high,True,cross_site_blend_50,0.7037645067143725,0.7018818577459033,0.0018826489684692,0.0018826489684692,0.6681155525660587,0.6673741964836729,0.0007413560823857,0.0007413560823857,0.7204905791820245,0.7174845380245973,0.0030060411574271,0.0030060411574271,0.5604705882352942,0.56,0.0004705882352941,0.0004705882352941,0.4889164480197272,0.4860606677435226,0.0028557802762046,0.0028557802762046,minus_severe_error_rate_high,global_qwk_low;worst_site_qwk_low;site_qwk_spread_high;mean_abs_error_high,global_qwk_low;mean_abs_error_high,2,False,fedavg,0.7018818577459033,0.0,0.4860606677435226,0.0,0.6673741964836729,0.0,0.7174845380245973,0.0,0.56,0.0
results\threshold_shift_panda_all_conservative_0_seed_29\predictions.csv,0,0,29,fedavg,cross_site_blend_50,0.726441618643312,0.6865732434961865,0.71804951628285,0.0585544069027084,0.5741176470588235,0.5055895989900184,0.7247058823529412,0.0818823529411764,0.208,0.5167058823529411,1.147105895918461,0.7230326097996407,-0.0034090088436713,0.6763439793223045,-0.010229264173882,0.7209830795282827,0.0029335632454327,0.0931448064797406,0.0345903995770322,0.5764705882352941,0.0023529411764705,0.5123163664565035,0.006726767466485,0.7185882352941176,-0.0061176470588235,0.0828235294117647,0.0009411764705882,0.2428235294117647,0.0348235294117647,0.4757647058823529,-0.0409411764705882,1.1457565392719873,-0.0013493566464737,0,,False,fedavg,0.726441618643312,0.726441618643312,0.0,0.0,0.6865732434961865,0.6865732434961865,0.0,0.0,0.71804951628285,0.71804951628285,0.0,0.0,0.5741176470588235,0.5741176470588235,0.0,0.0,0.5055895989900184,0.5055895989900184,0.0,0.0,minus_severe_error_rate_high,global_qwk_low;worst_site_qwk_low;site_qwk_spread_high;mean_abs_error_high,,0,False,fedavg,0.726441618643312,0.0,0.5055895989900184,0.0,0.6865732434961865,0.0,0.71804951628285,0.0,0.5741176470588235,0.0
results\threshold_shift_panda_all_conservative_0_seed_31\predictions.csv,0,0,31,fedavg,cross_site_blend_50,0.7086968931815969,0.6738253917670043,0.7083238904839249,0.0518022247570875,0.5496470588235294,0.490416290241764,0.7463529411764706,0.0828235294117647,0.2395294117647058,0.5068235294117647,1.1670994637757055,0.7165003903666098,0.0078034971850129,0.6904800881334037,0.0166546963663993,0.7226313294886846,0.0143074390047597,0.0581068647975383,0.0063046400404508,0.5534117647058824,0.003764705882353,0.4950671262046908,0.0046508359629268,0.7557647058823529,0.0094117647058823,0.0847058823529411,0.0018823529411764,0.2875294117647058,0.0479999999999999,0.4682352941176471,-0.0385882352941175,1.1520586233386354,-0.0150408404370703,0,,False,fedavg,0.7086968931815969,0.7086968931815969,0.0,0.0,0.6738253917670043,0.6738253917670043,0.0,0.0,0.7083238904839249,0.7083238904839249,0.0,0.0,0.5496470588235294,0.5496470588235294,0.0,0.0,0.490416290241764,0.490416290241764,0.0,0.0,minus_severe_error_rate_high,global_qwk_low;worst_site_qwk_low;site_qwk_spread_high;mean_abs_error_high,,0,False,fedavg,0.7086968931815969,0.0,0.490416290241764,0.0,0.6738253917670043,0.0,0.7083238904839249,0.0,0.5496470588235294,0.0
results\threshold_shift_panda_all_conservative_0_seed_37\predictions.csv,0,0,37,fedavg,cross_site_blend_50,0.7169013513435238,0.7072214848478993,0.7205745926518567,0.0417600381363131,0.5755294117647058,0.5218186688693097,0.7138823529411765,0.0823529411764705,0.1872941176470588,0.5265882352941177,1.1259510238729171,0.7209045782831497,0.0040032269396258,0.7026297227340665,-0.0045917621138327,0.7245873212371869,0.0040127285853301,0.0390353396576449,-0.0027246984786681,0.5604705882352942,-0.0150588235294116,0.4917730629816231,-0.0300456058876866,0.7331764705882353,0.0192941176470587,0.0847058823529411,0.0023529411764705,0.2258823529411764,0.0385882352941176,0.5072941176470588,-0.0192941176470589,1.2102201270375847,0.0842691031646674,0,,False,fedavg,0.7169013513435238,0.7169013513435238,0.0,0.0,0.7072214848478993,0.7072214848478993,0.0,0.0,0.7205745926518567,0.7205745926518567,0.0,0.0,0.5755294117647058,0.5755294117647058,0.0,0.0,0.5218186688693097,0.5218186688693097,0.0,0.0,minus_severe_error_rate_high,global_qwk_low;worst_site_qwk_low;site_qwk_spread_high;mean_abs_error_high,,0,False,fedavg,0.7169013513435238,0.0,0.5218186688693097,0.0,0.7072214848478993,0.0,0.7205745926518567,0.0,0.5755294117647058,0.0
results\threshold_shift_panda_all_conservative_0_seed_41\predictions.csv,0,0,41,fedavg,cross_site_blend_50,0.7313483114760122,0.6692838566912203,0.7434729817875875,0.1428779212439995,0.5665882352941176,0.5004526523110261,0.72,0.0767058823529411,0.2357647058823529,0.484235294117647,1.1680296642247314,0.7212868239213154,-0.0100614875546968,0.6863423149808671,0.0170584582896468,0.7288710149947588,-0.0146019667928286,0.1169524129992917,-0.0259255082447078,0.56,-0.0065882352941175,0.4852339061395143,-0.0152187461715117,0.7421176470588235,0.0221176470588235,0.0809411764705882,0.004235294117647,0.2470588235294117,0.0112941176470588,0.4950588235294118,0.0108235294117647,1.148595782922415,-0.0194338813023164,1,site_qwk_spread_high,False,fedavg,0.7313483114760122,0.7313483114760122,0.0,0.0,0.6692838566912203,0.6692838566912203,0.0,0.0,0.7434729817875875,0.7434729817875875,0.0,0.0,0.5665882352941176,0.5665882352941176,0.0,0.0,0.5004526523110261,0.5004526523110261,0.0,0.0,minus_severe_error_rate_high,global_qwk_low;worst_site_qwk_low;site_qwk_spread_high;mean_abs_error_high,site_qwk_spread_high,1,False,fedavg,0.7313483114760122,0.0,0.5004526523110261,0.0,0.6692838566912203,0.0,0.7434729817875875,0.0,0.5665882352941176,0.0
results\threshold_shift_panda_all_conservative_0_seed_42\predictions.csv,0,0,42,fedavg,cross_site_blend_50,0.7072566694854118,0.6673300346903428,0.7161831406854237,0.14113790627812,0.5694117647058824,0.5159724605549763,0.7327058823529412,0.0809411764705882,0.2070588235294117,0.5256470588235295,1.1758076450075134,0.6934701255508754,-0.0137865439345363,0.6608777559281085,-0.0064522787622343,0.7057812801177772,-0.0104018605676464,0.1200084261559242,-0.0211294801221958,0.5585882352941176,-0.0108235294117647,0.496155205606327,-0.0198172549486492,0.7651764705882353,0.0324705882352941,0.0884705882352941,0.0075294117647058,0.220235294117647,0.0131764705882352,0.5449411764705883,0.0192941176470587,1.151800860179836,-0.0240067848276774,2,worst_site_qwk_low;site_qwk_spread_high,False,fedavg,0.7072566694854118,0.7072566694854118,0.0,0.0,0.6673300346903428,0.6673300346903428,0.0,0.0,0.7161831406854237,0.7161831406854237,0.0,0.0,0.5694117647058824,0.5694117647058824,0.0,0.0,0.5159724605549763,0.5159724605549763,0.0,0.0,minus_severe_error_rate_high,global_qwk_low;worst_site_qwk_low;site_qwk_spread_high;mean_abs_error_high,worst_site_qwk_low;site_qwk_spread_high,2,False,fedavg,0.7072566694854118,0.0,0.5159724605549763,0.0,0.6673300346903428,0.0,0.7161831406854237,0.0,0.5694117647058824,0.0
results\threshold_shift_panda_all_conservative_0_seed_43\predictions.csv,0,0,43,fedavg,cross_site_blend_50,0.746679487551388,0.7384839293613565,0.7506560624693208,0.0273858022000844,0.5736470588235294,0.5091526183482555,0.7035294117647058,0.0752941176470588,0.2254117647058823,0.4781176470588235,1.1308712252820463,0.7445723706908911,-0.0021071168604969,0.7254084860689003,-0.0130754432924562,0.7452269109662587,-0.0054291515030621,0.0401667568477324,0.0127809546476479,0.5816470588235294,0.008,0.5208785983849045,0.0117259800366489,0.6889411764705883,-0.0145882352941175,0.0729411764705882,-0.0023529411764705,0.1990588235294117,-0.0263529411764705,0.4898823529411765,0.0117647058823529,1.1779910486661689,0.0471198233841221,0,,False,fedavg,0.746679487551388,0.746679487551388,0.0,0.0,0.7384839293613565,0.7384839293613565,0.0,0.0,0.7506560624693208,0.7506560624693208,0.0,0.0,0.5736470588235294,0.5736470588235294,0.0,0.0,0.5091526183482555,0.5091526183482555,0.0,0.0,minus_severe_error_rate_high,global_qwk_low;worst_site_qwk_low;site_qwk_spread_high;mean_abs_error_high,,0,False,fedavg,0.746679487551388,0.0,0.5091526183482555,0.0,0.7384839293613565,0.0,0.7506560624693208,0.0,0.5736470588235294,0.0
results\threshold_shift_panda_all_conservative_0_seed_47\predictions.csv,0,0,47,fedavg,cross_site_blend_50,0.7181815243226684,0.6786340882743549,0.7213997699169905,0.0801529243646518,0.5656470588235294,0.4981944682997181,0.7463529411764706,0.0884705882352941,0.2752941176470588,0.4710588235294117,1.1353106869842753,0.7180828092966849,-9.87150259834646e-05,0.6994246620651237,0.0207905737907687,0.7266365779426043,0.0052368080256137,0.0415894398834847,-0.038563484481167,0.571764705882353,0.0061176470588235,0.5029810518398447,0.0047865835401265,0.7369411764705882,-0.0094117647058823,0.0870588235294117,-0.0014117647058823,0.236235294117647,-0.0390588235294117,0.5007058823529412,0.0296470588235294,1.1433934522053368,0.0080827652210615,1,severe_error_rate_high,False,fedavg,0.7181815243226684,0.7181815243226684,0.0,0.0,0.6786340882743549,0.6786340882743549,0.0,0.0,0.7213997699169905,0.7213997699169905,0.0,0.0,0.5656470588235294,0.5656470588235294,0.0,0.0,0.4981944682997181,0.4981944682997181,0.0,0.0,minus_severe_error_rate_high,global_qwk_low;worst_site_qwk_low;site_qwk_spread_high;mean_abs_error_high,,0,False,fedavg,0.7181815243226684,0.0,0.4981944682997181,0.0,0.6786340882743549,0.0,0.7213997699169905,0.0,0.5656470588235294,0.0
results\threshold_shift_panda_all_conservative_0_seed_53\predictions.csv,0,0,53,fedavg,cross_site_blend_50,0.7317556780937956,0.6740479638200556,0.7321636104952894,0.0933560233551015,0.5689411764705883,0.5085063095527034,0.7167058823529412,0.0785882352941176,0.2192941176470588,0.4974117647058823,1.1676241651479085,0.7278712679750026,-0.003884410118793,0.6610648798322412,-0.0129830839878144,0.7313916065488951,-0.0007720039463943,0.1220976432029016,0.0287416198478001,0.5609411764705883,-0.008,0.4933853771679242,-0.0151209323847791,0.7369411764705882,0.020235294117647,0.0814117647058823,0.0028235294117646,0.2432941176470588,0.0239999999999999,0.4936470588235294,-0.0037647058823528,1.1499776231798036,-0.0176465419681048,0,,False,fedavg,0.7317556780937956,0.7317556780937956,0.0,0.0,0.6740479638200556,0.6740479638200556,0.0,0.0,0.7321636104952894,0.7321636104952894,0.0,0.0,0.5689411764705883,0.5689411764705883,0.0,0.0,0.5085063095527034,0.5085063095527034,0.0,0.0,minus_severe_error_rate_high,global_qwk_low;worst_site_qwk_low;site_qwk_spread_high;mean_abs_error_high,,0,False,fedavg,0.7317556780937956,0.0,0.5085063095527034,0.0,0.6740479638200556,0.0,0.7321636104952894,0.0,0.5689411764705883,0.0
results\threshold_shift_panda_all_conservative_0_seed_59\predictions.csv,0,0,59,fedavg,cross_site_blend_50,0.7174448693789363,0.6554682158493963,0.704259831803012,0.1095119041168389,0.5656470588235294,0.4957776166241075,0.7557647058823529,0.088,0.2762352941176471,0.4795294117647058,1.1257526356540812,0.711743247391103,-0.0057016219878333,0.6773504954280436,0.0218822795786473,0.7011934943970357,-0.0030663374059762,0.0560265488980757,-0.0534853552187631,0.5581176470588235,-0.0075294117647058,0.4942243648561051,-0.0015532517680024,0.7529411764705882,-0.0028235294117646,0.0828235294117647,-0.0051764705882352,0.2592941176470588,-0.0169411764705882,0.4936470588235294,0.0141176470588235,1.176819785477475,0.0510671498233936,4,worst_site_qwk_low;site_qwk_spread_high;mean_abs_error_high;severe_error_rate_high,True,cross_site_blend_50,0.711743247391103,0.7174448693789363,-0.0057016219878333,-0.0057016219878333,0.6773504954280436,0.6554682158493963,0.0218822795786473,0.0218822795786473,0.7011934943970357,0.704259831803012,-0.0030663374059762,-0.0030663374059762,0.5581176470588235,0.5656470588235294,-0.0075294117647058,-0.0075294117647058,0.4942243648561051,0.4957776166241075,-0.0015532517680024,-0.0015532517680024,minus_severe_error_rate_high,global_qwk_low;worst_site_qwk_low;site_qwk_spread_high;mean_abs_error_high,worst_site_qwk_low;site_qwk_spread_high;mean_abs_error_high,3,True,cross_site_blend_50,0.711743247391103,-0.005701621987833305,0.4942243648561051,-0.0015532517680024172,0.6773504954280436,0.0218822795786473,0.7011934943970357,-0.0030663374059762827,0.5581176470588235,-0.007529411764705896
results\threshold_shift_panda_all_conservative_0_seed_7\predictions.csv,0,0,7,fedavg,cross_site_blend_50,0.727615545028268,0.6936547323644097,0.7316464239387271,0.0723245048912265,0.5731764705882353,0.5099629714567177,0.7167058823529412,0.08,0.2098823529411764,0.5068235294117647,1.14490470366313,0.724997097427688,-0.0026184476005799,0.6749135732640295,-0.0187411591003802,0.7293748112328828,-0.0022716127058443,0.0870357413029477,0.0147112364117212,0.5778823529411765,0.0047058823529412,0.5081509709702154,-0.0018120004865022,0.7143529411764706,-0.0023529411764705,0.0804705882352941,0.0004705882352941,0.2221176470588235,0.012235294117647,0.492235294117647,-0.0145882352941176,1.2034422782645309,0.0585375746014007,0,,False,fedavg,0.727615545028268,0.727615545028268,0.0,0.0,0.6936547323644097,0.6936547323644097,0.0,0.0,0.7316464239387271,0.7316464239387271,0.0,0.0,0.5731764705882353,0.5731764705882353,0.0,0.0,0.5099629714567177,0.5099629714567177,0.0,0.0,minus_severe_error_rate_high,global_qwk_low;worst_site_qwk_low;site_qwk_spread_high;mean_abs_error_high,,0,False,fedavg,0.727615545028268,0.0,0.5099629714567177,0.0,0.6936547323644097,0.0,0.7316464239387271,0.0,0.5731764705882353,0.0
results\threshold_shift_panda_all_conservative_25_seed_11\predictions.csv,25,25,11,fedavg,cross_site_blend_50,0.7194569545078301,0.6906077348066298,0.7192355912509705,0.0537460098905715,0.5350588235294118,0.458856059014584,0.7477647058823529,0.0767058823529411,0.1590588235294117,0.5887058823529412,1.2087582913896644,0.7427163561434391,0.023259401635609,0.7238899315974094,0.0332821967907795,0.751256052880748,0.0320204616297775,0.0561885653486413,0.0024425554580698,0.5628235294117647,0.0277647058823529,0.4976325823209561,0.0387765233063721,0.7035294117647058,-0.044235294117647,0.0705882352941176,-0.0061176470588235,0.2,0.0409411764705882,0.5035294117647059,-0.0851764705882353,1.2120677251554204,0.0033094337657559,0,,False,fedavg,0.7194569545078301,0.7427163561434391,0.0,-0.023259401635609,0.6906077348066298,0.7238899315974094,0.0,-0.0332821967907795,0.7192355912509705,0.751256052880748,0.0,-0.0320204616297775,0.5350588235294118,0.5628235294117647,0.0,-0.0277647058823529,0.458856059014584,0.4976325823209561,0.0,-0.0387765233063721,minus_severe_error_rate_high,global_qwk_low;worst_site_qwk_low;site_qwk_spread_high;mean_abs_error_high,,0,False,fedavg,0.7194569545078301,0.0,0.458856059014584,0.0,0.6906077348066298,0.0,0.7192355912509705,0.0,0.5350588235294118,0.0
results\threshold_shift_panda_all_conservative_25_seed_123\predictions.csv,25,25,123,fedavg,cross_site_blend_50,0.7197993382461756,0.6730431803556465,0.7193763619826619,0.0976659677693344,0.5430588235294118,0.4726416104983698,0.7529411764705882,0.0837647058823529,0.2230588235294117,0.5298823529411765,1.2462496593485874,0.728387511335503,0.0085881730893273,0.6833917586546725,0.010348578299026,0.7265113077730707,0.0071349457904088,0.0711401057773704,-0.026525861991964,0.5505882352941176,0.0075294117647057,0.4851086759506891,0.0124670654523193,0.7449411764705882,-0.008,0.0785882352941176,-0.0051764705882352,0.2832941176470588,0.060235294117647,0.4616470588235294,-0.068235294117647,1.2248803640207009,-0.0213692953278865,1,mean_abs_error_high,False,fedavg,0.7197993382461756,0.728387511335503,0.0,-0.0085881730893273,0.6730431803556465,0.6833917586546725,0.0,-0.010348578299026,0.7193763619826619,0.7265113077730707,0.0,-0.0071349457904088,0.5430588235294118,0.5505882352941176,0.0,-0.0075294117647057,0.4726416104983698,0.4851086759506891,0.0,-0.0124670654523193,minus_severe_error_rate_high,global_qwk_low;worst_site_qwk_low;site_qwk_spread_high;mean_abs_error_high,mean_abs_error_high,1,False,fedavg,0.7197993382461756,0.0,0.4726416104983698,0.0,0.6730431803556465,0.0,0.7193763619826619,0.0,0.5430588235294118,0.0
results\threshold_shift_panda_all_conservative_25_seed_17\predictions.csv,25,25,17,fedavg,cross_site_blend_50,0.720376940359154,0.6833147193865888,0.7101396284477165,0.0594054737038443,0.5421176470588235,0.4762267680030482,0.7557647058823529,0.076235294117647,0.184,0.571764705882353,1.219535307227559,0.7184425124369567,-0.0019344279221973,0.6654724810460666,-0.0178422383405222,0.7027912252273306,-0.0073484032203858,0.0881462062884793,0.028740732584635,0.552,0.0098823529411765,0.4875084642132297,0.0112816962101814,0.7421176470588235,-0.0136470588235293,0.076235294117647,0.0,0.1623529411764706,-0.0216470588235294,0.579764705882353,0.008,1.2207009327368497,0.0011656255092906,1,mean_abs_error_high,False,fedavg,0.720376940359154,0.7184425124369567,0.0,0.0019344279221973,0.6833147193865888,0.6654724810460666,0.0,0.0178422383405222,0.7101396284477165,0.7027912252273306,0.0,0.0073484032203858,0.5421176470588235,0.552,0.0,-0.0098823529411765,0.4762267680030482,0.4875084642132297,0.0,-0.0112816962101814,minus_severe_error_rate_high,global_qwk_low;worst_site_qwk_low;site_qwk_spread_high;mean_abs_error_high,mean_abs_error_high,1,False,fedavg,0.720376940359154,0.0,0.4762267680030482,0.0,0.6833147193865888,0.0,0.7101396284477165,0.0,0.5421176470588235,0.0
results\threshold_shift_panda_all_conservative_25_seed_2025\predictions.csv,25,25,2025,fedavg,cross_site_blend_50,0.6871073305749891,0.664908782987116,0.6881382228979203,0.0447730274603912,0.5444705882352942,0.4738095021790583,0.7792941176470588,0.0917647058823529,0.2141176470588235,0.5651764705882353,1.2280648427757028,0.6910428579313148,0.0039355273563257,0.6682086371284353,0.0032998541413192,0.692717945481648,0.0045797225837277,0.0508814355261539,0.0061084080657627,0.5388235294117647,-0.0056470588235294,0.4611272405879175,-0.0126822615911408,0.7967058823529412,0.0174117647058823,0.0941176470588235,0.0023529411764705,0.2527058823529411,0.0385882352941176,0.544,-0.0211764705882352,1.2162750218892362,-0.0117898208864666,4,global_qwk_low;worst_site_qwk_low;mean_abs_error_high;severe_error_rate_high,True,cross_site_blend_50,0.6910428579313148,0.6910428579313148,0.0039355273563257,0.0,0.6682086371284353,0.6682086371284353,0.0032998541413192,0.0,0.692717945481648,0.692717945481648,0.0045797225837277,0.0,0.5388235294117647,0.5388235294117647,-0.0056470588235294,0.0,0.4611272405879175,0.4611272405879175,-0.0126822615911408,0.0,minus_severe_error_rate_high,global_qwk_low;worst_site_qwk_low;site_qwk_spread_high;mean_abs_error_high,global_qwk_low;worst_site_qwk_low;mean_abs_error_high,3,True,cross_site_blend_50,0.6910428579313148,0.003935527356325741,0.4611272405879175,-0.012682261591140831,0.6682086371284353,0.0032998541413192806,0.692717945481648,0.004579722583727741,0.5388235294117647,-0.0056470588235294494
results\threshold_shift_panda_all_conservative_25_seed_23\predictions.csv,25,25,23,fedavg,cross_site_blend_50,0.6943062002746598,0.6606247263358512,0.7103325858133951,0.1020203841921071,0.5392941176470588,0.4629566778752572,0.7952941176470588,0.0950588235294117,0.2084705882352941,0.5868235294117647,1.191487602080801,0.6864693221274281,-0.0078368781472317,0.6477595403818832,-0.012865185953968,0.7052749449504973,-0.0050576408628978,0.1191277281696128,0.0171073439775056,0.5430588235294118,0.003764705882353,0.4695553443961187,0.0065986665208614,0.7952941176470588,0.0,0.0988235294117647,0.0037647058823529,0.1948235294117647,-0.0136470588235294,0.6004705882352941,0.0136470588235293,1.1790915644818216,-0.0123960375989793,4,global_qwk_low;worst_site_qwk_low;mean_abs_error_high;severe_error_rate_high,True,cross_site_blend_50,0.6864693221274281,0.6864693221274281,-0.0078368781472317,0.0,0.6477595403818832,0.6477595403818832,-0.012865185953968,0.0,0.7052749449504973,0.7052749449504973,-0.0050576408628978,0.0,0.5430588235294118,0.5430588235294118,0.003764705882353,0.0,0.4695553443961187,0.4695553443961187,0.0065986665208614,0.0,minus_severe_error_rate_high,global_qwk_low;worst_site_qwk_low;site_qwk_spread_high;mean_abs_error_high,global_qwk_low;worst_site_qwk_low;mean_abs_error_high,3,True,cross_site_blend_50,0.6864693221274281,-0.007836878147231774,0.4695553443961187,0.006598666520861496,0.6477595403818832,-0.012865185953968017,0.7052749449504973,-0.005057640862897839,0.5430588235294118,0.0037647058823530033
results\threshold_shift_panda_all_conservative_25_seed_29\predictions.csv,25,25,29,fedavg,cross_site_blend_50,0.7073232273750609,0.6437582402331552,0.6971869555111424,0.0831847329629511,0.5510588235294117,0.4734075467695982,0.7665882352941177,0.0865882352941176,0.1985882352941176,0.568,1.193454244239236,0.7091049216375278,0.0017816942624668,0.6325638310389456,-0.0111944091942095,0.6979408089196868,0.0007538534085443,0.0977998357381717,0.0146151027752206,0.5614117647058824,0.0103529411764706,0.4956568616188304,0.0222493148492322,0.7501176470588236,-0.0164705882352941,0.0856470588235294,-0.0009411764705882,0.2117647058823529,0.0131764705882352,0.5383529411764706,-0.0296470588235293,1.2005224523465192,0.0070682081072832,2,worst_site_qwk_low;mean_abs_error_high,False,fedavg,0.7073232273750609,0.7091049216375278,0.0,-0.0017816942624668,0.6437582402331552,0.6325638310389456,0.0,0.0111944091942095,0.6971869555111424,0.6979408089196868,0.0,-0.0007538534085443,0.5510588235294117,0.5614117647058824,0.0,-0.0103529411764706,0.4734075467695982,0.4956568616188304,0.0,-0.0222493148492322,minus_severe_error_rate_high,global_qwk_low;worst_site_qwk_low;site_qwk_spread_high;mean_abs_error_high,worst_site_qwk_low;mean_abs_error_high,2,False,fedavg,0.7073232273750609,0.0,0.4734075467695982,0.0,0.6437582402331552,0.0,0.6971869555111424,0.0,0.5510588235294117,0.0
results\threshold_shift_panda_all_conservative_25_seed_31\predictions.csv,25,25,31,fedavg,cross_site_blend_50,0.7038167598165379,0.6746234886516298,0.7089499646706423,0.0630648837643983,0.5388235294117647,0.4800688775053049,0.7571764705882353,0.0809411764705882,0.2112941176470588,0.5458823529411765,1.2273967632534164,0.7112312495363955,0.0074144897198575,0.6842401014729452,0.0096166128213154,0.722553305531973,0.0136033408613306,0.0648583478599073,0.0017934640955089,0.5435294117647059,0.0047058823529412,0.4790853747748694,-0.0009835027304355,0.7675294117647059,0.0103529411764705,0.0847058823529411,0.0037647058823529,0.248,0.0367058823529411,0.5195294117647059,-0.0263529411764705,1.2059531548388054,-0.021443608414611,2,global_qwk_low;mean_abs_error_high,False,fedavg,0.7038167598165379,0.7112312495363955,0.0,-0.0074144897198575,0.6746234886516298,0.6842401014729452,0.0,-0.0096166128213154,0.7089499646706423,0.722553305531973,0.0,-0.0136033408613306,0.5388235294117647,0.5435294117647059,0.0,-0.0047058823529412,0.4800688775053049,0.4790853747748694,0.0,0.0009835027304355,minus_severe_error_rate_high,global_qwk_low;worst_site_qwk_low;site_qwk_spread_high;mean_abs_error_high,global_qwk_low;mean_abs_error_high,2,False,fedavg,0.7038167598165379,0.0,0.4800688775053049,0.0,0.6746234886516298,0.0,0.7089499646706423,0.0,0.5388235294117647,0.0
results\threshold_shift_panda_all_conservative_25_seed_37\predictions.csv,25,25,37,fedavg,cross_site_blend_50,0.6972148702441321,0.6877810564578191,0.7011151259007485,0.0268972756829471,0.5543529411764706,0.4918663622814496,0.7524705882352941,0.0856470588235294,0.1708235294117647,0.5816470588235294,1.1962116761237995,0.7205027718060073,0.0232879015618752,0.7040788598307737,0.0162978033729546,0.724575545451562,0.0234604195508134,0.036647267987292,0.0097499923043448,0.5571764705882353,0.0028235294117646,0.4861512125608092,-0.0057151497206404,0.7374117647058823,-0.0150588235294117,0.0832941176470588,-0.0023529411764705,0.2056470588235294,0.0348235294117647,0.5317647058823529,-0.0498823529411764,1.2660320426444314,0.0698203665206316,2,global_qwk_low;mean_abs_error_high,False,fedavg,0.6972148702441321,0.7205027718060073,0.0,-0.0232879015618752,0.6877810564578191,0.7040788598307737,0.0,-0.0162978033729546,0.7011151259007485,0.724575545451562,0.0,-0.0234604195508134,0.5543529411764706,0.5571764705882353,0.0,-0.0028235294117646,0.4918663622814496,0.4861512125608092,0.0,0.0057151497206404,minus_severe_error_rate_high,global_qwk_low;worst_site_qwk_low;site_qwk_spread_high;mean_abs_error_high,global_qwk_low;mean_abs_error_high,2,False,fedavg,0.6972148702441321,0.0,0.4918663622814496,0.0,0.6877810564578191,0.0,0.7011151259007485,0.0,0.5543529411764706,0.0
results\threshold_shift_panda_all_conservative_25_seed_41\predictions.csv,25,25,41,fedavg,cross_site_blend_50,0.7202580688884488,0.6743533473061274,0.7298307979702701,0.1317171220663648,0.5501176470588235,0.4824906967953413,0.7430588235294118,0.076235294117647,0.2094117647058823,0.5336470588235294,1.2182607172455775,0.7201768853345207,-8.118355392805476e-05,0.6762594388570907,0.0019060915509633,0.7291590557053944,-0.0006717422648756,0.133104813915374,0.0013876918490091,0.552,0.0018823529411765,0.4829258541347689,0.0004351573394276,0.739764705882353,-0.0032941176470587,0.0752941176470588,-0.0009411764705882,0.2018823529411764,-0.0075294117647058,0.5378823529411765,0.0042352941176471,1.2129724253257472,-0.0052882919198304,1,site_qwk_spread_high,False,fedavg,0.7202580688884488,0.7201768853345207,0.0,8.118355392805476e-05,0.6743533473061274,0.6762594388570907,0.0,-0.0019060915509633,0.7298307979702701,0.7291590557053944,0.0,0.0006717422648756,0.5501176470588235,0.552,0.0,-0.0018823529411765,0.4824906967953413,0.4829258541347689,0.0,-0.0004351573394276,minus_severe_error_rate_high,global_qwk_low;worst_site_qwk_low;site_qwk_spread_high;mean_abs_error_high,site_qwk_spread_high,1,False,fedavg,0.7202580688884488,0.0,0.4824906967953413,0.0,0.6743533473061274,0.0,0.7298307979702701,0.0,0.5501176470588235,0.0
results\threshold_shift_panda_all_conservative_25_seed_42\predictions.csv,25,25,42,fedavg,cross_site_blend_50,0.6900562645358724,0.6495610985501873,0.7071368235605715,0.1385424859867998,0.5501176470588235,0.4861718187932506,0.764235294117647,0.084235294117647,0.1858823529411764,0.5783529411764706,1.2376121071058417,0.68772360765853,-0.0023326568773424,0.6412751366879808,-0.0082859618622065,0.6920509148805926,-0.0150859086799789,0.1082639838881263,-0.0302785020986735,0.5548235294117647,0.0047058823529412,0.4959268967582335,0.0097550779649828,0.7694117647058824,0.0051764705882353,0.0865882352941176,0.0023529411764705,0.2018823529411764,0.0159999999999999,0.5675294117647058,-0.0108235294117647,1.1956573275220916,-0.04195477958375,4,global_qwk_low;worst_site_qwk_low;site_qwk_spread_high;mean_abs_error_high,True,cross_site_blend_50,0.68772360765853,0.68772360765853,-0.0023326568773424,0.0,0.6412751366879808,0.6412751366879808,-0.0082859618622065,0.0,0.6920509148805926,0.6920509148805926,-0.0150859086799789,0.0,0.5548235294117647,0.5548235294117647,0.0047058823529412,0.0,0.4959268967582335,0.4959268967582335,0.0097550779649828,0.0,minus_severe_error_rate_high,global_qwk_low;worst_site_qwk_low;site_qwk_spread_high;mean_abs_error_high,global_qwk_low;worst_site_qwk_low;site_qwk_spread_high;mean_abs_error_high,4,True,cross_site_blend_50,0.68772360765853,-0.0023326568773424095,0.4959268967582335,0.009755077964982872,0.6412751366879808,-0.008285961862206537,0.6920509148805926,-0.015085908679978943,0.5548235294117647,0.004705882352941226
results\threshold_shift_panda_all_conservative_25_seed_43\predictions.csv,25,25,43,fedavg,cross_site_blend_50,0.7245069446598131,0.6952637768258507,0.7278015598431683,0.0595743442435383,0.5444705882352942,0.4752056614216659,0.7609411764705882,0.0823529411764705,0.2192941176470588,0.5416470588235294,1.175095418624223,0.7307639556201779,0.0062570109603647,0.7036243352895313,0.0083605584636805,0.7329086523850974,0.005107092541929,0.0482239859979651,-0.0113503582455731,0.5571764705882353,0.0127058823529411,0.4923517503378208,0.0171460889161548,0.7298823529411764,-0.0310588235294118,0.076235294117647,-0.0061176470588235,0.208,-0.0112941176470588,0.5218823529411765,-0.0197647058823529,1.2225802258384997,0.0474848072142763,1,mean_abs_error_high,False,fedavg,0.7245069446598131,0.7307639556201779,0.0,-0.0062570109603647,0.6952637768258507,0.7036243352895313,0.0,-0.0083605584636805,0.7278015598431683,0.7329086523850974,0.0,-0.005107092541929,0.5444705882352942,0.5571764705882353,0.0,-0.0127058823529411,0.4752056614216659,0.4923517503378208,0.0,-0.0171460889161548,minus_severe_error_rate_high,global_qwk_low;worst_site_qwk_low;site_qwk_spread_high;mean_abs_error_high,mean_abs_error_high,1,False,fedavg,0.7245069446598131,0.0,0.4752056614216659,0.0,0.6952637768258507,0.0,0.7278015598431683,0.0,0.5444705882352942,0.0
results\threshold_shift_panda_all_conservative_25_seed_47\predictions.csv,25,25,47,fedavg,cross_site_blend_50,0.6936284049330126,0.6691735749081276,0.7006720430459557,0.0671430749603549,0.5534117647058824,0.4851559264154019,0.7863529411764706,0.0978823529411764,0.2498823529411764,0.5364705882352941,1.203907042244046,0.7106572087915877,0.017028803858575,0.694133245603387,0.0249596706952593,0.7177787627595613,0.0171067197136056,0.0367471391254201,-0.0303959358349348,0.5661176470588235,0.0127058823529411,0.4995890266621112,0.0144331002467092,0.7491764705882353,-0.0371764705882352,0.0894117647058823,-0.0084705882352941,0.2254117647058823,-0.0244705882352941,0.5237647058823529,-0.0127058823529412,1.2128086729436829,0.0089016306996367,3,global_qwk_low;mean_abs_error_high;severe_error_rate_high,True,cross_site_blend_50,0.7106572087915877,0.7106572087915877,0.017028803858575,0.0,0.694133245603387,0.694133245603387,0.0249596706952593,0.0,0.7177787627595613,0.7177787627595613,0.0171067197136056,0.0,0.5661176470588235,0.5661176470588235,0.0127058823529411,0.0,0.4995890266621112,0.4995890266621112,0.0144331002467092,0.0,minus_severe_error_rate_high,global_qwk_low;worst_site_qwk_low;site_qwk_spread_high;mean_abs_error_high,global_qwk_low;mean_abs_error_high,2,False,fedavg,0.6936284049330126,0.0,0.4851559264154019,0.0,0.6691735749081276,0.0,0.7006720430459557,0.0,0.5534117647058824,0.0
results\threshold_shift_panda_all_conservative_25_seed_53\predictions.csv,25,25,53,fedavg,cross_site_blend_50,0.7316496597962019,0.6920345176619945,0.7354807170169702,0.0837986543640098,0.5454117647058824,0.4823338060005934,0.7336470588235294,0.0767058823529411,0.1901176470588235,0.5435294117647059,1.2310987417430597,0.7229713415877923,-0.0086783182084095,0.6593399757389763,-0.0326945419230182,0.727922718917195,-0.0075579980997751,0.1214823750084715,0.0376837206444617,0.5397647058823529,-0.0056470588235294,0.4685537791958584,-0.013780026804735,0.764235294117647,0.0305882352941175,0.0856470588235294,0.0089411764705882,0.2235294117647059,0.0334117647058823,0.5407058823529411,-0.0028235294117647,1.2075136750952251,-0.0235850666478343,0,,False,fedavg,0.7316496597962019,0.7229713415877923,0.0,0.0086783182084095,0.6920345176619945,0.6593399757389763,0.0,0.0326945419230182,0.7354807170169702,0.727922718917195,0.0,0.0075579980997751,0.5454117647058824,0.5397647058823529,0.0,0.0056470588235294,0.4823338060005934,0.4685537791958584,0.0,0.013780026804735,minus_severe_error_rate_high,global_qwk_low;worst_site_qwk_low;site_qwk_spread_high;mean_abs_error_high,,0,False,fedavg,0.7316496597962019,0.0,0.4823338060005934,0.0,0.6920345176619945,0.0,0.7354807170169702,0.0,0.5454117647058824,0.0
results\threshold_shift_panda_all_conservative_25_seed_59\predictions.csv,25,25,59,fedavg,cross_site_blend_50,0.7130305484700741,0.6612079399132254,0.698713381988005,0.082129330752713,0.5477647058823529,0.4751522542118595,0.7656470588235295,0.0837647058823529,0.2268235294117647,0.5388235294117647,1.205636548813257,0.719643867277798,0.0066133188077239,0.6697262220078097,0.0085182820945843,0.7043899558928096,0.0056765739048045,0.0820154074742807,-0.0001139232784322,0.5515294117647059,0.003764705882353,0.4820257199853272,0.0068734657734677,0.7529411764705882,-0.0127058823529412,0.0804705882352941,-0.0032941176470588,0.2437647058823529,0.0169411764705882,0.5091764705882353,-0.0296470588235293,1.228863320739206,0.0232267719259491,2,worst_site_qwk_low;mean_abs_error_high,False,fedavg,0.7130305484700741,0.719643867277798,0.0,-0.0066133188077239,0.6612079399132254,0.6697262220078097,0.0,-0.0085182820945843,0.698713381988005,0.7043899558928096,0.0,-0.0056765739048045,0.5477647058823529,0.5515294117647059,0.0,-0.003764705882353,0.4751522542118595,0.4820257199853272,0.0,-0.0068734657734677,minus_severe_error_rate_high,global_qwk_low;worst_site_qwk_low;site_qwk_spread_high;mean_abs_error_high,worst_site_qwk_low;mean_abs_error_high,2,False,fedavg,0.7130305484700741,0.0,0.4751522542118595,0.0,0.6612079399132254,0.0,0.698713381988005,0.0,0.5477647058823529,0.0
results\threshold_shift_panda_all_conservative_25_seed_7\predictions.csv,25,25,7,fedavg,cross_site_blend_50,0.6997779270476749,0.6417326646399318,0.7003320675905599,0.0868746166503496,0.5458823529411765,0.4716612753115737,0.772235294117647,0.0898823529411764,0.1604705882352941,0.611764705882353,1.206203934723883,0.7082913382042162,0.0085134111565412,0.6875498993370899,0.045817234697158,0.7133127869348994,0.0129807193443395,0.0590436693205357,-0.0278309473298139,0.563764705882353,0.0178823529411764,0.4971004508642561,0.0254391755526823,0.7407058823529412,-0.0315294117647058,0.0832941176470588,-0.0065882352941176,0.2061176470588235,0.0456470588235294,0.5345882352941177,-0.0771764705882352,1.2364279175971007,0.0302239828732173,4,global_qwk_low;worst_site_qwk_low;mean_abs_error_high;severe_error_rate_high,True,cross_site_blend_50,0.7082913382042162,0.7082913382042162,0.0085134111565412,0.0,0.6875498993370899,0.6875498993370899,0.045817234697158,0.0,0.7133127869348994,0.7133127869348994,0.0129807193443395,0.0,0.563764705882353,0.563764705882353,0.0178823529411764,0.0,0.4971004508642561,0.4971004508642561,0.0254391755526823,0.0,minus_severe_error_rate_high,global_qwk_low;worst_site_qwk_low;site_qwk_spread_high;mean_abs_error_high,global_qwk_low;worst_site_qwk_low;mean_abs_error_high,3,True,cross_site_blend_50,0.7082913382042162,0.00851341115654125,0.4971004508642561,0.02543917555268238,0.6875498993370899,0.04581723469715804,0.7133127869348994,0.01298071934433953,0.563764705882353,0.01788235294117646
results\threshold_shift_panda_all_conservative_35_seed_11\predictions.csv,35,35,11,fedavg,cross_site_blend_50,0.7241025289932075,0.7041524030739115,0.7285246757959772,0.055110935899844,0.5336470588235294,0.4603222076775293,0.7444705882352941,0.0738823529411764,0.1425882352941176,0.6018823529411764,1.2194319461014094,0.7286098049351841,0.0045072759419766,0.7048289401573158,0.0006765370834043,0.7390256683110602,0.0105009925150829,0.0540562108771789,-0.0010547250226651,0.5458823529411765,0.0122352941176471,0.4730708481708514,0.012748640493322,0.7341176470588235,-0.0103529411764705,0.0743529411764706,0.0004705882352941,0.1854117647058823,0.0428235294117647,0.5487058823529412,-0.0531764705882352,1.2251364001053593,0.0057044540039499,0,,False,fedavg,0.7241025289932075,0.7286098049351841,0.0,-0.0045072759419766,0.7041524030739115,0.7048289401573158,0.0,-0.0006765370834043,0.7285246757959772,0.7390256683110602,0.0,-0.0105009925150829,0.5336470588235294,0.5458823529411765,0.0,-0.0122352941176471,0.4603222076775293,0.4730708481708514,0.0,-0.012748640493322,minus_severe_error_rate_high,global_qwk_low;worst_site_qwk_low;site_qwk_spread_high;mean_abs_error_high,,0,False,fedavg,0.7241025289932075,0.0,0.4603222076775293,0.0,0.7041524030739115,0.0,0.7285246757959772,0.0,0.5336470588235294,0.0
results\threshold_shift_panda_all_conservative_35_seed_123\predictions.csv,35,35,123,fedavg,cross_site_blend_50,0.7008120381304861,0.6415110661876857,0.697531397710042,0.0982795917259411,0.532235294117647,0.4574705593495003,0.7849411764705883,0.0875294117647058,0.2009411764705882,0.584,1.2611656449015984,0.7269069025420316,0.0260948644115455,0.6794004503871789,0.0378893841994931,0.7237739253622082,0.0262425276521661,0.0901034617497356,-0.0081761299762055,0.5444705882352942,0.0122352941176471,0.4786428584290986,0.0211722990795983,0.7501176470588236,-0.0348235294117647,0.0776470588235294,-0.0098823529411764,0.2592941176470588,0.0583529411764706,0.4908235294117647,-0.0931764705882352,1.2286715096175744,-0.032494135284024,4,global_qwk_low;worst_site_qwk_low;mean_abs_error_high;severe_error_rate_high,True,cross_site_blend_50,0.7269069025420316,0.7269069025420316,0.0260948644115455,0.0,0.6794004503871789,0.6794004503871789,0.0378893841994931,0.0,0.7237739253622082,0.7237739253622082,0.0262425276521661,0.0,0.5444705882352942,0.5444705882352942,0.0122352941176471,0.0,0.4786428584290986,0.4786428584290986,0.0211722990795983,0.0,minus_severe_error_rate_high,global_qwk_low;worst_site_qwk_low;site_qwk_spread_high;mean_abs_error_high,global_qwk_low;worst_site_qwk_low;mean_abs_error_high,3,True,cross_site_blend_50,0.7269069025420316,0.026094864411545515,0.4786428584290986,0.021172299079598278,0.6794004503871789,0.03788938419949317,0.7237739253622082,0.02624252765216617,0.5444705882352942,0.012235294117647122
results\threshold_shift_panda_all_conservative_35_seed_17\predictions.csv,35,35,17,fedavg,cross_site_blend_50,0.7156175045507729,0.662600406948435,0.6983166532576419,0.0911840083457815,0.5256470588235295,0.4553905734474262,0.7731764705882352,0.0767058823529411,0.1797647058823529,0.5934117647058823,1.238334154748132,0.7108784951497062,-0.0047390094010666,0.6478945756677357,-0.0147058312806993,0.6950529756936927,-0.0032636775639491,0.0984968352422668,0.0073128268964852,0.5407058823529411,0.0150588235294116,0.4738092183773791,0.0184186449299529,0.7576470588235295,-0.0155294117647057,0.0767058823529411,0.0,0.1614117647058823,-0.0183529411764705,0.5962352941176471,0.0028235294117647,1.2314981011120003,-0.0068360536361318,2,worst_site_qwk_low;mean_abs_error_high,False,fedavg,0.7156175045507729,0.7108784951497062,0.0,0.0047390094010666,0.662600406948435,0.6478945756677357,0.0,0.0147058312806993,0.6983166532576419,0.6950529756936927,0.0,0.0032636775639491,0.5256470588235295,0.5407058823529411,0.0,-0.0150588235294116,0.4553905734474262,0.4738092183773791,0.0,-0.0184186449299529,minus_severe_error_rate_high,global_qwk_low;worst_site_qwk_low;site_qwk_spread_high;mean_abs_error_high,worst_site_qwk_low;mean_abs_error_high,2,False,fedavg,0.7156175045507729,0.0,0.4553905734474262,0.0,0.662600406948435,0.0,0.6983166532576419,0.0,0.5256470588235295,0.0
results\threshold_shift_panda_all_conservative_35_seed_2025\predictions.csv,35,35,2025,fedavg,cross_site_blend_50,0.6807281930157466,0.6555318322663316,0.6810694037359211,0.043317625483436,0.5289411764705882,0.4536186046377839,0.8103529411764706,0.0978823529411764,0.216,0.5943529411764706,1.221732048158023,0.6843497880677879,0.0036215950520412,0.6713782370321215,0.0158464047657899,0.6886384962515921,0.007569092515671,0.0564340284703003,0.0131164029868642,0.5392941176470588,0.0103529411764705,0.4562819945143608,0.0026633898765768,0.7995294117647059,-0.0108235294117646,0.096,-0.0018823529411764,0.2367058823529411,0.0207058823529411,0.5628235294117647,-0.0315294117647059,1.2331664369495556,0.0114343887915326,4,global_qwk_low;worst_site_qwk_low;mean_abs_error_high;severe_error_rate_high,True,cross_site_blend_50,0.6843497880677879,0.6843497880677879,0.0036215950520412,0.0,0.6713782370321215,0.6713782370321215,0.0158464047657899,0.0,0.6886384962515921,0.6886384962515921,0.007569092515671,0.0,0.5392941176470588,0.5392941176470588,0.0103529411764705,0.0,0.4562819945143608,0.4562819945143608,0.0026633898765768,0.0,minus_severe_error_rate_high,global_qwk_low;worst_site_qwk_low;site_qwk_spread_high;mean_abs_error_high,global_qwk_low;worst_site_qwk_low;mean_abs_error_high,3,True,cross_site_blend_50,0.6843497880677879,0.003621595052041293,0.4562819945143608,0.0026633898765768826,0.6713782370321215,0.015846404765789912,0.6886384962515921,0.007569092515671061,0.5392941176470588,0.010352941176470565
results\threshold_shift_panda_all_conservative_35_seed_23\predictions.csv,35,35,23,fedavg,cross_site_blend_50,0.6817054931979193,0.6489528417707806,0.6975572303865987,0.119148092428158,0.5284705882352941,0.450867585684515,0.808,0.0931764705882352,0.1769411764705882,0.6310588235294118,1.1892046987633955,0.6817857870178419,8.029381992258333e-05,0.6388311572868921,-0.0101216844838885,0.7033775320945139,0.0058203017079152,0.1359653259433261,0.016817233515168,0.5369411764705883,0.0084705882352941,0.4639569043661534,0.0130893186816383,0.8032941176470588,-0.0047058823529412,0.0988235294117647,0.0056470588235294,0.1830588235294117,0.0061176470588235,0.6202352941176471,-0.0108235294117646,1.1863130684906258,-0.0028916302727697,5,global_qwk_low;worst_site_qwk_low;site_qwk_spread_high;mean_abs_error_high;severe_error_rate_high,True,cross_site_blend_50,0.6817857870178419,0.6817857870178419,8.029381992258333e-05,0.0,0.6388311572868921,0.6388311572868921,-0.0101216844838885,0.0,0.7033775320945139,0.7033775320945139,0.0058203017079152,0.0,0.5369411764705883,0.5369411764705883,0.0084705882352941,0.0,0.4639569043661534,0.4639569043661534,0.0130893186816383,0.0,minus_severe_error_rate_high,global_qwk_low;worst_site_qwk_low;site_qwk_spread_high;mean_abs_error_high,global_qwk_low;worst_site_qwk_low;site_qwk_spread_high;mean_abs_error_high,4,True,cross_site_blend_50,0.6817857870178419,8.029381992258333e-05,0.4639569043661534,0.013089318681638373,0.6388311572868921,-0.010121684483888505,0.7033775320945139,0.005820301707915254,0.5369411764705883,0.008470588235294119
results\threshold_shift_panda_all_conservative_35_seed_29\predictions.csv,35,35,29,fedavg,cross_site_blend_50,0.7097904464951998,0.6662235221129132,0.7027673894900931,0.0632234981290861,0.540235294117647,0.4686042926591569,0.7694117647058824,0.0847058823529411,0.1727058823529411,0.5967058823529412,1.1890188545410898,0.7115535846956935,0.0017631382004936,0.6521589565004311,-0.0140645656124821,0.7032466256615588,0.0004792361714657,0.087725917623988,0.0245024194949019,0.552,0.011764705882353,0.4828868782856773,0.0142825856265204,0.7524705882352941,-0.0169411764705882,0.0832941176470588,-0.0014117647058823,0.1934117647058823,0.0207058823529411,0.5590588235294117,-0.0376470588235294,1.2192419668339496,0.0302231122928597,2,worst_site_qwk_low;mean_abs_error_high,False,fedavg,0.7097904464951998,0.7115535846956935,0.0,-0.0017631382004936,0.6662235221129132,0.6521589565004311,0.0,0.0140645656124821,0.7027673894900931,0.7032466256615588,0.0,-0.0004792361714657,0.540235294117647,0.552,0.0,-0.011764705882353,0.4686042926591569,0.4828868782856773,0.0,-0.0142825856265204,minus_severe_error_rate_high,global_qwk_low;worst_site_qwk_low;site_qwk_spread_high;mean_abs_error_high,worst_site_qwk_low;mean_abs_error_high,2,False,fedavg,0.7097904464951998,0.0,0.4686042926591569,0.0,0.6662235221129132,0.0,0.7027673894900931,0.0,0.540235294117647,0.0
results\threshold_shift_panda_all_conservative_35_seed_31\predictions.csv,35,35,31,fedavg,cross_site_blend_50,0.7007418973821561,0.6567343710782665,0.7054236189010938,0.0785465680739873,0.5303529411764706,0.4586274484143005,0.7637647058823529,0.0804705882352941,0.1778823529411764,0.5858823529411765,1.232779963720776,0.6984447992506222,-0.0022970981315338,0.6721370521131433,0.0154026810348768,0.7097259210937535,0.0043023021926597,0.0575256745329062,-0.021020893541081,0.5312941176470588,0.0009411764705882,0.4613398371291848,0.0027123887148843,0.7905882352941176,0.0268235294117646,0.0884705882352941,0.008,0.236235294117647,0.0583529411764706,0.5543529411764706,-0.0315294117647059,1.2149405922160483,-0.0178393715047278,3,global_qwk_low;worst_site_qwk_low;mean_abs_error_high,True,cross_site_blend_50,0.6984447992506222,0.6984447992506222,-0.0022970981315338,0.0,0.6721370521131433,0.6721370521131433,0.0154026810348768,0.0,0.7097259210937535,0.7097259210937535,0.0043023021926597,0.0,0.5312941176470588,0.5312941176470588,0.0009411764705882,0.0,0.4613398371291848,0.4613398371291848,0.0027123887148843,0.0,minus_severe_error_rate_high,global_qwk_low;worst_site_qwk_low;site_qwk_spread_high;mean_abs_error_high,global_qwk_low;worst_site_qwk_low;mean_abs_error_high,3,True,cross_site_blend_50,0.6984447992506222,-0.0022970981315338923,0.4613398371291848,0.0027123887148843284,0.6721370521131433,0.015402681034876853,0.7097259210937535,0.004302302192659702,0.5312941176470588,0.0009411764705882231
results\threshold_shift_panda_all_conservative_35_seed_37\predictions.csv,35,35,37,fedavg,cross_site_blend_50,0.6881570111379685,0.6753917200032407,0.6931063763738259,0.0480626294431818,0.5374117647058824,0.4783017867321298,0.780235294117647,0.0894117647058823,0.168,0.6122352941176471,1.1881799999568676,0.7088559872909906,0.0206989761530221,0.7005886411526676,0.0251969211494269,0.7091999311672879,0.0160935547934619,0.0179046574244339,-0.0301579720187479,0.5501176470588235,0.0127058823529411,0.4807607288988407,0.0024589421667108,0.7614117647058823,-0.0188235294117646,0.0875294117647058,-0.0018823529411764,0.1981176470588235,0.0301176470588235,0.5632941176470588,-0.0489411764705882,1.2618641650555706,0.073684165098703,3,global_qwk_low;mean_abs_error_high;severe_error_rate_high,True,cross_site_blend_50,0.7088559872909906,0.7088559872909906,0.0206989761530221,0.0,0.7005886411526676,0.7005886411526676,0.0251969211494269,0.0,0.7091999311672879,0.7091999311672879,0.0160935547934619,0.0,0.5501176470588235,0.5501176470588235,0.0127058823529411,0.0,0.4807607288988407,0.4807607288988407,0.0024589421667108,0.0,minus_severe_error_rate_high,global_qwk_low;worst_site_qwk_low;site_qwk_spread_high;mean_abs_error_high,global_qwk_low;mean_abs_error_high,2,False,fedavg,0.6881570111379685,0.0,0.4783017867321298,0.0,0.6753917200032407,0.0,0.6931063763738259,0.0,0.5374117647058824,0.0
results\threshold_shift_panda_all_conservative_35_seed_41\predictions.csv,35,35,41,fedavg,cross_site_blend_50,0.7113097901595187,0.6734327929995696,0.7237520313373309,0.121717904643702,0.5463529411764706,0.4799819319597888,0.7548235294117647,0.0776470588235294,0.1811764705882353,0.5736470588235294,1.2056767326949895,0.719471196172685,0.0081614060131662,0.6730135092011488,-0.0004192837984208,0.7303581616493352,0.0066061303120042,0.1303923017539611,0.008674397110259,0.5416470588235294,-0.0047058823529412,0.4637752881006425,-0.0162066438591463,0.7534117647058823,-0.0014117647058823,0.0776470588235294,0.0,0.1952941176470588,0.0141176470588235,0.5581176470588235,-0.0155294117647059,1.2143684094040363,0.0086916767090468,2,site_qwk_spread_high;mean_abs_error_high,False,fedavg,0.7113097901595187,0.719471196172685,0.0,-0.0081614060131662,0.6734327929995696,0.6730135092011488,0.0,0.0004192837984208,0.7237520313373309,0.7303581616493352,0.0,-0.0066061303120042,0.5463529411764706,0.5416470588235294,0.0,0.0047058823529412,0.4799819319597888,0.4637752881006425,0.0,0.0162066438591463,minus_severe_error_rate_high,global_qwk_low;worst_site_qwk_low;site_qwk_spread_high;mean_abs_error_high,site_qwk_spread_high;mean_abs_error_high,2,False,fedavg,0.7113097901595187,0.0,0.4799819319597888,0.0,0.6734327929995696,0.0,0.7237520313373309,0.0,0.5463529411764706,0.0
results\threshold_shift_panda_all_conservative_35_seed_42\predictions.csv,35,35,42,fedavg,cross_site_blend_50,0.6756849335913802,0.6353615299085036,0.6925201467229715,0.1310682876157862,0.536,0.4644619166746092,0.792,0.0894117647058823,0.1543529411764705,0.6376470588235295,1.224289945414343,0.6894884384239218,0.0138035048325416,0.6669725170550318,0.0316109871465282,0.6993536527466236,0.0068335060236521,0.0618142421004909,-0.0692540455152953,0.5510588235294117,0.0150588235294116,0.4887452064509185,0.0242832897763093,0.768,-0.024,0.0894117647058823,0.0,0.1741176470588235,0.0197647058823529,0.5938823529411764,-0.043764705882353,1.210178393635258,-0.014111551779085,5,global_qwk_low;worst_site_qwk_low;site_qwk_spread_high;mean_abs_error_high;severe_error_rate_high,True,cross_site_blend_50,0.6894884384239218,0.6894884384239218,0.0138035048325416,0.0,0.6669725170550318,0.6669725170550318,0.0316109871465282,0.0,0.6993536527466236,0.6993536527466236,0.0068335060236521,0.0,0.5510588235294117,0.5510588235294117,0.0150588235294116,0.0,0.4887452064509185,0.4887452064509185,0.0242832897763093,0.0,minus_severe_error_rate_high,global_qwk_low;worst_site_qwk_low;site_qwk_spread_high;mean_abs_error_high,global_qwk_low;worst_site_qwk_low;site_qwk_spread_high;mean_abs_error_high,4,True,cross_site_blend_50,0.6894884384239218,0.013803504832541669,0.4887452064509185,0.024283289776309336,0.6669725170550318,0.03161098714652821,0.6993536527466236,0.0068335060236521805,0.5510588235294117,0.01505882352941168
results\threshold_shift_panda_all_conservative_35_seed_43\predictions.csv,35,35,43,fedavg,cross_site_blend_50,0.7243710362103042,0.6957735339954874,0.7233928968414869,0.0581241993214474,0.5411764705882353,0.4743099103943904,0.7548235294117647,0.0776470588235294,0.1849411764705882,0.5698823529411765,1.19096471275959,0.727587704567845,0.0032166683575408,0.7141744782952756,0.0184009442997882,0.7280030301481822,0.0046101333066953,0.024354381203459,-0.0337698181179884,0.5576470588235294,0.0164705882352941,0.4963415130623081,0.0220316026679177,0.728,-0.0268235294117646,0.0757647058823529,-0.0018823529411764,0.1863529411764705,0.0014117647058823,0.5416470588235294,-0.0282352941176471,1.253319658952319,0.062354946192729,1,mean_abs_error_high,False,fedavg,0.7243710362103042,0.727587704567845,0.0,-0.0032166683575408,0.6957735339954874,0.7141744782952756,0.0,-0.0184009442997882,0.7233928968414869,0.7280030301481822,0.0,-0.0046101333066953,0.5411764705882353,0.5576470588235294,0.0,-0.0164705882352941,0.4743099103943904,0.4963415130623081,0.0,-0.0220316026679177,minus_severe_error_rate_high,global_qwk_low;worst_site_qwk_low;site_qwk_spread_high;mean_abs_error_high,mean_abs_error_high,1,False,fedavg,0.7243710362103042,0.0,0.4743099103943904,0.0,0.6957735339954874,0.0,0.7233928968414869,0.0,0.5411764705882353,0.0
results\threshold_shift_panda_all_conservative_35_seed_47\predictions.csv,35,35,47,fedavg,cross_site_blend_50,0.6921737812192412,0.6538064261416063,0.7020314672875764,0.0848993069725201,0.5298823529411765,0.4594810361790215,0.8004705882352942,0.0941176470588235,0.2254117647058823,0.5750588235294117,1.2166343312159058,0.6985148818152267,0.0063411005959854,0.6806512543888461,0.0268448282472397,0.7065425962205635,0.0045111289329871,0.0411207590642284,-0.0437785479082917,0.5538823529411765,0.024,0.4823224745876996,0.0228414384086781,0.772235294117647,-0.0282352941176471,0.0889411764705882,-0.0051764705882352,0.2188235294117647,-0.0065882352941176,0.5534117647058824,-0.0216470588235293,1.2207361889290396,0.0041018577131337,4,global_qwk_low;worst_site_qwk_low;mean_abs_error_high;severe_error_rate_high,True,cross_site_blend_50,0.6985148818152267,0.6985148818152267,0.0063411005959854,0.0,0.6806512543888461,0.6806512543888461,0.0268448282472397,0.0,0.7065425962205635,0.7065425962205635,0.0045111289329871,0.0,0.5538823529411765,0.5538823529411765,0.024,0.0,0.4823224745876996,0.4823224745876996,0.0228414384086781,0.0,minus_severe_error_rate_high,global_qwk_low;worst_site_qwk_low;site_qwk_spread_high;mean_abs_error_high,global_qwk_low;worst_site_qwk_low;mean_abs_error_high,3,True,cross_site_blend_50,0.6985148818152267,0.006341100595985472,0.4823224745876996,0.02284143840867814,0.6806512543888461,0.02684482824723977,0.7065425962205635,0.004511128932987107,0.5538823529411765,0.02400000000000002
results\threshold_shift_panda_all_conservative_35_seed_53\predictions.csv,35,35,53,fedavg,cross_site_blend_50,0.7220044444993801,0.6893711996389367,0.7283130832458101,0.0732320067083412,0.5416470588235294,0.475308711273759,0.7501176470588236,0.0814117647058823,0.1745882352941176,0.5755294117647058,1.2470530666116162,0.717561349932142,-0.004443094567238,0.6569645223976546,-0.0324066772412821,0.722569893267072,-0.0057431899787381,0.1146446391528314,0.0414126324444901,0.5284705882352941,-0.0131764705882352,0.450925928543104,-0.024382782730655,0.7821176470588236,0.032,0.0865882352941176,0.0051764705882352,0.2136470588235294,0.0390588235294117,0.5684705882352942,-0.0070588235294116,1.213103565384407,-0.0339495012272093,1,mean_abs_error_high,False,fedavg,0.7220044444993801,0.717561349932142,0.0,0.004443094567238,0.6893711996389367,0.6569645223976546,0.0,0.0324066772412821,0.7283130832458101,0.722569893267072,0.0,0.0057431899787381,0.5416470588235294,0.5284705882352941,0.0,0.0131764705882352,0.475308711273759,0.450925928543104,0.0,0.024382782730655,minus_severe_error_rate_high,global_qwk_low;worst_site_qwk_low;site_qwk_spread_high;mean_abs_error_high,mean_abs_error_high,1,False,fedavg,0.7220044444993801,0.0,0.475308711273759,0.0,0.6893711996389367,0.0,0.7283130832458101,0.0,0.5416470588235294,0.0
results\threshold_shift_panda_all_conservative_35_seed_59\predictions.csv,35,35,59,fedavg,cross_site_blend_50,0.7100777412130561,0.6429990356369907,0.6901337869423715,0.105887289059677,0.5435294117647059,0.471341301659099,0.7717647058823529,0.0851764705882353,0.1952941176470588,0.5764705882352941,1.2240254947685616,0.7116016939956201,0.001523952782564,0.6370567174716034,-0.0059423181653872,0.6934241099992058,0.0032903230568342,0.1132789288326377,0.0073916397729607,0.5534117647058824,0.0098823529411764,0.4825955569744076,0.0112542553153086,0.7604705882352941,-0.0112941176470587,0.0818823529411764,-0.0032941176470588,0.2141176470588235,0.0188235294117647,0.5463529411764706,-0.0301176470588234,1.238746797482302,0.0147213027137405,3,worst_site_qwk_low;site_qwk_spread_high;mean_abs_error_high,True,cross_site_blend_50,0.7116016939956201,0.7116016939956201,0.001523952782564,0.0,0.6370567174716034,0.6370567174716034,-0.0059423181653872,0.0,0.6934241099992058,0.6934241099992058,0.0032903230568342,0.0,0.5534117647058824,0.5534117647058824,0.0098823529411764,0.0,0.4825955569744076,0.4825955569744076,0.0112542553153086,0.0,minus_severe_error_rate_high,global_qwk_low;worst_site_qwk_low;site_qwk_spread_high;mean_abs_error_high,worst_site_qwk_low;site_qwk_spread_high;mean_abs_error_high,3,True,cross_site_blend_50,0.7116016939956201,0.0015239527825640087,0.4825955569744076,0.011254255315308603,0.6370567174716034,-0.005942318165387261,0.6934241099992058,0.003290323056834299,0.5534117647058824,0.009882352941176453
results\threshold_shift_panda_all_conservative_35_seed_7\predictions.csv,35,35,7,fedavg,cross_site_blend_50,0.6942774894031114,0.6443874347078955,0.6975829421396949,0.0858773052027235,0.5374117647058824,0.4603144780205284,0.7849411764705883,0.0903529411764706,0.1552941176470588,0.6296470588235294,1.2142426451106132,0.7056756010856606,0.0113981116825492,0.6562957385838117,0.0119083038759162,0.7117153467248711,0.0141324045851762,0.1079768212688585,0.022099516066135,0.5529411764705883,0.0155294117647059,0.4856018793440087,0.0252874013234802,0.7529411764705882,-0.032,0.0870588235294117,-0.0032941176470588,0.1868235294117647,0.0315294117647058,0.5661176470588235,-0.0635294117647059,1.2264807032274183,0.0122380581168053,4,global_qwk_low;worst_site_qwk_low;mean_abs_error_high;severe_error_rate_high,True,cross_site_blend_50,0.7056756010856606,0.7056756010856606,0.0113981116825492,0.0,0.6562957385838117,0.6562957385838117,0.0119083038759162,0.0,0.7117153467248711,0.7117153467248711,0.0141324045851762,0.0,0.5529411764705883,0.5529411764705883,0.0155294117647059,0.0,0.4856018793440087,0.4856018793440087,0.0252874013234802,0.0,minus_severe_error_rate_high,global_qwk_low;worst_site_qwk_low;site_qwk_spread_high;mean_abs_error_high,global_qwk_low;worst_site_qwk_low;mean_abs_error_high,3,True,cross_site_blend_50,0.7056756010856606,0.011398111682549228,0.4856018793440087,0.02528740132348034,0.6562957385838117,0.011908303875916237,0.7117153467248711,0.014132404585176284,0.5529411764705883,0.015529411764705903
results\threshold_shift_panda_all_conservative_45_seed_11\predictions.csv,45,45,11,fedavg,cross_site_blend_50,0.7186645880399637,0.6983115957788266,0.7269082996176406,0.0565871762874488,0.5256470588235295,0.4458322751590808,0.7581176470588236,0.0705882352941176,0.1327058823529411,0.6254117647058823,1.2047639969635384,0.7279402531602377,0.009275665120274,0.6982601754864977,-5.142029232896306e-05,0.7413890565436128,0.0144807569259721,0.0733651753637983,0.0167779990763495,0.5491764705882353,0.0235294117647058,0.4756956220330177,0.0298633468739368,0.7265882352941176,-0.0315294117647059,0.0752941176470588,0.0047058823529411,0.1656470588235294,0.0329411764705882,0.5609411764705883,-0.064470588235294,1.228324298388084,0.0235603014245455,1,mean_abs_error_high,False,fedavg,0.7186645880399637,0.7279402531602377,0.0,-0.009275665120274,0.6983115957788266,0.6982601754864977,0.0,5.142029232896306e-05,0.7269082996176406,0.7413890565436128,0.0,-0.0144807569259721,0.5256470588235295,0.5491764705882353,0.0,-0.0235294117647058,0.4458322751590808,0.4756956220330177,0.0,-0.0298633468739368,minus_severe_error_rate_high,global_qwk_low;worst_site_qwk_low;site_qwk_spread_high;mean_abs_error_high,mean_abs_error_high,1,False,fedavg,0.7186645880399637,0.0,0.4458322751590808,0.0,0.6983115957788266,0.0,0.7269082996176406,0.0,0.5256470588235295,0.0
results\threshold_shift_panda_all_conservative_45_seed_123\predictions.csv,45,45,123,fedavg,cross_site_blend_50,0.6842525827854697,0.6443909272024675,0.6827482723486302,0.0739910587963851,0.512,0.4354754690015998,0.8084705882352942,0.0912941176470588,0.1647058823529411,0.6437647058823529,1.25651402768541,0.7276041522412715,0.0433515694558017,0.6793432674370103,0.0349523402345428,0.7197759974251865,0.0370277250765562,0.0794422259562985,0.0054511671599134,0.5421176470588235,0.0301176470588234,0.4722981845450189,0.036822715543419,0.7463529411764706,-0.0621176470588236,0.0767058823529411,-0.0145882352941176,0.2381176470588235,0.0734117647058823,0.508235294117647,-0.1355294117647059,1.2447748699019268,-0.0117391577834833,4,global_qwk_low;worst_site_qwk_low;mean_abs_error_high;severe_error_rate_high,True,cross_site_blend_50,0.7276041522412715,0.7276041522412715,0.0433515694558017,0.0,0.6793432674370103,0.6793432674370103,0.0349523402345428,0.0,0.7197759974251865,0.7197759974251865,0.0370277250765562,0.0,0.5421176470588235,0.5421176470588235,0.0301176470588234,0.0,0.4722981845450189,0.4722981845450189,0.036822715543419,0.0,minus_severe_error_rate_high,global_qwk_low;worst_site_qwk_low;site_qwk_spread_high;mean_abs_error_high,global_qwk_low;worst_site_qwk_low;mean_abs_error_high,3,True,cross_site_blend_50,0.7276041522412715,0.043351569455801764,0.4722981845450189,0.03682271554341909,0.6793432674370103,0.034952340234542856,0.7197759974251865,0.03702772507655627,0.5421176470588235,0.03011764705882347
results\threshold_shift_panda_all_conservative_45_seed_17\predictions.csv,45,45,17,fedavg,cross_site_blend_50,0.7047611051305348,0.645220573180699,0.6905945451901226,0.0909757587087569,0.5129411764705882,0.4388248410063545,0.7943529411764706,0.0781176470588235,0.1477647058823529,0.6465882352941177,1.2398184894957895,0.7077247854813571,0.0029636803508222,0.6417517990615361,-0.0034687741191629,0.6917447783051633,0.0011502331150406,0.1018123133312761,0.0108365546225192,0.5289411764705882,0.016,0.4601461090491274,0.0213212680427729,0.7684705882352941,-0.0258823529411764,0.0785882352941176,0.0004705882352941,0.1609411764705882,0.0131764705882352,0.6075294117647059,-0.0390588235294118,1.2388539655751256,-0.0009645239206639,2,worst_site_qwk_low;mean_abs_error_high,False,fedavg,0.7047611051305348,0.7077247854813571,0.0,-0.0029636803508222,0.645220573180699,0.6417517990615361,0.0,0.0034687741191629,0.6905945451901226,0.6917447783051633,0.0,-0.0011502331150406,0.5129411764705882,0.5289411764705882,0.0,-0.016,0.4388248410063545,0.4601461090491274,0.0,-0.0213212680427729,minus_severe_error_rate_high,global_qwk_low;worst_site_qwk_low;site_qwk_spread_high;mean_abs_error_high,worst_site_qwk_low;mean_abs_error_high,2,False,fedavg,0.7047611051305348,0.0,0.4388248410063545,0.0,0.645220573180699,0.0,0.6905945451901226,0.0,0.5129411764705882,0.0
results\threshold_shift_panda_all_conservative_45_seed_2025\predictions.csv,45,45,2025,fedavg,cross_site_blend_50,0.6513178987545161,0.6357395844743857,0.6550728682482759,0.0617910715279269,0.512,0.4213510266509179,0.8465882352941176,0.1021176470588235,0.1689411764705882,0.6776470588235294,1.2398197962944426,0.6916847406111084,0.0403668418565923,0.6475384686313133,0.0117988841569275,0.6929907323339558,0.0379178640856798,0.0791388873452907,0.0173478158173637,0.5251764705882352,0.0131764705882352,0.4405144881551974,0.0191634615042795,0.7995294117647059,-0.0470588235294117,0.0908235294117647,-0.0112941176470588,0.2188235294117647,0.0498823529411764,0.5807058823529412,-0.0969411764705882,1.2347401108882392,-0.0050796854062034,4,global_qwk_low;worst_site_qwk_low;mean_abs_error_high;severe_error_rate_high,True,cross_site_blend_50,0.6916847406111084,0.6916847406111084,0.0403668418565923,0.0,0.6475384686313133,0.6475384686313133,0.0117988841569275,0.0,0.6929907323339558,0.6929907323339558,0.0379178640856798,0.0,0.5251764705882352,0.5251764705882352,0.0131764705882352,0.0,0.4405144881551974,0.4405144881551974,0.0191634615042795,0.0,minus_severe_error_rate_high,global_qwk_low;worst_site_qwk_low;site_qwk_spread_high;mean_abs_error_high,global_qwk_low;worst_site_qwk_low;mean_abs_error_high,3,True,cross_site_blend_50,0.6916847406111084,0.04036684185659234,0.4405144881551974,0.0191634615042795,0.6475384686313133,0.011798884156927536,0.6929907323339558,0.037917864085679875,0.5251764705882352,0.013176470588235234
results\threshold_shift_panda_all_conservative_45_seed_23\predictions.csv,45,45,23,fedavg,cross_site_blend_50,0.6689702161873159,0.6278285098051922,0.6892648974635475,0.1249900734371944,0.5256470588235295,0.4501728064200315,0.8169411764705883,0.0974117647058823,0.1487058823529412,0.668235294117647,1.223265605185007,0.6811832732447068,0.0122130570573909,0.6330609816469177,0.0052324718417254,0.7044609882881547,0.0151960908246072,0.1447019826986322,0.0197119092614377,0.5383529411764706,0.0127058823529411,0.4677176487867743,0.0175448423667428,0.7981176470588235,-0.0188235294117647,0.0974117647058823,0.0,0.1632941176470588,0.0145882352941176,0.6348235294117647,-0.0334117647058823,1.1950156635017095,-0.0282499416832973,5,global_qwk_low;worst_site_qwk_low;site_qwk_spread_high;mean_abs_error_high;severe_error_rate_high,True,cross_site_blend_50,0.6811832732447068,0.6811832732447068,0.0122130570573909,0.0,0.6330609816469177,0.6330609816469177,0.0052324718417254,0.0,0.7044609882881547,0.7044609882881547,0.0151960908246072,0.0,0.5383529411764706,0.5383529411764706,0.0127058823529411,0.0,0.4677176487867743,0.4677176487867743,0.0175448423667428,0.0,minus_severe_error_rate_high,global_qwk_low;worst_site_qwk_low;site_qwk_spread_high;mean_abs_error_high,global_qwk_low;worst_site_qwk_low;site_qwk_spread_high;mean_abs_error_high,4,True,cross_site_blend_50,0.6811832732447068,0.012213057057390952,0.4677176487867743,0.017544842366742808,0.6330609816469177,0.005232471841725483,0.7044609882881547,0.015196090824607267,0.5383529411764706,0.012705882352941122
results\threshold_shift_panda_all_conservative_45_seed_29\predictions.csv,45,45,29,fedavg,cross_site_blend_50,0.7027122701678348,0.6593035575542109,0.6983248374194991,0.0674032162340082,0.5218823529411765,0.4494435876297903,0.7905882352941176,0.088,0.1576470588235294,0.6329411764705882,1.196903554445906,0.7083737182341829,0.0056614480663481,0.6553674973311827,-0.0039360602230281,0.7033051263106922,0.004980288891193,0.0885817534051347,0.0211785371711265,0.5468235294117647,0.0249411764705882,0.4791428742323236,0.0296992866025332,0.7585882352941177,-0.0319999999999999,0.084235294117647,-0.0037647058823529,0.1830588235294117,0.0254117647058823,0.5755294117647058,-0.0574117647058823,1.2174418629639214,0.0205383085180153,4,global_qwk_low;worst_site_qwk_low;mean_abs_error_high;severe_error_rate_high,True,cross_site_blend_50,0.7083737182341829,0.7083737182341829,0.0056614480663481,0.0,0.6553674973311827,0.6553674973311827,-0.0039360602230281,0.0,0.7033051263106922,0.7033051263106922,0.004980288891193,0.0,0.5468235294117647,0.5468235294117647,0.0249411764705882,0.0,0.4791428742323236,0.4791428742323236,0.0296992866025332,0.0,minus_severe_error_rate_high,global_qwk_low;worst_site_qwk_low;site_qwk_spread_high;mean_abs_error_high,global_qwk_low;worst_site_qwk_low;mean_abs_error_high,3,True,cross_site_blend_50,0.7083737182341829,0.0056614480663481626,0.4791428742323236,0.029699286602533292,0.6553674973311827,-0.0039360602230281705,0.7033051263106922,0.004980288891193063,0.5468235294117647,0.024941176470588244
results\threshold_shift_panda_all_conservative_45_seed_31\predictions.csv,45,45,31,fedavg,cross_site_blend_50,0.6907445542033991,0.6478213865592243,0.697022671132488,0.0990737087116392,0.5209411764705882,0.4467296226169241,0.7783529411764706,0.0809411764705882,0.156235294117647,0.6221176470588236,1.241704937493638,0.7010929147350812,0.010348360531682,0.6782066835699941,0.0303852970107698,0.7110580444059729,0.0140353732734849,0.063455555044703,-0.0356181536669362,0.5378823529411765,0.0169411764705882,0.4778400687043871,0.031110446087463,0.7807058823529411,0.0023529411764705,0.0884705882352941,0.0075294117647058,0.2258823529411764,0.0696470588235294,0.5548235294117647,-0.0672941176470588,1.2281036756811077,-0.0136012618125302,3,global_qwk_low;worst_site_qwk_low;mean_abs_error_high,True,cross_site_blend_50,0.7010929147350812,0.7010929147350812,0.010348360531682,0.0,0.6782066835699941,0.6782066835699941,0.0303852970107698,0.0,0.7110580444059729,0.7110580444059729,0.0140353732734849,0.0,0.5378823529411765,0.5378823529411765,0.0169411764705882,0.0,0.4778400687043871,0.4778400687043871,0.031110446087463,0.0,minus_severe_error_rate_high,global_qwk_low;worst_site_qwk_low;site_qwk_spread_high;mean_abs_error_high,global_qwk_low;worst_site_qwk_low;mean_abs_error_high,3,True,cross_site_blend_50,0.7010929147350812,0.010348360531682088,0.4778400687043871,0.031110446087462995,0.6782066835699941,0.030385297010769863,0.7110580444059729,0.014035373273484919,0.5378823529411765,0.016941176470588237
results\threshold_shift_panda_all_conservative_45_seed_37\predictions.csv,45,45,37,fedavg,cross_site_blend_50,0.6718398316224687,0.6566294013012368,0.6776751902752847,0.0577402918144898,0.5134117647058823,0.4501286620132132,0.8178823529411765,0.0941176470588235,0.1454117647058823,0.6724705882352942,1.1877916427116788,0.6989889494547878,0.0271491178323191,0.6798369892493196,0.0232075879480827,0.7028944926747505,0.0252193023994657,0.0388444897333896,-0.0188958020811002,0.5383529411764706,0.0249411764705882,0.4679482987007382,0.0178196366875249,0.7778823529411765,-0.04,0.0903529411764706,-0.0037647058823529,0.1910588235294117,0.0456470588235294,0.5868235294117647,-0.0856470588235294,1.2612150037606646,0.0734233610489858,4,global_qwk_low;worst_site_qwk_low;mean_abs_error_high;severe_error_rate_high,True,cross_site_blend_50,0.6989889494547878,0.6989889494547878,0.0271491178323191,0.0,0.6798369892493196,0.6798369892493196,0.0232075879480827,0.0,0.7028944926747505,0.7028944926747505,0.0252193023994657,0.0,0.5383529411764706,0.5383529411764706,0.0249411764705882,0.0,0.4679482987007382,0.4679482987007382,0.0178196366875249,0.0,minus_severe_error_rate_high,global_qwk_low;worst_site_qwk_low;site_qwk_spread_high;mean_abs_error_high,global_qwk_low;worst_site_qwk_low;mean_abs_error_high,3,True,cross_site_blend_50,0.6989889494547878,0.027149117832319103,0.4679482987007382,0.017819636687524953,0.6798369892493196,0.023207587948082753,0.7028944926747505,0.025219302399465793,0.5383529411764706,0.024941176470588244
results\threshold_shift_panda_all_conservative_45_seed_41\predictions.csv,45,45,41,fedavg,cross_site_blend_50,0.7123796898843978,0.6477160424225139,0.7230280654793807,0.1493724689112257,0.532235294117647,0.4576524733917275,0.7595294117647059,0.0752941176470588,0.1689411764705882,0.5905882352941176,1.216875668403408,0.7108887383352965,-0.0014909515491012,0.6681257448384706,0.0204097024159567,0.7194995869173381,-0.0035284785620426,0.1343608083755315,-0.0150116605356941,0.536,0.003764705882353,0.4617007732319488,0.0040482998402213,0.7670588235294118,0.0075294117647058,0.0785882352941176,0.0032941176470588,0.1656470588235294,-0.0032941176470588,0.6014117647058823,0.0108235294117646,1.208587090198221,-0.0082885782051869,3,worst_site_qwk_low;site_qwk_spread_high;mean_abs_error_high,True,cross_site_blend_50,0.7108887383352965,0.7108887383352965,-0.0014909515491012,0.0,0.6681257448384706,0.6681257448384706,0.0204097024159567,0.0,0.7194995869173381,0.7194995869173381,-0.0035284785620426,0.0,0.536,0.536,0.003764705882353,0.0,0.4617007732319488,0.4617007732319488,0.0040482998402213,0.0,minus_severe_error_rate_high,global_qwk_low;worst_site_qwk_low;site_qwk_spread_high;mean_abs_error_high,worst_site_qwk_low;site_qwk_spread_high;mean_abs_error_high,3,True,cross_site_blend_50,0.7108887383352965,-0.0014909515491012826,0.4617007732319488,0.004048299840221314,0.6681257448384706,0.020409702415956743,0.7194995869173381,-0.003528478562042636,0.536,0.0037647058823530033
results\threshold_shift_panda_all_conservative_45_seed_42\predictions.csv,45,45,42,fedavg,cross_site_blend_50,0.6774827764861275,0.6445375035779021,0.6916365566904921,0.1014820199256691,0.5270588235294118,0.4543662053061909,0.7985882352941176,0.0912941176470588,0.1336470588235294,0.6649411764705883,1.2261141193444989,0.684495430609388,0.0070126541232604,0.6552577603454078,0.0107202567675057,0.6966647491374609,0.0050281924469688,0.0956957754403231,-0.005786244485346,0.536,0.0089411764705882,0.462630665272385,0.0082644599661941,0.7835294117647059,-0.0150588235294116,0.0894117647058823,-0.0018823529411764,0.1557647058823529,0.0221176470588235,0.6277647058823529,-0.0371764705882353,1.2219655729572696,-0.0041485463872292,4,global_qwk_low;worst_site_qwk_low;mean_abs_error_high;severe_error_rate_high,True,cross_site_blend_50,0.684495430609388,0.684495430609388,0.0070126541232604,0.0,0.6552577603454078,0.6552577603454078,0.0107202567675057,0.0,0.6966647491374609,0.6966647491374609,0.0050281924469688,0.0,0.536,0.536,0.0089411764705882,0.0,0.462630665272385,0.462630665272385,0.0082644599661941,0.0,minus_severe_error_rate_high,global_qwk_low;worst_site_qwk_low;site_qwk_spread_high;mean_abs_error_high,global_qwk_low;worst_site_qwk_low;mean_abs_error_high,3,True,cross_site_blend_50,0.684495430609388,0.0070126541232604644,0.462630665272385,0.008264459966194126,0.6552577603454078,0.010720256767505765,0.6966647491374609,0.005028192446968838,0.536,0.00894117647058823
results\threshold_shift_panda_all_conservative_45_seed_43\predictions.csv,45,45,43,fedavg,cross_site_blend_50,0.7138716162513442,0.6822721801086638,0.711808940745141,0.0616774222069055,0.5289411764705882,0.4655935566146705,0.7736470588235295,0.0790588235294117,0.1647058823529411,0.6089411764705882,1.1930575391361506,0.7238906047035034,0.0100189884521592,0.6955788405751153,0.0133066604664515,0.7253029885742331,0.0134940478290921,0.0540392088119872,-0.0076382133949183,0.5472941176470588,0.0183529411764705,0.4833792586175012,0.0177857020028307,0.739764705882353,-0.0338823529411764,0.0767058823529411,-0.0023529411764705,0.1736470588235294,0.0089411764705882,0.5661176470588235,-0.0428235294117647,1.2490948525451526,0.0560373134090019,1,mean_abs_error_high,False,fedavg,0.7138716162513442,0.7238906047035034,0.0,-0.0100189884521592,0.6822721801086638,0.6955788405751153,0.0,-0.0133066604664515,0.711808940745141,0.7253029885742331,0.0,-0.0134940478290921,0.5289411764705882,0.5472941176470588,0.0,-0.0183529411764705,0.4655935566146705,0.4833792586175012,0.0,-0.0177857020028307,minus_severe_error_rate_high,global_qwk_low;worst_site_qwk_low;site_qwk_spread_high;mean_abs_error_high,mean_abs_error_high,1,False,fedavg,0.7138716162513442,0.0,0.4655935566146705,0.0,0.6822721801086638,0.0,0.711808940745141,0.0,0.5289411764705882,0.0
results\threshold_shift_panda_all_conservative_45_seed_47\predictions.csv,45,45,47,fedavg,cross_site_blend_50,0.6847965201382491,0.6483616776044975,0.6910543398194848,0.0705500414349021,0.5247058823529411,0.4514071460022199,0.8014117647058824,0.0927058823529411,0.1689411764705882,0.6324705882352941,1.223896878202759,0.6851789430850455,0.0003824229467963,0.652432325294192,0.0040706476896945,0.6995950911807111,0.0085407513612262,0.0619584935386275,-0.0085915478962745,0.5449411764705883,0.0202352941176471,0.472621372126016,0.021214226123796,0.7910588235294118,-0.0103529411764705,0.0941176470588235,0.0014117647058823,0.1797647058823529,0.0108235294117647,0.6112941176470589,-0.0211764705882352,1.217905331775368,-0.0059915464273909,4,global_qwk_low;worst_site_qwk_low;mean_abs_error_high;severe_error_rate_high,True,cross_site_blend_50,0.6851789430850455,0.6851789430850455,0.0003824229467963,0.0,0.652432325294192,0.652432325294192,0.0040706476896945,0.0,0.6995950911807111,0.6995950911807111,0.0085407513612262,0.0,0.5449411764705883,0.5449411764705883,0.0202352941176471,0.0,0.472621372126016,0.472621372126016,0.021214226123796,0.0,minus_severe_error_rate_high,global_qwk_low;worst_site_qwk_low;site_qwk_spread_high;mean_abs_error_high,global_qwk_low;worst_site_qwk_low;mean_abs_error_high,3,True,cross_site_blend_50,0.6851789430850455,0.0003824229467963569,0.472621372126016,0.021214226123796143,0.652432325294192,0.004070647689694562,0.6995950911807111,0.008540751361226229,0.5449411764705883,0.02023529411764713
results\threshold_shift_panda_all_conservative_45_seed_53\predictions.csv,45,45,53,fedavg,cross_site_blend_50,0.7201645664369767,0.6590058792089791,0.7242115653009432,0.0962519076398983,0.5124705882352941,0.4494431704394436,0.7712941176470588,0.0785882352941176,0.1449411764705882,0.6263529411764706,1.2476182242498215,0.7142977210762524,-0.0058668453607242,0.6664553756290599,0.0074494964200807,0.7213074678388882,-0.0029040974620549,0.092832744626332,-0.0034191630135662,0.5265882352941177,0.0141176470588235,0.4523648833805307,0.002921712941087,0.7811764705882352,0.0098823529411764,0.0861176470588235,0.0075294117647058,0.2018823529411764,0.0569411764705882,0.5792941176470588,-0.0470588235294117,1.216200957210754,-0.0314172670390675,2,worst_site_qwk_low;mean_abs_error_high,False,fedavg,0.7201645664369767,0.7142977210762524,0.0,0.0058668453607242,0.6590058792089791,0.6664553756290599,0.0,-0.0074494964200807,0.7242115653009432,0.7213074678388882,0.0,0.0029040974620549,0.5124705882352941,0.5265882352941177,0.0,-0.0141176470588235,0.4494431704394436,0.4523648833805307,0.0,-0.002921712941087,minus_severe_error_rate_high,global_qwk_low;worst_site_qwk_low;site_qwk_spread_high;mean_abs_error_high,worst_site_qwk_low;mean_abs_error_high,2,False,fedavg,0.7201645664369767,0.0,0.4494431704394436,0.0,0.6590058792089791,0.0,0.7242115653009432,0.0,0.5124705882352941,0.0
results\threshold_shift_panda_all_conservative_45_seed_59\predictions.csv,45,45,59,fedavg,cross_site_blend_50,0.7016674406948484,0.6159609540801119,0.6845382756686187,0.1206158796476057,0.5256470588235295,0.4495477542539736,0.7915294117647059,0.0861176470588235,0.1825882352941176,0.6089411764705882,1.1982354306608411,0.705730488586835,0.0040630478919865,0.643696978717071,0.0277360246369591,0.6883887122265069,0.0038504365578881,0.0969232193571749,-0.0236926602904308,0.5407058823529411,0.0150588235294116,0.4656458284346138,0.0160980741806401,0.7783529411764706,-0.0131764705882353,0.0851764705882353,-0.0009411764705882,0.2089411764705882,0.0263529411764706,0.5694117647058824,-0.0395294117647058,1.2381082534135337,0.0398728227526925,4,global_qwk_low;worst_site_qwk_low;site_qwk_spread_high;mean_abs_error_high,True,cross_site_blend_50,0.705730488586835,0.705730488586835,0.0040630478919865,0.0,0.643696978717071,0.643696978717071,0.0277360246369591,0.0,0.6883887122265069,0.6883887122265069,0.0038504365578881,0.0,0.5407058823529411,0.5407058823529411,0.0150588235294116,0.0,0.4656458284346138,0.4656458284346138,0.0160980741806401,0.0,minus_severe_error_rate_high,global_qwk_low;worst_site_qwk_low;site_qwk_spread_high;mean_abs_error_high,global_qwk_low;worst_site_qwk_low;site_qwk_spread_high;mean_abs_error_high,4,True,cross_site_blend_50,0.705730488586835,0.0040630478919865265,0.4656458284346138,0.016098074180640187,0.643696978717071,0.027736024636959122,0.6883887122265069,0.0038504365578881927,0.5407058823529411,0.01505882352941168
results\threshold_shift_panda_all_conservative_45_seed_7\predictions.csv,45,45,7,fedavg,cross_site_blend_50,0.6923907834999634,0.6489613109441599,0.6966096027165747,0.0937013742162709,0.5251764705882352,0.4536372003313794,0.7976470588235294,0.0894117647058823,0.1392941176470588,0.6583529411764706,1.2069264914261555,0.7012379189330036,0.0088471354330401,0.6779182879377432,0.0289569769935833,0.7076271761977981,0.0110175734812234,0.0784267466587252,-0.0152746275575456,0.5463529411764706,0.0211764705882353,0.4786342882830192,0.0249970879516397,0.7567058823529412,-0.0409411764705881,0.0870588235294117,-0.0023529411764705,0.1755294117647058,0.036235294117647,0.5811764705882353,-0.0771764705882352,1.248436539060467,0.0415100476343115,4,global_qwk_low;worst_site_qwk_low;mean_abs_error_high;severe_error_rate_high,True,cross_site_blend_50,0.7012379189330036,0.7012379189330036,0.0088471354330401,0.0,0.6779182879377432,0.6779182879377432,0.0289569769935833,0.0,0.7076271761977981,0.7076271761977981,0.0110175734812234,0.0,0.5463529411764706,0.5463529411764706,0.0211764705882353,0.0,0.4786342882830192,0.4786342882830192,0.0249970879516397,0.0,minus_severe_error_rate_high,global_qwk_low;worst_site_qwk_low;site_qwk_spread_high;mean_abs_error_high,global_qwk_low;worst_site_qwk_low;mean_abs_error_high,3,True,cross_site_blend_50,0.7012379189330036,0.008847135433040165,0.4786342882830192,0.024997087951639796,0.6779182879377432,0.02895697699358335,0.7076271761977981,0.011017573481223453,0.5463529411764706,0.021176470588235352
results\threshold_shift_panda_all_conservative_0_seed_11\predictions.csv,0,0,11,fedavg,cross_site_blend_50,0.7429581080983443,0.7164217698801902,0.7441992641283725,0.0593496863554664,0.5745882352941176,0.5098279114359029,0.6922352941176471,0.0734117647058823,0.208,0.484235294117647,1.156964949139127,0.7337225638667626,-0.0092355442315816,0.7119886879296122,-0.004433081950578,0.743286473704899,-0.0009127904234734,0.0433346987300143,-0.016014987625452,0.5736470588235294,-0.0009411764705882,0.5055207797599799,-0.004307131675923,0.7105882352941176,0.0183529411764705,0.0785882352941176,0.0051764705882352,0.2343529411764706,0.0263529411764706,0.476235294117647,-0.008,1.1778074606925435,0.0208425115534167,0,,False,fedavg,0.7429581080983443,0.7429581080983443,0.0,0.0,0.7164217698801902,0.7164217698801902,0.0,0.0,0.7441992641283725,0.7441992641283725,0.0,0.0,0.5745882352941176,0.5745882352941176,0.0,0.0,0.5098279114359029,0.5098279114359029,0.0,0.0,only_global_qwk_low,global_qwk_low,,0,False,fedavg,0.7429581080983443,0.0,0.5098279114359029,0.0,0.7164217698801902,0.0,0.7441992641283725,0.0,0.5745882352941176,0.0
results\threshold_shift_panda_all_conservative_0_seed_123\predictions.csv,0,0,123,fedavg,cross_site_blend_50,0.7298328239744079,0.702768825425204,0.732487374863064,0.0713198620093883,0.5694117647058824,0.5055799211566626,0.7134117647058823,0.076235294117647,0.2376470588235294,0.4757647058823529,1.1721565327917418,0.7280400712222352,-0.0017927527521726,0.6825573624415238,-0.0202114629836802,0.7254086963081546,-0.0070786785549094,0.0742889639064762,0.0029691018970878,0.5567058823529412,-0.0127058823529412,0.4949036378409496,-0.0106762833157129,0.7425882352941177,0.0291764705882353,0.0767058823529411,0.0004705882352941,0.3171764705882353,0.0795294117647058,0.4254117647058824,-0.0503529411764705,1.1780110800360235,0.0058545472442819,0,,False,fedavg,0.7298328239744079,0.7298328239744079,0.0,0.0,0.702768825425204,0.702768825425204,0.0,0.0,0.732487374863064,0.732487374863064,0.0,0.0,0.5694117647058824,0.5694117647058824,0.0,0.0,0.5055799211566626,0.5055799211566626,0.0,0.0,only_global_qwk_low,global_qwk_low,,0,False,fedavg,0.7298328239744079,0.0,0.5055799211566626,0.0,0.702768825425204,0.0,0.732487374863064,0.0,0.5694117647058824,0.0
results\threshold_shift_panda_all_conservative_0_seed_17\predictions.csv,0,0,17,fedavg,cross_site_blend_50,0.7239654930746602,0.6867531239805871,0.7097153911713731,0.0679690886509221,0.5727058823529412,0.5116310736011755,0.7171764705882353,0.0752941176470588,0.1971764705882353,0.52,1.1677552636809072,0.741825343260487,0.0178598501858268,0.6977504245196491,0.010997300539062,0.7270813020050024,0.0173659108336293,0.0776750134260571,0.0097059247751349,0.5835294117647059,0.0108235294117646,0.5224528915476301,0.0108218179464545,0.6832941176470588,-0.0338823529411764,0.068235294117647,-0.0070588235294117,0.1637647058823529,-0.0334117647058823,0.5195294117647059,-0.0004705882352941,1.1786416934641828,0.0108864297832755,0,,False,fedavg,0.7239654930746602,0.7239654930746602,0.0,0.0,0.6867531239805871,0.6867531239805871,0.0,0.0,0.7097153911713731,0.7097153911713731,0.0,0.0,0.5727058823529412,0.5727058823529412,0.0,0.0,0.5116310736011755,0.5116310736011755,0.0,0.0,only_global_qwk_low,global_qwk_low,,0,False,fedavg,0.7239654930746602,0.0,0.5116310736011755,0.0,0.6867531239805871,0.0,0.7097153911713731,0.0,0.5727058823529412,0.0
results\threshold_shift_panda_all_conservative_0_seed_2025\predictions.csv,0,0,2025,fedavg,cross_site_blend_50,0.6983892617352163,0.6744316058050153,0.7010870185241194,0.0584559494250015,0.5585882352941176,0.5000663744833895,0.7576470588235295,0.0870588235294117,0.2465882352941176,0.5110588235294118,1.1618222006061447,0.6988934439468641,0.0005041822116478,0.677440898806273,0.0030092930012577,0.7014432993023529,0.0003562807782335,0.0543557071565601,-0.0041002422684414,0.5472941176470588,-0.0112941176470587,0.4780140759710345,-0.022052298512355,0.7854117647058824,0.0277647058823529,0.092235294117647,0.0051764705882352,0.2790588235294117,0.0324705882352941,0.5063529411764706,-0.0047058823529412,1.177045535032376,0.0152233344262311,2,global_qwk_low;mean_abs_error_high,False,fedavg,0.6983892617352163,0.6983892617352163,0.0,0.0,0.6744316058050153,0.6744316058050153,0.0,0.0,0.7010870185241194,0.7010870185241194,0.0,0.0,0.5585882352941176,0.5585882352941176,0.0,0.0,0.5000663744833895,0.5000663744833895,0.0,0.0,only_global_qwk_low,global_qwk_low,global_qwk_low,1,True,cross_site_blend_50,0.6988934439468641,0.0005041822116478301,0.4780140759710345,-0.022052298512355017,0.677440898806273,0.00300929300125774,0.7014432993023529,0.0003562807782335753,0.5472941176470588,-0.011294117647058788
results\threshold_shift_panda_all_conservative_0_seed_23\predictions.csv,0,0,23,fedavg,cross_site_blend_50,0.7018818577459033,0.6673741964836729,0.7174845380245973,0.1002154031961053,0.56,0.4860606677435226,0.7637647058823529,0.092235294117647,0.228235294117647,0.5355294117647059,1.141851402646168,0.7037645067143725,0.0018826489684692,0.6681155525660587,0.0007413560823857,0.7204905791820245,0.0030060411574271,0.1266562161989222,0.0264408130028168,0.5604705882352942,0.0004705882352941,0.4889164480197272,0.0028557802762046,0.7614117647058823,-0.0023529411764705,0.0941176470588235,0.0018823529411764,0.2197647058823529,-0.0084705882352941,0.5416470588235294,0.0061176470588234,1.1372767953333078,-0.0045746073128603,3,global_qwk_low;mean_abs_error_high;severe_error_rate_high,True,cross_site_blend_50,0.7037645067143725,0.7018818577459033,0.0018826489684692,0.0018826489684692,0.6681155525660587,0.6673741964836729,0.0007413560823857,0.0007413560823857,0.7204905791820245,0.7174845380245973,0.0030060411574271,0.0030060411574271,0.5604705882352942,0.56,0.0004705882352941,0.0004705882352941,0.4889164480197272,0.4860606677435226,0.0028557802762046,0.0028557802762046,only_global_qwk_low,global_qwk_low,global_qwk_low,1,True,cross_site_blend_50,0.7037645067143725,0.001882648968469236,0.4889164480197272,0.0028557802762046447,0.6681155525660587,0.0007413560823857912,0.7204905791820245,0.0030060411574271972,0.5604705882352942,0.00047058823529411153
results\threshold_shift_panda_all_conservative_0_seed_29\predictions.csv,0,0,29,fedavg,cross_site_blend_50,0.726441618643312,0.6865732434961865,0.71804951628285,0.0585544069027084,0.5741176470588235,0.5055895989900184,0.7247058823529412,0.0818823529411764,0.208,0.5167058823529411,1.147105895918461,0.7230326097996407,-0.0034090088436713,0.6763439793223045,-0.010229264173882,0.7209830795282827,0.0029335632454327,0.0931448064797406,0.0345903995770322,0.5764705882352941,0.0023529411764705,0.5123163664565035,0.006726767466485,0.7185882352941176,-0.0061176470588235,0.0828235294117647,0.0009411764705882,0.2428235294117647,0.0348235294117647,0.4757647058823529,-0.0409411764705882,1.1457565392719873,-0.0013493566464737,0,,False,fedavg,0.726441618643312,0.726441618643312,0.0,0.0,0.6865732434961865,0.6865732434961865,0.0,0.0,0.71804951628285,0.71804951628285,0.0,0.0,0.5741176470588235,0.5741176470588235,0.0,0.0,0.5055895989900184,0.5055895989900184,0.0,0.0,only_global_qwk_low,global_qwk_low,,0,False,fedavg,0.726441618643312,0.0,0.5055895989900184,0.0,0.6865732434961865,0.0,0.71804951628285,0.0,0.5741176470588235,0.0
results\threshold_shift_panda_all_conservative_0_seed_31\predictions.csv,0,0,31,fedavg,cross_site_blend_50,0.7086968931815969,0.6738253917670043,0.7083238904839249,0.0518022247570875,0.5496470588235294,0.490416290241764,0.7463529411764706,0.0828235294117647,0.2395294117647058,0.5068235294117647,1.1670994637757055,0.7165003903666098,0.0078034971850129,0.6904800881334037,0.0166546963663993,0.7226313294886846,0.0143074390047597,0.0581068647975383,0.0063046400404508,0.5534117647058824,0.003764705882353,0.4950671262046908,0.0046508359629268,0.7557647058823529,0.0094117647058823,0.0847058823529411,0.0018823529411764,0.2875294117647058,0.0479999999999999,0.4682352941176471,-0.0385882352941175,1.1520586233386354,-0.0150408404370703,0,,False,fedavg,0.7086968931815969,0.7086968931815969,0.0,0.0,0.6738253917670043,0.6738253917670043,0.0,0.0,0.7083238904839249,0.7083238904839249,0.0,0.0,0.5496470588235294,0.5496470588235294,0.0,0.0,0.490416290241764,0.490416290241764,0.0,0.0,only_global_qwk_low,global_qwk_low,,0,False,fedavg,0.7086968931815969,0.0,0.490416290241764,0.0,0.6738253917670043,0.0,0.7083238904839249,0.0,0.5496470588235294,0.0
results\threshold_shift_panda_all_conservative_0_seed_37\predictions.csv,0,0,37,fedavg,cross_site_blend_50,0.7169013513435238,0.7072214848478993,0.7205745926518567,0.0417600381363131,0.5755294117647058,0.5218186688693097,0.7138823529411765,0.0823529411764705,0.1872941176470588,0.5265882352941177,1.1259510238729171,0.7209045782831497,0.0040032269396258,0.7026297227340665,-0.0045917621138327,0.7245873212371869,0.0040127285853301,0.0390353396576449,-0.0027246984786681,0.5604705882352942,-0.0150588235294116,0.4917730629816231,-0.0300456058876866,0.7331764705882353,0.0192941176470587,0.0847058823529411,0.0023529411764705,0.2258823529411764,0.0385882352941176,0.5072941176470588,-0.0192941176470589,1.2102201270375847,0.0842691031646674,0,,False,fedavg,0.7169013513435238,0.7169013513435238,0.0,0.0,0.7072214848478993,0.7072214848478993,0.0,0.0,0.7205745926518567,0.7205745926518567,0.0,0.0,0.5755294117647058,0.5755294117647058,0.0,0.0,0.5218186688693097,0.5218186688693097,0.0,0.0,only_global_qwk_low,global_qwk_low,,0,False,fedavg,0.7169013513435238,0.0,0.5218186688693097,0.0,0.7072214848478993,0.0,0.7205745926518567,0.0,0.5755294117647058,0.0
results\threshold_shift_panda_all_conservative_0_seed_41\predictions.csv,0,0,41,fedavg,cross_site_blend_50,0.7313483114760122,0.6692838566912203,0.7434729817875875,0.1428779212439995,0.5665882352941176,0.5004526523110261,0.72,0.0767058823529411,0.2357647058823529,0.484235294117647,1.1680296642247314,0.7212868239213154,-0.0100614875546968,0.6863423149808671,0.0170584582896468,0.7288710149947588,-0.0146019667928286,0.1169524129992917,-0.0259255082447078,0.56,-0.0065882352941175,0.4852339061395143,-0.0152187461715117,0.7421176470588235,0.0221176470588235,0.0809411764705882,0.004235294117647,0.2470588235294117,0.0112941176470588,0.4950588235294118,0.0108235294117647,1.148595782922415,-0.0194338813023164,1,site_qwk_spread_high,False,fedavg,0.7313483114760122,0.7313483114760122,0.0,0.0,0.6692838566912203,0.6692838566912203,0.0,0.0,0.7434729817875875,0.7434729817875875,0.0,0.0,0.5665882352941176,0.5665882352941176,0.0,0.0,0.5004526523110261,0.5004526523110261,0.0,0.0,only_global_qwk_low,global_qwk_low,,0,False,fedavg,0.7313483114760122,0.0,0.5004526523110261,0.0,0.6692838566912203,0.0,0.7434729817875875,0.0,0.5665882352941176,0.0
results\threshold_shift_panda_all_conservative_0_seed_42\predictions.csv,0,0,42,fedavg,cross_site_blend_50,0.7072566694854118,0.6673300346903428,0.7161831406854237,0.14113790627812,0.5694117647058824,0.5159724605549763,0.7327058823529412,0.0809411764705882,0.2070588235294117,0.5256470588235295,1.1758076450075134,0.6934701255508754,-0.0137865439345363,0.6608777559281085,-0.0064522787622343,0.7057812801177772,-0.0104018605676464,0.1200084261559242,-0.0211294801221958,0.5585882352941176,-0.0108235294117647,0.496155205606327,-0.0198172549486492,0.7651764705882353,0.0324705882352941,0.0884705882352941,0.0075294117647058,0.220235294117647,0.0131764705882352,0.5449411764705883,0.0192941176470587,1.151800860179836,-0.0240067848276774,2,worst_site_qwk_low;site_qwk_spread_high,False,fedavg,0.7072566694854118,0.7072566694854118,0.0,0.0,0.6673300346903428,0.6673300346903428,0.0,0.0,0.7161831406854237,0.7161831406854237,0.0,0.0,0.5694117647058824,0.5694117647058824,0.0,0.0,0.5159724605549763,0.5159724605549763,0.0,0.0,only_global_qwk_low,global_qwk_low,,0,False,fedavg,0.7072566694854118,0.0,0.5159724605549763,0.0,0.6673300346903428,0.0,0.7161831406854237,0.0,0.5694117647058824,0.0
results\threshold_shift_panda_all_conservative_0_seed_43\predictions.csv,0,0,43,fedavg,cross_site_blend_50,0.746679487551388,0.7384839293613565,0.7506560624693208,0.0273858022000844,0.5736470588235294,0.5091526183482555,0.7035294117647058,0.0752941176470588,0.2254117647058823,0.4781176470588235,1.1308712252820463,0.7445723706908911,-0.0021071168604969,0.7254084860689003,-0.0130754432924562,0.7452269109662587,-0.0054291515030621,0.0401667568477324,0.0127809546476479,0.5816470588235294,0.008,0.5208785983849045,0.0117259800366489,0.6889411764705883,-0.0145882352941175,0.0729411764705882,-0.0023529411764705,0.1990588235294117,-0.0263529411764705,0.4898823529411765,0.0117647058823529,1.1779910486661689,0.0471198233841221,0,,False,fedavg,0.746679487551388,0.746679487551388,0.0,0.0,0.7384839293613565,0.7384839293613565,0.0,0.0,0.7506560624693208,0.7506560624693208,0.0,0.0,0.5736470588235294,0.5736470588235294,0.0,0.0,0.5091526183482555,0.5091526183482555,0.0,0.0,only_global_qwk_low,global_qwk_low,,0,False,fedavg,0.746679487551388,0.0,0.5091526183482555,0.0,0.7384839293613565,0.0,0.7506560624693208,0.0,0.5736470588235294,0.0
results\threshold_shift_panda_all_conservative_0_seed_47\predictions.csv,0,0,47,fedavg,cross_site_blend_50,0.7181815243226684,0.6786340882743549,0.7213997699169905,0.0801529243646518,0.5656470588235294,0.4981944682997181,0.7463529411764706,0.0884705882352941,0.2752941176470588,0.4710588235294117,1.1353106869842753,0.7180828092966849,-9.87150259834646e-05,0.6994246620651237,0.0207905737907687,0.7266365779426043,0.0052368080256137,0.0415894398834847,-0.038563484481167,0.571764705882353,0.0061176470588235,0.5029810518398447,0.0047865835401265,0.7369411764705882,-0.0094117647058823,0.0870588235294117,-0.0014117647058823,0.236235294117647,-0.0390588235294117,0.5007058823529412,0.0296470588235294,1.1433934522053368,0.0080827652210615,1,severe_error_rate_high,False,fedavg,0.7181815243226684,0.7181815243226684,0.0,0.0,0.6786340882743549,0.6786340882743549,0.0,0.0,0.7213997699169905,0.7213997699169905,0.0,0.0,0.5656470588235294,0.5656470588235294,0.0,0.0,0.4981944682997181,0.4981944682997181,0.0,0.0,only_global_qwk_low,global_qwk_low,,0,False,fedavg,0.7181815243226684,0.0,0.4981944682997181,0.0,0.6786340882743549,0.0,0.7213997699169905,0.0,0.5656470588235294,0.0
results\threshold_shift_panda_all_conservative_0_seed_53\predictions.csv,0,0,53,fedavg,cross_site_blend_50,0.7317556780937956,0.6740479638200556,0.7321636104952894,0.0933560233551015,0.5689411764705883,0.5085063095527034,0.7167058823529412,0.0785882352941176,0.2192941176470588,0.4974117647058823,1.1676241651479085,0.7278712679750026,-0.003884410118793,0.6610648798322412,-0.0129830839878144,0.7313916065488951,-0.0007720039463943,0.1220976432029016,0.0287416198478001,0.5609411764705883,-0.008,0.4933853771679242,-0.0151209323847791,0.7369411764705882,0.020235294117647,0.0814117647058823,0.0028235294117646,0.2432941176470588,0.0239999999999999,0.4936470588235294,-0.0037647058823528,1.1499776231798036,-0.0176465419681048,0,,False,fedavg,0.7317556780937956,0.7317556780937956,0.0,0.0,0.6740479638200556,0.6740479638200556,0.0,0.0,0.7321636104952894,0.7321636104952894,0.0,0.0,0.5689411764705883,0.5689411764705883,0.0,0.0,0.5085063095527034,0.5085063095527034,0.0,0.0,only_global_qwk_low,global_qwk_low,,0,False,fedavg,0.7317556780937956,0.0,0.5085063095527034,0.0,0.6740479638200556,0.0,0.7321636104952894,0.0,0.5689411764705883,0.0
results\threshold_shift_panda_all_conservative_0_seed_59\predictions.csv,0,0,59,fedavg,cross_site_blend_50,0.7174448693789363,0.6554682158493963,0.704259831803012,0.1095119041168389,0.5656470588235294,0.4957776166241075,0.7557647058823529,0.088,0.2762352941176471,0.4795294117647058,1.1257526356540812,0.711743247391103,-0.0057016219878333,0.6773504954280436,0.0218822795786473,0.7011934943970357,-0.0030663374059762,0.0560265488980757,-0.0534853552187631,0.5581176470588235,-0.0075294117647058,0.4942243648561051,-0.0015532517680024,0.7529411764705882,-0.0028235294117646,0.0828235294117647,-0.0051764705882352,0.2592941176470588,-0.0169411764705882,0.4936470588235294,0.0141176470588235,1.176819785477475,0.0510671498233936,4,worst_site_qwk_low;site_qwk_spread_high;mean_abs_error_high;severe_error_rate_high,True,cross_site_blend_50,0.711743247391103,0.7174448693789363,-0.0057016219878333,-0.0057016219878333,0.6773504954280436,0.6554682158493963,0.0218822795786473,0.0218822795786473,0.7011934943970357,0.704259831803012,-0.0030663374059762,-0.0030663374059762,0.5581176470588235,0.5656470588235294,-0.0075294117647058,-0.0075294117647058,0.4942243648561051,0.4957776166241075,-0.0015532517680024,-0.0015532517680024,only_global_qwk_low,global_qwk_low,,0,False,fedavg,0.7174448693789363,0.0,0.4957776166241075,0.0,0.6554682158493963,0.0,0.704259831803012,0.0,0.5656470588235294,0.0
results\threshold_shift_panda_all_conservative_0_seed_7\predictions.csv,0,0,7,fedavg,cross_site_blend_50,0.727615545028268,0.6936547323644097,0.7316464239387271,0.0723245048912265,0.5731764705882353,0.5099629714567177,0.7167058823529412,0.08,0.2098823529411764,0.5068235294117647,1.14490470366313,0.724997097427688,-0.0026184476005799,0.6749135732640295,-0.0187411591003802,0.7293748112328828,-0.0022716127058443,0.0870357413029477,0.0147112364117212,0.5778823529411765,0.0047058823529412,0.5081509709702154,-0.0018120004865022,0.7143529411764706,-0.0023529411764705,0.0804705882352941,0.0004705882352941,0.2221176470588235,0.012235294117647,0.492235294117647,-0.0145882352941176,1.2034422782645309,0.0585375746014007,0,,False,fedavg,0.727615545028268,0.727615545028268,0.0,0.0,0.6936547323644097,0.6936547323644097,0.0,0.0,0.7316464239387271,0.7316464239387271,0.0,0.0,0.5731764705882353,0.5731764705882353,0.0,0.0,0.5099629714567177,0.5099629714567177,0.0,0.0,only_global_qwk_low,global_qwk_low,,0,False,fedavg,0.727615545028268,0.0,0.5099629714567177,0.0,0.6936547323644097,0.0,0.7316464239387271,0.0,0.5731764705882353,0.0
results\threshold_shift_panda_all_conservative_25_seed_11\predictions.csv,25,25,11,fedavg,cross_site_blend_50,0.7194569545078301,0.6906077348066298,0.7192355912509705,0.0537460098905715,0.5350588235294118,0.458856059014584,0.7477647058823529,0.0767058823529411,0.1590588235294117,0.5887058823529412,1.2087582913896644,0.7427163561434391,0.023259401635609,0.7238899315974094,0.0332821967907795,0.751256052880748,0.0320204616297775,0.0561885653486413,0.0024425554580698,0.5628235294117647,0.0277647058823529,0.4976325823209561,0.0387765233063721,0.7035294117647058,-0.044235294117647,0.0705882352941176,-0.0061176470588235,0.2,0.0409411764705882,0.5035294117647059,-0.0851764705882353,1.2120677251554204,0.0033094337657559,0,,False,fedavg,0.7194569545078301,0.7427163561434391,0.0,-0.023259401635609,0.6906077348066298,0.7238899315974094,0.0,-0.0332821967907795,0.7192355912509705,0.751256052880748,0.0,-0.0320204616297775,0.5350588235294118,0.5628235294117647,0.0,-0.0277647058823529,0.458856059014584,0.4976325823209561,0.0,-0.0387765233063721,only_global_qwk_low,global_qwk_low,,0,False,fedavg,0.7194569545078301,0.0,0.458856059014584,0.0,0.6906077348066298,0.0,0.7192355912509705,0.0,0.5350588235294118,0.0
results\threshold_shift_panda_all_conservative_25_seed_123\predictions.csv,25,25,123,fedavg,cross_site_blend_50,0.7197993382461756,0.6730431803556465,0.7193763619826619,0.0976659677693344,0.5430588235294118,0.4726416104983698,0.7529411764705882,0.0837647058823529,0.2230588235294117,0.5298823529411765,1.2462496593485874,0.728387511335503,0.0085881730893273,0.6833917586546725,0.010348578299026,0.7265113077730707,0.0071349457904088,0.0711401057773704,-0.026525861991964,0.5505882352941176,0.0075294117647057,0.4851086759506891,0.0124670654523193,0.7449411764705882,-0.008,0.0785882352941176,-0.0051764705882352,0.2832941176470588,0.060235294117647,0.4616470588235294,-0.068235294117647,1.2248803640207009,-0.0213692953278865,1,mean_abs_error_high,False,fedavg,0.7197993382461756,0.728387511335503,0.0,-0.0085881730893273,0.6730431803556465,0.6833917586546725,0.0,-0.010348578299026,0.7193763619826619,0.7265113077730707,0.0,-0.0071349457904088,0.5430588235294118,0.5505882352941176,0.0,-0.0075294117647057,0.4726416104983698,0.4851086759506891,0.0,-0.0124670654523193,only_global_qwk_low,global_qwk_low,,0,False,fedavg,0.7197993382461756,0.0,0.4726416104983698,0.0,0.6730431803556465,0.0,0.7193763619826619,0.0,0.5430588235294118,0.0
results\threshold_shift_panda_all_conservative_25_seed_17\predictions.csv,25,25,17,fedavg,cross_site_blend_50,0.720376940359154,0.6833147193865888,0.7101396284477165,0.0594054737038443,0.5421176470588235,0.4762267680030482,0.7557647058823529,0.076235294117647,0.184,0.571764705882353,1.219535307227559,0.7184425124369567,-0.0019344279221973,0.6654724810460666,-0.0178422383405222,0.7027912252273306,-0.0073484032203858,0.0881462062884793,0.028740732584635,0.552,0.0098823529411765,0.4875084642132297,0.0112816962101814,0.7421176470588235,-0.0136470588235293,0.076235294117647,0.0,0.1623529411764706,-0.0216470588235294,0.579764705882353,0.008,1.2207009327368497,0.0011656255092906,1,mean_abs_error_high,False,fedavg,0.720376940359154,0.7184425124369567,0.0,0.0019344279221973,0.6833147193865888,0.6654724810460666,0.0,0.0178422383405222,0.7101396284477165,0.7027912252273306,0.0,0.0073484032203858,0.5421176470588235,0.552,0.0,-0.0098823529411765,0.4762267680030482,0.4875084642132297,0.0,-0.0112816962101814,only_global_qwk_low,global_qwk_low,,0,False,fedavg,0.720376940359154,0.0,0.4762267680030482,0.0,0.6833147193865888,0.0,0.7101396284477165,0.0,0.5421176470588235,0.0
results\threshold_shift_panda_all_conservative_25_seed_2025\predictions.csv,25,25,2025,fedavg,cross_site_blend_50,0.6871073305749891,0.664908782987116,0.6881382228979203,0.0447730274603912,0.5444705882352942,0.4738095021790583,0.7792941176470588,0.0917647058823529,0.2141176470588235,0.5651764705882353,1.2280648427757028,0.6910428579313148,0.0039355273563257,0.6682086371284353,0.0032998541413192,0.692717945481648,0.0045797225837277,0.0508814355261539,0.0061084080657627,0.5388235294117647,-0.0056470588235294,0.4611272405879175,-0.0126822615911408,0.7967058823529412,0.0174117647058823,0.0941176470588235,0.0023529411764705,0.2527058823529411,0.0385882352941176,0.544,-0.0211764705882352,1.2162750218892362,-0.0117898208864666,4,global_qwk_low;worst_site_qwk_low;mean_abs_error_high;severe_error_rate_high,True,cross_site_blend_50,0.6910428579313148,0.6910428579313148,0.0039355273563257,0.0,0.6682086371284353,0.6682086371284353,0.0032998541413192,0.0,0.692717945481648,0.692717945481648,0.0045797225837277,0.0,0.5388235294117647,0.5388235294117647,-0.0056470588235294,0.0,0.4611272405879175,0.4611272405879175,-0.0126822615911408,0.0,only_global_qwk_low,global_qwk_low,global_qwk_low,1,True,cross_site_blend_50,0.6910428579313148,0.003935527356325741,0.4611272405879175,-0.012682261591140831,0.6682086371284353,0.0032998541413192806,0.692717945481648,0.004579722583727741,0.5388235294117647,-0.0056470588235294494
results\threshold_shift_panda_all_conservative_25_seed_23\predictions.csv,25,25,23,fedavg,cross_site_blend_50,0.6943062002746598,0.6606247263358512,0.7103325858133951,0.1020203841921071,0.5392941176470588,0.4629566778752572,0.7952941176470588,0.0950588235294117,0.2084705882352941,0.5868235294117647,1.191487602080801,0.6864693221274281,-0.0078368781472317,0.6477595403818832,-0.012865185953968,0.7052749449504973,-0.0050576408628978,0.1191277281696128,0.0171073439775056,0.5430588235294118,0.003764705882353,0.4695553443961187,0.0065986665208614,0.7952941176470588,0.0,0.0988235294117647,0.0037647058823529,0.1948235294117647,-0.0136470588235294,0.6004705882352941,0.0136470588235293,1.1790915644818216,-0.0123960375989793,4,global_qwk_low;worst_site_qwk_low;mean_abs_error_high;severe_error_rate_high,True,cross_site_blend_50,0.6864693221274281,0.6864693221274281,-0.0078368781472317,0.0,0.6477595403818832,0.6477595403818832,-0.012865185953968,0.0,0.7052749449504973,0.7052749449504973,-0.0050576408628978,0.0,0.5430588235294118,0.5430588235294118,0.003764705882353,0.0,0.4695553443961187,0.4695553443961187,0.0065986665208614,0.0,only_global_qwk_low,global_qwk_low,global_qwk_low,1,True,cross_site_blend_50,0.6864693221274281,-0.007836878147231774,0.4695553443961187,0.006598666520861496,0.6477595403818832,-0.012865185953968017,0.7052749449504973,-0.005057640862897839,0.5430588235294118,0.0037647058823530033
results\threshold_shift_panda_all_conservative_25_seed_29\predictions.csv,25,25,29,fedavg,cross_site_blend_50,0.7073232273750609,0.6437582402331552,0.6971869555111424,0.0831847329629511,0.5510588235294117,0.4734075467695982,0.7665882352941177,0.0865882352941176,0.1985882352941176,0.568,1.193454244239236,0.7091049216375278,0.0017816942624668,0.6325638310389456,-0.0111944091942095,0.6979408089196868,0.0007538534085443,0.0977998357381717,0.0146151027752206,0.5614117647058824,0.0103529411764706,0.4956568616188304,0.0222493148492322,0.7501176470588236,-0.0164705882352941,0.0856470588235294,-0.0009411764705882,0.2117647058823529,0.0131764705882352,0.5383529411764706,-0.0296470588235293,1.2005224523465192,0.0070682081072832,2,worst_site_qwk_low;mean_abs_error_high,False,fedavg,0.7073232273750609,0.7091049216375278,0.0,-0.0017816942624668,0.6437582402331552,0.6325638310389456,0.0,0.0111944091942095,0.6971869555111424,0.6979408089196868,0.0,-0.0007538534085443,0.5510588235294117,0.5614117647058824,0.0,-0.0103529411764706,0.4734075467695982,0.4956568616188304,0.0,-0.0222493148492322,only_global_qwk_low,global_qwk_low,,0,False,fedavg,0.7073232273750609,0.0,0.4734075467695982,0.0,0.6437582402331552,0.0,0.6971869555111424,0.0,0.5510588235294117,0.0
results\threshold_shift_panda_all_conservative_25_seed_31\predictions.csv,25,25,31,fedavg,cross_site_blend_50,0.7038167598165379,0.6746234886516298,0.7089499646706423,0.0630648837643983,0.5388235294117647,0.4800688775053049,0.7571764705882353,0.0809411764705882,0.2112941176470588,0.5458823529411765,1.2273967632534164,0.7112312495363955,0.0074144897198575,0.6842401014729452,0.0096166128213154,0.722553305531973,0.0136033408613306,0.0648583478599073,0.0017934640955089,0.5435294117647059,0.0047058823529412,0.4790853747748694,-0.0009835027304355,0.7675294117647059,0.0103529411764705,0.0847058823529411,0.0037647058823529,0.248,0.0367058823529411,0.5195294117647059,-0.0263529411764705,1.2059531548388054,-0.021443608414611,2,global_qwk_low;mean_abs_error_high,False,fedavg,0.7038167598165379,0.7112312495363955,0.0,-0.0074144897198575,0.6746234886516298,0.6842401014729452,0.0,-0.0096166128213154,0.7089499646706423,0.722553305531973,0.0,-0.0136033408613306,0.5388235294117647,0.5435294117647059,0.0,-0.0047058823529412,0.4800688775053049,0.4790853747748694,0.0,0.0009835027304355,only_global_qwk_low,global_qwk_low,global_qwk_low,1,True,cross_site_blend_50,0.7112312495363955,0.0074144897198575865,0.4790853747748694,-0.0009835027304355148,0.6842401014729452,0.009616612821315429,0.722553305531973,0.013603340861330637,0.5435294117647059,0.004705882352941226
results\threshold_shift_panda_all_conservative_25_seed_37\predictions.csv,25,25,37,fedavg,cross_site_blend_50,0.6972148702441321,0.6877810564578191,0.7011151259007485,0.0268972756829471,0.5543529411764706,0.4918663622814496,0.7524705882352941,0.0856470588235294,0.1708235294117647,0.5816470588235294,1.1962116761237995,0.7205027718060073,0.0232879015618752,0.7040788598307737,0.0162978033729546,0.724575545451562,0.0234604195508134,0.036647267987292,0.0097499923043448,0.5571764705882353,0.0028235294117646,0.4861512125608092,-0.0057151497206404,0.7374117647058823,-0.0150588235294117,0.0832941176470588,-0.0023529411764705,0.2056470588235294,0.0348235294117647,0.5317647058823529,-0.0498823529411764,1.2660320426444314,0.0698203665206316,2,global_qwk_low;mean_abs_error_high,False,fedavg,0.6972148702441321,0.7205027718060073,0.0,-0.0232879015618752,0.6877810564578191,0.7040788598307737,0.0,-0.0162978033729546,0.7011151259007485,0.724575545451562,0.0,-0.0234604195508134,0.5543529411764706,0.5571764705882353,0.0,-0.0028235294117646,0.4918663622814496,0.4861512125608092,0.0,0.0057151497206404,only_global_qwk_low,global_qwk_low,global_qwk_low,1,True,cross_site_blend_50,0.7205027718060073,0.023287901561875213,0.4861512125608092,-0.005715149720640411,0.7040788598307737,0.01629780337295461,0.724575545451562,0.02346041955081346,0.5571764705882353,0.002823529411764669
results\threshold_shift_panda_all_conservative_25_seed_41\predictions.csv,25,25,41,fedavg,cross_site_blend_50,0.7202580688884488,0.6743533473061274,0.7298307979702701,0.1317171220663648,0.5501176470588235,0.4824906967953413,0.7430588235294118,0.076235294117647,0.2094117647058823,0.5336470588235294,1.2182607172455775,0.7201768853345207,-8.118355392805476e-05,0.6762594388570907,0.0019060915509633,0.7291590557053944,-0.0006717422648756,0.133104813915374,0.0013876918490091,0.552,0.0018823529411765,0.4829258541347689,0.0004351573394276,0.739764705882353,-0.0032941176470587,0.0752941176470588,-0.0009411764705882,0.2018823529411764,-0.0075294117647058,0.5378823529411765,0.0042352941176471,1.2129724253257472,-0.0052882919198304,1,site_qwk_spread_high,False,fedavg,0.7202580688884488,0.7201768853345207,0.0,8.118355392805476e-05,0.6743533473061274,0.6762594388570907,0.0,-0.0019060915509633,0.7298307979702701,0.7291590557053944,0.0,0.0006717422648756,0.5501176470588235,0.552,0.0,-0.0018823529411765,0.4824906967953413,0.4829258541347689,0.0,-0.0004351573394276,only_global_qwk_low,global_qwk_low,,0,False,fedavg,0.7202580688884488,0.0,0.4824906967953413,0.0,0.6743533473061274,0.0,0.7298307979702701,0.0,0.5501176470588235,0.0
results\threshold_shift_panda_all_conservative_25_seed_42\predictions.csv,25,25,42,fedavg,cross_site_blend_50,0.6900562645358724,0.6495610985501873,0.7071368235605715,0.1385424859867998,0.5501176470588235,0.4861718187932506,0.764235294117647,0.084235294117647,0.1858823529411764,0.5783529411764706,1.2376121071058417,0.68772360765853,-0.0023326568773424,0.6412751366879808,-0.0082859618622065,0.6920509148805926,-0.0150859086799789,0.1082639838881263,-0.0302785020986735,0.5548235294117647,0.0047058823529412,0.4959268967582335,0.0097550779649828,0.7694117647058824,0.0051764705882353,0.0865882352941176,0.0023529411764705,0.2018823529411764,0.0159999999999999,0.5675294117647058,-0.0108235294117647,1.1956573275220916,-0.04195477958375,4,global_qwk_low;worst_site_qwk_low;site_qwk_spread_high;mean_abs_error_high,True,cross_site_blend_50,0.68772360765853,0.68772360765853,-0.0023326568773424,0.0,0.6412751366879808,0.6412751366879808,-0.0082859618622065,0.0,0.6920509148805926,0.6920509148805926,-0.0150859086799789,0.0,0.5548235294117647,0.5548235294117647,0.0047058823529412,0.0,0.4959268967582335,0.4959268967582335,0.0097550779649828,0.0,only_global_qwk_low,global_qwk_low,global_qwk_low,1,True,cross_site_blend_50,0.68772360765853,-0.0023326568773424095,0.4959268967582335,0.009755077964982872,0.6412751366879808,-0.008285961862206537,0.6920509148805926,-0.015085908679978943,0.5548235294117647,0.004705882352941226
results\threshold_shift_panda_all_conservative_25_seed_43\predictions.csv,25,25,43,fedavg,cross_site_blend_50,0.7245069446598131,0.6952637768258507,0.7278015598431683,0.0595743442435383,0.5444705882352942,0.4752056614216659,0.7609411764705882,0.0823529411764705,0.2192941176470588,0.5416470588235294,1.175095418624223,0.7307639556201779,0.0062570109603647,0.7036243352895313,0.0083605584636805,0.7329086523850974,0.005107092541929,0.0482239859979651,-0.0113503582455731,0.5571764705882353,0.0127058823529411,0.4923517503378208,0.0171460889161548,0.7298823529411764,-0.0310588235294118,0.076235294117647,-0.0061176470588235,0.208,-0.0112941176470588,0.5218823529411765,-0.0197647058823529,1.2225802258384997,0.0474848072142763,1,mean_abs_error_high,False,fedavg,0.7245069446598131,0.7307639556201779,0.0,-0.0062570109603647,0.6952637768258507,0.7036243352895313,0.0,-0.0083605584636805,0.7278015598431683,0.7329086523850974,0.0,-0.005107092541929,0.5444705882352942,0.5571764705882353,0.0,-0.0127058823529411,0.4752056614216659,0.4923517503378208,0.0,-0.0171460889161548,only_global_qwk_low,global_qwk_low,,0,False,fedavg,0.7245069446598131,0.0,0.4752056614216659,0.0,0.6952637768258507,0.0,0.7278015598431683,0.0,0.5444705882352942,0.0
results\threshold_shift_panda_all_conservative_25_seed_47\predictions.csv,25,25,47,fedavg,cross_site_blend_50,0.6936284049330126,0.6691735749081276,0.7006720430459557,0.0671430749603549,0.5534117647058824,0.4851559264154019,0.7863529411764706,0.0978823529411764,0.2498823529411764,0.5364705882352941,1.203907042244046,0.7106572087915877,0.017028803858575,0.694133245603387,0.0249596706952593,0.7177787627595613,0.0171067197136056,0.0367471391254201,-0.0303959358349348,0.5661176470588235,0.0127058823529411,0.4995890266621112,0.0144331002467092,0.7491764705882353,-0.0371764705882352,0.0894117647058823,-0.0084705882352941,0.2254117647058823,-0.0244705882352941,0.5237647058823529,-0.0127058823529412,1.2128086729436829,0.0089016306996367,3,global_qwk_low;mean_abs_error_high;severe_error_rate_high,True,cross_site_blend_50,0.7106572087915877,0.7106572087915877,0.017028803858575,0.0,0.694133245603387,0.694133245603387,0.0249596706952593,0.0,0.7177787627595613,0.7177787627595613,0.0171067197136056,0.0,0.5661176470588235,0.5661176470588235,0.0127058823529411,0.0,0.4995890266621112,0.4995890266621112,0.0144331002467092,0.0,only_global_qwk_low,global_qwk_low,global_qwk_low,1,True,cross_site_blend_50,0.7106572087915877,0.01702880385857508,0.4995890266621112,0.014433100246709296,0.694133245603387,0.024959670695259395,0.7177787627595613,0.017106719713605667,0.5661176470588235,0.012705882352941122
results\threshold_shift_panda_all_conservative_25_seed_53\predictions.csv,25,25,53,fedavg,cross_site_blend_50,0.7316496597962019,0.6920345176619945,0.7354807170169702,0.0837986543640098,0.5454117647058824,0.4823338060005934,0.7336470588235294,0.0767058823529411,0.1901176470588235,0.5435294117647059,1.2310987417430597,0.7229713415877923,-0.0086783182084095,0.6593399757389763,-0.0326945419230182,0.727922718917195,-0.0075579980997751,0.1214823750084715,0.0376837206444617,0.5397647058823529,-0.0056470588235294,0.4685537791958584,-0.013780026804735,0.764235294117647,0.0305882352941175,0.0856470588235294,0.0089411764705882,0.2235294117647059,0.0334117647058823,0.5407058823529411,-0.0028235294117647,1.2075136750952251,-0.0235850666478343,0,,False,fedavg,0.7316496597962019,0.7229713415877923,0.0,0.0086783182084095,0.6920345176619945,0.6593399757389763,0.0,0.0326945419230182,0.7354807170169702,0.727922718917195,0.0,0.0075579980997751,0.5454117647058824,0.5397647058823529,0.0,0.0056470588235294,0.4823338060005934,0.4685537791958584,0.0,0.013780026804735,only_global_qwk_low,global_qwk_low,,0,False,fedavg,0.7316496597962019,0.0,0.4823338060005934,0.0,0.6920345176619945,0.0,0.7354807170169702,0.0,0.5454117647058824,0.0
results\threshold_shift_panda_all_conservative_25_seed_59\predictions.csv,25,25,59,fedavg,cross_site_blend_50,0.7130305484700741,0.6612079399132254,0.698713381988005,0.082129330752713,0.5477647058823529,0.4751522542118595,0.7656470588235295,0.0837647058823529,0.2268235294117647,0.5388235294117647,1.205636548813257,0.719643867277798,0.0066133188077239,0.6697262220078097,0.0085182820945843,0.7043899558928096,0.0056765739048045,0.0820154074742807,-0.0001139232784322,0.5515294117647059,0.003764705882353,0.4820257199853272,0.0068734657734677,0.7529411764705882,-0.0127058823529412,0.0804705882352941,-0.0032941176470588,0.2437647058823529,0.0169411764705882,0.5091764705882353,-0.0296470588235293,1.228863320739206,0.0232267719259491,2,worst_site_qwk_low;mean_abs_error_high,False,fedavg,0.7130305484700741,0.719643867277798,0.0,-0.0066133188077239,0.6612079399132254,0.6697262220078097,0.0,-0.0085182820945843,0.698713381988005,0.7043899558928096,0.0,-0.0056765739048045,0.5477647058823529,0.5515294117647059,0.0,-0.003764705882353,0.4751522542118595,0.4820257199853272,0.0,-0.0068734657734677,only_global_qwk_low,global_qwk_low,,0,False,fedavg,0.7130305484700741,0.0,0.4751522542118595,0.0,0.6612079399132254,0.0,0.698713381988005,0.0,0.5477647058823529,0.0
results\threshold_shift_panda_all_conservative_25_seed_7\predictions.csv,25,25,7,fedavg,cross_site_blend_50,0.6997779270476749,0.6417326646399318,0.7003320675905599,0.0868746166503496,0.5458823529411765,0.4716612753115737,0.772235294117647,0.0898823529411764,0.1604705882352941,0.611764705882353,1.206203934723883,0.7082913382042162,0.0085134111565412,0.6875498993370899,0.045817234697158,0.7133127869348994,0.0129807193443395,0.0590436693205357,-0.0278309473298139,0.563764705882353,0.0178823529411764,0.4971004508642561,0.0254391755526823,0.7407058823529412,-0.0315294117647058,0.0832941176470588,-0.0065882352941176,0.2061176470588235,0.0456470588235294,0.5345882352941177,-0.0771764705882352,1.2364279175971007,0.0302239828732173,4,global_qwk_low;worst_site_qwk_low;mean_abs_error_high;severe_error_rate_high,True,cross_site_blend_50,0.7082913382042162,0.7082913382042162,0.0085134111565412,0.0,0.6875498993370899,0.6875498993370899,0.045817234697158,0.0,0.7133127869348994,0.7133127869348994,0.0129807193443395,0.0,0.563764705882353,0.563764705882353,0.0178823529411764,0.0,0.4971004508642561,0.4971004508642561,0.0254391755526823,0.0,only_global_qwk_low,global_qwk_low,global_qwk_low,1,True,cross_site_blend_50,0.7082913382042162,0.00851341115654125,0.4971004508642561,0.02543917555268238,0.6875498993370899,0.04581723469715804,0.7133127869348994,0.01298071934433953,0.563764705882353,0.01788235294117646
results\threshold_shift_panda_all_conservative_35_seed_11\predictions.csv,35,35,11,fedavg,cross_site_blend_50,0.7241025289932075,0.7041524030739115,0.7285246757959772,0.055110935899844,0.5336470588235294,0.4603222076775293,0.7444705882352941,0.0738823529411764,0.1425882352941176,0.6018823529411764,1.2194319461014094,0.7286098049351841,0.0045072759419766,0.7048289401573158,0.0006765370834043,0.7390256683110602,0.0105009925150829,0.0540562108771789,-0.0010547250226651,0.5458823529411765,0.0122352941176471,0.4730708481708514,0.012748640493322,0.7341176470588235,-0.0103529411764705,0.0743529411764706,0.0004705882352941,0.1854117647058823,0.0428235294117647,0.5487058823529412,-0.0531764705882352,1.2251364001053593,0.0057044540039499,0,,False,fedavg,0.7241025289932075,0.7286098049351841,0.0,-0.0045072759419766,0.7041524030739115,0.7048289401573158,0.0,-0.0006765370834043,0.7285246757959772,0.7390256683110602,0.0,-0.0105009925150829,0.5336470588235294,0.5458823529411765,0.0,-0.0122352941176471,0.4603222076775293,0.4730708481708514,0.0,-0.012748640493322,only_global_qwk_low,global_qwk_low,,0,False,fedavg,0.7241025289932075,0.0,0.4603222076775293,0.0,0.7041524030739115,0.0,0.7285246757959772,0.0,0.5336470588235294,0.0
results\threshold_shift_panda_all_conservative_35_seed_123\predictions.csv,35,35,123,fedavg,cross_site_blend_50,0.7008120381304861,0.6415110661876857,0.697531397710042,0.0982795917259411,0.532235294117647,0.4574705593495003,0.7849411764705883,0.0875294117647058,0.2009411764705882,0.584,1.2611656449015984,0.7269069025420316,0.0260948644115455,0.6794004503871789,0.0378893841994931,0.7237739253622082,0.0262425276521661,0.0901034617497356,-0.0081761299762055,0.5444705882352942,0.0122352941176471,0.4786428584290986,0.0211722990795983,0.7501176470588236,-0.0348235294117647,0.0776470588235294,-0.0098823529411764,0.2592941176470588,0.0583529411764706,0.4908235294117647,-0.0931764705882352,1.2286715096175744,-0.032494135284024,4,global_qwk_low;worst_site_qwk_low;mean_abs_error_high;severe_error_rate_high,True,cross_site_blend_50,0.7269069025420316,0.7269069025420316,0.0260948644115455,0.0,0.6794004503871789,0.6794004503871789,0.0378893841994931,0.0,0.7237739253622082,0.7237739253622082,0.0262425276521661,0.0,0.5444705882352942,0.5444705882352942,0.0122352941176471,0.0,0.4786428584290986,0.4786428584290986,0.0211722990795983,0.0,only_global_qwk_low,global_qwk_low,global_qwk_low,1,True,cross_site_blend_50,0.7269069025420316,0.026094864411545515,0.4786428584290986,0.021172299079598278,0.6794004503871789,0.03788938419949317,0.7237739253622082,0.02624252765216617,0.5444705882352942,0.012235294117647122
results\threshold_shift_panda_all_conservative_35_seed_17\predictions.csv,35,35,17,fedavg,cross_site_blend_50,0.7156175045507729,0.662600406948435,0.6983166532576419,0.0911840083457815,0.5256470588235295,0.4553905734474262,0.7731764705882352,0.0767058823529411,0.1797647058823529,0.5934117647058823,1.238334154748132,0.7108784951497062,-0.0047390094010666,0.6478945756677357,-0.0147058312806993,0.6950529756936927,-0.0032636775639491,0.0984968352422668,0.0073128268964852,0.5407058823529411,0.0150588235294116,0.4738092183773791,0.0184186449299529,0.7576470588235295,-0.0155294117647057,0.0767058823529411,0.0,0.1614117647058823,-0.0183529411764705,0.5962352941176471,0.0028235294117647,1.2314981011120003,-0.0068360536361318,2,worst_site_qwk_low;mean_abs_error_high,False,fedavg,0.7156175045507729,0.7108784951497062,0.0,0.0047390094010666,0.662600406948435,0.6478945756677357,0.0,0.0147058312806993,0.6983166532576419,0.6950529756936927,0.0,0.0032636775639491,0.5256470588235295,0.5407058823529411,0.0,-0.0150588235294116,0.4553905734474262,0.4738092183773791,0.0,-0.0184186449299529,only_global_qwk_low,global_qwk_low,,0,False,fedavg,0.7156175045507729,0.0,0.4553905734474262,0.0,0.662600406948435,0.0,0.6983166532576419,0.0,0.5256470588235295,0.0
results\threshold_shift_panda_all_conservative_35_seed_2025\predictions.csv,35,35,2025,fedavg,cross_site_blend_50,0.6807281930157466,0.6555318322663316,0.6810694037359211,0.043317625483436,0.5289411764705882,0.4536186046377839,0.8103529411764706,0.0978823529411764,0.216,0.5943529411764706,1.221732048158023,0.6843497880677879,0.0036215950520412,0.6713782370321215,0.0158464047657899,0.6886384962515921,0.007569092515671,0.0564340284703003,0.0131164029868642,0.5392941176470588,0.0103529411764705,0.4562819945143608,0.0026633898765768,0.7995294117647059,-0.0108235294117646,0.096,-0.0018823529411764,0.2367058823529411,0.0207058823529411,0.5628235294117647,-0.0315294117647059,1.2331664369495556,0.0114343887915326,4,global_qwk_low;worst_site_qwk_low;mean_abs_error_high;severe_error_rate_high,True,cross_site_blend_50,0.6843497880677879,0.6843497880677879,0.0036215950520412,0.0,0.6713782370321215,0.6713782370321215,0.0158464047657899,0.0,0.6886384962515921,0.6886384962515921,0.007569092515671,0.0,0.5392941176470588,0.5392941176470588,0.0103529411764705,0.0,0.4562819945143608,0.4562819945143608,0.0026633898765768,0.0,only_global_qwk_low,global_qwk_low,global_qwk_low,1,True,cross_site_blend_50,0.6843497880677879,0.003621595052041293,0.4562819945143608,0.0026633898765768826,0.6713782370321215,0.015846404765789912,0.6886384962515921,0.007569092515671061,0.5392941176470588,0.010352941176470565
results\threshold_shift_panda_all_conservative_35_seed_23\predictions.csv,35,35,23,fedavg,cross_site_blend_50,0.6817054931979193,0.6489528417707806,0.6975572303865987,0.119148092428158,0.5284705882352941,0.450867585684515,0.808,0.0931764705882352,0.1769411764705882,0.6310588235294118,1.1892046987633955,0.6817857870178419,8.029381992258333e-05,0.6388311572868921,-0.0101216844838885,0.7033775320945139,0.0058203017079152,0.1359653259433261,0.016817233515168,0.5369411764705883,0.0084705882352941,0.4639569043661534,0.0130893186816383,0.8032941176470588,-0.0047058823529412,0.0988235294117647,0.0056470588235294,0.1830588235294117,0.0061176470588235,0.6202352941176471,-0.0108235294117646,1.1863130684906258,-0.0028916302727697,5,global_qwk_low;worst_site_qwk_low;site_qwk_spread_high;mean_abs_error_high;severe_error_rate_high,True,cross_site_blend_50,0.6817857870178419,0.6817857870178419,8.029381992258333e-05,0.0,0.6388311572868921,0.6388311572868921,-0.0101216844838885,0.0,0.7033775320945139,0.7033775320945139,0.0058203017079152,0.0,0.5369411764705883,0.5369411764705883,0.0084705882352941,0.0,0.4639569043661534,0.4639569043661534,0.0130893186816383,0.0,only_global_qwk_low,global_qwk_low,global_qwk_low,1,True,cross_site_blend_50,0.6817857870178419,8.029381992258333e-05,0.4639569043661534,0.013089318681638373,0.6388311572868921,-0.010121684483888505,0.7033775320945139,0.005820301707915254,0.5369411764705883,0.008470588235294119
results\threshold_shift_panda_all_conservative_35_seed_29\predictions.csv,35,35,29,fedavg,cross_site_blend_50,0.7097904464951998,0.6662235221129132,0.7027673894900931,0.0632234981290861,0.540235294117647,0.4686042926591569,0.7694117647058824,0.0847058823529411,0.1727058823529411,0.5967058823529412,1.1890188545410898,0.7115535846956935,0.0017631382004936,0.6521589565004311,-0.0140645656124821,0.7032466256615588,0.0004792361714657,0.087725917623988,0.0245024194949019,0.552,0.011764705882353,0.4828868782856773,0.0142825856265204,0.7524705882352941,-0.0169411764705882,0.0832941176470588,-0.0014117647058823,0.1934117647058823,0.0207058823529411,0.5590588235294117,-0.0376470588235294,1.2192419668339496,0.0302231122928597,2,worst_site_qwk_low;mean_abs_error_high,False,fedavg,0.7097904464951998,0.7115535846956935,0.0,-0.0017631382004936,0.6662235221129132,0.6521589565004311,0.0,0.0140645656124821,0.7027673894900931,0.7032466256615588,0.0,-0.0004792361714657,0.540235294117647,0.552,0.0,-0.011764705882353,0.4686042926591569,0.4828868782856773,0.0,-0.0142825856265204,only_global_qwk_low,global_qwk_low,,0,False,fedavg,0.7097904464951998,0.0,0.4686042926591569,0.0,0.6662235221129132,0.0,0.7027673894900931,0.0,0.540235294117647,0.0
results\threshold_shift_panda_all_conservative_35_seed_31\predictions.csv,35,35,31,fedavg,cross_site_blend_50,0.7007418973821561,0.6567343710782665,0.7054236189010938,0.0785465680739873,0.5303529411764706,0.4586274484143005,0.7637647058823529,0.0804705882352941,0.1778823529411764,0.5858823529411765,1.232779963720776,0.6984447992506222,-0.0022970981315338,0.6721370521131433,0.0154026810348768,0.7097259210937535,0.0043023021926597,0.0575256745329062,-0.021020893541081,0.5312941176470588,0.0009411764705882,0.4613398371291848,0.0027123887148843,0.7905882352941176,0.0268235294117646,0.0884705882352941,0.008,0.236235294117647,0.0583529411764706,0.5543529411764706,-0.0315294117647059,1.2149405922160483,-0.0178393715047278,3,global_qwk_low;worst_site_qwk_low;mean_abs_error_high,True,cross_site_blend_50,0.6984447992506222,0.6984447992506222,-0.0022970981315338,0.0,0.6721370521131433,0.6721370521131433,0.0154026810348768,0.0,0.7097259210937535,0.7097259210937535,0.0043023021926597,0.0,0.5312941176470588,0.5312941176470588,0.0009411764705882,0.0,0.4613398371291848,0.4613398371291848,0.0027123887148843,0.0,only_global_qwk_low,global_qwk_low,global_qwk_low,1,True,cross_site_blend_50,0.6984447992506222,-0.0022970981315338923,0.4613398371291848,0.0027123887148843284,0.6721370521131433,0.015402681034876853,0.7097259210937535,0.004302302192659702,0.5312941176470588,0.0009411764705882231
results\threshold_shift_panda_all_conservative_35_seed_37\predictions.csv,35,35,37,fedavg,cross_site_blend_50,0.6881570111379685,0.6753917200032407,0.6931063763738259,0.0480626294431818,0.5374117647058824,0.4783017867321298,0.780235294117647,0.0894117647058823,0.168,0.6122352941176471,1.1881799999568676,0.7088559872909906,0.0206989761530221,0.7005886411526676,0.0251969211494269,0.7091999311672879,0.0160935547934619,0.0179046574244339,-0.0301579720187479,0.5501176470588235,0.0127058823529411,0.4807607288988407,0.0024589421667108,0.7614117647058823,-0.0188235294117646,0.0875294117647058,-0.0018823529411764,0.1981176470588235,0.0301176470588235,0.5632941176470588,-0.0489411764705882,1.2618641650555706,0.073684165098703,3,global_qwk_low;mean_abs_error_high;severe_error_rate_high,True,cross_site_blend_50,0.7088559872909906,0.7088559872909906,0.0206989761530221,0.0,0.7005886411526676,0.7005886411526676,0.0251969211494269,0.0,0.7091999311672879,0.7091999311672879,0.0160935547934619,0.0,0.5501176470588235,0.5501176470588235,0.0127058823529411,0.0,0.4807607288988407,0.4807607288988407,0.0024589421667108,0.0,only_global_qwk_low,global_qwk_low,global_qwk_low,1,True,cross_site_blend_50,0.7088559872909906,0.020698976153022186,0.4807607288988407,0.002458942166710887,0.7005886411526676,0.025196921149426954,0.7091999311672879,0.016093554793461973,0.5501176470588235,0.012705882352941122
results\threshold_shift_panda_all_conservative_35_seed_41\predictions.csv,35,35,41,fedavg,cross_site_blend_50,0.7113097901595187,0.6734327929995696,0.7237520313373309,0.121717904643702,0.5463529411764706,0.4799819319597888,0.7548235294117647,0.0776470588235294,0.1811764705882353,0.5736470588235294,1.2056767326949895,0.719471196172685,0.0081614060131662,0.6730135092011488,-0.0004192837984208,0.7303581616493352,0.0066061303120042,0.1303923017539611,0.008674397110259,0.5416470588235294,-0.0047058823529412,0.4637752881006425,-0.0162066438591463,0.7534117647058823,-0.0014117647058823,0.0776470588235294,0.0,0.1952941176470588,0.0141176470588235,0.5581176470588235,-0.0155294117647059,1.2143684094040363,0.0086916767090468,2,site_qwk_spread_high;mean_abs_error_high,False,fedavg,0.7113097901595187,0.719471196172685,0.0,-0.0081614060131662,0.6734327929995696,0.6730135092011488,0.0,0.0004192837984208,0.7237520313373309,0.7303581616493352,0.0,-0.0066061303120042,0.5463529411764706,0.5416470588235294,0.0,0.0047058823529412,0.4799819319597888,0.4637752881006425,0.0,0.0162066438591463,only_global_qwk_low,global_qwk_low,,0,False,fedavg,0.7113097901595187,0.0,0.4799819319597888,0.0,0.6734327929995696,0.0,0.7237520313373309,0.0,0.5463529411764706,0.0
results\threshold_shift_panda_all_conservative_35_seed_42\predictions.csv,35,35,42,fedavg,cross_site_blend_50,0.6756849335913802,0.6353615299085036,0.6925201467229715,0.1310682876157862,0.536,0.4644619166746092,0.792,0.0894117647058823,0.1543529411764705,0.6376470588235295,1.224289945414343,0.6894884384239218,0.0138035048325416,0.6669725170550318,0.0316109871465282,0.6993536527466236,0.0068335060236521,0.0618142421004909,-0.0692540455152953,0.5510588235294117,0.0150588235294116,0.4887452064509185,0.0242832897763093,0.768,-0.024,0.0894117647058823,0.0,0.1741176470588235,0.0197647058823529,0.5938823529411764,-0.043764705882353,1.210178393635258,-0.014111551779085,5,global_qwk_low;worst_site_qwk_low;site_qwk_spread_high;mean_abs_error_high;severe_error_rate_high,True,cross_site_blend_50,0.6894884384239218,0.6894884384239218,0.0138035048325416,0.0,0.6669725170550318,0.6669725170550318,0.0316109871465282,0.0,0.6993536527466236,0.6993536527466236,0.0068335060236521,0.0,0.5510588235294117,0.5510588235294117,0.0150588235294116,0.0,0.4887452064509185,0.4887452064509185,0.0242832897763093,0.0,only_global_qwk_low,global_qwk_low,global_qwk_low,1,True,cross_site_blend_50,0.6894884384239218,0.013803504832541669,0.4887452064509185,0.024283289776309336,0.6669725170550318,0.03161098714652821,0.6993536527466236,0.0068335060236521805,0.5510588235294117,0.01505882352941168
results\threshold_shift_panda_all_conservative_35_seed_43\predictions.csv,35,35,43,fedavg,cross_site_blend_50,0.7243710362103042,0.6957735339954874,0.7233928968414869,0.0581241993214474,0.5411764705882353,0.4743099103943904,0.7548235294117647,0.0776470588235294,0.1849411764705882,0.5698823529411765,1.19096471275959,0.727587704567845,0.0032166683575408,0.7141744782952756,0.0184009442997882,0.7280030301481822,0.0046101333066953,0.024354381203459,-0.0337698181179884,0.5576470588235294,0.0164705882352941,0.4963415130623081,0.0220316026679177,0.728,-0.0268235294117646,0.0757647058823529,-0.0018823529411764,0.1863529411764705,0.0014117647058823,0.5416470588235294,-0.0282352941176471,1.253319658952319,0.062354946192729,1,mean_abs_error_high,False,fedavg,0.7243710362103042,0.727587704567845,0.0,-0.0032166683575408,0.6957735339954874,0.7141744782952756,0.0,-0.0184009442997882,0.7233928968414869,0.7280030301481822,0.0,-0.0046101333066953,0.5411764705882353,0.5576470588235294,0.0,-0.0164705882352941,0.4743099103943904,0.4963415130623081,0.0,-0.0220316026679177,only_global_qwk_low,global_qwk_low,,0,False,fedavg,0.7243710362103042,0.0,0.4743099103943904,0.0,0.6957735339954874,0.0,0.7233928968414869,0.0,0.5411764705882353,0.0
results\threshold_shift_panda_all_conservative_35_seed_47\predictions.csv,35,35,47,fedavg,cross_site_blend_50,0.6921737812192412,0.6538064261416063,0.7020314672875764,0.0848993069725201,0.5298823529411765,0.4594810361790215,0.8004705882352942,0.0941176470588235,0.2254117647058823,0.5750588235294117,1.2166343312159058,0.6985148818152267,0.0063411005959854,0.6806512543888461,0.0268448282472397,0.7065425962205635,0.0045111289329871,0.0411207590642284,-0.0437785479082917,0.5538823529411765,0.024,0.4823224745876996,0.0228414384086781,0.772235294117647,-0.0282352941176471,0.0889411764705882,-0.0051764705882352,0.2188235294117647,-0.0065882352941176,0.5534117647058824,-0.0216470588235293,1.2207361889290396,0.0041018577131337,4,global_qwk_low;worst_site_qwk_low;mean_abs_error_high;severe_error_rate_high,True,cross_site_blend_50,0.6985148818152267,0.6985148818152267,0.0063411005959854,0.0,0.6806512543888461,0.6806512543888461,0.0268448282472397,0.0,0.7065425962205635,0.7065425962205635,0.0045111289329871,0.0,0.5538823529411765,0.5538823529411765,0.024,0.0,0.4823224745876996,0.4823224745876996,0.0228414384086781,0.0,only_global_qwk_low,global_qwk_low,global_qwk_low,1,True,cross_site_blend_50,0.6985148818152267,0.006341100595985472,0.4823224745876996,0.02284143840867814,0.6806512543888461,0.02684482824723977,0.7065425962205635,0.004511128932987107,0.5538823529411765,0.02400000000000002
results\threshold_shift_panda_all_conservative_35_seed_53\predictions.csv,35,35,53,fedavg,cross_site_blend_50,0.7220044444993801,0.6893711996389367,0.7283130832458101,0.0732320067083412,0.5416470588235294,0.475308711273759,0.7501176470588236,0.0814117647058823,0.1745882352941176,0.5755294117647058,1.2470530666116162,0.717561349932142,-0.004443094567238,0.6569645223976546,-0.0324066772412821,0.722569893267072,-0.0057431899787381,0.1146446391528314,0.0414126324444901,0.5284705882352941,-0.0131764705882352,0.450925928543104,-0.024382782730655,0.7821176470588236,0.032,0.0865882352941176,0.0051764705882352,0.2136470588235294,0.0390588235294117,0.5684705882352942,-0.0070588235294116,1.213103565384407,-0.0339495012272093,1,mean_abs_error_high,False,fedavg,0.7220044444993801,0.717561349932142,0.0,0.004443094567238,0.6893711996389367,0.6569645223976546,0.0,0.0324066772412821,0.7283130832458101,0.722569893267072,0.0,0.0057431899787381,0.5416470588235294,0.5284705882352941,0.0,0.0131764705882352,0.475308711273759,0.450925928543104,0.0,0.024382782730655,only_global_qwk_low,global_qwk_low,,0,False,fedavg,0.7220044444993801,0.0,0.475308711273759,0.0,0.6893711996389367,0.0,0.7283130832458101,0.0,0.5416470588235294,0.0
results\threshold_shift_panda_all_conservative_35_seed_59\predictions.csv,35,35,59,fedavg,cross_site_blend_50,0.7100777412130561,0.6429990356369907,0.6901337869423715,0.105887289059677,0.5435294117647059,0.471341301659099,0.7717647058823529,0.0851764705882353,0.1952941176470588,0.5764705882352941,1.2240254947685616,0.7116016939956201,0.001523952782564,0.6370567174716034,-0.0059423181653872,0.6934241099992058,0.0032903230568342,0.1132789288326377,0.0073916397729607,0.5534117647058824,0.0098823529411764,0.4825955569744076,0.0112542553153086,0.7604705882352941,-0.0112941176470587,0.0818823529411764,-0.0032941176470588,0.2141176470588235,0.0188235294117647,0.5463529411764706,-0.0301176470588234,1.238746797482302,0.0147213027137405,3,worst_site_qwk_low;site_qwk_spread_high;mean_abs_error_high,True,cross_site_blend_50,0.7116016939956201,0.7116016939956201,0.001523952782564,0.0,0.6370567174716034,0.6370567174716034,-0.0059423181653872,0.0,0.6934241099992058,0.6934241099992058,0.0032903230568342,0.0,0.5534117647058824,0.5534117647058824,0.0098823529411764,0.0,0.4825955569744076,0.4825955569744076,0.0112542553153086,0.0,only_global_qwk_low,global_qwk_low,,0,False,fedavg,0.7100777412130561,0.0,0.471341301659099,0.0,0.6429990356369907,0.0,0.6901337869423715,0.0,0.5435294117647059,0.0
results\threshold_shift_panda_all_conservative_35_seed_7\predictions.csv,35,35,7,fedavg,cross_site_blend_50,0.6942774894031114,0.6443874347078955,0.6975829421396949,0.0858773052027235,0.5374117647058824,0.4603144780205284,0.7849411764705883,0.0903529411764706,0.1552941176470588,0.6296470588235294,1.2142426451106132,0.7056756010856606,0.0113981116825492,0.6562957385838117,0.0119083038759162,0.7117153467248711,0.0141324045851762,0.1079768212688585,0.022099516066135,0.5529411764705883,0.0155294117647059,0.4856018793440087,0.0252874013234802,0.7529411764705882,-0.032,0.0870588235294117,-0.0032941176470588,0.1868235294117647,0.0315294117647058,0.5661176470588235,-0.0635294117647059,1.2264807032274183,0.0122380581168053,4,global_qwk_low;worst_site_qwk_low;mean_abs_error_high;severe_error_rate_high,True,cross_site_blend_50,0.7056756010856606,0.7056756010856606,0.0113981116825492,0.0,0.6562957385838117,0.6562957385838117,0.0119083038759162,0.0,0.7117153467248711,0.7117153467248711,0.0141324045851762,0.0,0.5529411764705883,0.5529411764705883,0.0155294117647059,0.0,0.4856018793440087,0.4856018793440087,0.0252874013234802,0.0,only_global_qwk_low,global_qwk_low,global_qwk_low,1,True,cross_site_blend_50,0.7056756010856606,0.011398111682549228,0.4856018793440087,0.02528740132348034,0.6562957385838117,0.011908303875916237,0.7117153467248711,0.014132404585176284,0.5529411764705883,0.015529411764705903
results\threshold_shift_panda_all_conservative_45_seed_11\predictions.csv,45,45,11,fedavg,cross_site_blend_50,0.7186645880399637,0.6983115957788266,0.7269082996176406,0.0565871762874488,0.5256470588235295,0.4458322751590808,0.7581176470588236,0.0705882352941176,0.1327058823529411,0.6254117647058823,1.2047639969635384,0.7279402531602377,0.009275665120274,0.6982601754864977,-5.142029232896306e-05,0.7413890565436128,0.0144807569259721,0.0733651753637983,0.0167779990763495,0.5491764705882353,0.0235294117647058,0.4756956220330177,0.0298633468739368,0.7265882352941176,-0.0315294117647059,0.0752941176470588,0.0047058823529411,0.1656470588235294,0.0329411764705882,0.5609411764705883,-0.064470588235294,1.228324298388084,0.0235603014245455,1,mean_abs_error_high,False,fedavg,0.7186645880399637,0.7279402531602377,0.0,-0.009275665120274,0.6983115957788266,0.6982601754864977,0.0,5.142029232896306e-05,0.7269082996176406,0.7413890565436128,0.0,-0.0144807569259721,0.5256470588235295,0.5491764705882353,0.0,-0.0235294117647058,0.4458322751590808,0.4756956220330177,0.0,-0.0298633468739368,only_global_qwk_low,global_qwk_low,,0,False,fedavg,0.7186645880399637,0.0,0.4458322751590808,0.0,0.6983115957788266,0.0,0.7269082996176406,0.0,0.5256470588235295,0.0
results\threshold_shift_panda_all_conservative_45_seed_123\predictions.csv,45,45,123,fedavg,cross_site_blend_50,0.6842525827854697,0.6443909272024675,0.6827482723486302,0.0739910587963851,0.512,0.4354754690015998,0.8084705882352942,0.0912941176470588,0.1647058823529411,0.6437647058823529,1.25651402768541,0.7276041522412715,0.0433515694558017,0.6793432674370103,0.0349523402345428,0.7197759974251865,0.0370277250765562,0.0794422259562985,0.0054511671599134,0.5421176470588235,0.0301176470588234,0.4722981845450189,0.036822715543419,0.7463529411764706,-0.0621176470588236,0.0767058823529411,-0.0145882352941176,0.2381176470588235,0.0734117647058823,0.508235294117647,-0.1355294117647059,1.2447748699019268,-0.0117391577834833,4,global_qwk_low;worst_site_qwk_low;mean_abs_error_high;severe_error_rate_high,True,cross_site_blend_50,0.7276041522412715,0.7276041522412715,0.0433515694558017,0.0,0.6793432674370103,0.6793432674370103,0.0349523402345428,0.0,0.7197759974251865,0.7197759974251865,0.0370277250765562,0.0,0.5421176470588235,0.5421176470588235,0.0301176470588234,0.0,0.4722981845450189,0.4722981845450189,0.036822715543419,0.0,only_global_qwk_low,global_qwk_low,global_qwk_low,1,True,cross_site_blend_50,0.7276041522412715,0.043351569455801764,0.4722981845450189,0.03682271554341909,0.6793432674370103,0.034952340234542856,0.7197759974251865,0.03702772507655627,0.5421176470588235,0.03011764705882347
results\threshold_shift_panda_all_conservative_45_seed_17\predictions.csv,45,45,17,fedavg,cross_site_blend_50,0.7047611051305348,0.645220573180699,0.6905945451901226,0.0909757587087569,0.5129411764705882,0.4388248410063545,0.7943529411764706,0.0781176470588235,0.1477647058823529,0.6465882352941177,1.2398184894957895,0.7077247854813571,0.0029636803508222,0.6417517990615361,-0.0034687741191629,0.6917447783051633,0.0011502331150406,0.1018123133312761,0.0108365546225192,0.5289411764705882,0.016,0.4601461090491274,0.0213212680427729,0.7684705882352941,-0.0258823529411764,0.0785882352941176,0.0004705882352941,0.1609411764705882,0.0131764705882352,0.6075294117647059,-0.0390588235294118,1.2388539655751256,-0.0009645239206639,2,worst_site_qwk_low;mean_abs_error_high,False,fedavg,0.7047611051305348,0.7077247854813571,0.0,-0.0029636803508222,0.645220573180699,0.6417517990615361,0.0,0.0034687741191629,0.6905945451901226,0.6917447783051633,0.0,-0.0011502331150406,0.5129411764705882,0.5289411764705882,0.0,-0.016,0.4388248410063545,0.4601461090491274,0.0,-0.0213212680427729,only_global_qwk_low,global_qwk_low,,0,False,fedavg,0.7047611051305348,0.0,0.4388248410063545,0.0,0.645220573180699,0.0,0.6905945451901226,0.0,0.5129411764705882,0.0
results\threshold_shift_panda_all_conservative_45_seed_2025\predictions.csv,45,45,2025,fedavg,cross_site_blend_50,0.6513178987545161,0.6357395844743857,0.6550728682482759,0.0617910715279269,0.512,0.4213510266509179,0.8465882352941176,0.1021176470588235,0.1689411764705882,0.6776470588235294,1.2398197962944426,0.6916847406111084,0.0403668418565923,0.6475384686313133,0.0117988841569275,0.6929907323339558,0.0379178640856798,0.0791388873452907,0.0173478158173637,0.5251764705882352,0.0131764705882352,0.4405144881551974,0.0191634615042795,0.7995294117647059,-0.0470588235294117,0.0908235294117647,-0.0112941176470588,0.2188235294117647,0.0498823529411764,0.5807058823529412,-0.0969411764705882,1.2347401108882392,-0.0050796854062034,4,global_qwk_low;worst_site_qwk_low;mean_abs_error_high;severe_error_rate_high,True,cross_site_blend_50,0.6916847406111084,0.6916847406111084,0.0403668418565923,0.0,0.6475384686313133,0.6475384686313133,0.0117988841569275,0.0,0.6929907323339558,0.6929907323339558,0.0379178640856798,0.0,0.5251764705882352,0.5251764705882352,0.0131764705882352,0.0,0.4405144881551974,0.4405144881551974,0.0191634615042795,0.0,only_global_qwk_low,global_qwk_low,global_qwk_low,1,True,cross_site_blend_50,0.6916847406111084,0.04036684185659234,0.4405144881551974,0.0191634615042795,0.6475384686313133,0.011798884156927536,0.6929907323339558,0.037917864085679875,0.5251764705882352,0.013176470588235234
results\threshold_shift_panda_all_conservative_45_seed_23\predictions.csv,45,45,23,fedavg,cross_site_blend_50,0.6689702161873159,0.6278285098051922,0.6892648974635475,0.1249900734371944,0.5256470588235295,0.4501728064200315,0.8169411764705883,0.0974117647058823,0.1487058823529412,0.668235294117647,1.223265605185007,0.6811832732447068,0.0122130570573909,0.6330609816469177,0.0052324718417254,0.7044609882881547,0.0151960908246072,0.1447019826986322,0.0197119092614377,0.5383529411764706,0.0127058823529411,0.4677176487867743,0.0175448423667428,0.7981176470588235,-0.0188235294117647,0.0974117647058823,0.0,0.1632941176470588,0.0145882352941176,0.6348235294117647,-0.0334117647058823,1.1950156635017095,-0.0282499416832973,5,global_qwk_low;worst_site_qwk_low;site_qwk_spread_high;mean_abs_error_high;severe_error_rate_high,True,cross_site_blend_50,0.6811832732447068,0.6811832732447068,0.0122130570573909,0.0,0.6330609816469177,0.6330609816469177,0.0052324718417254,0.0,0.7044609882881547,0.7044609882881547,0.0151960908246072,0.0,0.5383529411764706,0.5383529411764706,0.0127058823529411,0.0,0.4677176487867743,0.4677176487867743,0.0175448423667428,0.0,only_global_qwk_low,global_qwk_low,global_qwk_low,1,True,cross_site_blend_50,0.6811832732447068,0.012213057057390952,0.4677176487867743,0.017544842366742808,0.6330609816469177,0.005232471841725483,0.7044609882881547,0.015196090824607267,0.5383529411764706,0.012705882352941122
results\threshold_shift_panda_all_conservative_45_seed_29\predictions.csv,45,45,29,fedavg,cross_site_blend_50,0.7027122701678348,0.6593035575542109,0.6983248374194991,0.0674032162340082,0.5218823529411765,0.4494435876297903,0.7905882352941176,0.088,0.1576470588235294,0.6329411764705882,1.196903554445906,0.7083737182341829,0.0056614480663481,0.6553674973311827,-0.0039360602230281,0.7033051263106922,0.004980288891193,0.0885817534051347,0.0211785371711265,0.5468235294117647,0.0249411764705882,0.4791428742323236,0.0296992866025332,0.7585882352941177,-0.0319999999999999,0.084235294117647,-0.0037647058823529,0.1830588235294117,0.0254117647058823,0.5755294117647058,-0.0574117647058823,1.2174418629639214,0.0205383085180153,4,global_qwk_low;worst_site_qwk_low;mean_abs_error_high;severe_error_rate_high,True,cross_site_blend_50,0.7083737182341829,0.7083737182341829,0.0056614480663481,0.0,0.6553674973311827,0.6553674973311827,-0.0039360602230281,0.0,0.7033051263106922,0.7033051263106922,0.004980288891193,0.0,0.5468235294117647,0.5468235294117647,0.0249411764705882,0.0,0.4791428742323236,0.4791428742323236,0.0296992866025332,0.0,only_global_qwk_low,global_qwk_low,global_qwk_low,1,True,cross_site_blend_50,0.7083737182341829,0.0056614480663481626,0.4791428742323236,0.029699286602533292,0.6553674973311827,-0.0039360602230281705,0.7033051263106922,0.004980288891193063,0.5468235294117647,0.024941176470588244
results\threshold_shift_panda_all_conservative_45_seed_31\predictions.csv,45,45,31,fedavg,cross_site_blend_50,0.6907445542033991,0.6478213865592243,0.697022671132488,0.0990737087116392,0.5209411764705882,0.4467296226169241,0.7783529411764706,0.0809411764705882,0.156235294117647,0.6221176470588236,1.241704937493638,0.7010929147350812,0.010348360531682,0.6782066835699941,0.0303852970107698,0.7110580444059729,0.0140353732734849,0.063455555044703,-0.0356181536669362,0.5378823529411765,0.0169411764705882,0.4778400687043871,0.031110446087463,0.7807058823529411,0.0023529411764705,0.0884705882352941,0.0075294117647058,0.2258823529411764,0.0696470588235294,0.5548235294117647,-0.0672941176470588,1.2281036756811077,-0.0136012618125302,3,global_qwk_low;worst_site_qwk_low;mean_abs_error_high,True,cross_site_blend_50,0.7010929147350812,0.7010929147350812,0.010348360531682,0.0,0.6782066835699941,0.6782066835699941,0.0303852970107698,0.0,0.7110580444059729,0.7110580444059729,0.0140353732734849,0.0,0.5378823529411765,0.5378823529411765,0.0169411764705882,0.0,0.4778400687043871,0.4778400687043871,0.031110446087463,0.0,only_global_qwk_low,global_qwk_low,global_qwk_low,1,True,cross_site_blend_50,0.7010929147350812,0.010348360531682088,0.4778400687043871,0.031110446087462995,0.6782066835699941,0.030385297010769863,0.7110580444059729,0.014035373273484919,0.5378823529411765,0.016941176470588237
results\threshold_shift_panda_all_conservative_45_seed_37\predictions.csv,45,45,37,fedavg,cross_site_blend_50,0.6718398316224687,0.6566294013012368,0.6776751902752847,0.0577402918144898,0.5134117647058823,0.4501286620132132,0.8178823529411765,0.0941176470588235,0.1454117647058823,0.6724705882352942,1.1877916427116788,0.6989889494547878,0.0271491178323191,0.6798369892493196,0.0232075879480827,0.7028944926747505,0.0252193023994657,0.0388444897333896,-0.0188958020811002,0.5383529411764706,0.0249411764705882,0.4679482987007382,0.0178196366875249,0.7778823529411765,-0.04,0.0903529411764706,-0.0037647058823529,0.1910588235294117,0.0456470588235294,0.5868235294117647,-0.0856470588235294,1.2612150037606646,0.0734233610489858,4,global_qwk_low;worst_site_qwk_low;mean_abs_error_high;severe_error_rate_high,True,cross_site_blend_50,0.6989889494547878,0.6989889494547878,0.0271491178323191,0.0,0.6798369892493196,0.6798369892493196,0.0232075879480827,0.0,0.7028944926747505,0.7028944926747505,0.0252193023994657,0.0,0.5383529411764706,0.5383529411764706,0.0249411764705882,0.0,0.4679482987007382,0.4679482987007382,0.0178196366875249,0.0,only_global_qwk_low,global_qwk_low,global_qwk_low,1,True,cross_site_blend_50,0.6989889494547878,0.027149117832319103,0.4679482987007382,0.017819636687524953,0.6798369892493196,0.023207587948082753,0.7028944926747505,0.025219302399465793,0.5383529411764706,0.024941176470588244
results\threshold_shift_panda_all_conservative_45_seed_41\predictions.csv,45,45,41,fedavg,cross_site_blend_50,0.7123796898843978,0.6477160424225139,0.7230280654793807,0.1493724689112257,0.532235294117647,0.4576524733917275,0.7595294117647059,0.0752941176470588,0.1689411764705882,0.5905882352941176,1.216875668403408,0.7108887383352965,-0.0014909515491012,0.6681257448384706,0.0204097024159567,0.7194995869173381,-0.0035284785620426,0.1343608083755315,-0.0150116605356941,0.536,0.003764705882353,0.4617007732319488,0.0040482998402213,0.7670588235294118,0.0075294117647058,0.0785882352941176,0.0032941176470588,0.1656470588235294,-0.0032941176470588,0.6014117647058823,0.0108235294117646,1.208587090198221,-0.0082885782051869,3,worst_site_qwk_low;site_qwk_spread_high;mean_abs_error_high,True,cross_site_blend_50,0.7108887383352965,0.7108887383352965,-0.0014909515491012,0.0,0.6681257448384706,0.6681257448384706,0.0204097024159567,0.0,0.7194995869173381,0.7194995869173381,-0.0035284785620426,0.0,0.536,0.536,0.003764705882353,0.0,0.4617007732319488,0.4617007732319488,0.0040482998402213,0.0,only_global_qwk_low,global_qwk_low,,0,False,fedavg,0.7123796898843978,0.0,0.4576524733917275,0.0,0.6477160424225139,0.0,0.7230280654793807,0.0,0.532235294117647,0.0
results\threshold_shift_panda_all_conservative_45_seed_42\predictions.csv,45,45,42,fedavg,cross_site_blend_50,0.6774827764861275,0.6445375035779021,0.6916365566904921,0.1014820199256691,0.5270588235294118,0.4543662053061909,0.7985882352941176,0.0912941176470588,0.1336470588235294,0.6649411764705883,1.2261141193444989,0.684495430609388,0.0070126541232604,0.6552577603454078,0.0107202567675057,0.6966647491374609,0.0050281924469688,0.0956957754403231,-0.005786244485346,0.536,0.0089411764705882,0.462630665272385,0.0082644599661941,0.7835294117647059,-0.0150588235294116,0.0894117647058823,-0.0018823529411764,0.1557647058823529,0.0221176470588235,0.6277647058823529,-0.0371764705882353,1.2219655729572696,-0.0041485463872292,4,global_qwk_low;worst_site_qwk_low;mean_abs_error_high;severe_error_rate_high,True,cross_site_blend_50,0.684495430609388,0.684495430609388,0.0070126541232604,0.0,0.6552577603454078,0.6552577603454078,0.0107202567675057,0.0,0.6966647491374609,0.6966647491374609,0.0050281924469688,0.0,0.536,0.536,0.0089411764705882,0.0,0.462630665272385,0.462630665272385,0.0082644599661941,0.0,only_global_qwk_low,global_qwk_low,global_qwk_low,1,True,cross_site_blend_50,0.684495430609388,0.0070126541232604644,0.462630665272385,0.008264459966194126,0.6552577603454078,0.010720256767505765,0.6966647491374609,0.005028192446968838,0.536,0.00894117647058823
results\threshold_shift_panda_all_conservative_45_seed_43\predictions.csv,45,45,43,fedavg,cross_site_blend_50,0.7138716162513442,0.6822721801086638,0.711808940745141,0.0616774222069055,0.5289411764705882,0.4655935566146705,0.7736470588235295,0.0790588235294117,0.1647058823529411,0.6089411764705882,1.1930575391361506,0.7238906047035034,0.0100189884521592,0.6955788405751153,0.0133066604664515,0.7253029885742331,0.0134940478290921,0.0540392088119872,-0.0076382133949183,0.5472941176470588,0.0183529411764705,0.4833792586175012,0.0177857020028307,0.739764705882353,-0.0338823529411764,0.0767058823529411,-0.0023529411764705,0.1736470588235294,0.0089411764705882,0.5661176470588235,-0.0428235294117647,1.2490948525451526,0.0560373134090019,1,mean_abs_error_high,False,fedavg,0.7138716162513442,0.7238906047035034,0.0,-0.0100189884521592,0.6822721801086638,0.6955788405751153,0.0,-0.0133066604664515,0.711808940745141,0.7253029885742331,0.0,-0.0134940478290921,0.5289411764705882,0.5472941176470588,0.0,-0.0183529411764705,0.4655935566146705,0.4833792586175012,0.0,-0.0177857020028307,only_global_qwk_low,global_qwk_low,,0,False,fedavg,0.7138716162513442,0.0,0.4655935566146705,0.0,0.6822721801086638,0.0,0.711808940745141,0.0,0.5289411764705882,0.0
results\threshold_shift_panda_all_conservative_45_seed_47\predictions.csv,45,45,47,fedavg,cross_site_blend_50,0.6847965201382491,0.6483616776044975,0.6910543398194848,0.0705500414349021,0.5247058823529411,0.4514071460022199,0.8014117647058824,0.0927058823529411,0.1689411764705882,0.6324705882352941,1.223896878202759,0.6851789430850455,0.0003824229467963,0.652432325294192,0.0040706476896945,0.6995950911807111,0.0085407513612262,0.0619584935386275,-0.0085915478962745,0.5449411764705883,0.0202352941176471,0.472621372126016,0.021214226123796,0.7910588235294118,-0.0103529411764705,0.0941176470588235,0.0014117647058823,0.1797647058823529,0.0108235294117647,0.6112941176470589,-0.0211764705882352,1.217905331775368,-0.0059915464273909,4,global_qwk_low;worst_site_qwk_low;mean_abs_error_high;severe_error_rate_high,True,cross_site_blend_50,0.6851789430850455,0.6851789430850455,0.0003824229467963,0.0,0.652432325294192,0.652432325294192,0.0040706476896945,0.0,0.6995950911807111,0.6995950911807111,0.0085407513612262,0.0,0.5449411764705883,0.5449411764705883,0.0202352941176471,0.0,0.472621372126016,0.472621372126016,0.021214226123796,0.0,only_global_qwk_low,global_qwk_low,global_qwk_low,1,True,cross_site_blend_50,0.6851789430850455,0.0003824229467963569,0.472621372126016,0.021214226123796143,0.652432325294192,0.004070647689694562,0.6995950911807111,0.008540751361226229,0.5449411764705883,0.02023529411764713
results\threshold_shift_panda_all_conservative_45_seed_53\predictions.csv,45,45,53,fedavg,cross_site_blend_50,0.7201645664369767,0.6590058792089791,0.7242115653009432,0.0962519076398983,0.5124705882352941,0.4494431704394436,0.7712941176470588,0.0785882352941176,0.1449411764705882,0.6263529411764706,1.2476182242498215,0.7142977210762524,-0.0058668453607242,0.6664553756290599,0.0074494964200807,0.7213074678388882,-0.0029040974620549,0.092832744626332,-0.0034191630135662,0.5265882352941177,0.0141176470588235,0.4523648833805307,0.002921712941087,0.7811764705882352,0.0098823529411764,0.0861176470588235,0.0075294117647058,0.2018823529411764,0.0569411764705882,0.5792941176470588,-0.0470588235294117,1.216200957210754,-0.0314172670390675,2,worst_site_qwk_low;mean_abs_error_high,False,fedavg,0.7201645664369767,0.7142977210762524,0.0,0.0058668453607242,0.6590058792089791,0.6664553756290599,0.0,-0.0074494964200807,0.7242115653009432,0.7213074678388882,0.0,0.0029040974620549,0.5124705882352941,0.5265882352941177,0.0,-0.0141176470588235,0.4494431704394436,0.4523648833805307,0.0,-0.002921712941087,only_global_qwk_low,global_qwk_low,,0,False,fedavg,0.7201645664369767,0.0,0.4494431704394436,0.0,0.6590058792089791,0.0,0.7242115653009432,0.0,0.5124705882352941,0.0
results\threshold_shift_panda_all_conservative_45_seed_59\predictions.csv,45,45,59,fedavg,cross_site_blend_50,0.7016674406948484,0.6159609540801119,0.6845382756686187,0.1206158796476057,0.5256470588235295,0.4495477542539736,0.7915294117647059,0.0861176470588235,0.1825882352941176,0.6089411764705882,1.1982354306608411,0.705730488586835,0.0040630478919865,0.643696978717071,0.0277360246369591,0.6883887122265069,0.0038504365578881,0.0969232193571749,-0.0236926602904308,0.5407058823529411,0.0150588235294116,0.4656458284346138,0.0160980741806401,0.7783529411764706,-0.0131764705882353,0.0851764705882353,-0.0009411764705882,0.2089411764705882,0.0263529411764706,0.5694117647058824,-0.0395294117647058,1.2381082534135337,0.0398728227526925,4,global_qwk_low;worst_site_qwk_low;site_qwk_spread_high;mean_abs_error_high,True,cross_site_blend_50,0.705730488586835,0.705730488586835,0.0040630478919865,0.0,0.643696978717071,0.643696978717071,0.0277360246369591,0.0,0.6883887122265069,0.6883887122265069,0.0038504365578881,0.0,0.5407058823529411,0.5407058823529411,0.0150588235294116,0.0,0.4656458284346138,0.4656458284346138,0.0160980741806401,0.0,only_global_qwk_low,global_qwk_low,global_qwk_low,1,True,cross_site_blend_50,0.705730488586835,0.0040630478919865265,0.4656458284346138,0.016098074180640187,0.643696978717071,0.027736024636959122,0.6883887122265069,0.0038504365578881927,0.5407058823529411,0.01505882352941168
results\threshold_shift_panda_all_conservative_45_seed_7\predictions.csv,45,45,7,fedavg,cross_site_blend_50,0.6923907834999634,0.6489613109441599,0.6966096027165747,0.0937013742162709,0.5251764705882352,0.4536372003313794,0.7976470588235294,0.0894117647058823,0.1392941176470588,0.6583529411764706,1.2069264914261555,0.7012379189330036,0.0088471354330401,0.6779182879377432,0.0289569769935833,0.7076271761977981,0.0110175734812234,0.0784267466587252,-0.0152746275575456,0.5463529411764706,0.0211764705882353,0.4786342882830192,0.0249970879516397,0.7567058823529412,-0.0409411764705881,0.0870588235294117,-0.0023529411764705,0.1755294117647058,0.036235294117647,0.5811764705882353,-0.0771764705882352,1.248436539060467,0.0415100476343115,4,global_qwk_low;worst_site_qwk_low;mean_abs_error_high;severe_error_rate_high,True,cross_site_blend_50,0.7012379189330036,0.7012379189330036,0.0088471354330401,0.0,0.6779182879377432,0.6779182879377432,0.0289569769935833,0.0,0.7076271761977981,0.7076271761977981,0.0110175734812234,0.0,0.5463529411764706,0.5463529411764706,0.0211764705882353,0.0,0.4786342882830192,0.4786342882830192,0.0249970879516397,0.0,only_global_qwk_low,global_qwk_low,global_qwk_low,1,True,cross_site_blend_50,0.7012379189330036,0.008847135433040165,0.4786342882830192,0.024997087951639796,0.6779182879377432,0.02895697699358335,0.7076271761977981,0.011017573481223453,0.5463529411764706,0.021176470588235352
results\threshold_shift_panda_all_conservative_0_seed_11\predictions.csv,0,0,11,fedavg,cross_site_blend_50,0.7429581080983443,0.7164217698801902,0.7441992641283725,0.0593496863554664,0.5745882352941176,0.5098279114359029,0.6922352941176471,0.0734117647058823,0.208,0.484235294117647,1.156964949139127,0.7337225638667626,-0.0092355442315816,0.7119886879296122,-0.004433081950578,0.743286473704899,-0.0009127904234734,0.0433346987300143,-0.016014987625452,0.5736470588235294,-0.0009411764705882,0.5055207797599799,-0.004307131675923,0.7105882352941176,0.0183529411764705,0.0785882352941176,0.0051764705882352,0.2343529411764706,0.0263529411764706,0.476235294117647,-0.008,1.1778074606925435,0.0208425115534167,0,,False,fedavg,0.7429581080983443,0.7429581080983443,0.0,0.0,0.7164217698801902,0.7164217698801902,0.0,0.0,0.7441992641283725,0.7441992641283725,0.0,0.0,0.5745882352941176,0.5745882352941176,0.0,0.0,0.5098279114359029,0.5098279114359029,0.0,0.0,only_worst_site_qwk_low,worst_site_qwk_low,,0,False,fedavg,0.7429581080983443,0.0,0.5098279114359029,0.0,0.7164217698801902,0.0,0.7441992641283725,0.0,0.5745882352941176,0.0
results\threshold_shift_panda_all_conservative_0_seed_123\predictions.csv,0,0,123,fedavg,cross_site_blend_50,0.7298328239744079,0.702768825425204,0.732487374863064,0.0713198620093883,0.5694117647058824,0.5055799211566626,0.7134117647058823,0.076235294117647,0.2376470588235294,0.4757647058823529,1.1721565327917418,0.7280400712222352,-0.0017927527521726,0.6825573624415238,-0.0202114629836802,0.7254086963081546,-0.0070786785549094,0.0742889639064762,0.0029691018970878,0.5567058823529412,-0.0127058823529412,0.4949036378409496,-0.0106762833157129,0.7425882352941177,0.0291764705882353,0.0767058823529411,0.0004705882352941,0.3171764705882353,0.0795294117647058,0.4254117647058824,-0.0503529411764705,1.1780110800360235,0.0058545472442819,0,,False,fedavg,0.7298328239744079,0.7298328239744079,0.0,0.0,0.702768825425204,0.702768825425204,0.0,0.0,0.732487374863064,0.732487374863064,0.0,0.0,0.5694117647058824,0.5694117647058824,0.0,0.0,0.5055799211566626,0.5055799211566626,0.0,0.0,only_worst_site_qwk_low,worst_site_qwk_low,,0,False,fedavg,0.7298328239744079,0.0,0.5055799211566626,0.0,0.702768825425204,0.0,0.732487374863064,0.0,0.5694117647058824,0.0
results\threshold_shift_panda_all_conservative_0_seed_17\predictions.csv,0,0,17,fedavg,cross_site_blend_50,0.7239654930746602,0.6867531239805871,0.7097153911713731,0.0679690886509221,0.5727058823529412,0.5116310736011755,0.7171764705882353,0.0752941176470588,0.1971764705882353,0.52,1.1677552636809072,0.741825343260487,0.0178598501858268,0.6977504245196491,0.010997300539062,0.7270813020050024,0.0173659108336293,0.0776750134260571,0.0097059247751349,0.5835294117647059,0.0108235294117646,0.5224528915476301,0.0108218179464545,0.6832941176470588,-0.0338823529411764,0.068235294117647,-0.0070588235294117,0.1637647058823529,-0.0334117647058823,0.5195294117647059,-0.0004705882352941,1.1786416934641828,0.0108864297832755,0,,False,fedavg,0.7239654930746602,0.7239654930746602,0.0,0.0,0.6867531239805871,0.6867531239805871,0.0,0.0,0.7097153911713731,0.7097153911713731,0.0,0.0,0.5727058823529412,0.5727058823529412,0.0,0.0,0.5116310736011755,0.5116310736011755,0.0,0.0,only_worst_site_qwk_low,worst_site_qwk_low,,0,False,fedavg,0.7239654930746602,0.0,0.5116310736011755,0.0,0.6867531239805871,0.0,0.7097153911713731,0.0,0.5727058823529412,0.0
results\threshold_shift_panda_all_conservative_0_seed_2025\predictions.csv,0,0,2025,fedavg,cross_site_blend_50,0.6983892617352163,0.6744316058050153,0.7010870185241194,0.0584559494250015,0.5585882352941176,0.5000663744833895,0.7576470588235295,0.0870588235294117,0.2465882352941176,0.5110588235294118,1.1618222006061447,0.6988934439468641,0.0005041822116478,0.677440898806273,0.0030092930012577,0.7014432993023529,0.0003562807782335,0.0543557071565601,-0.0041002422684414,0.5472941176470588,-0.0112941176470587,0.4780140759710345,-0.022052298512355,0.7854117647058824,0.0277647058823529,0.092235294117647,0.0051764705882352,0.2790588235294117,0.0324705882352941,0.5063529411764706,-0.0047058823529412,1.177045535032376,0.0152233344262311,2,global_qwk_low;mean_abs_error_high,False,fedavg,0.6983892617352163,0.6983892617352163,0.0,0.0,0.6744316058050153,0.6744316058050153,0.0,0.0,0.7010870185241194,0.7010870185241194,0.0,0.0,0.5585882352941176,0.5585882352941176,0.0,0.0,0.5000663744833895,0.5000663744833895,0.0,0.0,only_worst_site_qwk_low,worst_site_qwk_low,,0,False,fedavg,0.6983892617352163,0.0,0.5000663744833895,0.0,0.6744316058050153,0.0,0.7010870185241194,0.0,0.5585882352941176,0.0
results\threshold_shift_panda_all_conservative_0_seed_23\predictions.csv,0,0,23,fedavg,cross_site_blend_50,0.7018818577459033,0.6673741964836729,0.7174845380245973,0.1002154031961053,0.56,0.4860606677435226,0.7637647058823529,0.092235294117647,0.228235294117647,0.5355294117647059,1.141851402646168,0.7037645067143725,0.0018826489684692,0.6681155525660587,0.0007413560823857,0.7204905791820245,0.0030060411574271,0.1266562161989222,0.0264408130028168,0.5604705882352942,0.0004705882352941,0.4889164480197272,0.0028557802762046,0.7614117647058823,-0.0023529411764705,0.0941176470588235,0.0018823529411764,0.2197647058823529,-0.0084705882352941,0.5416470588235294,0.0061176470588234,1.1372767953333078,-0.0045746073128603,3,global_qwk_low;mean_abs_error_high;severe_error_rate_high,True,cross_site_blend_50,0.7037645067143725,0.7018818577459033,0.0018826489684692,0.0018826489684692,0.6681155525660587,0.6673741964836729,0.0007413560823857,0.0007413560823857,0.7204905791820245,0.7174845380245973,0.0030060411574271,0.0030060411574271,0.5604705882352942,0.56,0.0004705882352941,0.0004705882352941,0.4889164480197272,0.4860606677435226,0.0028557802762046,0.0028557802762046,only_worst_site_qwk_low,worst_site_qwk_low,,0,False,fedavg,0.7018818577459033,0.0,0.4860606677435226,0.0,0.6673741964836729,0.0,0.7174845380245973,0.0,0.56,0.0
results\threshold_shift_panda_all_conservative_0_seed_29\predictions.csv,0,0,29,fedavg,cross_site_blend_50,0.726441618643312,0.6865732434961865,0.71804951628285,0.0585544069027084,0.5741176470588235,0.5055895989900184,0.7247058823529412,0.0818823529411764,0.208,0.5167058823529411,1.147105895918461,0.7230326097996407,-0.0034090088436713,0.6763439793223045,-0.010229264173882,0.7209830795282827,0.0029335632454327,0.0931448064797406,0.0345903995770322,0.5764705882352941,0.0023529411764705,0.5123163664565035,0.006726767466485,0.7185882352941176,-0.0061176470588235,0.0828235294117647,0.0009411764705882,0.2428235294117647,0.0348235294117647,0.4757647058823529,-0.0409411764705882,1.1457565392719873,-0.0013493566464737,0,,False,fedavg,0.726441618643312,0.726441618643312,0.0,0.0,0.6865732434961865,0.6865732434961865,0.0,0.0,0.71804951628285,0.71804951628285,0.0,0.0,0.5741176470588235,0.5741176470588235,0.0,0.0,0.5055895989900184,0.5055895989900184,0.0,0.0,only_worst_site_qwk_low,worst_site_qwk_low,,0,False,fedavg,0.726441618643312,0.0,0.5055895989900184,0.0,0.6865732434961865,0.0,0.71804951628285,0.0,0.5741176470588235,0.0
results\threshold_shift_panda_all_conservative_0_seed_31\predictions.csv,0,0,31,fedavg,cross_site_blend_50,0.7086968931815969,0.6738253917670043,0.7083238904839249,0.0518022247570875,0.5496470588235294,0.490416290241764,0.7463529411764706,0.0828235294117647,0.2395294117647058,0.5068235294117647,1.1670994637757055,0.7165003903666098,0.0078034971850129,0.6904800881334037,0.0166546963663993,0.7226313294886846,0.0143074390047597,0.0581068647975383,0.0063046400404508,0.5534117647058824,0.003764705882353,0.4950671262046908,0.0046508359629268,0.7557647058823529,0.0094117647058823,0.0847058823529411,0.0018823529411764,0.2875294117647058,0.0479999999999999,0.4682352941176471,-0.0385882352941175,1.1520586233386354,-0.0150408404370703,0,,False,fedavg,0.7086968931815969,0.7086968931815969,0.0,0.0,0.6738253917670043,0.6738253917670043,0.0,0.0,0.7083238904839249,0.7083238904839249,0.0,0.0,0.5496470588235294,0.5496470588235294,0.0,0.0,0.490416290241764,0.490416290241764,0.0,0.0,only_worst_site_qwk_low,worst_site_qwk_low,,0,False,fedavg,0.7086968931815969,0.0,0.490416290241764,0.0,0.6738253917670043,0.0,0.7083238904839249,0.0,0.5496470588235294,0.0
results\threshold_shift_panda_all_conservative_0_seed_37\predictions.csv,0,0,37,fedavg,cross_site_blend_50,0.7169013513435238,0.7072214848478993,0.7205745926518567,0.0417600381363131,0.5755294117647058,0.5218186688693097,0.7138823529411765,0.0823529411764705,0.1872941176470588,0.5265882352941177,1.1259510238729171,0.7209045782831497,0.0040032269396258,0.7026297227340665,-0.0045917621138327,0.7245873212371869,0.0040127285853301,0.0390353396576449,-0.0027246984786681,0.5604705882352942,-0.0150588235294116,0.4917730629816231,-0.0300456058876866,0.7331764705882353,0.0192941176470587,0.0847058823529411,0.0023529411764705,0.2258823529411764,0.0385882352941176,0.5072941176470588,-0.0192941176470589,1.2102201270375847,0.0842691031646674,0,,False,fedavg,0.7169013513435238,0.7169013513435238,0.0,0.0,0.7072214848478993,0.7072214848478993,0.0,0.0,0.7205745926518567,0.7205745926518567,0.0,0.0,0.5755294117647058,0.5755294117647058,0.0,0.0,0.5218186688693097,0.5218186688693097,0.0,0.0,only_worst_site_qwk_low,worst_site_qwk_low,,0,False,fedavg,0.7169013513435238,0.0,0.5218186688693097,0.0,0.7072214848478993,0.0,0.7205745926518567,0.0,0.5755294117647058,0.0
results\threshold_shift_panda_all_conservative_0_seed_41\predictions.csv,0,0,41,fedavg,cross_site_blend_50,0.7313483114760122,0.6692838566912203,0.7434729817875875,0.1428779212439995,0.5665882352941176,0.5004526523110261,0.72,0.0767058823529411,0.2357647058823529,0.484235294117647,1.1680296642247314,0.7212868239213154,-0.0100614875546968,0.6863423149808671,0.0170584582896468,0.7288710149947588,-0.0146019667928286,0.1169524129992917,-0.0259255082447078,0.56,-0.0065882352941175,0.4852339061395143,-0.0152187461715117,0.7421176470588235,0.0221176470588235,0.0809411764705882,0.004235294117647,0.2470588235294117,0.0112941176470588,0.4950588235294118,0.0108235294117647,1.148595782922415,-0.0194338813023164,1,site_qwk_spread_high,False,fedavg,0.7313483114760122,0.7313483114760122,0.0,0.0,0.6692838566912203,0.6692838566912203,0.0,0.0,0.7434729817875875,0.7434729817875875,0.0,0.0,0.5665882352941176,0.5665882352941176,0.0,0.0,0.5004526523110261,0.5004526523110261,0.0,0.0,only_worst_site_qwk_low,worst_site_qwk_low,,0,False,fedavg,0.7313483114760122,0.0,0.5004526523110261,0.0,0.6692838566912203,0.0,0.7434729817875875,0.0,0.5665882352941176,0.0
results\threshold_shift_panda_all_conservative_0_seed_42\predictions.csv,0,0,42,fedavg,cross_site_blend_50,0.7072566694854118,0.6673300346903428,0.7161831406854237,0.14113790627812,0.5694117647058824,0.5159724605549763,0.7327058823529412,0.0809411764705882,0.2070588235294117,0.5256470588235295,1.1758076450075134,0.6934701255508754,-0.0137865439345363,0.6608777559281085,-0.0064522787622343,0.7057812801177772,-0.0104018605676464,0.1200084261559242,-0.0211294801221958,0.5585882352941176,-0.0108235294117647,0.496155205606327,-0.0198172549486492,0.7651764705882353,0.0324705882352941,0.0884705882352941,0.0075294117647058,0.220235294117647,0.0131764705882352,0.5449411764705883,0.0192941176470587,1.151800860179836,-0.0240067848276774,2,worst_site_qwk_low;site_qwk_spread_high,False,fedavg,0.7072566694854118,0.7072566694854118,0.0,0.0,0.6673300346903428,0.6673300346903428,0.0,0.0,0.7161831406854237,0.7161831406854237,0.0,0.0,0.5694117647058824,0.5694117647058824,0.0,0.0,0.5159724605549763,0.5159724605549763,0.0,0.0,only_worst_site_qwk_low,worst_site_qwk_low,worst_site_qwk_low,1,True,cross_site_blend_50,0.6934701255508754,-0.013786543934536377,0.496155205606327,-0.019817254948649277,0.6608777559281085,-0.006452278762234309,0.7057812801177772,-0.01040186056764647,0.5585882352941176,-0.010823529411764787
results\threshold_shift_panda_all_conservative_0_seed_43\predictions.csv,0,0,43,fedavg,cross_site_blend_50,0.746679487551388,0.7384839293613565,0.7506560624693208,0.0273858022000844,0.5736470588235294,0.5091526183482555,0.7035294117647058,0.0752941176470588,0.2254117647058823,0.4781176470588235,1.1308712252820463,0.7445723706908911,-0.0021071168604969,0.7254084860689003,-0.0130754432924562,0.7452269109662587,-0.0054291515030621,0.0401667568477324,0.0127809546476479,0.5816470588235294,0.008,0.5208785983849045,0.0117259800366489,0.6889411764705883,-0.0145882352941175,0.0729411764705882,-0.0023529411764705,0.1990588235294117,-0.0263529411764705,0.4898823529411765,0.0117647058823529,1.1779910486661689,0.0471198233841221,0,,False,fedavg,0.746679487551388,0.746679487551388,0.0,0.0,0.7384839293613565,0.7384839293613565,0.0,0.0,0.7506560624693208,0.7506560624693208,0.0,0.0,0.5736470588235294,0.5736470588235294,0.0,0.0,0.5091526183482555,0.5091526183482555,0.0,0.0,only_worst_site_qwk_low,worst_site_qwk_low,,0,False,fedavg,0.746679487551388,0.0,0.5091526183482555,0.0,0.7384839293613565,0.0,0.7506560624693208,0.0,0.5736470588235294,0.0
results\threshold_shift_panda_all_conservative_0_seed_47\predictions.csv,0,0,47,fedavg,cross_site_blend_50,0.7181815243226684,0.6786340882743549,0.7213997699169905,0.0801529243646518,0.5656470588235294,0.4981944682997181,0.7463529411764706,0.0884705882352941,0.2752941176470588,0.4710588235294117,1.1353106869842753,0.7180828092966849,-9.87150259834646e-05,0.6994246620651237,0.0207905737907687,0.7266365779426043,0.0052368080256137,0.0415894398834847,-0.038563484481167,0.571764705882353,0.0061176470588235,0.5029810518398447,0.0047865835401265,0.7369411764705882,-0.0094117647058823,0.0870588235294117,-0.0014117647058823,0.236235294117647,-0.0390588235294117,0.5007058823529412,0.0296470588235294,1.1433934522053368,0.0080827652210615,1,severe_error_rate_high,False,fedavg,0.7181815243226684,0.7181815243226684,0.0,0.0,0.6786340882743549,0.6786340882743549,0.0,0.0,0.7213997699169905,0.7213997699169905,0.0,0.0,0.5656470588235294,0.5656470588235294,0.0,0.0,0.4981944682997181,0.4981944682997181,0.0,0.0,only_worst_site_qwk_low,worst_site_qwk_low,,0,False,fedavg,0.7181815243226684,0.0,0.4981944682997181,0.0,0.6786340882743549,0.0,0.7213997699169905,0.0,0.5656470588235294,0.0
results\threshold_shift_panda_all_conservative_0_seed_53\predictions.csv,0,0,53,fedavg,cross_site_blend_50,0.7317556780937956,0.6740479638200556,0.7321636104952894,0.0933560233551015,0.5689411764705883,0.5085063095527034,0.7167058823529412,0.0785882352941176,0.2192941176470588,0.4974117647058823,1.1676241651479085,0.7278712679750026,-0.003884410118793,0.6610648798322412,-0.0129830839878144,0.7313916065488951,-0.0007720039463943,0.1220976432029016,0.0287416198478001,0.5609411764705883,-0.008,0.4933853771679242,-0.0151209323847791,0.7369411764705882,0.020235294117647,0.0814117647058823,0.0028235294117646,0.2432941176470588,0.0239999999999999,0.4936470588235294,-0.0037647058823528,1.1499776231798036,-0.0176465419681048,0,,False,fedavg,0.7317556780937956,0.7317556780937956,0.0,0.0,0.6740479638200556,0.6740479638200556,0.0,0.0,0.7321636104952894,0.7321636104952894,0.0,0.0,0.5689411764705883,0.5689411764705883,0.0,0.0,0.5085063095527034,0.5085063095527034,0.0,0.0,only_worst_site_qwk_low,worst_site_qwk_low,,0,False,fedavg,0.7317556780937956,0.0,0.5085063095527034,0.0,0.6740479638200556,0.0,0.7321636104952894,0.0,0.5689411764705883,0.0
results\threshold_shift_panda_all_conservative_0_seed_59\predictions.csv,0,0,59,fedavg,cross_site_blend_50,0.7174448693789363,0.6554682158493963,0.704259831803012,0.1095119041168389,0.5656470588235294,0.4957776166241075,0.7557647058823529,0.088,0.2762352941176471,0.4795294117647058,1.1257526356540812,0.711743247391103,-0.0057016219878333,0.6773504954280436,0.0218822795786473,0.7011934943970357,-0.0030663374059762,0.0560265488980757,-0.0534853552187631,0.5581176470588235,-0.0075294117647058,0.4942243648561051,-0.0015532517680024,0.7529411764705882,-0.0028235294117646,0.0828235294117647,-0.0051764705882352,0.2592941176470588,-0.0169411764705882,0.4936470588235294,0.0141176470588235,1.176819785477475,0.0510671498233936,4,worst_site_qwk_low;site_qwk_spread_high;mean_abs_error_high;severe_error_rate_high,True,cross_site_blend_50,0.711743247391103,0.7174448693789363,-0.0057016219878333,-0.0057016219878333,0.6773504954280436,0.6554682158493963,0.0218822795786473,0.0218822795786473,0.7011934943970357,0.704259831803012,-0.0030663374059762,-0.0030663374059762,0.5581176470588235,0.5656470588235294,-0.0075294117647058,-0.0075294117647058,0.4942243648561051,0.4957776166241075,-0.0015532517680024,-0.0015532517680024,only_worst_site_qwk_low,worst_site_qwk_low,worst_site_qwk_low,1,True,cross_site_blend_50,0.711743247391103,-0.005701621987833305,0.4942243648561051,-0.0015532517680024172,0.6773504954280436,0.0218822795786473,0.7011934943970357,-0.0030663374059762827,0.5581176470588235,-0.007529411764705896
results\threshold_shift_panda_all_conservative_0_seed_7\predictions.csv,0,0,7,fedavg,cross_site_blend_50,0.727615545028268,0.6936547323644097,0.7316464239387271,0.0723245048912265,0.5731764705882353,0.5099629714567177,0.7167058823529412,0.08,0.2098823529411764,0.5068235294117647,1.14490470366313,0.724997097427688,-0.0026184476005799,0.6749135732640295,-0.0187411591003802,0.7293748112328828,-0.0022716127058443,0.0870357413029477,0.0147112364117212,0.5778823529411765,0.0047058823529412,0.5081509709702154,-0.0018120004865022,0.7143529411764706,-0.0023529411764705,0.0804705882352941,0.0004705882352941,0.2221176470588235,0.012235294117647,0.492235294117647,-0.0145882352941176,1.2034422782645309,0.0585375746014007,0,,False,fedavg,0.727615545028268,0.727615545028268,0.0,0.0,0.6936547323644097,0.6936547323644097,0.0,0.0,0.7316464239387271,0.7316464239387271,0.0,0.0,0.5731764705882353,0.5731764705882353,0.0,0.0,0.5099629714567177,0.5099629714567177,0.0,0.0,only_worst_site_qwk_low,worst_site_qwk_low,,0,False,fedavg,0.727615545028268,0.0,0.5099629714567177,0.0,0.6936547323644097,0.0,0.7316464239387271,0.0,0.5731764705882353,0.0
results\threshold_shift_panda_all_conservative_25_seed_11\predictions.csv,25,25,11,fedavg,cross_site_blend_50,0.7194569545078301,0.6906077348066298,0.7192355912509705,0.0537460098905715,0.5350588235294118,0.458856059014584,0.7477647058823529,0.0767058823529411,0.1590588235294117,0.5887058823529412,1.2087582913896644,0.7427163561434391,0.023259401635609,0.7238899315974094,0.0332821967907795,0.751256052880748,0.0320204616297775,0.0561885653486413,0.0024425554580698,0.5628235294117647,0.0277647058823529,0.4976325823209561,0.0387765233063721,0.7035294117647058,-0.044235294117647,0.0705882352941176,-0.0061176470588235,0.2,0.0409411764705882,0.5035294117647059,-0.0851764705882353,1.2120677251554204,0.0033094337657559,0,,False,fedavg,0.7194569545078301,0.7427163561434391,0.0,-0.023259401635609,0.6906077348066298,0.7238899315974094,0.0,-0.0332821967907795,0.7192355912509705,0.751256052880748,0.0,-0.0320204616297775,0.5350588235294118,0.5628235294117647,0.0,-0.0277647058823529,0.458856059014584,0.4976325823209561,0.0,-0.0387765233063721,only_worst_site_qwk_low,worst_site_qwk_low,,0,False,fedavg,0.7194569545078301,0.0,0.458856059014584,0.0,0.6906077348066298,0.0,0.7192355912509705,0.0,0.5350588235294118,0.0
results\threshold_shift_panda_all_conservative_25_seed_123\predictions.csv,25,25,123,fedavg,cross_site_blend_50,0.7197993382461756,0.6730431803556465,0.7193763619826619,0.0976659677693344,0.5430588235294118,0.4726416104983698,0.7529411764705882,0.0837647058823529,0.2230588235294117,0.5298823529411765,1.2462496593485874,0.728387511335503,0.0085881730893273,0.6833917586546725,0.010348578299026,0.7265113077730707,0.0071349457904088,0.0711401057773704,-0.026525861991964,0.5505882352941176,0.0075294117647057,0.4851086759506891,0.0124670654523193,0.7449411764705882,-0.008,0.0785882352941176,-0.0051764705882352,0.2832941176470588,0.060235294117647,0.4616470588235294,-0.068235294117647,1.2248803640207009,-0.0213692953278865,1,mean_abs_error_high,False,fedavg,0.7197993382461756,0.728387511335503,0.0,-0.0085881730893273,0.6730431803556465,0.6833917586546725,0.0,-0.010348578299026,0.7193763619826619,0.7265113077730707,0.0,-0.0071349457904088,0.5430588235294118,0.5505882352941176,0.0,-0.0075294117647057,0.4726416104983698,0.4851086759506891,0.0,-0.0124670654523193,only_worst_site_qwk_low,worst_site_qwk_low,,0,False,fedavg,0.7197993382461756,0.0,0.4726416104983698,0.0,0.6730431803556465,0.0,0.7193763619826619,0.0,0.5430588235294118,0.0
results\threshold_shift_panda_all_conservative_25_seed_17\predictions.csv,25,25,17,fedavg,cross_site_blend_50,0.720376940359154,0.6833147193865888,0.7101396284477165,0.0594054737038443,0.5421176470588235,0.4762267680030482,0.7557647058823529,0.076235294117647,0.184,0.571764705882353,1.219535307227559,0.7184425124369567,-0.0019344279221973,0.6654724810460666,-0.0178422383405222,0.7027912252273306,-0.0073484032203858,0.0881462062884793,0.028740732584635,0.552,0.0098823529411765,0.4875084642132297,0.0112816962101814,0.7421176470588235,-0.0136470588235293,0.076235294117647,0.0,0.1623529411764706,-0.0216470588235294,0.579764705882353,0.008,1.2207009327368497,0.0011656255092906,1,mean_abs_error_high,False,fedavg,0.720376940359154,0.7184425124369567,0.0,0.0019344279221973,0.6833147193865888,0.6654724810460666,0.0,0.0178422383405222,0.7101396284477165,0.7027912252273306,0.0,0.0073484032203858,0.5421176470588235,0.552,0.0,-0.0098823529411765,0.4762267680030482,0.4875084642132297,0.0,-0.0112816962101814,only_worst_site_qwk_low,worst_site_qwk_low,,0,False,fedavg,0.720376940359154,0.0,0.4762267680030482,0.0,0.6833147193865888,0.0,0.7101396284477165,0.0,0.5421176470588235,0.0
results\threshold_shift_panda_all_conservative_25_seed_2025\predictions.csv,25,25,2025,fedavg,cross_site_blend_50,0.6871073305749891,0.664908782987116,0.6881382228979203,0.0447730274603912,0.5444705882352942,0.4738095021790583,0.7792941176470588,0.0917647058823529,0.2141176470588235,0.5651764705882353,1.2280648427757028,0.6910428579313148,0.0039355273563257,0.6682086371284353,0.0032998541413192,0.692717945481648,0.0045797225837277,0.0508814355261539,0.0061084080657627,0.5388235294117647,-0.0056470588235294,0.4611272405879175,-0.0126822615911408,0.7967058823529412,0.0174117647058823,0.0941176470588235,0.0023529411764705,0.2527058823529411,0.0385882352941176,0.544,-0.0211764705882352,1.2162750218892362,-0.0117898208864666,4,global_qwk_low;worst_site_qwk_low;mean_abs_error_high;severe_error_rate_high,True,cross_site_blend_50,0.6910428579313148,0.6910428579313148,0.0039355273563257,0.0,0.6682086371284353,0.6682086371284353,0.0032998541413192,0.0,0.692717945481648,0.692717945481648,0.0045797225837277,0.0,0.5388235294117647,0.5388235294117647,-0.0056470588235294,0.0,0.4611272405879175,0.4611272405879175,-0.0126822615911408,0.0,only_worst_site_qwk_low,worst_site_qwk_low,worst_site_qwk_low,1,True,cross_site_blend_50,0.6910428579313148,0.003935527356325741,0.4611272405879175,-0.012682261591140831,0.6682086371284353,0.0032998541413192806,0.692717945481648,0.004579722583727741,0.5388235294117647,-0.0056470588235294494
results\threshold_shift_panda_all_conservative_25_seed_23\predictions.csv,25,25,23,fedavg,cross_site_blend_50,0.6943062002746598,0.6606247263358512,0.7103325858133951,0.1020203841921071,0.5392941176470588,0.4629566778752572,0.7952941176470588,0.0950588235294117,0.2084705882352941,0.5868235294117647,1.191487602080801,0.6864693221274281,-0.0078368781472317,0.6477595403818832,-0.012865185953968,0.7052749449504973,-0.0050576408628978,0.1191277281696128,0.0171073439775056,0.5430588235294118,0.003764705882353,0.4695553443961187,0.0065986665208614,0.7952941176470588,0.0,0.0988235294117647,0.0037647058823529,0.1948235294117647,-0.0136470588235294,0.6004705882352941,0.0136470588235293,1.1790915644818216,-0.0123960375989793,4,global_qwk_low;worst_site_qwk_low;mean_abs_error_high;severe_error_rate_high,True,cross_site_blend_50,0.6864693221274281,0.6864693221274281,-0.0078368781472317,0.0,0.6477595403818832,0.6477595403818832,-0.012865185953968,0.0,0.7052749449504973,0.7052749449504973,-0.0050576408628978,0.0,0.5430588235294118,0.5430588235294118,0.003764705882353,0.0,0.4695553443961187,0.4695553443961187,0.0065986665208614,0.0,only_worst_site_qwk_low,worst_site_qwk_low,worst_site_qwk_low,1,True,cross_site_blend_50,0.6864693221274281,-0.007836878147231774,0.4695553443961187,0.006598666520861496,0.6477595403818832,-0.012865185953968017,0.7052749449504973,-0.005057640862897839,0.5430588235294118,0.0037647058823530033
results\threshold_shift_panda_all_conservative_25_seed_29\predictions.csv,25,25,29,fedavg,cross_site_blend_50,0.7073232273750609,0.6437582402331552,0.6971869555111424,0.0831847329629511,0.5510588235294117,0.4734075467695982,0.7665882352941177,0.0865882352941176,0.1985882352941176,0.568,1.193454244239236,0.7091049216375278,0.0017816942624668,0.6325638310389456,-0.0111944091942095,0.6979408089196868,0.0007538534085443,0.0977998357381717,0.0146151027752206,0.5614117647058824,0.0103529411764706,0.4956568616188304,0.0222493148492322,0.7501176470588236,-0.0164705882352941,0.0856470588235294,-0.0009411764705882,0.2117647058823529,0.0131764705882352,0.5383529411764706,-0.0296470588235293,1.2005224523465192,0.0070682081072832,2,worst_site_qwk_low;mean_abs_error_high,False,fedavg,0.7073232273750609,0.7091049216375278,0.0,-0.0017816942624668,0.6437582402331552,0.6325638310389456,0.0,0.0111944091942095,0.6971869555111424,0.6979408089196868,0.0,-0.0007538534085443,0.5510588235294117,0.5614117647058824,0.0,-0.0103529411764706,0.4734075467695982,0.4956568616188304,0.0,-0.0222493148492322,only_worst_site_qwk_low,worst_site_qwk_low,worst_site_qwk_low,1,True,cross_site_blend_50,0.7091049216375278,0.001781694262466882,0.4956568616188304,0.022249314849232205,0.6325638310389456,-0.011194409194209554,0.6979408089196868,0.0007538534085443915,0.5614117647058824,0.010352941176470676
results\threshold_shift_panda_all_conservative_25_seed_31\predictions.csv,25,25,31,fedavg,cross_site_blend_50,0.7038167598165379,0.6746234886516298,0.7089499646706423,0.0630648837643983,0.5388235294117647,0.4800688775053049,0.7571764705882353,0.0809411764705882,0.2112941176470588,0.5458823529411765,1.2273967632534164,0.7112312495363955,0.0074144897198575,0.6842401014729452,0.0096166128213154,0.722553305531973,0.0136033408613306,0.0648583478599073,0.0017934640955089,0.5435294117647059,0.0047058823529412,0.4790853747748694,-0.0009835027304355,0.7675294117647059,0.0103529411764705,0.0847058823529411,0.0037647058823529,0.248,0.0367058823529411,0.5195294117647059,-0.0263529411764705,1.2059531548388054,-0.021443608414611,2,global_qwk_low;mean_abs_error_high,False,fedavg,0.7038167598165379,0.7112312495363955,0.0,-0.0074144897198575,0.6746234886516298,0.6842401014729452,0.0,-0.0096166128213154,0.7089499646706423,0.722553305531973,0.0,-0.0136033408613306,0.5388235294117647,0.5435294117647059,0.0,-0.0047058823529412,0.4800688775053049,0.4790853747748694,0.0,0.0009835027304355,only_worst_site_qwk_low,worst_site_qwk_low,,0,False,fedavg,0.7038167598165379,0.0,0.4800688775053049,0.0,0.6746234886516298,0.0,0.7089499646706423,0.0,0.5388235294117647,0.0
results\threshold_shift_panda_all_conservative_25_seed_37\predictions.csv,25,25,37,fedavg,cross_site_blend_50,0.6972148702441321,0.6877810564578191,0.7011151259007485,0.0268972756829471,0.5543529411764706,0.4918663622814496,0.7524705882352941,0.0856470588235294,0.1708235294117647,0.5816470588235294,1.1962116761237995,0.7205027718060073,0.0232879015618752,0.7040788598307737,0.0162978033729546,0.724575545451562,0.0234604195508134,0.036647267987292,0.0097499923043448,0.5571764705882353,0.0028235294117646,0.4861512125608092,-0.0057151497206404,0.7374117647058823,-0.0150588235294117,0.0832941176470588,-0.0023529411764705,0.2056470588235294,0.0348235294117647,0.5317647058823529,-0.0498823529411764,1.2660320426444314,0.0698203665206316,2,global_qwk_low;mean_abs_error_high,False,fedavg,0.6972148702441321,0.7205027718060073,0.0,-0.0232879015618752,0.6877810564578191,0.7040788598307737,0.0,-0.0162978033729546,0.7011151259007485,0.724575545451562,0.0,-0.0234604195508134,0.5543529411764706,0.5571764705882353,0.0,-0.0028235294117646,0.4918663622814496,0.4861512125608092,0.0,0.0057151497206404,only_worst_site_qwk_low,worst_site_qwk_low,,0,False,fedavg,0.6972148702441321,0.0,0.4918663622814496,0.0,0.6877810564578191,0.0,0.7011151259007485,0.0,0.5543529411764706,0.0
results\threshold_shift_panda_all_conservative_25_seed_41\predictions.csv,25,25,41,fedavg,cross_site_blend_50,0.7202580688884488,0.6743533473061274,0.7298307979702701,0.1317171220663648,0.5501176470588235,0.4824906967953413,0.7430588235294118,0.076235294117647,0.2094117647058823,0.5336470588235294,1.2182607172455775,0.7201768853345207,-8.118355392805476e-05,0.6762594388570907,0.0019060915509633,0.7291590557053944,-0.0006717422648756,0.133104813915374,0.0013876918490091,0.552,0.0018823529411765,0.4829258541347689,0.0004351573394276,0.739764705882353,-0.0032941176470587,0.0752941176470588,-0.0009411764705882,0.2018823529411764,-0.0075294117647058,0.5378823529411765,0.0042352941176471,1.2129724253257472,-0.0052882919198304,1,site_qwk_spread_high,False,fedavg,0.7202580688884488,0.7201768853345207,0.0,8.118355392805476e-05,0.6743533473061274,0.6762594388570907,0.0,-0.0019060915509633,0.7298307979702701,0.7291590557053944,0.0,0.0006717422648756,0.5501176470588235,0.552,0.0,-0.0018823529411765,0.4824906967953413,0.4829258541347689,0.0,-0.0004351573394276,only_worst_site_qwk_low,worst_site_qwk_low,,0,False,fedavg,0.7202580688884488,0.0,0.4824906967953413,0.0,0.6743533473061274,0.0,0.7298307979702701,0.0,0.5501176470588235,0.0
results\threshold_shift_panda_all_conservative_25_seed_42\predictions.csv,25,25,42,fedavg,cross_site_blend_50,0.6900562645358724,0.6495610985501873,0.7071368235605715,0.1385424859867998,0.5501176470588235,0.4861718187932506,0.764235294117647,0.084235294117647,0.1858823529411764,0.5783529411764706,1.2376121071058417,0.68772360765853,-0.0023326568773424,0.6412751366879808,-0.0082859618622065,0.6920509148805926,-0.0150859086799789,0.1082639838881263,-0.0302785020986735,0.5548235294117647,0.0047058823529412,0.4959268967582335,0.0097550779649828,0.7694117647058824,0.0051764705882353,0.0865882352941176,0.0023529411764705,0.2018823529411764,0.0159999999999999,0.5675294117647058,-0.0108235294117647,1.1956573275220916,-0.04195477958375,4,global_qwk_low;worst_site_qwk_low;site_qwk_spread_high;mean_abs_error_high,True,cross_site_blend_50,0.68772360765853,0.68772360765853,-0.0023326568773424,0.0,0.6412751366879808,0.6412751366879808,-0.0082859618622065,0.0,0.6920509148805926,0.6920509148805926,-0.0150859086799789,0.0,0.5548235294117647,0.5548235294117647,0.0047058823529412,0.0,0.4959268967582335,0.4959268967582335,0.0097550779649828,0.0,only_worst_site_qwk_low,worst_site_qwk_low,worst_site_qwk_low,1,True,cross_site_blend_50,0.68772360765853,-0.0023326568773424095,0.4959268967582335,0.009755077964982872,0.6412751366879808,-0.008285961862206537,0.6920509148805926,-0.015085908679978943,0.5548235294117647,0.004705882352941226
results\threshold_shift_panda_all_conservative_25_seed_43\predictions.csv,25,25,43,fedavg,cross_site_blend_50,0.7245069446598131,0.6952637768258507,0.7278015598431683,0.0595743442435383,0.5444705882352942,0.4752056614216659,0.7609411764705882,0.0823529411764705,0.2192941176470588,0.5416470588235294,1.175095418624223,0.7307639556201779,0.0062570109603647,0.7036243352895313,0.0083605584636805,0.7329086523850974,0.005107092541929,0.0482239859979651,-0.0113503582455731,0.5571764705882353,0.0127058823529411,0.4923517503378208,0.0171460889161548,0.7298823529411764,-0.0310588235294118,0.076235294117647,-0.0061176470588235,0.208,-0.0112941176470588,0.5218823529411765,-0.0197647058823529,1.2225802258384997,0.0474848072142763,1,mean_abs_error_high,False,fedavg,0.7245069446598131,0.7307639556201779,0.0,-0.0062570109603647,0.6952637768258507,0.7036243352895313,0.0,-0.0083605584636805,0.7278015598431683,0.7329086523850974,0.0,-0.005107092541929,0.5444705882352942,0.5571764705882353,0.0,-0.0127058823529411,0.4752056614216659,0.4923517503378208,0.0,-0.0171460889161548,only_worst_site_qwk_low,worst_site_qwk_low,,0,False,fedavg,0.7245069446598131,0.0,0.4752056614216659,0.0,0.6952637768258507,0.0,0.7278015598431683,0.0,0.5444705882352942,0.0
results\threshold_shift_panda_all_conservative_25_seed_47\predictions.csv,25,25,47,fedavg,cross_site_blend_50,0.6936284049330126,0.6691735749081276,0.7006720430459557,0.0671430749603549,0.5534117647058824,0.4851559264154019,0.7863529411764706,0.0978823529411764,0.2498823529411764,0.5364705882352941,1.203907042244046,0.7106572087915877,0.017028803858575,0.694133245603387,0.0249596706952593,0.7177787627595613,0.0171067197136056,0.0367471391254201,-0.0303959358349348,0.5661176470588235,0.0127058823529411,0.4995890266621112,0.0144331002467092,0.7491764705882353,-0.0371764705882352,0.0894117647058823,-0.0084705882352941,0.2254117647058823,-0.0244705882352941,0.5237647058823529,-0.0127058823529412,1.2128086729436829,0.0089016306996367,3,global_qwk_low;mean_abs_error_high;severe_error_rate_high,True,cross_site_blend_50,0.7106572087915877,0.7106572087915877,0.017028803858575,0.0,0.694133245603387,0.694133245603387,0.0249596706952593,0.0,0.7177787627595613,0.7177787627595613,0.0171067197136056,0.0,0.5661176470588235,0.5661176470588235,0.0127058823529411,0.0,0.4995890266621112,0.4995890266621112,0.0144331002467092,0.0,only_worst_site_qwk_low,worst_site_qwk_low,,0,False,fedavg,0.6936284049330126,0.0,0.4851559264154019,0.0,0.6691735749081276,0.0,0.7006720430459557,0.0,0.5534117647058824,0.0
results\threshold_shift_panda_all_conservative_25_seed_53\predictions.csv,25,25,53,fedavg,cross_site_blend_50,0.7316496597962019,0.6920345176619945,0.7354807170169702,0.0837986543640098,0.5454117647058824,0.4823338060005934,0.7336470588235294,0.0767058823529411,0.1901176470588235,0.5435294117647059,1.2310987417430597,0.7229713415877923,-0.0086783182084095,0.6593399757389763,-0.0326945419230182,0.727922718917195,-0.0075579980997751,0.1214823750084715,0.0376837206444617,0.5397647058823529,-0.0056470588235294,0.4685537791958584,-0.013780026804735,0.764235294117647,0.0305882352941175,0.0856470588235294,0.0089411764705882,0.2235294117647059,0.0334117647058823,0.5407058823529411,-0.0028235294117647,1.2075136750952251,-0.0235850666478343,0,,False,fedavg,0.7316496597962019,0.7229713415877923,0.0,0.0086783182084095,0.6920345176619945,0.6593399757389763,0.0,0.0326945419230182,0.7354807170169702,0.727922718917195,0.0,0.0075579980997751,0.5454117647058824,0.5397647058823529,0.0,0.0056470588235294,0.4823338060005934,0.4685537791958584,0.0,0.013780026804735,only_worst_site_qwk_low,worst_site_qwk_low,,0,False,fedavg,0.7316496597962019,0.0,0.4823338060005934,0.0,0.6920345176619945,0.0,0.7354807170169702,0.0,0.5454117647058824,0.0
results\threshold_shift_panda_all_conservative_25_seed_59\predictions.csv,25,25,59,fedavg,cross_site_blend_50,0.7130305484700741,0.6612079399132254,0.698713381988005,0.082129330752713,0.5477647058823529,0.4751522542118595,0.7656470588235295,0.0837647058823529,0.2268235294117647,0.5388235294117647,1.205636548813257,0.719643867277798,0.0066133188077239,0.6697262220078097,0.0085182820945843,0.7043899558928096,0.0056765739048045,0.0820154074742807,-0.0001139232784322,0.5515294117647059,0.003764705882353,0.4820257199853272,0.0068734657734677,0.7529411764705882,-0.0127058823529412,0.0804705882352941,-0.0032941176470588,0.2437647058823529,0.0169411764705882,0.5091764705882353,-0.0296470588235293,1.228863320739206,0.0232267719259491,2,worst_site_qwk_low;mean_abs_error_high,False,fedavg,0.7130305484700741,0.719643867277798,0.0,-0.0066133188077239,0.6612079399132254,0.6697262220078097,0.0,-0.0085182820945843,0.698713381988005,0.7043899558928096,0.0,-0.0056765739048045,0.5477647058823529,0.5515294117647059,0.0,-0.003764705882353,0.4751522542118595,0.4820257199853272,0.0,-0.0068734657734677,only_worst_site_qwk_low,worst_site_qwk_low,worst_site_qwk_low,1,True,cross_site_blend_50,0.719643867277798,0.006613318807723978,0.4820257199853272,0.006873465773467646,0.6697262220078097,0.008518282094584384,0.7043899558928096,0.005676573904804583,0.5515294117647059,0.0037647058823530033
results\threshold_shift_panda_all_conservative_25_seed_7\predictions.csv,25,25,7,fedavg,cross_site_blend_50,0.6997779270476749,0.6417326646399318,0.7003320675905599,0.0868746166503496,0.5458823529411765,0.4716612753115737,0.772235294117647,0.0898823529411764,0.1604705882352941,0.611764705882353,1.206203934723883,0.7082913382042162,0.0085134111565412,0.6875498993370899,0.045817234697158,0.7133127869348994,0.0129807193443395,0.0590436693205357,-0.0278309473298139,0.563764705882353,0.0178823529411764,0.4971004508642561,0.0254391755526823,0.7407058823529412,-0.0315294117647058,0.0832941176470588,-0.0065882352941176,0.2061176470588235,0.0456470588235294,0.5345882352941177,-0.0771764705882352,1.2364279175971007,0.0302239828732173,4,global_qwk_low;worst_site_qwk_low;mean_abs_error_high;severe_error_rate_high,True,cross_site_blend_50,0.7082913382042162,0.7082913382042162,0.0085134111565412,0.0,0.6875498993370899,0.6875498993370899,0.045817234697158,0.0,0.7133127869348994,0.7133127869348994,0.0129807193443395,0.0,0.563764705882353,0.563764705882353,0.0178823529411764,0.0,0.4971004508642561,0.4971004508642561,0.0254391755526823,0.0,only_worst_site_qwk_low,worst_site_qwk_low,worst_site_qwk_low,1,True,cross_site_blend_50,0.7082913382042162,0.00851341115654125,0.4971004508642561,0.02543917555268238,0.6875498993370899,0.04581723469715804,0.7133127869348994,0.01298071934433953,0.563764705882353,0.01788235294117646
results\threshold_shift_panda_all_conservative_35_seed_11\predictions.csv,35,35,11,fedavg,cross_site_blend_50,0.7241025289932075,0.7041524030739115,0.7285246757959772,0.055110935899844,0.5336470588235294,0.4603222076775293,0.7444705882352941,0.0738823529411764,0.1425882352941176,0.6018823529411764,1.2194319461014094,0.7286098049351841,0.0045072759419766,0.7048289401573158,0.0006765370834043,0.7390256683110602,0.0105009925150829,0.0540562108771789,-0.0010547250226651,0.5458823529411765,0.0122352941176471,0.4730708481708514,0.012748640493322,0.7341176470588235,-0.0103529411764705,0.0743529411764706,0.0004705882352941,0.1854117647058823,0.0428235294117647,0.5487058823529412,-0.0531764705882352,1.2251364001053593,0.0057044540039499,0,,False,fedavg,0.7241025289932075,0.7286098049351841,0.0,-0.0045072759419766,0.7041524030739115,0.7048289401573158,0.0,-0.0006765370834043,0.7285246757959772,0.7390256683110602,0.0,-0.0105009925150829,0.5336470588235294,0.5458823529411765,0.0,-0.0122352941176471,0.4603222076775293,0.4730708481708514,0.0,-0.012748640493322,only_worst_site_qwk_low,worst_site_qwk_low,,0,False,fedavg,0.7241025289932075,0.0,0.4603222076775293,0.0,0.7041524030739115,0.0,0.7285246757959772,0.0,0.5336470588235294,0.0
results\threshold_shift_panda_all_conservative_35_seed_123\predictions.csv,35,35,123,fedavg,cross_site_blend_50,0.7008120381304861,0.6415110661876857,0.697531397710042,0.0982795917259411,0.532235294117647,0.4574705593495003,0.7849411764705883,0.0875294117647058,0.2009411764705882,0.584,1.2611656449015984,0.7269069025420316,0.0260948644115455,0.6794004503871789,0.0378893841994931,0.7237739253622082,0.0262425276521661,0.0901034617497356,-0.0081761299762055,0.5444705882352942,0.0122352941176471,0.4786428584290986,0.0211722990795983,0.7501176470588236,-0.0348235294117647,0.0776470588235294,-0.0098823529411764,0.2592941176470588,0.0583529411764706,0.4908235294117647,-0.0931764705882352,1.2286715096175744,-0.032494135284024,4,global_qwk_low;worst_site_qwk_low;mean_abs_error_high;severe_error_rate_high,True,cross_site_blend_50,0.7269069025420316,0.7269069025420316,0.0260948644115455,0.0,0.6794004503871789,0.6794004503871789,0.0378893841994931,0.0,0.7237739253622082,0.7237739253622082,0.0262425276521661,0.0,0.5444705882352942,0.5444705882352942,0.0122352941176471,0.0,0.4786428584290986,0.4786428584290986,0.0211722990795983,0.0,only_worst_site_qwk_low,worst_site_qwk_low,worst_site_qwk_low,1,True,cross_site_blend_50,0.7269069025420316,0.026094864411545515,0.4786428584290986,0.021172299079598278,0.6794004503871789,0.03788938419949317,0.7237739253622082,0.02624252765216617,0.5444705882352942,0.012235294117647122
results\threshold_shift_panda_all_conservative_35_seed_17\predictions.csv,35,35,17,fedavg,cross_site_blend_50,0.7156175045507729,0.662600406948435,0.6983166532576419,0.0911840083457815,0.5256470588235295,0.4553905734474262,0.7731764705882352,0.0767058823529411,0.1797647058823529,0.5934117647058823,1.238334154748132,0.7108784951497062,-0.0047390094010666,0.6478945756677357,-0.0147058312806993,0.6950529756936927,-0.0032636775639491,0.0984968352422668,0.0073128268964852,0.5407058823529411,0.0150588235294116,0.4738092183773791,0.0184186449299529,0.7576470588235295,-0.0155294117647057,0.0767058823529411,0.0,0.1614117647058823,-0.0183529411764705,0.5962352941176471,0.0028235294117647,1.2314981011120003,-0.0068360536361318,2,worst_site_qwk_low;mean_abs_error_high,False,fedavg,0.7156175045507729,0.7108784951497062,0.0,0.0047390094010666,0.662600406948435,0.6478945756677357,0.0,0.0147058312806993,0.6983166532576419,0.6950529756936927,0.0,0.0032636775639491,0.5256470588235295,0.5407058823529411,0.0,-0.0150588235294116,0.4553905734474262,0.4738092183773791,0.0,-0.0184186449299529,only_worst_site_qwk_low,worst_site_qwk_low,worst_site_qwk_low,1,True,cross_site_blend_50,0.7108784951497062,-0.004739009401066641,0.4738092183773791,0.018418644929952932,0.6478945756677357,-0.014705831280699355,0.6950529756936927,-0.0032636775639491855,0.5407058823529411,0.01505882352941168
results\threshold_shift_panda_all_conservative_35_seed_2025\predictions.csv,35,35,2025,fedavg,cross_site_blend_50,0.6807281930157466,0.6555318322663316,0.6810694037359211,0.043317625483436,0.5289411764705882,0.4536186046377839,0.8103529411764706,0.0978823529411764,0.216,0.5943529411764706,1.221732048158023,0.6843497880677879,0.0036215950520412,0.6713782370321215,0.0158464047657899,0.6886384962515921,0.007569092515671,0.0564340284703003,0.0131164029868642,0.5392941176470588,0.0103529411764705,0.4562819945143608,0.0026633898765768,0.7995294117647059,-0.0108235294117646,0.096,-0.0018823529411764,0.2367058823529411,0.0207058823529411,0.5628235294117647,-0.0315294117647059,1.2331664369495556,0.0114343887915326,4,global_qwk_low;worst_site_qwk_low;mean_abs_error_high;severe_error_rate_high,True,cross_site_blend_50,0.6843497880677879,0.6843497880677879,0.0036215950520412,0.0,0.6713782370321215,0.6713782370321215,0.0158464047657899,0.0,0.6886384962515921,0.6886384962515921,0.007569092515671,0.0,0.5392941176470588,0.5392941176470588,0.0103529411764705,0.0,0.4562819945143608,0.4562819945143608,0.0026633898765768,0.0,only_worst_site_qwk_low,worst_site_qwk_low,worst_site_qwk_low,1,True,cross_site_blend_50,0.6843497880677879,0.003621595052041293,0.4562819945143608,0.0026633898765768826,0.6713782370321215,0.015846404765789912,0.6886384962515921,0.007569092515671061,0.5392941176470588,0.010352941176470565
results\threshold_shift_panda_all_conservative_35_seed_23\predictions.csv,35,35,23,fedavg,cross_site_blend_50,0.6817054931979193,0.6489528417707806,0.6975572303865987,0.119148092428158,0.5284705882352941,0.450867585684515,0.808,0.0931764705882352,0.1769411764705882,0.6310588235294118,1.1892046987633955,0.6817857870178419,8.029381992258333e-05,0.6388311572868921,-0.0101216844838885,0.7033775320945139,0.0058203017079152,0.1359653259433261,0.016817233515168,0.5369411764705883,0.0084705882352941,0.4639569043661534,0.0130893186816383,0.8032941176470588,-0.0047058823529412,0.0988235294117647,0.0056470588235294,0.1830588235294117,0.0061176470588235,0.6202352941176471,-0.0108235294117646,1.1863130684906258,-0.0028916302727697,5,global_qwk_low;worst_site_qwk_low;site_qwk_spread_high;mean_abs_error_high;severe_error_rate_high,True,cross_site_blend_50,0.6817857870178419,0.6817857870178419,8.029381992258333e-05,0.0,0.6388311572868921,0.6388311572868921,-0.0101216844838885,0.0,0.7033775320945139,0.7033775320945139,0.0058203017079152,0.0,0.5369411764705883,0.5369411764705883,0.0084705882352941,0.0,0.4639569043661534,0.4639569043661534,0.0130893186816383,0.0,only_worst_site_qwk_low,worst_site_qwk_low,worst_site_qwk_low,1,True,cross_site_blend_50,0.6817857870178419,8.029381992258333e-05,0.4639569043661534,0.013089318681638373,0.6388311572868921,-0.010121684483888505,0.7033775320945139,0.005820301707915254,0.5369411764705883,0.008470588235294119
results\threshold_shift_panda_all_conservative_35_seed_29\predictions.csv,35,35,29,fedavg,cross_site_blend_50,0.7097904464951998,0.6662235221129132,0.7027673894900931,0.0632234981290861,0.540235294117647,0.4686042926591569,0.7694117647058824,0.0847058823529411,0.1727058823529411,0.5967058823529412,1.1890188545410898,0.7115535846956935,0.0017631382004936,0.6521589565004311,-0.0140645656124821,0.7032466256615588,0.0004792361714657,0.087725917623988,0.0245024194949019,0.552,0.011764705882353,0.4828868782856773,0.0142825856265204,0.7524705882352941,-0.0169411764705882,0.0832941176470588,-0.0014117647058823,0.1934117647058823,0.0207058823529411,0.5590588235294117,-0.0376470588235294,1.2192419668339496,0.0302231122928597,2,worst_site_qwk_low;mean_abs_error_high,False,fedavg,0.7097904464951998,0.7115535846956935,0.0,-0.0017631382004936,0.6662235221129132,0.6521589565004311,0.0,0.0140645656124821,0.7027673894900931,0.7032466256615588,0.0,-0.0004792361714657,0.540235294117647,0.552,0.0,-0.011764705882353,0.4686042926591569,0.4828868782856773,0.0,-0.0142825856265204,only_worst_site_qwk_low,worst_site_qwk_low,worst_site_qwk_low,1,True,cross_site_blend_50,0.7115535846956935,0.0017631382004936746,0.4828868782856773,0.014282585626520405,0.6521589565004311,-0.01406456561248215,0.7032466256615588,0.0004792361714657245,0.552,0.01176470588235301
results\threshold_shift_panda_all_conservative_35_seed_31\predictions.csv,35,35,31,fedavg,cross_site_blend_50,0.7007418973821561,0.6567343710782665,0.7054236189010938,0.0785465680739873,0.5303529411764706,0.4586274484143005,0.7637647058823529,0.0804705882352941,0.1778823529411764,0.5858823529411765,1.232779963720776,0.6984447992506222,-0.0022970981315338,0.6721370521131433,0.0154026810348768,0.7097259210937535,0.0043023021926597,0.0575256745329062,-0.021020893541081,0.5312941176470588,0.0009411764705882,0.4613398371291848,0.0027123887148843,0.7905882352941176,0.0268235294117646,0.0884705882352941,0.008,0.236235294117647,0.0583529411764706,0.5543529411764706,-0.0315294117647059,1.2149405922160483,-0.0178393715047278,3,global_qwk_low;worst_site_qwk_low;mean_abs_error_high,True,cross_site_blend_50,0.6984447992506222,0.6984447992506222,-0.0022970981315338,0.0,0.6721370521131433,0.6721370521131433,0.0154026810348768,0.0,0.7097259210937535,0.7097259210937535,0.0043023021926597,0.0,0.5312941176470588,0.5312941176470588,0.0009411764705882,0.0,0.4613398371291848,0.4613398371291848,0.0027123887148843,0.0,only_worst_site_qwk_low,worst_site_qwk_low,worst_site_qwk_low,1,True,cross_site_blend_50,0.6984447992506222,-0.0022970981315338923,0.4613398371291848,0.0027123887148843284,0.6721370521131433,0.015402681034876853,0.7097259210937535,0.004302302192659702,0.5312941176470588,0.0009411764705882231
results\threshold_shift_panda_all_conservative_35_seed_37\predictions.csv,35,35,37,fedavg,cross_site_blend_50,0.6881570111379685,0.6753917200032407,0.6931063763738259,0.0480626294431818,0.5374117647058824,0.4783017867321298,0.780235294117647,0.0894117647058823,0.168,0.6122352941176471,1.1881799999568676,0.7088559872909906,0.0206989761530221,0.7005886411526676,0.0251969211494269,0.7091999311672879,0.0160935547934619,0.0179046574244339,-0.0301579720187479,0.5501176470588235,0.0127058823529411,0.4807607288988407,0.0024589421667108,0.7614117647058823,-0.0188235294117646,0.0875294117647058,-0.0018823529411764,0.1981176470588235,0.0301176470588235,0.5632941176470588,-0.0489411764705882,1.2618641650555706,0.073684165098703,3,global_qwk_low;mean_abs_error_high;severe_error_rate_high,True,cross_site_blend_50,0.7088559872909906,0.7088559872909906,0.0206989761530221,0.0,0.7005886411526676,0.7005886411526676,0.0251969211494269,0.0,0.7091999311672879,0.7091999311672879,0.0160935547934619,0.0,0.5501176470588235,0.5501176470588235,0.0127058823529411,0.0,0.4807607288988407,0.4807607288988407,0.0024589421667108,0.0,only_worst_site_qwk_low,worst_site_qwk_low,,0,False,fedavg,0.6881570111379685,0.0,0.4783017867321298,0.0,0.6753917200032407,0.0,0.6931063763738259,0.0,0.5374117647058824,0.0
results\threshold_shift_panda_all_conservative_35_seed_41\predictions.csv,35,35,41,fedavg,cross_site_blend_50,0.7113097901595187,0.6734327929995696,0.7237520313373309,0.121717904643702,0.5463529411764706,0.4799819319597888,0.7548235294117647,0.0776470588235294,0.1811764705882353,0.5736470588235294,1.2056767326949895,0.719471196172685,0.0081614060131662,0.6730135092011488,-0.0004192837984208,0.7303581616493352,0.0066061303120042,0.1303923017539611,0.008674397110259,0.5416470588235294,-0.0047058823529412,0.4637752881006425,-0.0162066438591463,0.7534117647058823,-0.0014117647058823,0.0776470588235294,0.0,0.1952941176470588,0.0141176470588235,0.5581176470588235,-0.0155294117647059,1.2143684094040363,0.0086916767090468,2,site_qwk_spread_high;mean_abs_error_high,False,fedavg,0.7113097901595187,0.719471196172685,0.0,-0.0081614060131662,0.6734327929995696,0.6730135092011488,0.0,0.0004192837984208,0.7237520313373309,0.7303581616493352,0.0,-0.0066061303120042,0.5463529411764706,0.5416470588235294,0.0,0.0047058823529412,0.4799819319597888,0.4637752881006425,0.0,0.0162066438591463,only_worst_site_qwk_low,worst_site_qwk_low,,0,False,fedavg,0.7113097901595187,0.0,0.4799819319597888,0.0,0.6734327929995696,0.0,0.7237520313373309,0.0,0.5463529411764706,0.0
results\threshold_shift_panda_all_conservative_35_seed_42\predictions.csv,35,35,42,fedavg,cross_site_blend_50,0.6756849335913802,0.6353615299085036,0.6925201467229715,0.1310682876157862,0.536,0.4644619166746092,0.792,0.0894117647058823,0.1543529411764705,0.6376470588235295,1.224289945414343,0.6894884384239218,0.0138035048325416,0.6669725170550318,0.0316109871465282,0.6993536527466236,0.0068335060236521,0.0618142421004909,-0.0692540455152953,0.5510588235294117,0.0150588235294116,0.4887452064509185,0.0242832897763093,0.768,-0.024,0.0894117647058823,0.0,0.1741176470588235,0.0197647058823529,0.5938823529411764,-0.043764705882353,1.210178393635258,-0.014111551779085,5,global_qwk_low;worst_site_qwk_low;site_qwk_spread_high;mean_abs_error_high;severe_error_rate_high,True,cross_site_blend_50,0.6894884384239218,0.6894884384239218,0.0138035048325416,0.0,0.6669725170550318,0.6669725170550318,0.0316109871465282,0.0,0.6993536527466236,0.6993536527466236,0.0068335060236521,0.0,0.5510588235294117,0.5510588235294117,0.0150588235294116,0.0,0.4887452064509185,0.4887452064509185,0.0242832897763093,0.0,only_worst_site_qwk_low,worst_site_qwk_low,worst_site_qwk_low,1,True,cross_site_blend_50,0.6894884384239218,0.013803504832541669,0.4887452064509185,0.024283289776309336,0.6669725170550318,0.03161098714652821,0.6993536527466236,0.0068335060236521805,0.5510588235294117,0.01505882352941168
results\threshold_shift_panda_all_conservative_35_seed_43\predictions.csv,35,35,43,fedavg,cross_site_blend_50,0.7243710362103042,0.6957735339954874,0.7233928968414869,0.0581241993214474,0.5411764705882353,0.4743099103943904,0.7548235294117647,0.0776470588235294,0.1849411764705882,0.5698823529411765,1.19096471275959,0.727587704567845,0.0032166683575408,0.7141744782952756,0.0184009442997882,0.7280030301481822,0.0046101333066953,0.024354381203459,-0.0337698181179884,0.5576470588235294,0.0164705882352941,0.4963415130623081,0.0220316026679177,0.728,-0.0268235294117646,0.0757647058823529,-0.0018823529411764,0.1863529411764705,0.0014117647058823,0.5416470588235294,-0.0282352941176471,1.253319658952319,0.062354946192729,1,mean_abs_error_high,False,fedavg,0.7243710362103042,0.727587704567845,0.0,-0.0032166683575408,0.6957735339954874,0.7141744782952756,0.0,-0.0184009442997882,0.7233928968414869,0.7280030301481822,0.0,-0.0046101333066953,0.5411764705882353,0.5576470588235294,0.0,-0.0164705882352941,0.4743099103943904,0.4963415130623081,0.0,-0.0220316026679177,only_worst_site_qwk_low,worst_site_qwk_low,,0,False,fedavg,0.7243710362103042,0.0,0.4743099103943904,0.0,0.6957735339954874,0.0,0.7233928968414869,0.0,0.5411764705882353,0.0
results\threshold_shift_panda_all_conservative_35_seed_47\predictions.csv,35,35,47,fedavg,cross_site_blend_50,0.6921737812192412,0.6538064261416063,0.7020314672875764,0.0848993069725201,0.5298823529411765,0.4594810361790215,0.8004705882352942,0.0941176470588235,0.2254117647058823,0.5750588235294117,1.2166343312159058,0.6985148818152267,0.0063411005959854,0.6806512543888461,0.0268448282472397,0.7065425962205635,0.0045111289329871,0.0411207590642284,-0.0437785479082917,0.5538823529411765,0.024,0.4823224745876996,0.0228414384086781,0.772235294117647,-0.0282352941176471,0.0889411764705882,-0.0051764705882352,0.2188235294117647,-0.0065882352941176,0.5534117647058824,-0.0216470588235293,1.2207361889290396,0.0041018577131337,4,global_qwk_low;worst_site_qwk_low;mean_abs_error_high;severe_error_rate_high,True,cross_site_blend_50,0.6985148818152267,0.6985148818152267,0.0063411005959854,0.0,0.6806512543888461,0.6806512543888461,0.0268448282472397,0.0,0.7065425962205635,0.7065425962205635,0.0045111289329871,0.0,0.5538823529411765,0.5538823529411765,0.024,0.0,0.4823224745876996,0.4823224745876996,0.0228414384086781,0.0,only_worst_site_qwk_low,worst_site_qwk_low,worst_site_qwk_low,1,True,cross_site_blend_50,0.6985148818152267,0.006341100595985472,0.4823224745876996,0.02284143840867814,0.6806512543888461,0.02684482824723977,0.7065425962205635,0.004511128932987107,0.5538823529411765,0.02400000000000002
results\threshold_shift_panda_all_conservative_35_seed_53\predictions.csv,35,35,53,fedavg,cross_site_blend_50,0.7220044444993801,0.6893711996389367,0.7283130832458101,0.0732320067083412,0.5416470588235294,0.475308711273759,0.7501176470588236,0.0814117647058823,0.1745882352941176,0.5755294117647058,1.2470530666116162,0.717561349932142,-0.004443094567238,0.6569645223976546,-0.0324066772412821,0.722569893267072,-0.0057431899787381,0.1146446391528314,0.0414126324444901,0.5284705882352941,-0.0131764705882352,0.450925928543104,-0.024382782730655,0.7821176470588236,0.032,0.0865882352941176,0.0051764705882352,0.2136470588235294,0.0390588235294117,0.5684705882352942,-0.0070588235294116,1.213103565384407,-0.0339495012272093,1,mean_abs_error_high,False,fedavg,0.7220044444993801,0.717561349932142,0.0,0.004443094567238,0.6893711996389367,0.6569645223976546,0.0,0.0324066772412821,0.7283130832458101,0.722569893267072,0.0,0.0057431899787381,0.5416470588235294,0.5284705882352941,0.0,0.0131764705882352,0.475308711273759,0.450925928543104,0.0,0.024382782730655,only_worst_site_qwk_low,worst_site_qwk_low,,0,False,fedavg,0.7220044444993801,0.0,0.475308711273759,0.0,0.6893711996389367,0.0,0.7283130832458101,0.0,0.5416470588235294,0.0
results\threshold_shift_panda_all_conservative_35_seed_59\predictions.csv,35,35,59,fedavg,cross_site_blend_50,0.7100777412130561,0.6429990356369907,0.6901337869423715,0.105887289059677,0.5435294117647059,0.471341301659099,0.7717647058823529,0.0851764705882353,0.1952941176470588,0.5764705882352941,1.2240254947685616,0.7116016939956201,0.001523952782564,0.6370567174716034,-0.0059423181653872,0.6934241099992058,0.0032903230568342,0.1132789288326377,0.0073916397729607,0.5534117647058824,0.0098823529411764,0.4825955569744076,0.0112542553153086,0.7604705882352941,-0.0112941176470587,0.0818823529411764,-0.0032941176470588,0.2141176470588235,0.0188235294117647,0.5463529411764706,-0.0301176470588234,1.238746797482302,0.0147213027137405,3,worst_site_qwk_low;site_qwk_spread_high;mean_abs_error_high,True,cross_site_blend_50,0.7116016939956201,0.7116016939956201,0.001523952782564,0.0,0.6370567174716034,0.6370567174716034,-0.0059423181653872,0.0,0.6934241099992058,0.6934241099992058,0.0032903230568342,0.0,0.5534117647058824,0.5534117647058824,0.0098823529411764,0.0,0.4825955569744076,0.4825955569744076,0.0112542553153086,0.0,only_worst_site_qwk_low,worst_site_qwk_low,worst_site_qwk_low,1,True,cross_site_blend_50,0.7116016939956201,0.0015239527825640087,0.4825955569744076,0.011254255315308603,0.6370567174716034,-0.005942318165387261,0.6934241099992058,0.003290323056834299,0.5534117647058824,0.009882352941176453
results\threshold_shift_panda_all_conservative_35_seed_7\predictions.csv,35,35,7,fedavg,cross_site_blend_50,0.6942774894031114,0.6443874347078955,0.6975829421396949,0.0858773052027235,0.5374117647058824,0.4603144780205284,0.7849411764705883,0.0903529411764706,0.1552941176470588,0.6296470588235294,1.2142426451106132,0.7056756010856606,0.0113981116825492,0.6562957385838117,0.0119083038759162,0.7117153467248711,0.0141324045851762,0.1079768212688585,0.022099516066135,0.5529411764705883,0.0155294117647059,0.4856018793440087,0.0252874013234802,0.7529411764705882,-0.032,0.0870588235294117,-0.0032941176470588,0.1868235294117647,0.0315294117647058,0.5661176470588235,-0.0635294117647059,1.2264807032274183,0.0122380581168053,4,global_qwk_low;worst_site_qwk_low;mean_abs_error_high;severe_error_rate_high,True,cross_site_blend_50,0.7056756010856606,0.7056756010856606,0.0113981116825492,0.0,0.6562957385838117,0.6562957385838117,0.0119083038759162,0.0,0.7117153467248711,0.7117153467248711,0.0141324045851762,0.0,0.5529411764705883,0.5529411764705883,0.0155294117647059,0.0,0.4856018793440087,0.4856018793440087,0.0252874013234802,0.0,only_worst_site_qwk_low,worst_site_qwk_low,worst_site_qwk_low,1,True,cross_site_blend_50,0.7056756010856606,0.011398111682549228,0.4856018793440087,0.02528740132348034,0.6562957385838117,0.011908303875916237,0.7117153467248711,0.014132404585176284,0.5529411764705883,0.015529411764705903
results\threshold_shift_panda_all_conservative_45_seed_11\predictions.csv,45,45,11,fedavg,cross_site_blend_50,0.7186645880399637,0.6983115957788266,0.7269082996176406,0.0565871762874488,0.5256470588235295,0.4458322751590808,0.7581176470588236,0.0705882352941176,0.1327058823529411,0.6254117647058823,1.2047639969635384,0.7279402531602377,0.009275665120274,0.6982601754864977,-5.142029232896306e-05,0.7413890565436128,0.0144807569259721,0.0733651753637983,0.0167779990763495,0.5491764705882353,0.0235294117647058,0.4756956220330177,0.0298633468739368,0.7265882352941176,-0.0315294117647059,0.0752941176470588,0.0047058823529411,0.1656470588235294,0.0329411764705882,0.5609411764705883,-0.064470588235294,1.228324298388084,0.0235603014245455,1,mean_abs_error_high,False,fedavg,0.7186645880399637,0.7279402531602377,0.0,-0.009275665120274,0.6983115957788266,0.6982601754864977,0.0,5.142029232896306e-05,0.7269082996176406,0.7413890565436128,0.0,-0.0144807569259721,0.5256470588235295,0.5491764705882353,0.0,-0.0235294117647058,0.4458322751590808,0.4756956220330177,0.0,-0.0298633468739368,only_worst_site_qwk_low,worst_site_qwk_low,,0,False,fedavg,0.7186645880399637,0.0,0.4458322751590808,0.0,0.6983115957788266,0.0,0.7269082996176406,0.0,0.5256470588235295,0.0
results\threshold_shift_panda_all_conservative_45_seed_123\predictions.csv,45,45,123,fedavg,cross_site_blend_50,0.6842525827854697,0.6443909272024675,0.6827482723486302,0.0739910587963851,0.512,0.4354754690015998,0.8084705882352942,0.0912941176470588,0.1647058823529411,0.6437647058823529,1.25651402768541,0.7276041522412715,0.0433515694558017,0.6793432674370103,0.0349523402345428,0.7197759974251865,0.0370277250765562,0.0794422259562985,0.0054511671599134,0.5421176470588235,0.0301176470588234,0.4722981845450189,0.036822715543419,0.7463529411764706,-0.0621176470588236,0.0767058823529411,-0.0145882352941176,0.2381176470588235,0.0734117647058823,0.508235294117647,-0.1355294117647059,1.2447748699019268,-0.0117391577834833,4,global_qwk_low;worst_site_qwk_low;mean_abs_error_high;severe_error_rate_high,True,cross_site_blend_50,0.7276041522412715,0.7276041522412715,0.0433515694558017,0.0,0.6793432674370103,0.6793432674370103,0.0349523402345428,0.0,0.7197759974251865,0.7197759974251865,0.0370277250765562,0.0,0.5421176470588235,0.5421176470588235,0.0301176470588234,0.0,0.4722981845450189,0.4722981845450189,0.036822715543419,0.0,only_worst_site_qwk_low,worst_site_qwk_low,worst_site_qwk_low,1,True,cross_site_blend_50,0.7276041522412715,0.043351569455801764,0.4722981845450189,0.03682271554341909,0.6793432674370103,0.034952340234542856,0.7197759974251865,0.03702772507655627,0.5421176470588235,0.03011764705882347
results\threshold_shift_panda_all_conservative_45_seed_17\predictions.csv,45,45,17,fedavg,cross_site_blend_50,0.7047611051305348,0.645220573180699,0.6905945451901226,0.0909757587087569,0.5129411764705882,0.4388248410063545,0.7943529411764706,0.0781176470588235,0.1477647058823529,0.6465882352941177,1.2398184894957895,0.7077247854813571,0.0029636803508222,0.6417517990615361,-0.0034687741191629,0.6917447783051633,0.0011502331150406,0.1018123133312761,0.0108365546225192,0.5289411764705882,0.016,0.4601461090491274,0.0213212680427729,0.7684705882352941,-0.0258823529411764,0.0785882352941176,0.0004705882352941,0.1609411764705882,0.0131764705882352,0.6075294117647059,-0.0390588235294118,1.2388539655751256,-0.0009645239206639,2,worst_site_qwk_low;mean_abs_error_high,False,fedavg,0.7047611051305348,0.7077247854813571,0.0,-0.0029636803508222,0.645220573180699,0.6417517990615361,0.0,0.0034687741191629,0.6905945451901226,0.6917447783051633,0.0,-0.0011502331150406,0.5129411764705882,0.5289411764705882,0.0,-0.016,0.4388248410063545,0.4601461090491274,0.0,-0.0213212680427729,only_worst_site_qwk_low,worst_site_qwk_low,worst_site_qwk_low,1,True,cross_site_blend_50,0.7077247854813571,0.002963680350822284,0.4601461090491274,0.0213212680427729,0.6417517990615361,-0.0034687741191629096,0.6917447783051633,0.0011502331150406997,0.5289411764705882,0.016000000000000014
results\threshold_shift_panda_all_conservative_45_seed_2025\predictions.csv,45,45,2025,fedavg,cross_site_blend_50,0.6513178987545161,0.6357395844743857,0.6550728682482759,0.0617910715279269,0.512,0.4213510266509179,0.8465882352941176,0.1021176470588235,0.1689411764705882,0.6776470588235294,1.2398197962944426,0.6916847406111084,0.0403668418565923,0.6475384686313133,0.0117988841569275,0.6929907323339558,0.0379178640856798,0.0791388873452907,0.0173478158173637,0.5251764705882352,0.0131764705882352,0.4405144881551974,0.0191634615042795,0.7995294117647059,-0.0470588235294117,0.0908235294117647,-0.0112941176470588,0.2188235294117647,0.0498823529411764,0.5807058823529412,-0.0969411764705882,1.2347401108882392,-0.0050796854062034,4,global_qwk_low;worst_site_qwk_low;mean_abs_error_high;severe_error_rate_high,True,cross_site_blend_50,0.6916847406111084,0.6916847406111084,0.0403668418565923,0.0,0.6475384686313133,0.6475384686313133,0.0117988841569275,0.0,0.6929907323339558,0.6929907323339558,0.0379178640856798,0.0,0.5251764705882352,0.5251764705882352,0.0131764705882352,0.0,0.4405144881551974,0.4405144881551974,0.0191634615042795,0.0,only_worst_site_qwk_low,worst_site_qwk_low,worst_site_qwk_low,1,True,cross_site_blend_50,0.6916847406111084,0.04036684185659234,0.4405144881551974,0.0191634615042795,0.6475384686313133,0.011798884156927536,0.6929907323339558,0.037917864085679875,0.5251764705882352,0.013176470588235234
results\threshold_shift_panda_all_conservative_45_seed_23\predictions.csv,45,45,23,fedavg,cross_site_blend_50,0.6689702161873159,0.6278285098051922,0.6892648974635475,0.1249900734371944,0.5256470588235295,0.4501728064200315,0.8169411764705883,0.0974117647058823,0.1487058823529412,0.668235294117647,1.223265605185007,0.6811832732447068,0.0122130570573909,0.6330609816469177,0.0052324718417254,0.7044609882881547,0.0151960908246072,0.1447019826986322,0.0197119092614377,0.5383529411764706,0.0127058823529411,0.4677176487867743,0.0175448423667428,0.7981176470588235,-0.0188235294117647,0.0974117647058823,0.0,0.1632941176470588,0.0145882352941176,0.6348235294117647,-0.0334117647058823,1.1950156635017095,-0.0282499416832973,5,global_qwk_low;worst_site_qwk_low;site_qwk_spread_high;mean_abs_error_high;severe_error_rate_high,True,cross_site_blend_50,0.6811832732447068,0.6811832732447068,0.0122130570573909,0.0,0.6330609816469177,0.6330609816469177,0.0052324718417254,0.0,0.7044609882881547,0.7044609882881547,0.0151960908246072,0.0,0.5383529411764706,0.5383529411764706,0.0127058823529411,0.0,0.4677176487867743,0.4677176487867743,0.0175448423667428,0.0,only_worst_site_qwk_low,worst_site_qwk_low,worst_site_qwk_low,1,True,cross_site_blend_50,0.6811832732447068,0.012213057057390952,0.4677176487867743,0.017544842366742808,0.6330609816469177,0.005232471841725483,0.7044609882881547,0.015196090824607267,0.5383529411764706,0.012705882352941122
results\threshold_shift_panda_all_conservative_45_seed_29\predictions.csv,45,45,29,fedavg,cross_site_blend_50,0.7027122701678348,0.6593035575542109,0.6983248374194991,0.0674032162340082,0.5218823529411765,0.4494435876297903,0.7905882352941176,0.088,0.1576470588235294,0.6329411764705882,1.196903554445906,0.7083737182341829,0.0056614480663481,0.6553674973311827,-0.0039360602230281,0.7033051263106922,0.004980288891193,0.0885817534051347,0.0211785371711265,0.5468235294117647,0.0249411764705882,0.4791428742323236,0.0296992866025332,0.7585882352941177,-0.0319999999999999,0.084235294117647,-0.0037647058823529,0.1830588235294117,0.0254117647058823,0.5755294117647058,-0.0574117647058823,1.2174418629639214,0.0205383085180153,4,global_qwk_low;worst_site_qwk_low;mean_abs_error_high;severe_error_rate_high,True,cross_site_blend_50,0.7083737182341829,0.7083737182341829,0.0056614480663481,0.0,0.6553674973311827,0.6553674973311827,-0.0039360602230281,0.0,0.7033051263106922,0.7033051263106922,0.004980288891193,0.0,0.5468235294117647,0.5468235294117647,0.0249411764705882,0.0,0.4791428742323236,0.4791428742323236,0.0296992866025332,0.0,only_worst_site_qwk_low,worst_site_qwk_low,worst_site_qwk_low,1,True,cross_site_blend_50,0.7083737182341829,0.0056614480663481626,0.4791428742323236,0.029699286602533292,0.6553674973311827,-0.0039360602230281705,0.7033051263106922,0.004980288891193063,0.5468235294117647,0.024941176470588244
results\threshold_shift_panda_all_conservative_45_seed_31\predictions.csv,45,45,31,fedavg,cross_site_blend_50,0.6907445542033991,0.6478213865592243,0.697022671132488,0.0990737087116392,0.5209411764705882,0.4467296226169241,0.7783529411764706,0.0809411764705882,0.156235294117647,0.6221176470588236,1.241704937493638,0.7010929147350812,0.010348360531682,0.6782066835699941,0.0303852970107698,0.7110580444059729,0.0140353732734849,0.063455555044703,-0.0356181536669362,0.5378823529411765,0.0169411764705882,0.4778400687043871,0.031110446087463,0.7807058823529411,0.0023529411764705,0.0884705882352941,0.0075294117647058,0.2258823529411764,0.0696470588235294,0.5548235294117647,-0.0672941176470588,1.2281036756811077,-0.0136012618125302,3,global_qwk_low;worst_site_qwk_low;mean_abs_error_high,True,cross_site_blend_50,0.7010929147350812,0.7010929147350812,0.010348360531682,0.0,0.6782066835699941,0.6782066835699941,0.0303852970107698,0.0,0.7110580444059729,0.7110580444059729,0.0140353732734849,0.0,0.5378823529411765,0.5378823529411765,0.0169411764705882,0.0,0.4778400687043871,0.4778400687043871,0.031110446087463,0.0,only_worst_site_qwk_low,worst_site_qwk_low,worst_site_qwk_low,1,True,cross_site_blend_50,0.7010929147350812,0.010348360531682088,0.4778400687043871,0.031110446087462995,0.6782066835699941,0.030385297010769863,0.7110580444059729,0.014035373273484919,0.5378823529411765,0.016941176470588237
results\threshold_shift_panda_all_conservative_45_seed_37\predictions.csv,45,45,37,fedavg,cross_site_blend_50,0.6718398316224687,0.6566294013012368,0.6776751902752847,0.0577402918144898,0.5134117647058823,0.4501286620132132,0.8178823529411765,0.0941176470588235,0.1454117647058823,0.6724705882352942,1.1877916427116788,0.6989889494547878,0.0271491178323191,0.6798369892493196,0.0232075879480827,0.7028944926747505,0.0252193023994657,0.0388444897333896,-0.0188958020811002,0.5383529411764706,0.0249411764705882,0.4679482987007382,0.0178196366875249,0.7778823529411765,-0.04,0.0903529411764706,-0.0037647058823529,0.1910588235294117,0.0456470588235294,0.5868235294117647,-0.0856470588235294,1.2612150037606646,0.0734233610489858,4,global_qwk_low;worst_site_qwk_low;mean_abs_error_high;severe_error_rate_high,True,cross_site_blend_50,0.6989889494547878,0.6989889494547878,0.0271491178323191,0.0,0.6798369892493196,0.6798369892493196,0.0232075879480827,0.0,0.7028944926747505,0.7028944926747505,0.0252193023994657,0.0,0.5383529411764706,0.5383529411764706,0.0249411764705882,0.0,0.4679482987007382,0.4679482987007382,0.0178196366875249,0.0,only_worst_site_qwk_low,worst_site_qwk_low,worst_site_qwk_low,1,True,cross_site_blend_50,0.6989889494547878,0.027149117832319103,0.4679482987007382,0.017819636687524953,0.6798369892493196,0.023207587948082753,0.7028944926747505,0.025219302399465793,0.5383529411764706,0.024941176470588244
results\threshold_shift_panda_all_conservative_45_seed_41\predictions.csv,45,45,41,fedavg,cross_site_blend_50,0.7123796898843978,0.6477160424225139,0.7230280654793807,0.1493724689112257,0.532235294117647,0.4576524733917275,0.7595294117647059,0.0752941176470588,0.1689411764705882,0.5905882352941176,1.216875668403408,0.7108887383352965,-0.0014909515491012,0.6681257448384706,0.0204097024159567,0.7194995869173381,-0.0035284785620426,0.1343608083755315,-0.0150116605356941,0.536,0.003764705882353,0.4617007732319488,0.0040482998402213,0.7670588235294118,0.0075294117647058,0.0785882352941176,0.0032941176470588,0.1656470588235294,-0.0032941176470588,0.6014117647058823,0.0108235294117646,1.208587090198221,-0.0082885782051869,3,worst_site_qwk_low;site_qwk_spread_high;mean_abs_error_high,True,cross_site_blend_50,0.7108887383352965,0.7108887383352965,-0.0014909515491012,0.0,0.6681257448384706,0.6681257448384706,0.0204097024159567,0.0,0.7194995869173381,0.7194995869173381,-0.0035284785620426,0.0,0.536,0.536,0.003764705882353,0.0,0.4617007732319488,0.4617007732319488,0.0040482998402213,0.0,only_worst_site_qwk_low,worst_site_qwk_low,worst_site_qwk_low,1,True,cross_site_blend_50,0.7108887383352965,-0.0014909515491012826,0.4617007732319488,0.004048299840221314,0.6681257448384706,0.020409702415956743,0.7194995869173381,-0.003528478562042636,0.536,0.0037647058823530033
results\threshold_shift_panda_all_conservative_45_seed_42\predictions.csv,45,45,42,fedavg,cross_site_blend_50,0.6774827764861275,0.6445375035779021,0.6916365566904921,0.1014820199256691,0.5270588235294118,0.4543662053061909,0.7985882352941176,0.0912941176470588,0.1336470588235294,0.6649411764705883,1.2261141193444989,0.684495430609388,0.0070126541232604,0.6552577603454078,0.0107202567675057,0.6966647491374609,0.0050281924469688,0.0956957754403231,-0.005786244485346,0.536,0.0089411764705882,0.462630665272385,0.0082644599661941,0.7835294117647059,-0.0150588235294116,0.0894117647058823,-0.0018823529411764,0.1557647058823529,0.0221176470588235,0.6277647058823529,-0.0371764705882353,1.2219655729572696,-0.0041485463872292,4,global_qwk_low;worst_site_qwk_low;mean_abs_error_high;severe_error_rate_high,True,cross_site_blend_50,0.684495430609388,0.684495430609388,0.0070126541232604,0.0,0.6552577603454078,0.6552577603454078,0.0107202567675057,0.0,0.6966647491374609,0.6966647491374609,0.0050281924469688,0.0,0.536,0.536,0.0089411764705882,0.0,0.462630665272385,0.462630665272385,0.0082644599661941,0.0,only_worst_site_qwk_low,worst_site_qwk_low,worst_site_qwk_low,1,True,cross_site_blend_50,0.684495430609388,0.0070126541232604644,0.462630665272385,0.008264459966194126,0.6552577603454078,0.010720256767505765,0.6966647491374609,0.005028192446968838,0.536,0.00894117647058823
results\threshold_shift_panda_all_conservative_45_seed_43\predictions.csv,45,45,43,fedavg,cross_site_blend_50,0.7138716162513442,0.6822721801086638,0.711808940745141,0.0616774222069055,0.5289411764705882,0.4655935566146705,0.7736470588235295,0.0790588235294117,0.1647058823529411,0.6089411764705882,1.1930575391361506,0.7238906047035034,0.0100189884521592,0.6955788405751153,0.0133066604664515,0.7253029885742331,0.0134940478290921,0.0540392088119872,-0.0076382133949183,0.5472941176470588,0.0183529411764705,0.4833792586175012,0.0177857020028307,0.739764705882353,-0.0338823529411764,0.0767058823529411,-0.0023529411764705,0.1736470588235294,0.0089411764705882,0.5661176470588235,-0.0428235294117647,1.2490948525451526,0.0560373134090019,1,mean_abs_error_high,False,fedavg,0.7138716162513442,0.7238906047035034,0.0,-0.0100189884521592,0.6822721801086638,0.6955788405751153,0.0,-0.0133066604664515,0.711808940745141,0.7253029885742331,0.0,-0.0134940478290921,0.5289411764705882,0.5472941176470588,0.0,-0.0183529411764705,0.4655935566146705,0.4833792586175012,0.0,-0.0177857020028307,only_worst_site_qwk_low,worst_site_qwk_low,,0,False,fedavg,0.7138716162513442,0.0,0.4655935566146705,0.0,0.6822721801086638,0.0,0.711808940745141,0.0,0.5289411764705882,0.0
results\threshold_shift_panda_all_conservative_45_seed_47\predictions.csv,45,45,47,fedavg,cross_site_blend_50,0.6847965201382491,0.6483616776044975,0.6910543398194848,0.0705500414349021,0.5247058823529411,0.4514071460022199,0.8014117647058824,0.0927058823529411,0.1689411764705882,0.6324705882352941,1.223896878202759,0.6851789430850455,0.0003824229467963,0.652432325294192,0.0040706476896945,0.6995950911807111,0.0085407513612262,0.0619584935386275,-0.0085915478962745,0.5449411764705883,0.0202352941176471,0.472621372126016,0.021214226123796,0.7910588235294118,-0.0103529411764705,0.0941176470588235,0.0014117647058823,0.1797647058823529,0.0108235294117647,0.6112941176470589,-0.0211764705882352,1.217905331775368,-0.0059915464273909,4,global_qwk_low;worst_site_qwk_low;mean_abs_error_high;severe_error_rate_high,True,cross_site_blend_50,0.6851789430850455,0.6851789430850455,0.0003824229467963,0.0,0.652432325294192,0.652432325294192,0.0040706476896945,0.0,0.6995950911807111,0.6995950911807111,0.0085407513612262,0.0,0.5449411764705883,0.5449411764705883,0.0202352941176471,0.0,0.472621372126016,0.472621372126016,0.021214226123796,0.0,only_worst_site_qwk_low,worst_site_qwk_low,worst_site_qwk_low,1,True,cross_site_blend_50,0.6851789430850455,0.0003824229467963569,0.472621372126016,0.021214226123796143,0.652432325294192,0.004070647689694562,0.6995950911807111,0.008540751361226229,0.5449411764705883,0.02023529411764713
results\threshold_shift_panda_all_conservative_45_seed_53\predictions.csv,45,45,53,fedavg,cross_site_blend_50,0.7201645664369767,0.6590058792089791,0.7242115653009432,0.0962519076398983,0.5124705882352941,0.4494431704394436,0.7712941176470588,0.0785882352941176,0.1449411764705882,0.6263529411764706,1.2476182242498215,0.7142977210762524,-0.0058668453607242,0.6664553756290599,0.0074494964200807,0.7213074678388882,-0.0029040974620549,0.092832744626332,-0.0034191630135662,0.5265882352941177,0.0141176470588235,0.4523648833805307,0.002921712941087,0.7811764705882352,0.0098823529411764,0.0861176470588235,0.0075294117647058,0.2018823529411764,0.0569411764705882,0.5792941176470588,-0.0470588235294117,1.216200957210754,-0.0314172670390675,2,worst_site_qwk_low;mean_abs_error_high,False,fedavg,0.7201645664369767,0.7142977210762524,0.0,0.0058668453607242,0.6590058792089791,0.6664553756290599,0.0,-0.0074494964200807,0.7242115653009432,0.7213074678388882,0.0,0.0029040974620549,0.5124705882352941,0.5265882352941177,0.0,-0.0141176470588235,0.4494431704394436,0.4523648833805307,0.0,-0.002921712941087,only_worst_site_qwk_low,worst_site_qwk_low,worst_site_qwk_low,1,True,cross_site_blend_50,0.7142977210762524,-0.005866845360724238,0.4523648833805307,0.002921712941087118,0.6664553756290599,0.007449496420080748,0.7213074678388882,-0.0029040974620549997,0.5265882352941177,0.014117647058823568
results\threshold_shift_panda_all_conservative_45_seed_59\predictions.csv,45,45,59,fedavg,cross_site_blend_50,0.7016674406948484,0.6159609540801119,0.6845382756686187,0.1206158796476057,0.5256470588235295,0.4495477542539736,0.7915294117647059,0.0861176470588235,0.1825882352941176,0.6089411764705882,1.1982354306608411,0.705730488586835,0.0040630478919865,0.643696978717071,0.0277360246369591,0.6883887122265069,0.0038504365578881,0.0969232193571749,-0.0236926602904308,0.5407058823529411,0.0150588235294116,0.4656458284346138,0.0160980741806401,0.7783529411764706,-0.0131764705882353,0.0851764705882353,-0.0009411764705882,0.2089411764705882,0.0263529411764706,0.5694117647058824,-0.0395294117647058,1.2381082534135337,0.0398728227526925,4,global_qwk_low;worst_site_qwk_low;site_qwk_spread_high;mean_abs_error_high,True,cross_site_blend_50,0.705730488586835,0.705730488586835,0.0040630478919865,0.0,0.643696978717071,0.643696978717071,0.0277360246369591,0.0,0.6883887122265069,0.6883887122265069,0.0038504365578881,0.0,0.5407058823529411,0.5407058823529411,0.0150588235294116,0.0,0.4656458284346138,0.4656458284346138,0.0160980741806401,0.0,only_worst_site_qwk_low,worst_site_qwk_low,worst_site_qwk_low,1,True,cross_site_blend_50,0.705730488586835,0.0040630478919865265,0.4656458284346138,0.016098074180640187,0.643696978717071,0.027736024636959122,0.6883887122265069,0.0038504365578881927,0.5407058823529411,0.01505882352941168
results\threshold_shift_panda_all_conservative_45_seed_7\predictions.csv,45,45,7,fedavg,cross_site_blend_50,0.6923907834999634,0.6489613109441599,0.6966096027165747,0.0937013742162709,0.5251764705882352,0.4536372003313794,0.7976470588235294,0.0894117647058823,0.1392941176470588,0.6583529411764706,1.2069264914261555,0.7012379189330036,0.0088471354330401,0.6779182879377432,0.0289569769935833,0.7076271761977981,0.0110175734812234,0.0784267466587252,-0.0152746275575456,0.5463529411764706,0.0211764705882353,0.4786342882830192,0.0249970879516397,0.7567058823529412,-0.0409411764705881,0.0870588235294117,-0.0023529411764705,0.1755294117647058,0.036235294117647,0.5811764705882353,-0.0771764705882352,1.248436539060467,0.0415100476343115,4,global_qwk_low;worst_site_qwk_low;mean_abs_error_high;severe_error_rate_high,True,cross_site_blend_50,0.7012379189330036,0.7012379189330036,0.0088471354330401,0.0,0.6779182879377432,0.6779182879377432,0.0289569769935833,0.0,0.7076271761977981,0.7076271761977981,0.0110175734812234,0.0,0.5463529411764706,0.5463529411764706,0.0211764705882353,0.0,0.4786342882830192,0.4786342882830192,0.0249970879516397,0.0,only_worst_site_qwk_low,worst_site_qwk_low,worst_site_qwk_low,1,True,cross_site_blend_50,0.7012379189330036,0.008847135433040165,0.4786342882830192,0.024997087951639796,0.6779182879377432,0.02895697699358335,0.7076271761977981,0.011017573481223453,0.5463529411764706,0.021176470588235352
results\threshold_shift_panda_all_conservative_0_seed_11\predictions.csv,0,0,11,fedavg,cross_site_blend_50,0.7429581080983443,0.7164217698801902,0.7441992641283725,0.0593496863554664,0.5745882352941176,0.5098279114359029,0.6922352941176471,0.0734117647058823,0.208,0.484235294117647,1.156964949139127,0.7337225638667626,-0.0092355442315816,0.7119886879296122,-0.004433081950578,0.743286473704899,-0.0009127904234734,0.0433346987300143,-0.016014987625452,0.5736470588235294,-0.0009411764705882,0.5055207797599799,-0.004307131675923,0.7105882352941176,0.0183529411764705,0.0785882352941176,0.0051764705882352,0.2343529411764706,0.0263529411764706,0.476235294117647,-0.008,1.1778074606925435,0.0208425115534167,0,,False,fedavg,0.7429581080983443,0.7429581080983443,0.0,0.0,0.7164217698801902,0.7164217698801902,0.0,0.0,0.7441992641283725,0.7441992641283725,0.0,0.0,0.5745882352941176,0.5745882352941176,0.0,0.0,0.5098279114359029,0.5098279114359029,0.0,0.0,only_site_qwk_spread_high,site_qwk_spread_high,,0,False,fedavg,0.7429581080983443,0.0,0.5098279114359029,0.0,0.7164217698801902,0.0,0.7441992641283725,0.0,0.5745882352941176,0.0
results\threshold_shift_panda_all_conservative_0_seed_123\predictions.csv,0,0,123,fedavg,cross_site_blend_50,0.7298328239744079,0.702768825425204,0.732487374863064,0.0713198620093883,0.5694117647058824,0.5055799211566626,0.7134117647058823,0.076235294117647,0.2376470588235294,0.4757647058823529,1.1721565327917418,0.7280400712222352,-0.0017927527521726,0.6825573624415238,-0.0202114629836802,0.7254086963081546,-0.0070786785549094,0.0742889639064762,0.0029691018970878,0.5567058823529412,-0.0127058823529412,0.4949036378409496,-0.0106762833157129,0.7425882352941177,0.0291764705882353,0.0767058823529411,0.0004705882352941,0.3171764705882353,0.0795294117647058,0.4254117647058824,-0.0503529411764705,1.1780110800360235,0.0058545472442819,0,,False,fedavg,0.7298328239744079,0.7298328239744079,0.0,0.0,0.702768825425204,0.702768825425204,0.0,0.0,0.732487374863064,0.732487374863064,0.0,0.0,0.5694117647058824,0.5694117647058824,0.0,0.0,0.5055799211566626,0.5055799211566626,0.0,0.0,only_site_qwk_spread_high,site_qwk_spread_high,,0,False,fedavg,0.7298328239744079,0.0,0.5055799211566626,0.0,0.702768825425204,0.0,0.732487374863064,0.0,0.5694117647058824,0.0
results\threshold_shift_panda_all_conservative_0_seed_17\predictions.csv,0,0,17,fedavg,cross_site_blend_50,0.7239654930746602,0.6867531239805871,0.7097153911713731,0.0679690886509221,0.5727058823529412,0.5116310736011755,0.7171764705882353,0.0752941176470588,0.1971764705882353,0.52,1.1677552636809072,0.741825343260487,0.0178598501858268,0.6977504245196491,0.010997300539062,0.7270813020050024,0.0173659108336293,0.0776750134260571,0.0097059247751349,0.5835294117647059,0.0108235294117646,0.5224528915476301,0.0108218179464545,0.6832941176470588,-0.0338823529411764,0.068235294117647,-0.0070588235294117,0.1637647058823529,-0.0334117647058823,0.5195294117647059,-0.0004705882352941,1.1786416934641828,0.0108864297832755,0,,False,fedavg,0.7239654930746602,0.7239654930746602,0.0,0.0,0.6867531239805871,0.6867531239805871,0.0,0.0,0.7097153911713731,0.7097153911713731,0.0,0.0,0.5727058823529412,0.5727058823529412,0.0,0.0,0.5116310736011755,0.5116310736011755,0.0,0.0,only_site_qwk_spread_high,site_qwk_spread_high,,0,False,fedavg,0.7239654930746602,0.0,0.5116310736011755,0.0,0.6867531239805871,0.0,0.7097153911713731,0.0,0.5727058823529412,0.0
results\threshold_shift_panda_all_conservative_0_seed_2025\predictions.csv,0,0,2025,fedavg,cross_site_blend_50,0.6983892617352163,0.6744316058050153,0.7010870185241194,0.0584559494250015,0.5585882352941176,0.5000663744833895,0.7576470588235295,0.0870588235294117,0.2465882352941176,0.5110588235294118,1.1618222006061447,0.6988934439468641,0.0005041822116478,0.677440898806273,0.0030092930012577,0.7014432993023529,0.0003562807782335,0.0543557071565601,-0.0041002422684414,0.5472941176470588,-0.0112941176470587,0.4780140759710345,-0.022052298512355,0.7854117647058824,0.0277647058823529,0.092235294117647,0.0051764705882352,0.2790588235294117,0.0324705882352941,0.5063529411764706,-0.0047058823529412,1.177045535032376,0.0152233344262311,2,global_qwk_low;mean_abs_error_high,False,fedavg,0.6983892617352163,0.6983892617352163,0.0,0.0,0.6744316058050153,0.6744316058050153,0.0,0.0,0.7010870185241194,0.7010870185241194,0.0,0.0,0.5585882352941176,0.5585882352941176,0.0,0.0,0.5000663744833895,0.5000663744833895,0.0,0.0,only_site_qwk_spread_high,site_qwk_spread_high,,0,False,fedavg,0.6983892617352163,0.0,0.5000663744833895,0.0,0.6744316058050153,0.0,0.7010870185241194,0.0,0.5585882352941176,0.0
results\threshold_shift_panda_all_conservative_0_seed_23\predictions.csv,0,0,23,fedavg,cross_site_blend_50,0.7018818577459033,0.6673741964836729,0.7174845380245973,0.1002154031961053,0.56,0.4860606677435226,0.7637647058823529,0.092235294117647,0.228235294117647,0.5355294117647059,1.141851402646168,0.7037645067143725,0.0018826489684692,0.6681155525660587,0.0007413560823857,0.7204905791820245,0.0030060411574271,0.1266562161989222,0.0264408130028168,0.5604705882352942,0.0004705882352941,0.4889164480197272,0.0028557802762046,0.7614117647058823,-0.0023529411764705,0.0941176470588235,0.0018823529411764,0.2197647058823529,-0.0084705882352941,0.5416470588235294,0.0061176470588234,1.1372767953333078,-0.0045746073128603,3,global_qwk_low;mean_abs_error_high;severe_error_rate_high,True,cross_site_blend_50,0.7037645067143725,0.7018818577459033,0.0018826489684692,0.0018826489684692,0.6681155525660587,0.6673741964836729,0.0007413560823857,0.0007413560823857,0.7204905791820245,0.7174845380245973,0.0030060411574271,0.0030060411574271,0.5604705882352942,0.56,0.0004705882352941,0.0004705882352941,0.4889164480197272,0.4860606677435226,0.0028557802762046,0.0028557802762046,only_site_qwk_spread_high,site_qwk_spread_high,,0,False,fedavg,0.7018818577459033,0.0,0.4860606677435226,0.0,0.6673741964836729,0.0,0.7174845380245973,0.0,0.56,0.0
results\threshold_shift_panda_all_conservative_0_seed_29\predictions.csv,0,0,29,fedavg,cross_site_blend_50,0.726441618643312,0.6865732434961865,0.71804951628285,0.0585544069027084,0.5741176470588235,0.5055895989900184,0.7247058823529412,0.0818823529411764,0.208,0.5167058823529411,1.147105895918461,0.7230326097996407,-0.0034090088436713,0.6763439793223045,-0.010229264173882,0.7209830795282827,0.0029335632454327,0.0931448064797406,0.0345903995770322,0.5764705882352941,0.0023529411764705,0.5123163664565035,0.006726767466485,0.7185882352941176,-0.0061176470588235,0.0828235294117647,0.0009411764705882,0.2428235294117647,0.0348235294117647,0.4757647058823529,-0.0409411764705882,1.1457565392719873,-0.0013493566464737,0,,False,fedavg,0.726441618643312,0.726441618643312,0.0,0.0,0.6865732434961865,0.6865732434961865,0.0,0.0,0.71804951628285,0.71804951628285,0.0,0.0,0.5741176470588235,0.5741176470588235,0.0,0.0,0.5055895989900184,0.5055895989900184,0.0,0.0,only_site_qwk_spread_high,site_qwk_spread_high,,0,False,fedavg,0.726441618643312,0.0,0.5055895989900184,0.0,0.6865732434961865,0.0,0.71804951628285,0.0,0.5741176470588235,0.0
results\threshold_shift_panda_all_conservative_0_seed_31\predictions.csv,0,0,31,fedavg,cross_site_blend_50,0.7086968931815969,0.6738253917670043,0.7083238904839249,0.0518022247570875,0.5496470588235294,0.490416290241764,0.7463529411764706,0.0828235294117647,0.2395294117647058,0.5068235294117647,1.1670994637757055,0.7165003903666098,0.0078034971850129,0.6904800881334037,0.0166546963663993,0.7226313294886846,0.0143074390047597,0.0581068647975383,0.0063046400404508,0.5534117647058824,0.003764705882353,0.4950671262046908,0.0046508359629268,0.7557647058823529,0.0094117647058823,0.0847058823529411,0.0018823529411764,0.2875294117647058,0.0479999999999999,0.4682352941176471,-0.0385882352941175,1.1520586233386354,-0.0150408404370703,0,,False,fedavg,0.7086968931815969,0.7086968931815969,0.0,0.0,0.6738253917670043,0.6738253917670043,0.0,0.0,0.7083238904839249,0.7083238904839249,0.0,0.0,0.5496470588235294,0.5496470588235294,0.0,0.0,0.490416290241764,0.490416290241764,0.0,0.0,only_site_qwk_spread_high,site_qwk_spread_high,,0,False,fedavg,0.7086968931815969,0.0,0.490416290241764,0.0,0.6738253917670043,0.0,0.7083238904839249,0.0,0.5496470588235294,0.0
results\threshold_shift_panda_all_conservative_0_seed_37\predictions.csv,0,0,37,fedavg,cross_site_blend_50,0.7169013513435238,0.7072214848478993,0.7205745926518567,0.0417600381363131,0.5755294117647058,0.5218186688693097,0.7138823529411765,0.0823529411764705,0.1872941176470588,0.5265882352941177,1.1259510238729171,0.7209045782831497,0.0040032269396258,0.7026297227340665,-0.0045917621138327,0.7245873212371869,0.0040127285853301,0.0390353396576449,-0.0027246984786681,0.5604705882352942,-0.0150588235294116,0.4917730629816231,-0.0300456058876866,0.7331764705882353,0.0192941176470587,0.0847058823529411,0.0023529411764705,0.2258823529411764,0.0385882352941176,0.5072941176470588,-0.0192941176470589,1.2102201270375847,0.0842691031646674,0,,False,fedavg,0.7169013513435238,0.7169013513435238,0.0,0.0,0.7072214848478993,0.7072214848478993,0.0,0.0,0.7205745926518567,0.7205745926518567,0.0,0.0,0.5755294117647058,0.5755294117647058,0.0,0.0,0.5218186688693097,0.5218186688693097,0.0,0.0,only_site_qwk_spread_high,site_qwk_spread_high,,0,False,fedavg,0.7169013513435238,0.0,0.5218186688693097,0.0,0.7072214848478993,0.0,0.7205745926518567,0.0,0.5755294117647058,0.0
results\threshold_shift_panda_all_conservative_0_seed_41\predictions.csv,0,0,41,fedavg,cross_site_blend_50,0.7313483114760122,0.6692838566912203,0.7434729817875875,0.1428779212439995,0.5665882352941176,0.5004526523110261,0.72,0.0767058823529411,0.2357647058823529,0.484235294117647,1.1680296642247314,0.7212868239213154,-0.0100614875546968,0.6863423149808671,0.0170584582896468,0.7288710149947588,-0.0146019667928286,0.1169524129992917,-0.0259255082447078,0.56,-0.0065882352941175,0.4852339061395143,-0.0152187461715117,0.7421176470588235,0.0221176470588235,0.0809411764705882,0.004235294117647,0.2470588235294117,0.0112941176470588,0.4950588235294118,0.0108235294117647,1.148595782922415,-0.0194338813023164,1,site_qwk_spread_high,False,fedavg,0.7313483114760122,0.7313483114760122,0.0,0.0,0.6692838566912203,0.6692838566912203,0.0,0.0,0.7434729817875875,0.7434729817875875,0.0,0.0,0.5665882352941176,0.5665882352941176,0.0,0.0,0.5004526523110261,0.5004526523110261,0.0,0.0,only_site_qwk_spread_high,site_qwk_spread_high,site_qwk_spread_high,1,True,cross_site_blend_50,0.7212868239213154,-0.010061487554696824,0.4852339061395143,-0.01521874617151181,0.6863423149808671,0.017058458289646805,0.7288710149947588,-0.014601966792828658,0.56,-0.0065882352941175615
results\threshold_shift_panda_all_conservative_0_seed_42\predictions.csv,0,0,42,fedavg,cross_site_blend_50,0.7072566694854118,0.6673300346903428,0.7161831406854237,0.14113790627812,0.5694117647058824,0.5159724605549763,0.7327058823529412,0.0809411764705882,0.2070588235294117,0.5256470588235295,1.1758076450075134,0.6934701255508754,-0.0137865439345363,0.6608777559281085,-0.0064522787622343,0.7057812801177772,-0.0104018605676464,0.1200084261559242,-0.0211294801221958,0.5585882352941176,-0.0108235294117647,0.496155205606327,-0.0198172549486492,0.7651764705882353,0.0324705882352941,0.0884705882352941,0.0075294117647058,0.220235294117647,0.0131764705882352,0.5449411764705883,0.0192941176470587,1.151800860179836,-0.0240067848276774,2,worst_site_qwk_low;site_qwk_spread_high,False,fedavg,0.7072566694854118,0.7072566694854118,0.0,0.0,0.6673300346903428,0.6673300346903428,0.0,0.0,0.7161831406854237,0.7161831406854237,0.0,0.0,0.5694117647058824,0.5694117647058824,0.0,0.0,0.5159724605549763,0.5159724605549763,0.0,0.0,only_site_qwk_spread_high,site_qwk_spread_high,site_qwk_spread_high,1,True,cross_site_blend_50,0.6934701255508754,-0.013786543934536377,0.496155205606327,-0.019817254948649277,0.6608777559281085,-0.006452278762234309,0.7057812801177772,-0.01040186056764647,0.5585882352941176,-0.010823529411764787
results\threshold_shift_panda_all_conservative_0_seed_43\predictions.csv,0,0,43,fedavg,cross_site_blend_50,0.746679487551388,0.7384839293613565,0.7506560624693208,0.0273858022000844,0.5736470588235294,0.5091526183482555,0.7035294117647058,0.0752941176470588,0.2254117647058823,0.4781176470588235,1.1308712252820463,0.7445723706908911,-0.0021071168604969,0.7254084860689003,-0.0130754432924562,0.7452269109662587,-0.0054291515030621,0.0401667568477324,0.0127809546476479,0.5816470588235294,0.008,0.5208785983849045,0.0117259800366489,0.6889411764705883,-0.0145882352941175,0.0729411764705882,-0.0023529411764705,0.1990588235294117,-0.0263529411764705,0.4898823529411765,0.0117647058823529,1.1779910486661689,0.0471198233841221,0,,False,fedavg,0.746679487551388,0.746679487551388,0.0,0.0,0.7384839293613565,0.7384839293613565,0.0,0.0,0.7506560624693208,0.7506560624693208,0.0,0.0,0.5736470588235294,0.5736470588235294,0.0,0.0,0.5091526183482555,0.5091526183482555,0.0,0.0,only_site_qwk_spread_high,site_qwk_spread_high,,0,False,fedavg,0.746679487551388,0.0,0.5091526183482555,0.0,0.7384839293613565,0.0,0.7506560624693208,0.0,0.5736470588235294,0.0
results\threshold_shift_panda_all_conservative_0_seed_47\predictions.csv,0,0,47,fedavg,cross_site_blend_50,0.7181815243226684,0.6786340882743549,0.7213997699169905,0.0801529243646518,0.5656470588235294,0.4981944682997181,0.7463529411764706,0.0884705882352941,0.2752941176470588,0.4710588235294117,1.1353106869842753,0.7180828092966849,-9.87150259834646e-05,0.6994246620651237,0.0207905737907687,0.7266365779426043,0.0052368080256137,0.0415894398834847,-0.038563484481167,0.571764705882353,0.0061176470588235,0.5029810518398447,0.0047865835401265,0.7369411764705882,-0.0094117647058823,0.0870588235294117,-0.0014117647058823,0.236235294117647,-0.0390588235294117,0.5007058823529412,0.0296470588235294,1.1433934522053368,0.0080827652210615,1,severe_error_rate_high,False,fedavg,0.7181815243226684,0.7181815243226684,0.0,0.0,0.6786340882743549,0.6786340882743549,0.0,0.0,0.7213997699169905,0.7213997699169905,0.0,0.0,0.5656470588235294,0.5656470588235294,0.0,0.0,0.4981944682997181,0.4981944682997181,0.0,0.0,only_site_qwk_spread_high,site_qwk_spread_high,,0,False,fedavg,0.7181815243226684,0.0,0.4981944682997181,0.0,0.6786340882743549,0.0,0.7213997699169905,0.0,0.5656470588235294,0.0
results\threshold_shift_panda_all_conservative_0_seed_53\predictions.csv,0,0,53,fedavg,cross_site_blend_50,0.7317556780937956,0.6740479638200556,0.7321636104952894,0.0933560233551015,0.5689411764705883,0.5085063095527034,0.7167058823529412,0.0785882352941176,0.2192941176470588,0.4974117647058823,1.1676241651479085,0.7278712679750026,-0.003884410118793,0.6610648798322412,-0.0129830839878144,0.7313916065488951,-0.0007720039463943,0.1220976432029016,0.0287416198478001,0.5609411764705883,-0.008,0.4933853771679242,-0.0151209323847791,0.7369411764705882,0.020235294117647,0.0814117647058823,0.0028235294117646,0.2432941176470588,0.0239999999999999,0.4936470588235294,-0.0037647058823528,1.1499776231798036,-0.0176465419681048,0,,False,fedavg,0.7317556780937956,0.7317556780937956,0.0,0.0,0.6740479638200556,0.6740479638200556,0.0,0.0,0.7321636104952894,0.7321636104952894,0.0,0.0,0.5689411764705883,0.5689411764705883,0.0,0.0,0.5085063095527034,0.5085063095527034,0.0,0.0,only_site_qwk_spread_high,site_qwk_spread_high,,0,False,fedavg,0.7317556780937956,0.0,0.5085063095527034,0.0,0.6740479638200556,0.0,0.7321636104952894,0.0,0.5689411764705883,0.0
results\threshold_shift_panda_all_conservative_0_seed_59\predictions.csv,0,0,59,fedavg,cross_site_blend_50,0.7174448693789363,0.6554682158493963,0.704259831803012,0.1095119041168389,0.5656470588235294,0.4957776166241075,0.7557647058823529,0.088,0.2762352941176471,0.4795294117647058,1.1257526356540812,0.711743247391103,-0.0057016219878333,0.6773504954280436,0.0218822795786473,0.7011934943970357,-0.0030663374059762,0.0560265488980757,-0.0534853552187631,0.5581176470588235,-0.0075294117647058,0.4942243648561051,-0.0015532517680024,0.7529411764705882,-0.0028235294117646,0.0828235294117647,-0.0051764705882352,0.2592941176470588,-0.0169411764705882,0.4936470588235294,0.0141176470588235,1.176819785477475,0.0510671498233936,4,worst_site_qwk_low;site_qwk_spread_high;mean_abs_error_high;severe_error_rate_high,True,cross_site_blend_50,0.711743247391103,0.7174448693789363,-0.0057016219878333,-0.0057016219878333,0.6773504954280436,0.6554682158493963,0.0218822795786473,0.0218822795786473,0.7011934943970357,0.704259831803012,-0.0030663374059762,-0.0030663374059762,0.5581176470588235,0.5656470588235294,-0.0075294117647058,-0.0075294117647058,0.4942243648561051,0.4957776166241075,-0.0015532517680024,-0.0015532517680024,only_site_qwk_spread_high,site_qwk_spread_high,site_qwk_spread_high,1,True,cross_site_blend_50,0.711743247391103,-0.005701621987833305,0.4942243648561051,-0.0015532517680024172,0.6773504954280436,0.0218822795786473,0.7011934943970357,-0.0030663374059762827,0.5581176470588235,-0.007529411764705896
results\threshold_shift_panda_all_conservative_0_seed_7\predictions.csv,0,0,7,fedavg,cross_site_blend_50,0.727615545028268,0.6936547323644097,0.7316464239387271,0.0723245048912265,0.5731764705882353,0.5099629714567177,0.7167058823529412,0.08,0.2098823529411764,0.5068235294117647,1.14490470366313,0.724997097427688,-0.0026184476005799,0.6749135732640295,-0.0187411591003802,0.7293748112328828,-0.0022716127058443,0.0870357413029477,0.0147112364117212,0.5778823529411765,0.0047058823529412,0.5081509709702154,-0.0018120004865022,0.7143529411764706,-0.0023529411764705,0.0804705882352941,0.0004705882352941,0.2221176470588235,0.012235294117647,0.492235294117647,-0.0145882352941176,1.2034422782645309,0.0585375746014007,0,,False,fedavg,0.727615545028268,0.727615545028268,0.0,0.0,0.6936547323644097,0.6936547323644097,0.0,0.0,0.7316464239387271,0.7316464239387271,0.0,0.0,0.5731764705882353,0.5731764705882353,0.0,0.0,0.5099629714567177,0.5099629714567177,0.0,0.0,only_site_qwk_spread_high,site_qwk_spread_high,,0,False,fedavg,0.727615545028268,0.0,0.5099629714567177,0.0,0.6936547323644097,0.0,0.7316464239387271,0.0,0.5731764705882353,0.0
results\threshold_shift_panda_all_conservative_25_seed_11\predictions.csv,25,25,11,fedavg,cross_site_blend_50,0.7194569545078301,0.6906077348066298,0.7192355912509705,0.0537460098905715,0.5350588235294118,0.458856059014584,0.7477647058823529,0.0767058823529411,0.1590588235294117,0.5887058823529412,1.2087582913896644,0.7427163561434391,0.023259401635609,0.7238899315974094,0.0332821967907795,0.751256052880748,0.0320204616297775,0.0561885653486413,0.0024425554580698,0.5628235294117647,0.0277647058823529,0.4976325823209561,0.0387765233063721,0.7035294117647058,-0.044235294117647,0.0705882352941176,-0.0061176470588235,0.2,0.0409411764705882,0.5035294117647059,-0.0851764705882353,1.2120677251554204,0.0033094337657559,0,,False,fedavg,0.7194569545078301,0.7427163561434391,0.0,-0.023259401635609,0.6906077348066298,0.7238899315974094,0.0,-0.0332821967907795,0.7192355912509705,0.751256052880748,0.0,-0.0320204616297775,0.5350588235294118,0.5628235294117647,0.0,-0.0277647058823529,0.458856059014584,0.4976325823209561,0.0,-0.0387765233063721,only_site_qwk_spread_high,site_qwk_spread_high,,0,False,fedavg,0.7194569545078301,0.0,0.458856059014584,0.0,0.6906077348066298,0.0,0.7192355912509705,0.0,0.5350588235294118,0.0
results\threshold_shift_panda_all_conservative_25_seed_123\predictions.csv,25,25,123,fedavg,cross_site_blend_50,0.7197993382461756,0.6730431803556465,0.7193763619826619,0.0976659677693344,0.5430588235294118,0.4726416104983698,0.7529411764705882,0.0837647058823529,0.2230588235294117,0.5298823529411765,1.2462496593485874,0.728387511335503,0.0085881730893273,0.6833917586546725,0.010348578299026,0.7265113077730707,0.0071349457904088,0.0711401057773704,-0.026525861991964,0.5505882352941176,0.0075294117647057,0.4851086759506891,0.0124670654523193,0.7449411764705882,-0.008,0.0785882352941176,-0.0051764705882352,0.2832941176470588,0.060235294117647,0.4616470588235294,-0.068235294117647,1.2248803640207009,-0.0213692953278865,1,mean_abs_error_high,False,fedavg,0.7197993382461756,0.728387511335503,0.0,-0.0085881730893273,0.6730431803556465,0.6833917586546725,0.0,-0.010348578299026,0.7193763619826619,0.7265113077730707,0.0,-0.0071349457904088,0.5430588235294118,0.5505882352941176,0.0,-0.0075294117647057,0.4726416104983698,0.4851086759506891,0.0,-0.0124670654523193,only_site_qwk_spread_high,site_qwk_spread_high,,0,False,fedavg,0.7197993382461756,0.0,0.4726416104983698,0.0,0.6730431803556465,0.0,0.7193763619826619,0.0,0.5430588235294118,0.0
results\threshold_shift_panda_all_conservative_25_seed_17\predictions.csv,25,25,17,fedavg,cross_site_blend_50,0.720376940359154,0.6833147193865888,0.7101396284477165,0.0594054737038443,0.5421176470588235,0.4762267680030482,0.7557647058823529,0.076235294117647,0.184,0.571764705882353,1.219535307227559,0.7184425124369567,-0.0019344279221973,0.6654724810460666,-0.0178422383405222,0.7027912252273306,-0.0073484032203858,0.0881462062884793,0.028740732584635,0.552,0.0098823529411765,0.4875084642132297,0.0112816962101814,0.7421176470588235,-0.0136470588235293,0.076235294117647,0.0,0.1623529411764706,-0.0216470588235294,0.579764705882353,0.008,1.2207009327368497,0.0011656255092906,1,mean_abs_error_high,False,fedavg,0.720376940359154,0.7184425124369567,0.0,0.0019344279221973,0.6833147193865888,0.6654724810460666,0.0,0.0178422383405222,0.7101396284477165,0.7027912252273306,0.0,0.0073484032203858,0.5421176470588235,0.552,0.0,-0.0098823529411765,0.4762267680030482,0.4875084642132297,0.0,-0.0112816962101814,only_site_qwk_spread_high,site_qwk_spread_high,,0,False,fedavg,0.720376940359154,0.0,0.4762267680030482,0.0,0.6833147193865888,0.0,0.7101396284477165,0.0,0.5421176470588235,0.0
results\threshold_shift_panda_all_conservative_25_seed_2025\predictions.csv,25,25,2025,fedavg,cross_site_blend_50,0.6871073305749891,0.664908782987116,0.6881382228979203,0.0447730274603912,0.5444705882352942,0.4738095021790583,0.7792941176470588,0.0917647058823529,0.2141176470588235,0.5651764705882353,1.2280648427757028,0.6910428579313148,0.0039355273563257,0.6682086371284353,0.0032998541413192,0.692717945481648,0.0045797225837277,0.0508814355261539,0.0061084080657627,0.5388235294117647,-0.0056470588235294,0.4611272405879175,-0.0126822615911408,0.7967058823529412,0.0174117647058823,0.0941176470588235,0.0023529411764705,0.2527058823529411,0.0385882352941176,0.544,-0.0211764705882352,1.2162750218892362,-0.0117898208864666,4,global_qwk_low;worst_site_qwk_low;mean_abs_error_high;severe_error_rate_high,True,cross_site_blend_50,0.6910428579313148,0.6910428579313148,0.0039355273563257,0.0,0.6682086371284353,0.6682086371284353,0.0032998541413192,0.0,0.692717945481648,0.692717945481648,0.0045797225837277,0.0,0.5388235294117647,0.5388235294117647,-0.0056470588235294,0.0,0.4611272405879175,0.4611272405879175,-0.0126822615911408,0.0,only_site_qwk_spread_high,site_qwk_spread_high,,0,False,fedavg,0.6871073305749891,0.0,0.4738095021790583,0.0,0.664908782987116,0.0,0.6881382228979203,0.0,0.5444705882352942,0.0
results\threshold_shift_panda_all_conservative_25_seed_23\predictions.csv,25,25,23,fedavg,cross_site_blend_50,0.6943062002746598,0.6606247263358512,0.7103325858133951,0.1020203841921071,0.5392941176470588,0.4629566778752572,0.7952941176470588,0.0950588235294117,0.2084705882352941,0.5868235294117647,1.191487602080801,0.6864693221274281,-0.0078368781472317,0.6477595403818832,-0.012865185953968,0.7052749449504973,-0.0050576408628978,0.1191277281696128,0.0171073439775056,0.5430588235294118,0.003764705882353,0.4695553443961187,0.0065986665208614,0.7952941176470588,0.0,0.0988235294117647,0.0037647058823529,0.1948235294117647,-0.0136470588235294,0.6004705882352941,0.0136470588235293,1.1790915644818216,-0.0123960375989793,4,global_qwk_low;worst_site_qwk_low;mean_abs_error_high;severe_error_rate_high,True,cross_site_blend_50,0.6864693221274281,0.6864693221274281,-0.0078368781472317,0.0,0.6477595403818832,0.6477595403818832,-0.012865185953968,0.0,0.7052749449504973,0.7052749449504973,-0.0050576408628978,0.0,0.5430588235294118,0.5430588235294118,0.003764705882353,0.0,0.4695553443961187,0.4695553443961187,0.0065986665208614,0.0,only_site_qwk_spread_high,site_qwk_spread_high,,0,False,fedavg,0.6943062002746598,0.0,0.4629566778752572,0.0,0.6606247263358512,0.0,0.7103325858133951,0.0,0.5392941176470588,0.0
results\threshold_shift_panda_all_conservative_25_seed_29\predictions.csv,25,25,29,fedavg,cross_site_blend_50,0.7073232273750609,0.6437582402331552,0.6971869555111424,0.0831847329629511,0.5510588235294117,0.4734075467695982,0.7665882352941177,0.0865882352941176,0.1985882352941176,0.568,1.193454244239236,0.7091049216375278,0.0017816942624668,0.6325638310389456,-0.0111944091942095,0.6979408089196868,0.0007538534085443,0.0977998357381717,0.0146151027752206,0.5614117647058824,0.0103529411764706,0.4956568616188304,0.0222493148492322,0.7501176470588236,-0.0164705882352941,0.0856470588235294,-0.0009411764705882,0.2117647058823529,0.0131764705882352,0.5383529411764706,-0.0296470588235293,1.2005224523465192,0.0070682081072832,2,worst_site_qwk_low;mean_abs_error_high,False,fedavg,0.7073232273750609,0.7091049216375278,0.0,-0.0017816942624668,0.6437582402331552,0.6325638310389456,0.0,0.0111944091942095,0.6971869555111424,0.6979408089196868,0.0,-0.0007538534085443,0.5510588235294117,0.5614117647058824,0.0,-0.0103529411764706,0.4734075467695982,0.4956568616188304,0.0,-0.0222493148492322,only_site_qwk_spread_high,site_qwk_spread_high,,0,False,fedavg,0.7073232273750609,0.0,0.4734075467695982,0.0,0.6437582402331552,0.0,0.6971869555111424,0.0,0.5510588235294117,0.0
results\threshold_shift_panda_all_conservative_25_seed_31\predictions.csv,25,25,31,fedavg,cross_site_blend_50,0.7038167598165379,0.6746234886516298,0.7089499646706423,0.0630648837643983,0.5388235294117647,0.4800688775053049,0.7571764705882353,0.0809411764705882,0.2112941176470588,0.5458823529411765,1.2273967632534164,0.7112312495363955,0.0074144897198575,0.6842401014729452,0.0096166128213154,0.722553305531973,0.0136033408613306,0.0648583478599073,0.0017934640955089,0.5435294117647059,0.0047058823529412,0.4790853747748694,-0.0009835027304355,0.7675294117647059,0.0103529411764705,0.0847058823529411,0.0037647058823529,0.248,0.0367058823529411,0.5195294117647059,-0.0263529411764705,1.2059531548388054,-0.021443608414611,2,global_qwk_low;mean_abs_error_high,False,fedavg,0.7038167598165379,0.7112312495363955,0.0,-0.0074144897198575,0.6746234886516298,0.6842401014729452,0.0,-0.0096166128213154,0.7089499646706423,0.722553305531973,0.0,-0.0136033408613306,0.5388235294117647,0.5435294117647059,0.0,-0.0047058823529412,0.4800688775053049,0.4790853747748694,0.0,0.0009835027304355,only_site_qwk_spread_high,site_qwk_spread_high,,0,False,fedavg,0.7038167598165379,0.0,0.4800688775053049,0.0,0.6746234886516298,0.0,0.7089499646706423,0.0,0.5388235294117647,0.0
results\threshold_shift_panda_all_conservative_25_seed_37\predictions.csv,25,25,37,fedavg,cross_site_blend_50,0.6972148702441321,0.6877810564578191,0.7011151259007485,0.0268972756829471,0.5543529411764706,0.4918663622814496,0.7524705882352941,0.0856470588235294,0.1708235294117647,0.5816470588235294,1.1962116761237995,0.7205027718060073,0.0232879015618752,0.7040788598307737,0.0162978033729546,0.724575545451562,0.0234604195508134,0.036647267987292,0.0097499923043448,0.5571764705882353,0.0028235294117646,0.4861512125608092,-0.0057151497206404,0.7374117647058823,-0.0150588235294117,0.0832941176470588,-0.0023529411764705,0.2056470588235294,0.0348235294117647,0.5317647058823529,-0.0498823529411764,1.2660320426444314,0.0698203665206316,2,global_qwk_low;mean_abs_error_high,False,fedavg,0.6972148702441321,0.7205027718060073,0.0,-0.0232879015618752,0.6877810564578191,0.7040788598307737,0.0,-0.0162978033729546,0.7011151259007485,0.724575545451562,0.0,-0.0234604195508134,0.5543529411764706,0.5571764705882353,0.0,-0.0028235294117646,0.4918663622814496,0.4861512125608092,0.0,0.0057151497206404,only_site_qwk_spread_high,site_qwk_spread_high,,0,False,fedavg,0.6972148702441321,0.0,0.4918663622814496,0.0,0.6877810564578191,0.0,0.7011151259007485,0.0,0.5543529411764706,0.0
results\threshold_shift_panda_all_conservative_25_seed_41\predictions.csv,25,25,41,fedavg,cross_site_blend_50,0.7202580688884488,0.6743533473061274,0.7298307979702701,0.1317171220663648,0.5501176470588235,0.4824906967953413,0.7430588235294118,0.076235294117647,0.2094117647058823,0.5336470588235294,1.2182607172455775,0.7201768853345207,-8.118355392805476e-05,0.6762594388570907,0.0019060915509633,0.7291590557053944,-0.0006717422648756,0.133104813915374,0.0013876918490091,0.552,0.0018823529411765,0.4829258541347689,0.0004351573394276,0.739764705882353,-0.0032941176470587,0.0752941176470588,-0.0009411764705882,0.2018823529411764,-0.0075294117647058,0.5378823529411765,0.0042352941176471,1.2129724253257472,-0.0052882919198304,1,site_qwk_spread_high,False,fedavg,0.7202580688884488,0.7201768853345207,0.0,8.118355392805476e-05,0.6743533473061274,0.6762594388570907,0.0,-0.0019060915509633,0.7298307979702701,0.7291590557053944,0.0,0.0006717422648756,0.5501176470588235,0.552,0.0,-0.0018823529411765,0.4824906967953413,0.4829258541347689,0.0,-0.0004351573394276,only_site_qwk_spread_high,site_qwk_spread_high,site_qwk_spread_high,1,True,cross_site_blend_50,0.7201768853345207,-8.118355392805476e-05,0.4829258541347689,0.0004351573394276165,0.6762594388570907,0.0019060915509633292,0.7291590557053944,-0.0006717422648756521,0.552,0.0018823529411765572
results\threshold_shift_panda_all_conservative_25_seed_42\predictions.csv,25,25,42,fedavg,cross_site_blend_50,0.6900562645358724,0.6495610985501873,0.7071368235605715,0.1385424859867998,0.5501176470588235,0.4861718187932506,0.764235294117647,0.084235294117647,0.1858823529411764,0.5783529411764706,1.2376121071058417,0.68772360765853,-0.0023326568773424,0.6412751366879808,-0.0082859618622065,0.6920509148805926,-0.0150859086799789,0.1082639838881263,-0.0302785020986735,0.5548235294117647,0.0047058823529412,0.4959268967582335,0.0097550779649828,0.7694117647058824,0.0051764705882353,0.0865882352941176,0.0023529411764705,0.2018823529411764,0.0159999999999999,0.5675294117647058,-0.0108235294117647,1.1956573275220916,-0.04195477958375,4,global_qwk_low;worst_site_qwk_low;site_qwk_spread_high;mean_abs_error_high,True,cross_site_blend_50,0.68772360765853,0.68772360765853,-0.0023326568773424,0.0,0.6412751366879808,0.6412751366879808,-0.0082859618622065,0.0,0.6920509148805926,0.6920509148805926,-0.0150859086799789,0.0,0.5548235294117647,0.5548235294117647,0.0047058823529412,0.0,0.4959268967582335,0.4959268967582335,0.0097550779649828,0.0,only_site_qwk_spread_high,site_qwk_spread_high,site_qwk_spread_high,1,True,cross_site_blend_50,0.68772360765853,-0.0023326568773424095,0.4959268967582335,0.009755077964982872,0.6412751366879808,-0.008285961862206537,0.6920509148805926,-0.015085908679978943,0.5548235294117647,0.004705882352941226
results\threshold_shift_panda_all_conservative_25_seed_43\predictions.csv,25,25,43,fedavg,cross_site_blend_50,0.7245069446598131,0.6952637768258507,0.7278015598431683,0.0595743442435383,0.5444705882352942,0.4752056614216659,0.7609411764705882,0.0823529411764705,0.2192941176470588,0.5416470588235294,1.175095418624223,0.7307639556201779,0.0062570109603647,0.7036243352895313,0.0083605584636805,0.7329086523850974,0.005107092541929,0.0482239859979651,-0.0113503582455731,0.5571764705882353,0.0127058823529411,0.4923517503378208,0.0171460889161548,0.7298823529411764,-0.0310588235294118,0.076235294117647,-0.0061176470588235,0.208,-0.0112941176470588,0.5218823529411765,-0.0197647058823529,1.2225802258384997,0.0474848072142763,1,mean_abs_error_high,False,fedavg,0.7245069446598131,0.7307639556201779,0.0,-0.0062570109603647,0.6952637768258507,0.7036243352895313,0.0,-0.0083605584636805,0.7278015598431683,0.7329086523850974,0.0,-0.005107092541929,0.5444705882352942,0.5571764705882353,0.0,-0.0127058823529411,0.4752056614216659,0.4923517503378208,0.0,-0.0171460889161548,only_site_qwk_spread_high,site_qwk_spread_high,,0,False,fedavg,0.7245069446598131,0.0,0.4752056614216659,0.0,0.6952637768258507,0.0,0.7278015598431683,0.0,0.5444705882352942,0.0
results\threshold_shift_panda_all_conservative_25_seed_47\predictions.csv,25,25,47,fedavg,cross_site_blend_50,0.6936284049330126,0.6691735749081276,0.7006720430459557,0.0671430749603549,0.5534117647058824,0.4851559264154019,0.7863529411764706,0.0978823529411764,0.2498823529411764,0.5364705882352941,1.203907042244046,0.7106572087915877,0.017028803858575,0.694133245603387,0.0249596706952593,0.7177787627595613,0.0171067197136056,0.0367471391254201,-0.0303959358349348,0.5661176470588235,0.0127058823529411,0.4995890266621112,0.0144331002467092,0.7491764705882353,-0.0371764705882352,0.0894117647058823,-0.0084705882352941,0.2254117647058823,-0.0244705882352941,0.5237647058823529,-0.0127058823529412,1.2128086729436829,0.0089016306996367,3,global_qwk_low;mean_abs_error_high;severe_error_rate_high,True,cross_site_blend_50,0.7106572087915877,0.7106572087915877,0.017028803858575,0.0,0.694133245603387,0.694133245603387,0.0249596706952593,0.0,0.7177787627595613,0.7177787627595613,0.0171067197136056,0.0,0.5661176470588235,0.5661176470588235,0.0127058823529411,0.0,0.4995890266621112,0.4995890266621112,0.0144331002467092,0.0,only_site_qwk_spread_high,site_qwk_spread_high,,0,False,fedavg,0.6936284049330126,0.0,0.4851559264154019,0.0,0.6691735749081276,0.0,0.7006720430459557,0.0,0.5534117647058824,0.0
results\threshold_shift_panda_all_conservative_25_seed_53\predictions.csv,25,25,53,fedavg,cross_site_blend_50,0.7316496597962019,0.6920345176619945,0.7354807170169702,0.0837986543640098,0.5454117647058824,0.4823338060005934,0.7336470588235294,0.0767058823529411,0.1901176470588235,0.5435294117647059,1.2310987417430597,0.7229713415877923,-0.0086783182084095,0.6593399757389763,-0.0326945419230182,0.727922718917195,-0.0075579980997751,0.1214823750084715,0.0376837206444617,0.5397647058823529,-0.0056470588235294,0.4685537791958584,-0.013780026804735,0.764235294117647,0.0305882352941175,0.0856470588235294,0.0089411764705882,0.2235294117647059,0.0334117647058823,0.5407058823529411,-0.0028235294117647,1.2075136750952251,-0.0235850666478343,0,,False,fedavg,0.7316496597962019,0.7229713415877923,0.0,0.0086783182084095,0.6920345176619945,0.6593399757389763,0.0,0.0326945419230182,0.7354807170169702,0.727922718917195,0.0,0.0075579980997751,0.5454117647058824,0.5397647058823529,0.0,0.0056470588235294,0.4823338060005934,0.4685537791958584,0.0,0.013780026804735,only_site_qwk_spread_high,site_qwk_spread_high,,0,False,fedavg,0.7316496597962019,0.0,0.4823338060005934,0.0,0.6920345176619945,0.0,0.7354807170169702,0.0,0.5454117647058824,0.0
results\threshold_shift_panda_all_conservative_25_seed_59\predictions.csv,25,25,59,fedavg,cross_site_blend_50,0.7130305484700741,0.6612079399132254,0.698713381988005,0.082129330752713,0.5477647058823529,0.4751522542118595,0.7656470588235295,0.0837647058823529,0.2268235294117647,0.5388235294117647,1.205636548813257,0.719643867277798,0.0066133188077239,0.6697262220078097,0.0085182820945843,0.7043899558928096,0.0056765739048045,0.0820154074742807,-0.0001139232784322,0.5515294117647059,0.003764705882353,0.4820257199853272,0.0068734657734677,0.7529411764705882,-0.0127058823529412,0.0804705882352941,-0.0032941176470588,0.2437647058823529,0.0169411764705882,0.5091764705882353,-0.0296470588235293,1.228863320739206,0.0232267719259491,2,worst_site_qwk_low;mean_abs_error_high,False,fedavg,0.7130305484700741,0.719643867277798,0.0,-0.0066133188077239,0.6612079399132254,0.6697262220078097,0.0,-0.0085182820945843,0.698713381988005,0.7043899558928096,0.0,-0.0056765739048045,0.5477647058823529,0.5515294117647059,0.0,-0.003764705882353,0.4751522542118595,0.4820257199853272,0.0,-0.0068734657734677,only_site_qwk_spread_high,site_qwk_spread_high,,0,False,fedavg,0.7130305484700741,0.0,0.4751522542118595,0.0,0.6612079399132254,0.0,0.698713381988005,0.0,0.5477647058823529,0.0
results\threshold_shift_panda_all_conservative_25_seed_7\predictions.csv,25,25,7,fedavg,cross_site_blend_50,0.6997779270476749,0.6417326646399318,0.7003320675905599,0.0868746166503496,0.5458823529411765,0.4716612753115737,0.772235294117647,0.0898823529411764,0.1604705882352941,0.611764705882353,1.206203934723883,0.7082913382042162,0.0085134111565412,0.6875498993370899,0.045817234697158,0.7133127869348994,0.0129807193443395,0.0590436693205357,-0.0278309473298139,0.563764705882353,0.0178823529411764,0.4971004508642561,0.0254391755526823,0.7407058823529412,-0.0315294117647058,0.0832941176470588,-0.0065882352941176,0.2061176470588235,0.0456470588235294,0.5345882352941177,-0.0771764705882352,1.2364279175971007,0.0302239828732173,4,global_qwk_low;worst_site_qwk_low;mean_abs_error_high;severe_error_rate_high,True,cross_site_blend_50,0.7082913382042162,0.7082913382042162,0.0085134111565412,0.0,0.6875498993370899,0.6875498993370899,0.045817234697158,0.0,0.7133127869348994,0.7133127869348994,0.0129807193443395,0.0,0.563764705882353,0.563764705882353,0.0178823529411764,0.0,0.4971004508642561,0.4971004508642561,0.0254391755526823,0.0,only_site_qwk_spread_high,site_qwk_spread_high,,0,False,fedavg,0.6997779270476749,0.0,0.4716612753115737,0.0,0.6417326646399318,0.0,0.7003320675905599,0.0,0.5458823529411765,0.0
results\threshold_shift_panda_all_conservative_35_seed_11\predictions.csv,35,35,11,fedavg,cross_site_blend_50,0.7241025289932075,0.7041524030739115,0.7285246757959772,0.055110935899844,0.5336470588235294,0.4603222076775293,0.7444705882352941,0.0738823529411764,0.1425882352941176,0.6018823529411764,1.2194319461014094,0.7286098049351841,0.0045072759419766,0.7048289401573158,0.0006765370834043,0.7390256683110602,0.0105009925150829,0.0540562108771789,-0.0010547250226651,0.5458823529411765,0.0122352941176471,0.4730708481708514,0.012748640493322,0.7341176470588235,-0.0103529411764705,0.0743529411764706,0.0004705882352941,0.1854117647058823,0.0428235294117647,0.5487058823529412,-0.0531764705882352,1.2251364001053593,0.0057044540039499,0,,False,fedavg,0.7241025289932075,0.7286098049351841,0.0,-0.0045072759419766,0.7041524030739115,0.7048289401573158,0.0,-0.0006765370834043,0.7285246757959772,0.7390256683110602,0.0,-0.0105009925150829,0.5336470588235294,0.5458823529411765,0.0,-0.0122352941176471,0.4603222076775293,0.4730708481708514,0.0,-0.012748640493322,only_site_qwk_spread_high,site_qwk_spread_high,,0,False,fedavg,0.7241025289932075,0.0,0.4603222076775293,0.0,0.7041524030739115,0.0,0.7285246757959772,0.0,0.5336470588235294,0.0
results\threshold_shift_panda_all_conservative_35_seed_123\predictions.csv,35,35,123,fedavg,cross_site_blend_50,0.7008120381304861,0.6415110661876857,0.697531397710042,0.0982795917259411,0.532235294117647,0.4574705593495003,0.7849411764705883,0.0875294117647058,0.2009411764705882,0.584,1.2611656449015984,0.7269069025420316,0.0260948644115455,0.6794004503871789,0.0378893841994931,0.7237739253622082,0.0262425276521661,0.0901034617497356,-0.0081761299762055,0.5444705882352942,0.0122352941176471,0.4786428584290986,0.0211722990795983,0.7501176470588236,-0.0348235294117647,0.0776470588235294,-0.0098823529411764,0.2592941176470588,0.0583529411764706,0.4908235294117647,-0.0931764705882352,1.2286715096175744,-0.032494135284024,4,global_qwk_low;worst_site_qwk_low;mean_abs_error_high;severe_error_rate_high,True,cross_site_blend_50,0.7269069025420316,0.7269069025420316,0.0260948644115455,0.0,0.6794004503871789,0.6794004503871789,0.0378893841994931,0.0,0.7237739253622082,0.7237739253622082,0.0262425276521661,0.0,0.5444705882352942,0.5444705882352942,0.0122352941176471,0.0,0.4786428584290986,0.4786428584290986,0.0211722990795983,0.0,only_site_qwk_spread_high,site_qwk_spread_high,,0,False,fedavg,0.7008120381304861,0.0,0.4574705593495003,0.0,0.6415110661876857,0.0,0.697531397710042,0.0,0.532235294117647,0.0
results\threshold_shift_panda_all_conservative_35_seed_17\predictions.csv,35,35,17,fedavg,cross_site_blend_50,0.7156175045507729,0.662600406948435,0.6983166532576419,0.0911840083457815,0.5256470588235295,0.4553905734474262,0.7731764705882352,0.0767058823529411,0.1797647058823529,0.5934117647058823,1.238334154748132,0.7108784951497062,-0.0047390094010666,0.6478945756677357,-0.0147058312806993,0.6950529756936927,-0.0032636775639491,0.0984968352422668,0.0073128268964852,0.5407058823529411,0.0150588235294116,0.4738092183773791,0.0184186449299529,0.7576470588235295,-0.0155294117647057,0.0767058823529411,0.0,0.1614117647058823,-0.0183529411764705,0.5962352941176471,0.0028235294117647,1.2314981011120003,-0.0068360536361318,2,worst_site_qwk_low;mean_abs_error_high,False,fedavg,0.7156175045507729,0.7108784951497062,0.0,0.0047390094010666,0.662600406948435,0.6478945756677357,0.0,0.0147058312806993,0.6983166532576419,0.6950529756936927,0.0,0.0032636775639491,0.5256470588235295,0.5407058823529411,0.0,-0.0150588235294116,0.4553905734474262,0.4738092183773791,0.0,-0.0184186449299529,only_site_qwk_spread_high,site_qwk_spread_high,,0,False,fedavg,0.7156175045507729,0.0,0.4553905734474262,0.0,0.662600406948435,0.0,0.6983166532576419,0.0,0.5256470588235295,0.0
results\threshold_shift_panda_all_conservative_35_seed_2025\predictions.csv,35,35,2025,fedavg,cross_site_blend_50,0.6807281930157466,0.6555318322663316,0.6810694037359211,0.043317625483436,0.5289411764705882,0.4536186046377839,0.8103529411764706,0.0978823529411764,0.216,0.5943529411764706,1.221732048158023,0.6843497880677879,0.0036215950520412,0.6713782370321215,0.0158464047657899,0.6886384962515921,0.007569092515671,0.0564340284703003,0.0131164029868642,0.5392941176470588,0.0103529411764705,0.4562819945143608,0.0026633898765768,0.7995294117647059,-0.0108235294117646,0.096,-0.0018823529411764,0.2367058823529411,0.0207058823529411,0.5628235294117647,-0.0315294117647059,1.2331664369495556,0.0114343887915326,4,global_qwk_low;worst_site_qwk_low;mean_abs_error_high;severe_error_rate_high,True,cross_site_blend_50,0.6843497880677879,0.6843497880677879,0.0036215950520412,0.0,0.6713782370321215,0.6713782370321215,0.0158464047657899,0.0,0.6886384962515921,0.6886384962515921,0.007569092515671,0.0,0.5392941176470588,0.5392941176470588,0.0103529411764705,0.0,0.4562819945143608,0.4562819945143608,0.0026633898765768,0.0,only_site_qwk_spread_high,site_qwk_spread_high,,0,False,fedavg,0.6807281930157466,0.0,0.4536186046377839,0.0,0.6555318322663316,0.0,0.6810694037359211,0.0,0.5289411764705882,0.0
results\threshold_shift_panda_all_conservative_35_seed_23\predictions.csv,35,35,23,fedavg,cross_site_blend_50,0.6817054931979193,0.6489528417707806,0.6975572303865987,0.119148092428158,0.5284705882352941,0.450867585684515,0.808,0.0931764705882352,0.1769411764705882,0.6310588235294118,1.1892046987633955,0.6817857870178419,8.029381992258333e-05,0.6388311572868921,-0.0101216844838885,0.7033775320945139,0.0058203017079152,0.1359653259433261,0.016817233515168,0.5369411764705883,0.0084705882352941,0.4639569043661534,0.0130893186816383,0.8032941176470588,-0.0047058823529412,0.0988235294117647,0.0056470588235294,0.1830588235294117,0.0061176470588235,0.6202352941176471,-0.0108235294117646,1.1863130684906258,-0.0028916302727697,5,global_qwk_low;worst_site_qwk_low;site_qwk_spread_high;mean_abs_error_high;severe_error_rate_high,True,cross_site_blend_50,0.6817857870178419,0.6817857870178419,8.029381992258333e-05,0.0,0.6388311572868921,0.6388311572868921,-0.0101216844838885,0.0,0.7033775320945139,0.7033775320945139,0.0058203017079152,0.0,0.5369411764705883,0.5369411764705883,0.0084705882352941,0.0,0.4639569043661534,0.4639569043661534,0.0130893186816383,0.0,only_site_qwk_spread_high,site_qwk_spread_high,site_qwk_spread_high,1,True,cross_site_blend_50,0.6817857870178419,8.029381992258333e-05,0.4639569043661534,0.013089318681638373,0.6388311572868921,-0.010121684483888505,0.7033775320945139,0.005820301707915254,0.5369411764705883,0.008470588235294119
results\threshold_shift_panda_all_conservative_35_seed_29\predictions.csv,35,35,29,fedavg,cross_site_blend_50,0.7097904464951998,0.6662235221129132,0.7027673894900931,0.0632234981290861,0.540235294117647,0.4686042926591569,0.7694117647058824,0.0847058823529411,0.1727058823529411,0.5967058823529412,1.1890188545410898,0.7115535846956935,0.0017631382004936,0.6521589565004311,-0.0140645656124821,0.7032466256615588,0.0004792361714657,0.087725917623988,0.0245024194949019,0.552,0.011764705882353,0.4828868782856773,0.0142825856265204,0.7524705882352941,-0.0169411764705882,0.0832941176470588,-0.0014117647058823,0.1934117647058823,0.0207058823529411,0.5590588235294117,-0.0376470588235294,1.2192419668339496,0.0302231122928597,2,worst_site_qwk_low;mean_abs_error_high,False,fedavg,0.7097904464951998,0.7115535846956935,0.0,-0.0017631382004936,0.6662235221129132,0.6521589565004311,0.0,0.0140645656124821,0.7027673894900931,0.7032466256615588,0.0,-0.0004792361714657,0.540235294117647,0.552,0.0,-0.011764705882353,0.4686042926591569,0.4828868782856773,0.0,-0.0142825856265204,only_site_qwk_spread_high,site_qwk_spread_high,,0,False,fedavg,0.7097904464951998,0.0,0.4686042926591569,0.0,0.6662235221129132,0.0,0.7027673894900931,0.0,0.540235294117647,0.0
results\threshold_shift_panda_all_conservative_35_seed_31\predictions.csv,35,35,31,fedavg,cross_site_blend_50,0.7007418973821561,0.6567343710782665,0.7054236189010938,0.0785465680739873,0.5303529411764706,0.4586274484143005,0.7637647058823529,0.0804705882352941,0.1778823529411764,0.5858823529411765,1.232779963720776,0.6984447992506222,-0.0022970981315338,0.6721370521131433,0.0154026810348768,0.7097259210937535,0.0043023021926597,0.0575256745329062,-0.021020893541081,0.5312941176470588,0.0009411764705882,0.4613398371291848,0.0027123887148843,0.7905882352941176,0.0268235294117646,0.0884705882352941,0.008,0.236235294117647,0.0583529411764706,0.5543529411764706,-0.0315294117647059,1.2149405922160483,-0.0178393715047278,3,global_qwk_low;worst_site_qwk_low;mean_abs_error_high,True,cross_site_blend_50,0.6984447992506222,0.6984447992506222,-0.0022970981315338,0.0,0.6721370521131433,0.6721370521131433,0.0154026810348768,0.0,0.7097259210937535,0.7097259210937535,0.0043023021926597,0.0,0.5312941176470588,0.5312941176470588,0.0009411764705882,0.0,0.4613398371291848,0.4613398371291848,0.0027123887148843,0.0,only_site_qwk_spread_high,site_qwk_spread_high,,0,False,fedavg,0.7007418973821561,0.0,0.4586274484143005,0.0,0.6567343710782665,0.0,0.7054236189010938,0.0,0.5303529411764706,0.0
results\threshold_shift_panda_all_conservative_35_seed_37\predictions.csv,35,35,37,fedavg,cross_site_blend_50,0.6881570111379685,0.6753917200032407,0.6931063763738259,0.0480626294431818,0.5374117647058824,0.4783017867321298,0.780235294117647,0.0894117647058823,0.168,0.6122352941176471,1.1881799999568676,0.7088559872909906,0.0206989761530221,0.7005886411526676,0.0251969211494269,0.7091999311672879,0.0160935547934619,0.0179046574244339,-0.0301579720187479,0.5501176470588235,0.0127058823529411,0.4807607288988407,0.0024589421667108,0.7614117647058823,-0.0188235294117646,0.0875294117647058,-0.0018823529411764,0.1981176470588235,0.0301176470588235,0.5632941176470588,-0.0489411764705882,1.2618641650555706,0.073684165098703,3,global_qwk_low;mean_abs_error_high;severe_error_rate_high,True,cross_site_blend_50,0.7088559872909906,0.7088559872909906,0.0206989761530221,0.0,0.7005886411526676,0.7005886411526676,0.0251969211494269,0.0,0.7091999311672879,0.7091999311672879,0.0160935547934619,0.0,0.5501176470588235,0.5501176470588235,0.0127058823529411,0.0,0.4807607288988407,0.4807607288988407,0.0024589421667108,0.0,only_site_qwk_spread_high,site_qwk_spread_high,,0,False,fedavg,0.6881570111379685,0.0,0.4783017867321298,0.0,0.6753917200032407,0.0,0.6931063763738259,0.0,0.5374117647058824,0.0
results\threshold_shift_panda_all_conservative_35_seed_41\predictions.csv,35,35,41,fedavg,cross_site_blend_50,0.7113097901595187,0.6734327929995696,0.7237520313373309,0.121717904643702,0.5463529411764706,0.4799819319597888,0.7548235294117647,0.0776470588235294,0.1811764705882353,0.5736470588235294,1.2056767326949895,0.719471196172685,0.0081614060131662,0.6730135092011488,-0.0004192837984208,0.7303581616493352,0.0066061303120042,0.1303923017539611,0.008674397110259,0.5416470588235294,-0.0047058823529412,0.4637752881006425,-0.0162066438591463,0.7534117647058823,-0.0014117647058823,0.0776470588235294,0.0,0.1952941176470588,0.0141176470588235,0.5581176470588235,-0.0155294117647059,1.2143684094040363,0.0086916767090468,2,site_qwk_spread_high;mean_abs_error_high,False,fedavg,0.7113097901595187,0.719471196172685,0.0,-0.0081614060131662,0.6734327929995696,0.6730135092011488,0.0,0.0004192837984208,0.7237520313373309,0.7303581616493352,0.0,-0.0066061303120042,0.5463529411764706,0.5416470588235294,0.0,0.0047058823529412,0.4799819319597888,0.4637752881006425,0.0,0.0162066438591463,only_site_qwk_spread_high,site_qwk_spread_high,site_qwk_spread_high,1,True,cross_site_blend_50,0.719471196172685,0.008161406013166284,0.4637752881006425,-0.016206643859146275,0.6730135092011488,-0.000419283798420822,0.7303581616493352,0.006606130312004299,0.5416470588235294,-0.004705882352941226
results\threshold_shift_panda_all_conservative_35_seed_42\predictions.csv,35,35,42,fedavg,cross_site_blend_50,0.6756849335913802,0.6353615299085036,0.6925201467229715,0.1310682876157862,0.536,0.4644619166746092,0.792,0.0894117647058823,0.1543529411764705,0.6376470588235295,1.224289945414343,0.6894884384239218,0.0138035048325416,0.6669725170550318,0.0316109871465282,0.6993536527466236,0.0068335060236521,0.0618142421004909,-0.0692540455152953,0.5510588235294117,0.0150588235294116,0.4887452064509185,0.0242832897763093,0.768,-0.024,0.0894117647058823,0.0,0.1741176470588235,0.0197647058823529,0.5938823529411764,-0.043764705882353,1.210178393635258,-0.014111551779085,5,global_qwk_low;worst_site_qwk_low;site_qwk_spread_high;mean_abs_error_high;severe_error_rate_high,True,cross_site_blend_50,0.6894884384239218,0.6894884384239218,0.0138035048325416,0.0,0.6669725170550318,0.6669725170550318,0.0316109871465282,0.0,0.6993536527466236,0.6993536527466236,0.0068335060236521,0.0,0.5510588235294117,0.5510588235294117,0.0150588235294116,0.0,0.4887452064509185,0.4887452064509185,0.0242832897763093,0.0,only_site_qwk_spread_high,site_qwk_spread_high,site_qwk_spread_high,1,True,cross_site_blend_50,0.6894884384239218,0.013803504832541669,0.4887452064509185,0.024283289776309336,0.6669725170550318,0.03161098714652821,0.6993536527466236,0.0068335060236521805,0.5510588235294117,0.01505882352941168
results\threshold_shift_panda_all_conservative_35_seed_43\predictions.csv,35,35,43,fedavg,cross_site_blend_50,0.7243710362103042,0.6957735339954874,0.7233928968414869,0.0581241993214474,0.5411764705882353,0.4743099103943904,0.7548235294117647,0.0776470588235294,0.1849411764705882,0.5698823529411765,1.19096471275959,0.727587704567845,0.0032166683575408,0.7141744782952756,0.0184009442997882,0.7280030301481822,0.0046101333066953,0.024354381203459,-0.0337698181179884,0.5576470588235294,0.0164705882352941,0.4963415130623081,0.0220316026679177,0.728,-0.0268235294117646,0.0757647058823529,-0.0018823529411764,0.1863529411764705,0.0014117647058823,0.5416470588235294,-0.0282352941176471,1.253319658952319,0.062354946192729,1,mean_abs_error_high,False,fedavg,0.7243710362103042,0.727587704567845,0.0,-0.0032166683575408,0.6957735339954874,0.7141744782952756,0.0,-0.0184009442997882,0.7233928968414869,0.7280030301481822,0.0,-0.0046101333066953,0.5411764705882353,0.5576470588235294,0.0,-0.0164705882352941,0.4743099103943904,0.4963415130623081,0.0,-0.0220316026679177,only_site_qwk_spread_high,site_qwk_spread_high,,0,False,fedavg,0.7243710362103042,0.0,0.4743099103943904,0.0,0.6957735339954874,0.0,0.7233928968414869,0.0,0.5411764705882353,0.0
results\threshold_shift_panda_all_conservative_35_seed_47\predictions.csv,35,35,47,fedavg,cross_site_blend_50,0.6921737812192412,0.6538064261416063,0.7020314672875764,0.0848993069725201,0.5298823529411765,0.4594810361790215,0.8004705882352942,0.0941176470588235,0.2254117647058823,0.5750588235294117,1.2166343312159058,0.6985148818152267,0.0063411005959854,0.6806512543888461,0.0268448282472397,0.7065425962205635,0.0045111289329871,0.0411207590642284,-0.0437785479082917,0.5538823529411765,0.024,0.4823224745876996,0.0228414384086781,0.772235294117647,-0.0282352941176471,0.0889411764705882,-0.0051764705882352,0.2188235294117647,-0.0065882352941176,0.5534117647058824,-0.0216470588235293,1.2207361889290396,0.0041018577131337,4,global_qwk_low;worst_site_qwk_low;mean_abs_error_high;severe_error_rate_high,True,cross_site_blend_50,0.6985148818152267,0.6985148818152267,0.0063411005959854,0.0,0.6806512543888461,0.6806512543888461,0.0268448282472397,0.0,0.7065425962205635,0.7065425962205635,0.0045111289329871,0.0,0.5538823529411765,0.5538823529411765,0.024,0.0,0.4823224745876996,0.4823224745876996,0.0228414384086781,0.0,only_site_qwk_spread_high,site_qwk_spread_high,,0,False,fedavg,0.6921737812192412,0.0,0.4594810361790215,0.0,0.6538064261416063,0.0,0.7020314672875764,0.0,0.5298823529411765,0.0
results\threshold_shift_panda_all_conservative_35_seed_53\predictions.csv,35,35,53,fedavg,cross_site_blend_50,0.7220044444993801,0.6893711996389367,0.7283130832458101,0.0732320067083412,0.5416470588235294,0.475308711273759,0.7501176470588236,0.0814117647058823,0.1745882352941176,0.5755294117647058,1.2470530666116162,0.717561349932142,-0.004443094567238,0.6569645223976546,-0.0324066772412821,0.722569893267072,-0.0057431899787381,0.1146446391528314,0.0414126324444901,0.5284705882352941,-0.0131764705882352,0.450925928543104,-0.024382782730655,0.7821176470588236,0.032,0.0865882352941176,0.0051764705882352,0.2136470588235294,0.0390588235294117,0.5684705882352942,-0.0070588235294116,1.213103565384407,-0.0339495012272093,1,mean_abs_error_high,False,fedavg,0.7220044444993801,0.717561349932142,0.0,0.004443094567238,0.6893711996389367,0.6569645223976546,0.0,0.0324066772412821,0.7283130832458101,0.722569893267072,0.0,0.0057431899787381,0.5416470588235294,0.5284705882352941,0.0,0.0131764705882352,0.475308711273759,0.450925928543104,0.0,0.024382782730655,only_site_qwk_spread_high,site_qwk_spread_high,,0,False,fedavg,0.7220044444993801,0.0,0.475308711273759,0.0,0.6893711996389367,0.0,0.7283130832458101,0.0,0.5416470588235294,0.0
results\threshold_shift_panda_all_conservative_35_seed_59\predictions.csv,35,35,59,fedavg,cross_site_blend_50,0.7100777412130561,0.6429990356369907,0.6901337869423715,0.105887289059677,0.5435294117647059,0.471341301659099,0.7717647058823529,0.0851764705882353,0.1952941176470588,0.5764705882352941,1.2240254947685616,0.7116016939956201,0.001523952782564,0.6370567174716034,-0.0059423181653872,0.6934241099992058,0.0032903230568342,0.1132789288326377,0.0073916397729607,0.5534117647058824,0.0098823529411764,0.4825955569744076,0.0112542553153086,0.7604705882352941,-0.0112941176470587,0.0818823529411764,-0.0032941176470588,0.2141176470588235,0.0188235294117647,0.5463529411764706,-0.0301176470588234,1.238746797482302,0.0147213027137405,3,worst_site_qwk_low;site_qwk_spread_high;mean_abs_error_high,True,cross_site_blend_50,0.7116016939956201,0.7116016939956201,0.001523952782564,0.0,0.6370567174716034,0.6370567174716034,-0.0059423181653872,0.0,0.6934241099992058,0.6934241099992058,0.0032903230568342,0.0,0.5534117647058824,0.5534117647058824,0.0098823529411764,0.0,0.4825955569744076,0.4825955569744076,0.0112542553153086,0.0,only_site_qwk_spread_high,site_qwk_spread_high,site_qwk_spread_high,1,True,cross_site_blend_50,0.7116016939956201,0.0015239527825640087,0.4825955569744076,0.011254255315308603,0.6370567174716034,-0.005942318165387261,0.6934241099992058,0.003290323056834299,0.5534117647058824,0.009882352941176453
results\threshold_shift_panda_all_conservative_35_seed_7\predictions.csv,35,35,7,fedavg,cross_site_blend_50,0.6942774894031114,0.6443874347078955,0.6975829421396949,0.0858773052027235,0.5374117647058824,0.4603144780205284,0.7849411764705883,0.0903529411764706,0.1552941176470588,0.6296470588235294,1.2142426451106132,0.7056756010856606,0.0113981116825492,0.6562957385838117,0.0119083038759162,0.7117153467248711,0.0141324045851762,0.1079768212688585,0.022099516066135,0.5529411764705883,0.0155294117647059,0.4856018793440087,0.0252874013234802,0.7529411764705882,-0.032,0.0870588235294117,-0.0032941176470588,0.1868235294117647,0.0315294117647058,0.5661176470588235,-0.0635294117647059,1.2264807032274183,0.0122380581168053,4,global_qwk_low;worst_site_qwk_low;mean_abs_error_high;severe_error_rate_high,True,cross_site_blend_50,0.7056756010856606,0.7056756010856606,0.0113981116825492,0.0,0.6562957385838117,0.6562957385838117,0.0119083038759162,0.0,0.7117153467248711,0.7117153467248711,0.0141324045851762,0.0,0.5529411764705883,0.5529411764705883,0.0155294117647059,0.0,0.4856018793440087,0.4856018793440087,0.0252874013234802,0.0,only_site_qwk_spread_high,site_qwk_spread_high,,0,False,fedavg,0.6942774894031114,0.0,0.4603144780205284,0.0,0.6443874347078955,0.0,0.6975829421396949,0.0,0.5374117647058824,0.0
results\threshold_shift_panda_all_conservative_45_seed_11\predictions.csv,45,45,11,fedavg,cross_site_blend_50,0.7186645880399637,0.6983115957788266,0.7269082996176406,0.0565871762874488,0.5256470588235295,0.4458322751590808,0.7581176470588236,0.0705882352941176,0.1327058823529411,0.6254117647058823,1.2047639969635384,0.7279402531602377,0.009275665120274,0.6982601754864977,-5.142029232896306e-05,0.7413890565436128,0.0144807569259721,0.0733651753637983,0.0167779990763495,0.5491764705882353,0.0235294117647058,0.4756956220330177,0.0298633468739368,0.7265882352941176,-0.0315294117647059,0.0752941176470588,0.0047058823529411,0.1656470588235294,0.0329411764705882,0.5609411764705883,-0.064470588235294,1.228324298388084,0.0235603014245455,1,mean_abs_error_high,False,fedavg,0.7186645880399637,0.7279402531602377,0.0,-0.009275665120274,0.6983115957788266,0.6982601754864977,0.0,5.142029232896306e-05,0.7269082996176406,0.7413890565436128,0.0,-0.0144807569259721,0.5256470588235295,0.5491764705882353,0.0,-0.0235294117647058,0.4458322751590808,0.4756956220330177,0.0,-0.0298633468739368,only_site_qwk_spread_high,site_qwk_spread_high,,0,False,fedavg,0.7186645880399637,0.0,0.4458322751590808,0.0,0.6983115957788266,0.0,0.7269082996176406,0.0,0.5256470588235295,0.0
results\threshold_shift_panda_all_conservative_45_seed_123\predictions.csv,45,45,123,fedavg,cross_site_blend_50,0.6842525827854697,0.6443909272024675,0.6827482723486302,0.0739910587963851,0.512,0.4354754690015998,0.8084705882352942,0.0912941176470588,0.1647058823529411,0.6437647058823529,1.25651402768541,0.7276041522412715,0.0433515694558017,0.6793432674370103,0.0349523402345428,0.7197759974251865,0.0370277250765562,0.0794422259562985,0.0054511671599134,0.5421176470588235,0.0301176470588234,0.4722981845450189,0.036822715543419,0.7463529411764706,-0.0621176470588236,0.0767058823529411,-0.0145882352941176,0.2381176470588235,0.0734117647058823,0.508235294117647,-0.1355294117647059,1.2447748699019268,-0.0117391577834833,4,global_qwk_low;worst_site_qwk_low;mean_abs_error_high;severe_error_rate_high,True,cross_site_blend_50,0.7276041522412715,0.7276041522412715,0.0433515694558017,0.0,0.6793432674370103,0.6793432674370103,0.0349523402345428,0.0,0.7197759974251865,0.7197759974251865,0.0370277250765562,0.0,0.5421176470588235,0.5421176470588235,0.0301176470588234,0.0,0.4722981845450189,0.4722981845450189,0.036822715543419,0.0,only_site_qwk_spread_high,site_qwk_spread_high,,0,False,fedavg,0.6842525827854697,0.0,0.4354754690015998,0.0,0.6443909272024675,0.0,0.6827482723486302,0.0,0.512,0.0
results\threshold_shift_panda_all_conservative_45_seed_17\predictions.csv,45,45,17,fedavg,cross_site_blend_50,0.7047611051305348,0.645220573180699,0.6905945451901226,0.0909757587087569,0.5129411764705882,0.4388248410063545,0.7943529411764706,0.0781176470588235,0.1477647058823529,0.6465882352941177,1.2398184894957895,0.7077247854813571,0.0029636803508222,0.6417517990615361,-0.0034687741191629,0.6917447783051633,0.0011502331150406,0.1018123133312761,0.0108365546225192,0.5289411764705882,0.016,0.4601461090491274,0.0213212680427729,0.7684705882352941,-0.0258823529411764,0.0785882352941176,0.0004705882352941,0.1609411764705882,0.0131764705882352,0.6075294117647059,-0.0390588235294118,1.2388539655751256,-0.0009645239206639,2,worst_site_qwk_low;mean_abs_error_high,False,fedavg,0.7047611051305348,0.7077247854813571,0.0,-0.0029636803508222,0.645220573180699,0.6417517990615361,0.0,0.0034687741191629,0.6905945451901226,0.6917447783051633,0.0,-0.0011502331150406,0.5129411764705882,0.5289411764705882,0.0,-0.016,0.4388248410063545,0.4601461090491274,0.0,-0.0213212680427729,only_site_qwk_spread_high,site_qwk_spread_high,,0,False,fedavg,0.7047611051305348,0.0,0.4388248410063545,0.0,0.645220573180699,0.0,0.6905945451901226,0.0,0.5129411764705882,0.0
results\threshold_shift_panda_all_conservative_45_seed_2025\predictions.csv,45,45,2025,fedavg,cross_site_blend_50,0.6513178987545161,0.6357395844743857,0.6550728682482759,0.0617910715279269,0.512,0.4213510266509179,0.8465882352941176,0.1021176470588235,0.1689411764705882,0.6776470588235294,1.2398197962944426,0.6916847406111084,0.0403668418565923,0.6475384686313133,0.0117988841569275,0.6929907323339558,0.0379178640856798,0.0791388873452907,0.0173478158173637,0.5251764705882352,0.0131764705882352,0.4405144881551974,0.0191634615042795,0.7995294117647059,-0.0470588235294117,0.0908235294117647,-0.0112941176470588,0.2188235294117647,0.0498823529411764,0.5807058823529412,-0.0969411764705882,1.2347401108882392,-0.0050796854062034,4,global_qwk_low;worst_site_qwk_low;mean_abs_error_high;severe_error_rate_high,True,cross_site_blend_50,0.6916847406111084,0.6916847406111084,0.0403668418565923,0.0,0.6475384686313133,0.6475384686313133,0.0117988841569275,0.0,0.6929907323339558,0.6929907323339558,0.0379178640856798,0.0,0.5251764705882352,0.5251764705882352,0.0131764705882352,0.0,0.4405144881551974,0.4405144881551974,0.0191634615042795,0.0,only_site_qwk_spread_high,site_qwk_spread_high,,0,False,fedavg,0.6513178987545161,0.0,0.4213510266509179,0.0,0.6357395844743857,0.0,0.6550728682482759,0.0,0.512,0.0
results\threshold_shift_panda_all_conservative_45_seed_23\predictions.csv,45,45,23,fedavg,cross_site_blend_50,0.6689702161873159,0.6278285098051922,0.6892648974635475,0.1249900734371944,0.5256470588235295,0.4501728064200315,0.8169411764705883,0.0974117647058823,0.1487058823529412,0.668235294117647,1.223265605185007,0.6811832732447068,0.0122130570573909,0.6330609816469177,0.0052324718417254,0.7044609882881547,0.0151960908246072,0.1447019826986322,0.0197119092614377,0.5383529411764706,0.0127058823529411,0.4677176487867743,0.0175448423667428,0.7981176470588235,-0.0188235294117647,0.0974117647058823,0.0,0.1632941176470588,0.0145882352941176,0.6348235294117647,-0.0334117647058823,1.1950156635017095,-0.0282499416832973,5,global_qwk_low;worst_site_qwk_low;site_qwk_spread_high;mean_abs_error_high;severe_error_rate_high,True,cross_site_blend_50,0.6811832732447068,0.6811832732447068,0.0122130570573909,0.0,0.6330609816469177,0.6330609816469177,0.0052324718417254,0.0,0.7044609882881547,0.7044609882881547,0.0151960908246072,0.0,0.5383529411764706,0.5383529411764706,0.0127058823529411,0.0,0.4677176487867743,0.4677176487867743,0.0175448423667428,0.0,only_site_qwk_spread_high,site_qwk_spread_high,site_qwk_spread_high,1,True,cross_site_blend_50,0.6811832732447068,0.012213057057390952,0.4677176487867743,0.017544842366742808,0.6330609816469177,0.005232471841725483,0.7044609882881547,0.015196090824607267,0.5383529411764706,0.012705882352941122
results\threshold_shift_panda_all_conservative_45_seed_29\predictions.csv,45,45,29,fedavg,cross_site_blend_50,0.7027122701678348,0.6593035575542109,0.6983248374194991,0.0674032162340082,0.5218823529411765,0.4494435876297903,0.7905882352941176,0.088,0.1576470588235294,0.6329411764705882,1.196903554445906,0.7083737182341829,0.0056614480663481,0.6553674973311827,-0.0039360602230281,0.7033051263106922,0.004980288891193,0.0885817534051347,0.0211785371711265,0.5468235294117647,0.0249411764705882,0.4791428742323236,0.0296992866025332,0.7585882352941177,-0.0319999999999999,0.084235294117647,-0.0037647058823529,0.1830588235294117,0.0254117647058823,0.5755294117647058,-0.0574117647058823,1.2174418629639214,0.0205383085180153,4,global_qwk_low;worst_site_qwk_low;mean_abs_error_high;severe_error_rate_high,True,cross_site_blend_50,0.7083737182341829,0.7083737182341829,0.0056614480663481,0.0,0.6553674973311827,0.6553674973311827,-0.0039360602230281,0.0,0.7033051263106922,0.7033051263106922,0.004980288891193,0.0,0.5468235294117647,0.5468235294117647,0.0249411764705882,0.0,0.4791428742323236,0.4791428742323236,0.0296992866025332,0.0,only_site_qwk_spread_high,site_qwk_spread_high,,0,False,fedavg,0.7027122701678348,0.0,0.4494435876297903,0.0,0.6593035575542109,0.0,0.6983248374194991,0.0,0.5218823529411765,0.0
results\threshold_shift_panda_all_conservative_45_seed_31\predictions.csv,45,45,31,fedavg,cross_site_blend_50,0.6907445542033991,0.6478213865592243,0.697022671132488,0.0990737087116392,0.5209411764705882,0.4467296226169241,0.7783529411764706,0.0809411764705882,0.156235294117647,0.6221176470588236,1.241704937493638,0.7010929147350812,0.010348360531682,0.6782066835699941,0.0303852970107698,0.7110580444059729,0.0140353732734849,0.063455555044703,-0.0356181536669362,0.5378823529411765,0.0169411764705882,0.4778400687043871,0.031110446087463,0.7807058823529411,0.0023529411764705,0.0884705882352941,0.0075294117647058,0.2258823529411764,0.0696470588235294,0.5548235294117647,-0.0672941176470588,1.2281036756811077,-0.0136012618125302,3,global_qwk_low;worst_site_qwk_low;mean_abs_error_high,True,cross_site_blend_50,0.7010929147350812,0.7010929147350812,0.010348360531682,0.0,0.6782066835699941,0.6782066835699941,0.0303852970107698,0.0,0.7110580444059729,0.7110580444059729,0.0140353732734849,0.0,0.5378823529411765,0.5378823529411765,0.0169411764705882,0.0,0.4778400687043871,0.4778400687043871,0.031110446087463,0.0,only_site_qwk_spread_high,site_qwk_spread_high,,0,False,fedavg,0.6907445542033991,0.0,0.4467296226169241,0.0,0.6478213865592243,0.0,0.697022671132488,0.0,0.5209411764705882,0.0
results\threshold_shift_panda_all_conservative_45_seed_37\predictions.csv,45,45,37,fedavg,cross_site_blend_50,0.6718398316224687,0.6566294013012368,0.6776751902752847,0.0577402918144898,0.5134117647058823,0.4501286620132132,0.8178823529411765,0.0941176470588235,0.1454117647058823,0.6724705882352942,1.1877916427116788,0.6989889494547878,0.0271491178323191,0.6798369892493196,0.0232075879480827,0.7028944926747505,0.0252193023994657,0.0388444897333896,-0.0188958020811002,0.5383529411764706,0.0249411764705882,0.4679482987007382,0.0178196366875249,0.7778823529411765,-0.04,0.0903529411764706,-0.0037647058823529,0.1910588235294117,0.0456470588235294,0.5868235294117647,-0.0856470588235294,1.2612150037606646,0.0734233610489858,4,global_qwk_low;worst_site_qwk_low;mean_abs_error_high;severe_error_rate_high,True,cross_site_blend_50,0.6989889494547878,0.6989889494547878,0.0271491178323191,0.0,0.6798369892493196,0.6798369892493196,0.0232075879480827,0.0,0.7028944926747505,0.7028944926747505,0.0252193023994657,0.0,0.5383529411764706,0.5383529411764706,0.0249411764705882,0.0,0.4679482987007382,0.4679482987007382,0.0178196366875249,0.0,only_site_qwk_spread_high,site_qwk_spread_high,,0,False,fedavg,0.6718398316224687,0.0,0.4501286620132132,0.0,0.6566294013012368,0.0,0.6776751902752847,0.0,0.5134117647058823,0.0
results\threshold_shift_panda_all_conservative_45_seed_41\predictions.csv,45,45,41,fedavg,cross_site_blend_50,0.7123796898843978,0.6477160424225139,0.7230280654793807,0.1493724689112257,0.532235294117647,0.4576524733917275,0.7595294117647059,0.0752941176470588,0.1689411764705882,0.5905882352941176,1.216875668403408,0.7108887383352965,-0.0014909515491012,0.6681257448384706,0.0204097024159567,0.7194995869173381,-0.0035284785620426,0.1343608083755315,-0.0150116605356941,0.536,0.003764705882353,0.4617007732319488,0.0040482998402213,0.7670588235294118,0.0075294117647058,0.0785882352941176,0.0032941176470588,0.1656470588235294,-0.0032941176470588,0.6014117647058823,0.0108235294117646,1.208587090198221,-0.0082885782051869,3,worst_site_qwk_low;site_qwk_spread_high;mean_abs_error_high,True,cross_site_blend_50,0.7108887383352965,0.7108887383352965,-0.0014909515491012,0.0,0.6681257448384706,0.6681257448384706,0.0204097024159567,0.0,0.7194995869173381,0.7194995869173381,-0.0035284785620426,0.0,0.536,0.536,0.003764705882353,0.0,0.4617007732319488,0.4617007732319488,0.0040482998402213,0.0,only_site_qwk_spread_high,site_qwk_spread_high,site_qwk_spread_high,1,True,cross_site_blend_50,0.7108887383352965,-0.0014909515491012826,0.4617007732319488,0.004048299840221314,0.6681257448384706,0.020409702415956743,0.7194995869173381,-0.003528478562042636,0.536,0.0037647058823530033
results\threshold_shift_panda_all_conservative_45_seed_42\predictions.csv,45,45,42,fedavg,cross_site_blend_50,0.6774827764861275,0.6445375035779021,0.6916365566904921,0.1014820199256691,0.5270588235294118,0.4543662053061909,0.7985882352941176,0.0912941176470588,0.1336470588235294,0.6649411764705883,1.2261141193444989,0.684495430609388,0.0070126541232604,0.6552577603454078,0.0107202567675057,0.6966647491374609,0.0050281924469688,0.0956957754403231,-0.005786244485346,0.536,0.0089411764705882,0.462630665272385,0.0082644599661941,0.7835294117647059,-0.0150588235294116,0.0894117647058823,-0.0018823529411764,0.1557647058823529,0.0221176470588235,0.6277647058823529,-0.0371764705882353,1.2219655729572696,-0.0041485463872292,4,global_qwk_low;worst_site_qwk_low;mean_abs_error_high;severe_error_rate_high,True,cross_site_blend_50,0.684495430609388,0.684495430609388,0.0070126541232604,0.0,0.6552577603454078,0.6552577603454078,0.0107202567675057,0.0,0.6966647491374609,0.6966647491374609,0.0050281924469688,0.0,0.536,0.536,0.0089411764705882,0.0,0.462630665272385,0.462630665272385,0.0082644599661941,0.0,only_site_qwk_spread_high,site_qwk_spread_high,,0,False,fedavg,0.6774827764861275,0.0,0.4543662053061909,0.0,0.6445375035779021,0.0,0.6916365566904921,0.0,0.5270588235294118,0.0
results\threshold_shift_panda_all_conservative_45_seed_43\predictions.csv,45,45,43,fedavg,cross_site_blend_50,0.7138716162513442,0.6822721801086638,0.711808940745141,0.0616774222069055,0.5289411764705882,0.4655935566146705,0.7736470588235295,0.0790588235294117,0.1647058823529411,0.6089411764705882,1.1930575391361506,0.7238906047035034,0.0100189884521592,0.6955788405751153,0.0133066604664515,0.7253029885742331,0.0134940478290921,0.0540392088119872,-0.0076382133949183,0.5472941176470588,0.0183529411764705,0.4833792586175012,0.0177857020028307,0.739764705882353,-0.0338823529411764,0.0767058823529411,-0.0023529411764705,0.1736470588235294,0.0089411764705882,0.5661176470588235,-0.0428235294117647,1.2490948525451526,0.0560373134090019,1,mean_abs_error_high,False,fedavg,0.7138716162513442,0.7238906047035034,0.0,-0.0100189884521592,0.6822721801086638,0.6955788405751153,0.0,-0.0133066604664515,0.711808940745141,0.7253029885742331,0.0,-0.0134940478290921,0.5289411764705882,0.5472941176470588,0.0,-0.0183529411764705,0.4655935566146705,0.4833792586175012,0.0,-0.0177857020028307,only_site_qwk_spread_high,site_qwk_spread_high,,0,False,fedavg,0.7138716162513442,0.0,0.4655935566146705,0.0,0.6822721801086638,0.0,0.711808940745141,0.0,0.5289411764705882,0.0
results\threshold_shift_panda_all_conservative_45_seed_47\predictions.csv,45,45,47,fedavg,cross_site_blend_50,0.6847965201382491,0.6483616776044975,0.6910543398194848,0.0705500414349021,0.5247058823529411,0.4514071460022199,0.8014117647058824,0.0927058823529411,0.1689411764705882,0.6324705882352941,1.223896878202759,0.6851789430850455,0.0003824229467963,0.652432325294192,0.0040706476896945,0.6995950911807111,0.0085407513612262,0.0619584935386275,-0.0085915478962745,0.5449411764705883,0.0202352941176471,0.472621372126016,0.021214226123796,0.7910588235294118,-0.0103529411764705,0.0941176470588235,0.0014117647058823,0.1797647058823529,0.0108235294117647,0.6112941176470589,-0.0211764705882352,1.217905331775368,-0.0059915464273909,4,global_qwk_low;worst_site_qwk_low;mean_abs_error_high;severe_error_rate_high,True,cross_site_blend_50,0.6851789430850455,0.6851789430850455,0.0003824229467963,0.0,0.652432325294192,0.652432325294192,0.0040706476896945,0.0,0.6995950911807111,0.6995950911807111,0.0085407513612262,0.0,0.5449411764705883,0.5449411764705883,0.0202352941176471,0.0,0.472621372126016,0.472621372126016,0.021214226123796,0.0,only_site_qwk_spread_high,site_qwk_spread_high,,0,False,fedavg,0.6847965201382491,0.0,0.4514071460022199,0.0,0.6483616776044975,0.0,0.6910543398194848,0.0,0.5247058823529411,0.0
results\threshold_shift_panda_all_conservative_45_seed_53\predictions.csv,45,45,53,fedavg,cross_site_blend_50,0.7201645664369767,0.6590058792089791,0.7242115653009432,0.0962519076398983,0.5124705882352941,0.4494431704394436,0.7712941176470588,0.0785882352941176,0.1449411764705882,0.6263529411764706,1.2476182242498215,0.7142977210762524,-0.0058668453607242,0.6664553756290599,0.0074494964200807,0.7213074678388882,-0.0029040974620549,0.092832744626332,-0.0034191630135662,0.5265882352941177,0.0141176470588235,0.4523648833805307,0.002921712941087,0.7811764705882352,0.0098823529411764,0.0861176470588235,0.0075294117647058,0.2018823529411764,0.0569411764705882,0.5792941176470588,-0.0470588235294117,1.216200957210754,-0.0314172670390675,2,worst_site_qwk_low;mean_abs_error_high,False,fedavg,0.7201645664369767,0.7142977210762524,0.0,0.0058668453607242,0.6590058792089791,0.6664553756290599,0.0,-0.0074494964200807,0.7242115653009432,0.7213074678388882,0.0,0.0029040974620549,0.5124705882352941,0.5265882352941177,0.0,-0.0141176470588235,0.4494431704394436,0.4523648833805307,0.0,-0.002921712941087,only_site_qwk_spread_high,site_qwk_spread_high,,0,False,fedavg,0.7201645664369767,0.0,0.4494431704394436,0.0,0.6590058792089791,0.0,0.7242115653009432,0.0,0.5124705882352941,0.0
results\threshold_shift_panda_all_conservative_45_seed_59\predictions.csv,45,45,59,fedavg,cross_site_blend_50,0.7016674406948484,0.6159609540801119,0.6845382756686187,0.1206158796476057,0.5256470588235295,0.4495477542539736,0.7915294117647059,0.0861176470588235,0.1825882352941176,0.6089411764705882,1.1982354306608411,0.705730488586835,0.0040630478919865,0.643696978717071,0.0277360246369591,0.6883887122265069,0.0038504365578881,0.0969232193571749,-0.0236926602904308,0.5407058823529411,0.0150588235294116,0.4656458284346138,0.0160980741806401,0.7783529411764706,-0.0131764705882353,0.0851764705882353,-0.0009411764705882,0.2089411764705882,0.0263529411764706,0.5694117647058824,-0.0395294117647058,1.2381082534135337,0.0398728227526925,4,global_qwk_low;worst_site_qwk_low;site_qwk_spread_high;mean_abs_error_high,True,cross_site_blend_50,0.705730488586835,0.705730488586835,0.0040630478919865,0.0,0.643696978717071,0.643696978717071,0.0277360246369591,0.0,0.6883887122265069,0.6883887122265069,0.0038504365578881,0.0,0.5407058823529411,0.5407058823529411,0.0150588235294116,0.0,0.4656458284346138,0.4656458284346138,0.0160980741806401,0.0,only_site_qwk_spread_high,site_qwk_spread_high,site_qwk_spread_high,1,True,cross_site_blend_50,0.705730488586835,0.0040630478919865265,0.4656458284346138,0.016098074180640187,0.643696978717071,0.027736024636959122,0.6883887122265069,0.0038504365578881927,0.5407058823529411,0.01505882352941168
results\threshold_shift_panda_all_conservative_45_seed_7\predictions.csv,45,45,7,fedavg,cross_site_blend_50,0.6923907834999634,0.6489613109441599,0.6966096027165747,0.0937013742162709,0.5251764705882352,0.4536372003313794,0.7976470588235294,0.0894117647058823,0.1392941176470588,0.6583529411764706,1.2069264914261555,0.7012379189330036,0.0088471354330401,0.6779182879377432,0.0289569769935833,0.7076271761977981,0.0110175734812234,0.0784267466587252,-0.0152746275575456,0.5463529411764706,0.0211764705882353,0.4786342882830192,0.0249970879516397,0.7567058823529412,-0.0409411764705881,0.0870588235294117,-0.0023529411764705,0.1755294117647058,0.036235294117647,0.5811764705882353,-0.0771764705882352,1.248436539060467,0.0415100476343115,4,global_qwk_low;worst_site_qwk_low;mean_abs_error_high;severe_error_rate_high,True,cross_site_blend_50,0.7012379189330036,0.7012379189330036,0.0088471354330401,0.0,0.6779182879377432,0.6779182879377432,0.0289569769935833,0.0,0.7076271761977981,0.7076271761977981,0.0110175734812234,0.0,0.5463529411764706,0.5463529411764706,0.0211764705882353,0.0,0.4786342882830192,0.4786342882830192,0.0249970879516397,0.0,only_site_qwk_spread_high,site_qwk_spread_high,,0,False,fedavg,0.6923907834999634,0.0,0.4536372003313794,0.0,0.6489613109441599,0.0,0.6966096027165747,0.0,0.5251764705882352,0.0
results\threshold_shift_panda_all_conservative_0_seed_11\predictions.csv,0,0,11,fedavg,cross_site_blend_50,0.7429581080983443,0.7164217698801902,0.7441992641283725,0.0593496863554664,0.5745882352941176,0.5098279114359029,0.6922352941176471,0.0734117647058823,0.208,0.484235294117647,1.156964949139127,0.7337225638667626,-0.0092355442315816,0.7119886879296122,-0.004433081950578,0.743286473704899,-0.0009127904234734,0.0433346987300143,-0.016014987625452,0.5736470588235294,-0.0009411764705882,0.5055207797599799,-0.004307131675923,0.7105882352941176,0.0183529411764705,0.0785882352941176,0.0051764705882352,0.2343529411764706,0.0263529411764706,0.476235294117647,-0.008,1.1778074606925435,0.0208425115534167,0,,False,fedavg,0.7429581080983443,0.7429581080983443,0.0,0.0,0.7164217698801902,0.7164217698801902,0.0,0.0,0.7441992641283725,0.7441992641283725,0.0,0.0,0.5745882352941176,0.5745882352941176,0.0,0.0,0.5098279114359029,0.5098279114359029,0.0,0.0,only_mean_abs_error_high,mean_abs_error_high,,0,False,fedavg,0.7429581080983443,0.0,0.5098279114359029,0.0,0.7164217698801902,0.0,0.7441992641283725,0.0,0.5745882352941176,0.0
results\threshold_shift_panda_all_conservative_0_seed_123\predictions.csv,0,0,123,fedavg,cross_site_blend_50,0.7298328239744079,0.702768825425204,0.732487374863064,0.0713198620093883,0.5694117647058824,0.5055799211566626,0.7134117647058823,0.076235294117647,0.2376470588235294,0.4757647058823529,1.1721565327917418,0.7280400712222352,-0.0017927527521726,0.6825573624415238,-0.0202114629836802,0.7254086963081546,-0.0070786785549094,0.0742889639064762,0.0029691018970878,0.5567058823529412,-0.0127058823529412,0.4949036378409496,-0.0106762833157129,0.7425882352941177,0.0291764705882353,0.0767058823529411,0.0004705882352941,0.3171764705882353,0.0795294117647058,0.4254117647058824,-0.0503529411764705,1.1780110800360235,0.0058545472442819,0,,False,fedavg,0.7298328239744079,0.7298328239744079,0.0,0.0,0.702768825425204,0.702768825425204,0.0,0.0,0.732487374863064,0.732487374863064,0.0,0.0,0.5694117647058824,0.5694117647058824,0.0,0.0,0.5055799211566626,0.5055799211566626,0.0,0.0,only_mean_abs_error_high,mean_abs_error_high,,0,False,fedavg,0.7298328239744079,0.0,0.5055799211566626,0.0,0.702768825425204,0.0,0.732487374863064,0.0,0.5694117647058824,0.0
results\threshold_shift_panda_all_conservative_0_seed_17\predictions.csv,0,0,17,fedavg,cross_site_blend_50,0.7239654930746602,0.6867531239805871,0.7097153911713731,0.0679690886509221,0.5727058823529412,0.5116310736011755,0.7171764705882353,0.0752941176470588,0.1971764705882353,0.52,1.1677552636809072,0.741825343260487,0.0178598501858268,0.6977504245196491,0.010997300539062,0.7270813020050024,0.0173659108336293,0.0776750134260571,0.0097059247751349,0.5835294117647059,0.0108235294117646,0.5224528915476301,0.0108218179464545,0.6832941176470588,-0.0338823529411764,0.068235294117647,-0.0070588235294117,0.1637647058823529,-0.0334117647058823,0.5195294117647059,-0.0004705882352941,1.1786416934641828,0.0108864297832755,0,,False,fedavg,0.7239654930746602,0.7239654930746602,0.0,0.0,0.6867531239805871,0.6867531239805871,0.0,0.0,0.7097153911713731,0.7097153911713731,0.0,0.0,0.5727058823529412,0.5727058823529412,0.0,0.0,0.5116310736011755,0.5116310736011755,0.0,0.0,only_mean_abs_error_high,mean_abs_error_high,,0,False,fedavg,0.7239654930746602,0.0,0.5116310736011755,0.0,0.6867531239805871,0.0,0.7097153911713731,0.0,0.5727058823529412,0.0
results\threshold_shift_panda_all_conservative_0_seed_2025\predictions.csv,0,0,2025,fedavg,cross_site_blend_50,0.6983892617352163,0.6744316058050153,0.7010870185241194,0.0584559494250015,0.5585882352941176,0.5000663744833895,0.7576470588235295,0.0870588235294117,0.2465882352941176,0.5110588235294118,1.1618222006061447,0.6988934439468641,0.0005041822116478,0.677440898806273,0.0030092930012577,0.7014432993023529,0.0003562807782335,0.0543557071565601,-0.0041002422684414,0.5472941176470588,-0.0112941176470587,0.4780140759710345,-0.022052298512355,0.7854117647058824,0.0277647058823529,0.092235294117647,0.0051764705882352,0.2790588235294117,0.0324705882352941,0.5063529411764706,-0.0047058823529412,1.177045535032376,0.0152233344262311,2,global_qwk_low;mean_abs_error_high,False,fedavg,0.6983892617352163,0.6983892617352163,0.0,0.0,0.6744316058050153,0.6744316058050153,0.0,0.0,0.7010870185241194,0.7010870185241194,0.0,0.0,0.5585882352941176,0.5585882352941176,0.0,0.0,0.5000663744833895,0.5000663744833895,0.0,0.0,only_mean_abs_error_high,mean_abs_error_high,mean_abs_error_high,1,True,cross_site_blend_50,0.6988934439468641,0.0005041822116478301,0.4780140759710345,-0.022052298512355017,0.677440898806273,0.00300929300125774,0.7014432993023529,0.0003562807782335753,0.5472941176470588,-0.011294117647058788
results\threshold_shift_panda_all_conservative_0_seed_23\predictions.csv,0,0,23,fedavg,cross_site_blend_50,0.7018818577459033,0.6673741964836729,0.7174845380245973,0.1002154031961053,0.56,0.4860606677435226,0.7637647058823529,0.092235294117647,0.228235294117647,0.5355294117647059,1.141851402646168,0.7037645067143725,0.0018826489684692,0.6681155525660587,0.0007413560823857,0.7204905791820245,0.0030060411574271,0.1266562161989222,0.0264408130028168,0.5604705882352942,0.0004705882352941,0.4889164480197272,0.0028557802762046,0.7614117647058823,-0.0023529411764705,0.0941176470588235,0.0018823529411764,0.2197647058823529,-0.0084705882352941,0.5416470588235294,0.0061176470588234,1.1372767953333078,-0.0045746073128603,3,global_qwk_low;mean_abs_error_high;severe_error_rate_high,True,cross_site_blend_50,0.7037645067143725,0.7018818577459033,0.0018826489684692,0.0018826489684692,0.6681155525660587,0.6673741964836729,0.0007413560823857,0.0007413560823857,0.7204905791820245,0.7174845380245973,0.0030060411574271,0.0030060411574271,0.5604705882352942,0.56,0.0004705882352941,0.0004705882352941,0.4889164480197272,0.4860606677435226,0.0028557802762046,0.0028557802762046,only_mean_abs_error_high,mean_abs_error_high,mean_abs_error_high,1,True,cross_site_blend_50,0.7037645067143725,0.001882648968469236,0.4889164480197272,0.0028557802762046447,0.6681155525660587,0.0007413560823857912,0.7204905791820245,0.0030060411574271972,0.5604705882352942,0.00047058823529411153
results\threshold_shift_panda_all_conservative_0_seed_29\predictions.csv,0,0,29,fedavg,cross_site_blend_50,0.726441618643312,0.6865732434961865,0.71804951628285,0.0585544069027084,0.5741176470588235,0.5055895989900184,0.7247058823529412,0.0818823529411764,0.208,0.5167058823529411,1.147105895918461,0.7230326097996407,-0.0034090088436713,0.6763439793223045,-0.010229264173882,0.7209830795282827,0.0029335632454327,0.0931448064797406,0.0345903995770322,0.5764705882352941,0.0023529411764705,0.5123163664565035,0.006726767466485,0.7185882352941176,-0.0061176470588235,0.0828235294117647,0.0009411764705882,0.2428235294117647,0.0348235294117647,0.4757647058823529,-0.0409411764705882,1.1457565392719873,-0.0013493566464737,0,,False,fedavg,0.726441618643312,0.726441618643312,0.0,0.0,0.6865732434961865,0.6865732434961865,0.0,0.0,0.71804951628285,0.71804951628285,0.0,0.0,0.5741176470588235,0.5741176470588235,0.0,0.0,0.5055895989900184,0.5055895989900184,0.0,0.0,only_mean_abs_error_high,mean_abs_error_high,,0,False,fedavg,0.726441618643312,0.0,0.5055895989900184,0.0,0.6865732434961865,0.0,0.71804951628285,0.0,0.5741176470588235,0.0
results\threshold_shift_panda_all_conservative_0_seed_31\predictions.csv,0,0,31,fedavg,cross_site_blend_50,0.7086968931815969,0.6738253917670043,0.7083238904839249,0.0518022247570875,0.5496470588235294,0.490416290241764,0.7463529411764706,0.0828235294117647,0.2395294117647058,0.5068235294117647,1.1670994637757055,0.7165003903666098,0.0078034971850129,0.6904800881334037,0.0166546963663993,0.7226313294886846,0.0143074390047597,0.0581068647975383,0.0063046400404508,0.5534117647058824,0.003764705882353,0.4950671262046908,0.0046508359629268,0.7557647058823529,0.0094117647058823,0.0847058823529411,0.0018823529411764,0.2875294117647058,0.0479999999999999,0.4682352941176471,-0.0385882352941175,1.1520586233386354,-0.0150408404370703,0,,False,fedavg,0.7086968931815969,0.7086968931815969,0.0,0.0,0.6738253917670043,0.6738253917670043,0.0,0.0,0.7083238904839249,0.7083238904839249,0.0,0.0,0.5496470588235294,0.5496470588235294,0.0,0.0,0.490416290241764,0.490416290241764,0.0,0.0,only_mean_abs_error_high,mean_abs_error_high,,0,False,fedavg,0.7086968931815969,0.0,0.490416290241764,0.0,0.6738253917670043,0.0,0.7083238904839249,0.0,0.5496470588235294,0.0
results\threshold_shift_panda_all_conservative_0_seed_37\predictions.csv,0,0,37,fedavg,cross_site_blend_50,0.7169013513435238,0.7072214848478993,0.7205745926518567,0.0417600381363131,0.5755294117647058,0.5218186688693097,0.7138823529411765,0.0823529411764705,0.1872941176470588,0.5265882352941177,1.1259510238729171,0.7209045782831497,0.0040032269396258,0.7026297227340665,-0.0045917621138327,0.7245873212371869,0.0040127285853301,0.0390353396576449,-0.0027246984786681,0.5604705882352942,-0.0150588235294116,0.4917730629816231,-0.0300456058876866,0.7331764705882353,0.0192941176470587,0.0847058823529411,0.0023529411764705,0.2258823529411764,0.0385882352941176,0.5072941176470588,-0.0192941176470589,1.2102201270375847,0.0842691031646674,0,,False,fedavg,0.7169013513435238,0.7169013513435238,0.0,0.0,0.7072214848478993,0.7072214848478993,0.0,0.0,0.7205745926518567,0.7205745926518567,0.0,0.0,0.5755294117647058,0.5755294117647058,0.0,0.0,0.5218186688693097,0.5218186688693097,0.0,0.0,only_mean_abs_error_high,mean_abs_error_high,,0,False,fedavg,0.7169013513435238,0.0,0.5218186688693097,0.0,0.7072214848478993,0.0,0.7205745926518567,0.0,0.5755294117647058,0.0
results\threshold_shift_panda_all_conservative_0_seed_41\predictions.csv,0,0,41,fedavg,cross_site_blend_50,0.7313483114760122,0.6692838566912203,0.7434729817875875,0.1428779212439995,0.5665882352941176,0.5004526523110261,0.72,0.0767058823529411,0.2357647058823529,0.484235294117647,1.1680296642247314,0.7212868239213154,-0.0100614875546968,0.6863423149808671,0.0170584582896468,0.7288710149947588,-0.0146019667928286,0.1169524129992917,-0.0259255082447078,0.56,-0.0065882352941175,0.4852339061395143,-0.0152187461715117,0.7421176470588235,0.0221176470588235,0.0809411764705882,0.004235294117647,0.2470588235294117,0.0112941176470588,0.4950588235294118,0.0108235294117647,1.148595782922415,-0.0194338813023164,1,site_qwk_spread_high,False,fedavg,0.7313483114760122,0.7313483114760122,0.0,0.0,0.6692838566912203,0.6692838566912203,0.0,0.0,0.7434729817875875,0.7434729817875875,0.0,0.0,0.5665882352941176,0.5665882352941176,0.0,0.0,0.5004526523110261,0.5004526523110261,0.0,0.0,only_mean_abs_error_high,mean_abs_error_high,,0,False,fedavg,0.7313483114760122,0.0,0.5004526523110261,0.0,0.6692838566912203,0.0,0.7434729817875875,0.0,0.5665882352941176,0.0
results\threshold_shift_panda_all_conservative_0_seed_42\predictions.csv,0,0,42,fedavg,cross_site_blend_50,0.7072566694854118,0.6673300346903428,0.7161831406854237,0.14113790627812,0.5694117647058824,0.5159724605549763,0.7327058823529412,0.0809411764705882,0.2070588235294117,0.5256470588235295,1.1758076450075134,0.6934701255508754,-0.0137865439345363,0.6608777559281085,-0.0064522787622343,0.7057812801177772,-0.0104018605676464,0.1200084261559242,-0.0211294801221958,0.5585882352941176,-0.0108235294117647,0.496155205606327,-0.0198172549486492,0.7651764705882353,0.0324705882352941,0.0884705882352941,0.0075294117647058,0.220235294117647,0.0131764705882352,0.5449411764705883,0.0192941176470587,1.151800860179836,-0.0240067848276774,2,worst_site_qwk_low;site_qwk_spread_high,False,fedavg,0.7072566694854118,0.7072566694854118,0.0,0.0,0.6673300346903428,0.6673300346903428,0.0,0.0,0.7161831406854237,0.7161831406854237,0.0,0.0,0.5694117647058824,0.5694117647058824,0.0,0.0,0.5159724605549763,0.5159724605549763,0.0,0.0,only_mean_abs_error_high,mean_abs_error_high,,0,False,fedavg,0.7072566694854118,0.0,0.5159724605549763,0.0,0.6673300346903428,0.0,0.7161831406854237,0.0,0.5694117647058824,0.0
results\threshold_shift_panda_all_conservative_0_seed_43\predictions.csv,0,0,43,fedavg,cross_site_blend_50,0.746679487551388,0.7384839293613565,0.7506560624693208,0.0273858022000844,0.5736470588235294,0.5091526183482555,0.7035294117647058,0.0752941176470588,0.2254117647058823,0.4781176470588235,1.1308712252820463,0.7445723706908911,-0.0021071168604969,0.7254084860689003,-0.0130754432924562,0.7452269109662587,-0.0054291515030621,0.0401667568477324,0.0127809546476479,0.5816470588235294,0.008,0.5208785983849045,0.0117259800366489,0.6889411764705883,-0.0145882352941175,0.0729411764705882,-0.0023529411764705,0.1990588235294117,-0.0263529411764705,0.4898823529411765,0.0117647058823529,1.1779910486661689,0.0471198233841221,0,,False,fedavg,0.746679487551388,0.746679487551388,0.0,0.0,0.7384839293613565,0.7384839293613565,0.0,0.0,0.7506560624693208,0.7506560624693208,0.0,0.0,0.5736470588235294,0.5736470588235294,0.0,0.0,0.5091526183482555,0.5091526183482555,0.0,0.0,only_mean_abs_error_high,mean_abs_error_high,,0,False,fedavg,0.746679487551388,0.0,0.5091526183482555,0.0,0.7384839293613565,0.0,0.7506560624693208,0.0,0.5736470588235294,0.0
results\threshold_shift_panda_all_conservative_0_seed_47\predictions.csv,0,0,47,fedavg,cross_site_blend_50,0.7181815243226684,0.6786340882743549,0.7213997699169905,0.0801529243646518,0.5656470588235294,0.4981944682997181,0.7463529411764706,0.0884705882352941,0.2752941176470588,0.4710588235294117,1.1353106869842753,0.7180828092966849,-9.87150259834646e-05,0.6994246620651237,0.0207905737907687,0.7266365779426043,0.0052368080256137,0.0415894398834847,-0.038563484481167,0.571764705882353,0.0061176470588235,0.5029810518398447,0.0047865835401265,0.7369411764705882,-0.0094117647058823,0.0870588235294117,-0.0014117647058823,0.236235294117647,-0.0390588235294117,0.5007058823529412,0.0296470588235294,1.1433934522053368,0.0080827652210615,1,severe_error_rate_high,False,fedavg,0.7181815243226684,0.7181815243226684,0.0,0.0,0.6786340882743549,0.6786340882743549,0.0,0.0,0.7213997699169905,0.7213997699169905,0.0,0.0,0.5656470588235294,0.5656470588235294,0.0,0.0,0.4981944682997181,0.4981944682997181,0.0,0.0,only_mean_abs_error_high,mean_abs_error_high,,0,False,fedavg,0.7181815243226684,0.0,0.4981944682997181,0.0,0.6786340882743549,0.0,0.7213997699169905,0.0,0.5656470588235294,0.0
results\threshold_shift_panda_all_conservative_0_seed_53\predictions.csv,0,0,53,fedavg,cross_site_blend_50,0.7317556780937956,0.6740479638200556,0.7321636104952894,0.0933560233551015,0.5689411764705883,0.5085063095527034,0.7167058823529412,0.0785882352941176,0.2192941176470588,0.4974117647058823,1.1676241651479085,0.7278712679750026,-0.003884410118793,0.6610648798322412,-0.0129830839878144,0.7313916065488951,-0.0007720039463943,0.1220976432029016,0.0287416198478001,0.5609411764705883,-0.008,0.4933853771679242,-0.0151209323847791,0.7369411764705882,0.020235294117647,0.0814117647058823,0.0028235294117646,0.2432941176470588,0.0239999999999999,0.4936470588235294,-0.0037647058823528,1.1499776231798036,-0.0176465419681048,0,,False,fedavg,0.7317556780937956,0.7317556780937956,0.0,0.0,0.6740479638200556,0.6740479638200556,0.0,0.0,0.7321636104952894,0.7321636104952894,0.0,0.0,0.5689411764705883,0.5689411764705883,0.0,0.0,0.5085063095527034,0.5085063095527034,0.0,0.0,only_mean_abs_error_high,mean_abs_error_high,,0,False,fedavg,0.7317556780937956,0.0,0.5085063095527034,0.0,0.6740479638200556,0.0,0.7321636104952894,0.0,0.5689411764705883,0.0
results\threshold_shift_panda_all_conservative_0_seed_59\predictions.csv,0,0,59,fedavg,cross_site_blend_50,0.7174448693789363,0.6554682158493963,0.704259831803012,0.1095119041168389,0.5656470588235294,0.4957776166241075,0.7557647058823529,0.088,0.2762352941176471,0.4795294117647058,1.1257526356540812,0.711743247391103,-0.0057016219878333,0.6773504954280436,0.0218822795786473,0.7011934943970357,-0.0030663374059762,0.0560265488980757,-0.0534853552187631,0.5581176470588235,-0.0075294117647058,0.4942243648561051,-0.0015532517680024,0.7529411764705882,-0.0028235294117646,0.0828235294117647,-0.0051764705882352,0.2592941176470588,-0.0169411764705882,0.4936470588235294,0.0141176470588235,1.176819785477475,0.0510671498233936,4,worst_site_qwk_low;site_qwk_spread_high;mean_abs_error_high;severe_error_rate_high,True,cross_site_blend_50,0.711743247391103,0.7174448693789363,-0.0057016219878333,-0.0057016219878333,0.6773504954280436,0.6554682158493963,0.0218822795786473,0.0218822795786473,0.7011934943970357,0.704259831803012,-0.0030663374059762,-0.0030663374059762,0.5581176470588235,0.5656470588235294,-0.0075294117647058,-0.0075294117647058,0.4942243648561051,0.4957776166241075,-0.0015532517680024,-0.0015532517680024,only_mean_abs_error_high,mean_abs_error_high,mean_abs_error_high,1,True,cross_site_blend_50,0.711743247391103,-0.005701621987833305,0.4942243648561051,-0.0015532517680024172,0.6773504954280436,0.0218822795786473,0.7011934943970357,-0.0030663374059762827,0.5581176470588235,-0.007529411764705896
results\threshold_shift_panda_all_conservative_0_seed_7\predictions.csv,0,0,7,fedavg,cross_site_blend_50,0.727615545028268,0.6936547323644097,0.7316464239387271,0.0723245048912265,0.5731764705882353,0.5099629714567177,0.7167058823529412,0.08,0.2098823529411764,0.5068235294117647,1.14490470366313,0.724997097427688,-0.0026184476005799,0.6749135732640295,-0.0187411591003802,0.7293748112328828,-0.0022716127058443,0.0870357413029477,0.0147112364117212,0.5778823529411765,0.0047058823529412,0.5081509709702154,-0.0018120004865022,0.7143529411764706,-0.0023529411764705,0.0804705882352941,0.0004705882352941,0.2221176470588235,0.012235294117647,0.492235294117647,-0.0145882352941176,1.2034422782645309,0.0585375746014007,0,,False,fedavg,0.727615545028268,0.727615545028268,0.0,0.0,0.6936547323644097,0.6936547323644097,0.0,0.0,0.7316464239387271,0.7316464239387271,0.0,0.0,0.5731764705882353,0.5731764705882353,0.0,0.0,0.5099629714567177,0.5099629714567177,0.0,0.0,only_mean_abs_error_high,mean_abs_error_high,,0,False,fedavg,0.727615545028268,0.0,0.5099629714567177,0.0,0.6936547323644097,0.0,0.7316464239387271,0.0,0.5731764705882353,0.0
results\threshold_shift_panda_all_conservative_25_seed_11\predictions.csv,25,25,11,fedavg,cross_site_blend_50,0.7194569545078301,0.6906077348066298,0.7192355912509705,0.0537460098905715,0.5350588235294118,0.458856059014584,0.7477647058823529,0.0767058823529411,0.1590588235294117,0.5887058823529412,1.2087582913896644,0.7427163561434391,0.023259401635609,0.7238899315974094,0.0332821967907795,0.751256052880748,0.0320204616297775,0.0561885653486413,0.0024425554580698,0.5628235294117647,0.0277647058823529,0.4976325823209561,0.0387765233063721,0.7035294117647058,-0.044235294117647,0.0705882352941176,-0.0061176470588235,0.2,0.0409411764705882,0.5035294117647059,-0.0851764705882353,1.2120677251554204,0.0033094337657559,0,,False,fedavg,0.7194569545078301,0.7427163561434391,0.0,-0.023259401635609,0.6906077348066298,0.7238899315974094,0.0,-0.0332821967907795,0.7192355912509705,0.751256052880748,0.0,-0.0320204616297775,0.5350588235294118,0.5628235294117647,0.0,-0.0277647058823529,0.458856059014584,0.4976325823209561,0.0,-0.0387765233063721,only_mean_abs_error_high,mean_abs_error_high,,0,False,fedavg,0.7194569545078301,0.0,0.458856059014584,0.0,0.6906077348066298,0.0,0.7192355912509705,0.0,0.5350588235294118,0.0
results\threshold_shift_panda_all_conservative_25_seed_123\predictions.csv,25,25,123,fedavg,cross_site_blend_50,0.7197993382461756,0.6730431803556465,0.7193763619826619,0.0976659677693344,0.5430588235294118,0.4726416104983698,0.7529411764705882,0.0837647058823529,0.2230588235294117,0.5298823529411765,1.2462496593485874,0.728387511335503,0.0085881730893273,0.6833917586546725,0.010348578299026,0.7265113077730707,0.0071349457904088,0.0711401057773704,-0.026525861991964,0.5505882352941176,0.0075294117647057,0.4851086759506891,0.0124670654523193,0.7449411764705882,-0.008,0.0785882352941176,-0.0051764705882352,0.2832941176470588,0.060235294117647,0.4616470588235294,-0.068235294117647,1.2248803640207009,-0.0213692953278865,1,mean_abs_error_high,False,fedavg,0.7197993382461756,0.728387511335503,0.0,-0.0085881730893273,0.6730431803556465,0.6833917586546725,0.0,-0.010348578299026,0.7193763619826619,0.7265113077730707,0.0,-0.0071349457904088,0.5430588235294118,0.5505882352941176,0.0,-0.0075294117647057,0.4726416104983698,0.4851086759506891,0.0,-0.0124670654523193,only_mean_abs_error_high,mean_abs_error_high,mean_abs_error_high,1,True,cross_site_blend_50,0.728387511335503,0.008588173089327356,0.4851086759506891,0.012467065452319348,0.6833917586546725,0.010348578299026023,0.7265113077730707,0.007134945790408853,0.5505882352941176,0.0075294117647057845
results\threshold_shift_panda_all_conservative_25_seed_17\predictions.csv,25,25,17,fedavg,cross_site_blend_50,0.720376940359154,0.6833147193865888,0.7101396284477165,0.0594054737038443,0.5421176470588235,0.4762267680030482,0.7557647058823529,0.076235294117647,0.184,0.571764705882353,1.219535307227559,0.7184425124369567,-0.0019344279221973,0.6654724810460666,-0.0178422383405222,0.7027912252273306,-0.0073484032203858,0.0881462062884793,0.028740732584635,0.552,0.0098823529411765,0.4875084642132297,0.0112816962101814,0.7421176470588235,-0.0136470588235293,0.076235294117647,0.0,0.1623529411764706,-0.0216470588235294,0.579764705882353,0.008,1.2207009327368497,0.0011656255092906,1,mean_abs_error_high,False,fedavg,0.720376940359154,0.7184425124369567,0.0,0.0019344279221973,0.6833147193865888,0.6654724810460666,0.0,0.0178422383405222,0.7101396284477165,0.7027912252273306,0.0,0.0073484032203858,0.5421176470588235,0.552,0.0,-0.0098823529411765,0.4762267680030482,0.4875084642132297,0.0,-0.0112816962101814,only_mean_abs_error_high,mean_abs_error_high,mean_abs_error_high,1,True,cross_site_blend_50,0.7184425124369567,-0.0019344279221973348,0.4875084642132297,0.011281696210181491,0.6654724810460666,-0.017842238340522232,0.7027912252273306,-0.0073484032203858796,0.552,0.009882352941176564
results\threshold_shift_panda_all_conservative_25_seed_2025\predictions.csv,25,25,2025,fedavg,cross_site_blend_50,0.6871073305749891,0.664908782987116,0.6881382228979203,0.0447730274603912,0.5444705882352942,0.4738095021790583,0.7792941176470588,0.0917647058823529,0.2141176470588235,0.5651764705882353,1.2280648427757028,0.6910428579313148,0.0039355273563257,0.6682086371284353,0.0032998541413192,0.692717945481648,0.0045797225837277,0.0508814355261539,0.0061084080657627,0.5388235294117647,-0.0056470588235294,0.4611272405879175,-0.0126822615911408,0.7967058823529412,0.0174117647058823,0.0941176470588235,0.0023529411764705,0.2527058823529411,0.0385882352941176,0.544,-0.0211764705882352,1.2162750218892362,-0.0117898208864666,4,global_qwk_low;worst_site_qwk_low;mean_abs_error_high;severe_error_rate_high,True,cross_site_blend_50,0.6910428579313148,0.6910428579313148,0.0039355273563257,0.0,0.6682086371284353,0.6682086371284353,0.0032998541413192,0.0,0.692717945481648,0.692717945481648,0.0045797225837277,0.0,0.5388235294117647,0.5388235294117647,-0.0056470588235294,0.0,0.4611272405879175,0.4611272405879175,-0.0126822615911408,0.0,only_mean_abs_error_high,mean_abs_error_high,mean_abs_error_high,1,True,cross_site_blend_50,0.6910428579313148,0.003935527356325741,0.4611272405879175,-0.012682261591140831,0.6682086371284353,0.0032998541413192806,0.692717945481648,0.004579722583727741,0.5388235294117647,-0.0056470588235294494
results\threshold_shift_panda_all_conservative_25_seed_23\predictions.csv,25,25,23,fedavg,cross_site_blend_50,0.6943062002746598,0.6606247263358512,0.7103325858133951,0.1020203841921071,0.5392941176470588,0.4629566778752572,0.7952941176470588,0.0950588235294117,0.2084705882352941,0.5868235294117647,1.191487602080801,0.6864693221274281,-0.0078368781472317,0.6477595403818832,-0.012865185953968,0.7052749449504973,-0.0050576408628978,0.1191277281696128,0.0171073439775056,0.5430588235294118,0.003764705882353,0.4695553443961187,0.0065986665208614,0.7952941176470588,0.0,0.0988235294117647,0.0037647058823529,0.1948235294117647,-0.0136470588235294,0.6004705882352941,0.0136470588235293,1.1790915644818216,-0.0123960375989793,4,global_qwk_low;worst_site_qwk_low;mean_abs_error_high;severe_error_rate_high,True,cross_site_blend_50,0.6864693221274281,0.6864693221274281,-0.0078368781472317,0.0,0.6477595403818832,0.6477595403818832,-0.012865185953968,0.0,0.7052749449504973,0.7052749449504973,-0.0050576408628978,0.0,0.5430588235294118,0.5430588235294118,0.003764705882353,0.0,0.4695553443961187,0.4695553443961187,0.0065986665208614,0.0,only_mean_abs_error_high,mean_abs_error_high,mean_abs_error_high,1,True,cross_site_blend_50,0.6864693221274281,-0.007836878147231774,0.4695553443961187,0.006598666520861496,0.6477595403818832,-0.012865185953968017,0.7052749449504973,-0.005057640862897839,0.5430588235294118,0.0037647058823530033
results\threshold_shift_panda_all_conservative_25_seed_29\predictions.csv,25,25,29,fedavg,cross_site_blend_50,0.7073232273750609,0.6437582402331552,0.6971869555111424,0.0831847329629511,0.5510588235294117,0.4734075467695982,0.7665882352941177,0.0865882352941176,0.1985882352941176,0.568,1.193454244239236,0.7091049216375278,0.0017816942624668,0.6325638310389456,-0.0111944091942095,0.6979408089196868,0.0007538534085443,0.0977998357381717,0.0146151027752206,0.5614117647058824,0.0103529411764706,0.4956568616188304,0.0222493148492322,0.7501176470588236,-0.0164705882352941,0.0856470588235294,-0.0009411764705882,0.2117647058823529,0.0131764705882352,0.5383529411764706,-0.0296470588235293,1.2005224523465192,0.0070682081072832,2,worst_site_qwk_low;mean_abs_error_high,False,fedavg,0.7073232273750609,0.7091049216375278,0.0,-0.0017816942624668,0.6437582402331552,0.6325638310389456,0.0,0.0111944091942095,0.6971869555111424,0.6979408089196868,0.0,-0.0007538534085443,0.5510588235294117,0.5614117647058824,0.0,-0.0103529411764706,0.4734075467695982,0.4956568616188304,0.0,-0.0222493148492322,only_mean_abs_error_high,mean_abs_error_high,mean_abs_error_high,1,True,cross_site_blend_50,0.7091049216375278,0.001781694262466882,0.4956568616188304,0.022249314849232205,0.6325638310389456,-0.011194409194209554,0.6979408089196868,0.0007538534085443915,0.5614117647058824,0.010352941176470676
results\threshold_shift_panda_all_conservative_25_seed_31\predictions.csv,25,25,31,fedavg,cross_site_blend_50,0.7038167598165379,0.6746234886516298,0.7089499646706423,0.0630648837643983,0.5388235294117647,0.4800688775053049,0.7571764705882353,0.0809411764705882,0.2112941176470588,0.5458823529411765,1.2273967632534164,0.7112312495363955,0.0074144897198575,0.6842401014729452,0.0096166128213154,0.722553305531973,0.0136033408613306,0.0648583478599073,0.0017934640955089,0.5435294117647059,0.0047058823529412,0.4790853747748694,-0.0009835027304355,0.7675294117647059,0.0103529411764705,0.0847058823529411,0.0037647058823529,0.248,0.0367058823529411,0.5195294117647059,-0.0263529411764705,1.2059531548388054,-0.021443608414611,2,global_qwk_low;mean_abs_error_high,False,fedavg,0.7038167598165379,0.7112312495363955,0.0,-0.0074144897198575,0.6746234886516298,0.6842401014729452,0.0,-0.0096166128213154,0.7089499646706423,0.722553305531973,0.0,-0.0136033408613306,0.5388235294117647,0.5435294117647059,0.0,-0.0047058823529412,0.4800688775053049,0.4790853747748694,0.0,0.0009835027304355,only_mean_abs_error_high,mean_abs_error_high,mean_abs_error_high,1,True,cross_site_blend_50,0.7112312495363955,0.0074144897198575865,0.4790853747748694,-0.0009835027304355148,0.6842401014729452,0.009616612821315429,0.722553305531973,0.013603340861330637,0.5435294117647059,0.004705882352941226
results\threshold_shift_panda_all_conservative_25_seed_37\predictions.csv,25,25,37,fedavg,cross_site_blend_50,0.6972148702441321,0.6877810564578191,0.7011151259007485,0.0268972756829471,0.5543529411764706,0.4918663622814496,0.7524705882352941,0.0856470588235294,0.1708235294117647,0.5816470588235294,1.1962116761237995,0.7205027718060073,0.0232879015618752,0.7040788598307737,0.0162978033729546,0.724575545451562,0.0234604195508134,0.036647267987292,0.0097499923043448,0.5571764705882353,0.0028235294117646,0.4861512125608092,-0.0057151497206404,0.7374117647058823,-0.0150588235294117,0.0832941176470588,-0.0023529411764705,0.2056470588235294,0.0348235294117647,0.5317647058823529,-0.0498823529411764,1.2660320426444314,0.0698203665206316,2,global_qwk_low;mean_abs_error_high,False,fedavg,0.6972148702441321,0.7205027718060073,0.0,-0.0232879015618752,0.6877810564578191,0.7040788598307737,0.0,-0.0162978033729546,0.7011151259007485,0.724575545451562,0.0,-0.0234604195508134,0.5543529411764706,0.5571764705882353,0.0,-0.0028235294117646,0.4918663622814496,0.4861512125608092,0.0,0.0057151497206404,only_mean_abs_error_high,mean_abs_error_high,mean_abs_error_high,1,True,cross_site_blend_50,0.7205027718060073,0.023287901561875213,0.4861512125608092,-0.005715149720640411,0.7040788598307737,0.01629780337295461,0.724575545451562,0.02346041955081346,0.5571764705882353,0.002823529411764669
results\threshold_shift_panda_all_conservative_25_seed_41\predictions.csv,25,25,41,fedavg,cross_site_blend_50,0.7202580688884488,0.6743533473061274,0.7298307979702701,0.1317171220663648,0.5501176470588235,0.4824906967953413,0.7430588235294118,0.076235294117647,0.2094117647058823,0.5336470588235294,1.2182607172455775,0.7201768853345207,-8.118355392805476e-05,0.6762594388570907,0.0019060915509633,0.7291590557053944,-0.0006717422648756,0.133104813915374,0.0013876918490091,0.552,0.0018823529411765,0.4829258541347689,0.0004351573394276,0.739764705882353,-0.0032941176470587,0.0752941176470588,-0.0009411764705882,0.2018823529411764,-0.0075294117647058,0.5378823529411765,0.0042352941176471,1.2129724253257472,-0.0052882919198304,1,site_qwk_spread_high,False,fedavg,0.7202580688884488,0.7201768853345207,0.0,8.118355392805476e-05,0.6743533473061274,0.6762594388570907,0.0,-0.0019060915509633,0.7298307979702701,0.7291590557053944,0.0,0.0006717422648756,0.5501176470588235,0.552,0.0,-0.0018823529411765,0.4824906967953413,0.4829258541347689,0.0,-0.0004351573394276,only_mean_abs_error_high,mean_abs_error_high,,0,False,fedavg,0.7202580688884488,0.0,0.4824906967953413,0.0,0.6743533473061274,0.0,0.7298307979702701,0.0,0.5501176470588235,0.0
results\threshold_shift_panda_all_conservative_25_seed_42\predictions.csv,25,25,42,fedavg,cross_site_blend_50,0.6900562645358724,0.6495610985501873,0.7071368235605715,0.1385424859867998,0.5501176470588235,0.4861718187932506,0.764235294117647,0.084235294117647,0.1858823529411764,0.5783529411764706,1.2376121071058417,0.68772360765853,-0.0023326568773424,0.6412751366879808,-0.0082859618622065,0.6920509148805926,-0.0150859086799789,0.1082639838881263,-0.0302785020986735,0.5548235294117647,0.0047058823529412,0.4959268967582335,0.0097550779649828,0.7694117647058824,0.0051764705882353,0.0865882352941176,0.0023529411764705,0.2018823529411764,0.0159999999999999,0.5675294117647058,-0.0108235294117647,1.1956573275220916,-0.04195477958375,4,global_qwk_low;worst_site_qwk_low;site_qwk_spread_high;mean_abs_error_high,True,cross_site_blend_50,0.68772360765853,0.68772360765853,-0.0023326568773424,0.0,0.6412751366879808,0.6412751366879808,-0.0082859618622065,0.0,0.6920509148805926,0.6920509148805926,-0.0150859086799789,0.0,0.5548235294117647,0.5548235294117647,0.0047058823529412,0.0,0.4959268967582335,0.4959268967582335,0.0097550779649828,0.0,only_mean_abs_error_high,mean_abs_error_high,mean_abs_error_high,1,True,cross_site_blend_50,0.68772360765853,-0.0023326568773424095,0.4959268967582335,0.009755077964982872,0.6412751366879808,-0.008285961862206537,0.6920509148805926,-0.015085908679978943,0.5548235294117647,0.004705882352941226
results\threshold_shift_panda_all_conservative_25_seed_43\predictions.csv,25,25,43,fedavg,cross_site_blend_50,0.7245069446598131,0.6952637768258507,0.7278015598431683,0.0595743442435383,0.5444705882352942,0.4752056614216659,0.7609411764705882,0.0823529411764705,0.2192941176470588,0.5416470588235294,1.175095418624223,0.7307639556201779,0.0062570109603647,0.7036243352895313,0.0083605584636805,0.7329086523850974,0.005107092541929,0.0482239859979651,-0.0113503582455731,0.5571764705882353,0.0127058823529411,0.4923517503378208,0.0171460889161548,0.7298823529411764,-0.0310588235294118,0.076235294117647,-0.0061176470588235,0.208,-0.0112941176470588,0.5218823529411765,-0.0197647058823529,1.2225802258384997,0.0474848072142763,1,mean_abs_error_high,False,fedavg,0.7245069446598131,0.7307639556201779,0.0,-0.0062570109603647,0.6952637768258507,0.7036243352895313,0.0,-0.0083605584636805,0.7278015598431683,0.7329086523850974,0.0,-0.005107092541929,0.5444705882352942,0.5571764705882353,0.0,-0.0127058823529411,0.4752056614216659,0.4923517503378208,0.0,-0.0171460889161548,only_mean_abs_error_high,mean_abs_error_high,mean_abs_error_high,1,True,cross_site_blend_50,0.7307639556201779,0.006257010960364795,0.4923517503378208,0.017146088916154878,0.7036243352895313,0.008360558463680556,0.7329086523850974,0.0051070925419290925,0.5571764705882353,0.012705882352941122
results\threshold_shift_panda_all_conservative_25_seed_47\predictions.csv,25,25,47,fedavg,cross_site_blend_50,0.6936284049330126,0.6691735749081276,0.7006720430459557,0.0671430749603549,0.5534117647058824,0.4851559264154019,0.7863529411764706,0.0978823529411764,0.2498823529411764,0.5364705882352941,1.203907042244046,0.7106572087915877,0.017028803858575,0.694133245603387,0.0249596706952593,0.7177787627595613,0.0171067197136056,0.0367471391254201,-0.0303959358349348,0.5661176470588235,0.0127058823529411,0.4995890266621112,0.0144331002467092,0.7491764705882353,-0.0371764705882352,0.0894117647058823,-0.0084705882352941,0.2254117647058823,-0.0244705882352941,0.5237647058823529,-0.0127058823529412,1.2128086729436829,0.0089016306996367,3,global_qwk_low;mean_abs_error_high;severe_error_rate_high,True,cross_site_blend_50,0.7106572087915877,0.7106572087915877,0.017028803858575,0.0,0.694133245603387,0.694133245603387,0.0249596706952593,0.0,0.7177787627595613,0.7177787627595613,0.0171067197136056,0.0,0.5661176470588235,0.5661176470588235,0.0127058823529411,0.0,0.4995890266621112,0.4995890266621112,0.0144331002467092,0.0,only_mean_abs_error_high,mean_abs_error_high,mean_abs_error_high,1,True,cross_site_blend_50,0.7106572087915877,0.01702880385857508,0.4995890266621112,0.014433100246709296,0.694133245603387,0.024959670695259395,0.7177787627595613,0.017106719713605667,0.5661176470588235,0.012705882352941122
results\threshold_shift_panda_all_conservative_25_seed_53\predictions.csv,25,25,53,fedavg,cross_site_blend_50,0.7316496597962019,0.6920345176619945,0.7354807170169702,0.0837986543640098,0.5454117647058824,0.4823338060005934,0.7336470588235294,0.0767058823529411,0.1901176470588235,0.5435294117647059,1.2310987417430597,0.7229713415877923,-0.0086783182084095,0.6593399757389763,-0.0326945419230182,0.727922718917195,-0.0075579980997751,0.1214823750084715,0.0376837206444617,0.5397647058823529,-0.0056470588235294,0.4685537791958584,-0.013780026804735,0.764235294117647,0.0305882352941175,0.0856470588235294,0.0089411764705882,0.2235294117647059,0.0334117647058823,0.5407058823529411,-0.0028235294117647,1.2075136750952251,-0.0235850666478343,0,,False,fedavg,0.7316496597962019,0.7229713415877923,0.0,0.0086783182084095,0.6920345176619945,0.6593399757389763,0.0,0.0326945419230182,0.7354807170169702,0.727922718917195,0.0,0.0075579980997751,0.5454117647058824,0.5397647058823529,0.0,0.0056470588235294,0.4823338060005934,0.4685537791958584,0.0,0.013780026804735,only_mean_abs_error_high,mean_abs_error_high,,0,False,fedavg,0.7316496597962019,0.0,0.4823338060005934,0.0,0.6920345176619945,0.0,0.7354807170169702,0.0,0.5454117647058824,0.0
results\threshold_shift_panda_all_conservative_25_seed_59\predictions.csv,25,25,59,fedavg,cross_site_blend_50,0.7130305484700741,0.6612079399132254,0.698713381988005,0.082129330752713,0.5477647058823529,0.4751522542118595,0.7656470588235295,0.0837647058823529,0.2268235294117647,0.5388235294117647,1.205636548813257,0.719643867277798,0.0066133188077239,0.6697262220078097,0.0085182820945843,0.7043899558928096,0.0056765739048045,0.0820154074742807,-0.0001139232784322,0.5515294117647059,0.003764705882353,0.4820257199853272,0.0068734657734677,0.7529411764705882,-0.0127058823529412,0.0804705882352941,-0.0032941176470588,0.2437647058823529,0.0169411764705882,0.5091764705882353,-0.0296470588235293,1.228863320739206,0.0232267719259491,2,worst_site_qwk_low;mean_abs_error_high,False,fedavg,0.7130305484700741,0.719643867277798,0.0,-0.0066133188077239,0.6612079399132254,0.6697262220078097,0.0,-0.0085182820945843,0.698713381988005,0.7043899558928096,0.0,-0.0056765739048045,0.5477647058823529,0.5515294117647059,0.0,-0.003764705882353,0.4751522542118595,0.4820257199853272,0.0,-0.0068734657734677,only_mean_abs_error_high,mean_abs_error_high,mean_abs_error_high,1,True,cross_site_blend_50,0.719643867277798,0.006613318807723978,0.4820257199853272,0.006873465773467646,0.6697262220078097,0.008518282094584384,0.7043899558928096,0.005676573904804583,0.5515294117647059,0.0037647058823530033
results\threshold_shift_panda_all_conservative_25_seed_7\predictions.csv,25,25,7,fedavg,cross_site_blend_50,0.6997779270476749,0.6417326646399318,0.7003320675905599,0.0868746166503496,0.5458823529411765,0.4716612753115737,0.772235294117647,0.0898823529411764,0.1604705882352941,0.611764705882353,1.206203934723883,0.7082913382042162,0.0085134111565412,0.6875498993370899,0.045817234697158,0.7133127869348994,0.0129807193443395,0.0590436693205357,-0.0278309473298139,0.563764705882353,0.0178823529411764,0.4971004508642561,0.0254391755526823,0.7407058823529412,-0.0315294117647058,0.0832941176470588,-0.0065882352941176,0.2061176470588235,0.0456470588235294,0.5345882352941177,-0.0771764705882352,1.2364279175971007,0.0302239828732173,4,global_qwk_low;worst_site_qwk_low;mean_abs_error_high;severe_error_rate_high,True,cross_site_blend_50,0.7082913382042162,0.7082913382042162,0.0085134111565412,0.0,0.6875498993370899,0.6875498993370899,0.045817234697158,0.0,0.7133127869348994,0.7133127869348994,0.0129807193443395,0.0,0.563764705882353,0.563764705882353,0.0178823529411764,0.0,0.4971004508642561,0.4971004508642561,0.0254391755526823,0.0,only_mean_abs_error_high,mean_abs_error_high,mean_abs_error_high,1,True,cross_site_blend_50,0.7082913382042162,0.00851341115654125,0.4971004508642561,0.02543917555268238,0.6875498993370899,0.04581723469715804,0.7133127869348994,0.01298071934433953,0.563764705882353,0.01788235294117646
results\threshold_shift_panda_all_conservative_35_seed_11\predictions.csv,35,35,11,fedavg,cross_site_blend_50,0.7241025289932075,0.7041524030739115,0.7285246757959772,0.055110935899844,0.5336470588235294,0.4603222076775293,0.7444705882352941,0.0738823529411764,0.1425882352941176,0.6018823529411764,1.2194319461014094,0.7286098049351841,0.0045072759419766,0.7048289401573158,0.0006765370834043,0.7390256683110602,0.0105009925150829,0.0540562108771789,-0.0010547250226651,0.5458823529411765,0.0122352941176471,0.4730708481708514,0.012748640493322,0.7341176470588235,-0.0103529411764705,0.0743529411764706,0.0004705882352941,0.1854117647058823,0.0428235294117647,0.5487058823529412,-0.0531764705882352,1.2251364001053593,0.0057044540039499,0,,False,fedavg,0.7241025289932075,0.7286098049351841,0.0,-0.0045072759419766,0.7041524030739115,0.7048289401573158,0.0,-0.0006765370834043,0.7285246757959772,0.7390256683110602,0.0,-0.0105009925150829,0.5336470588235294,0.5458823529411765,0.0,-0.0122352941176471,0.4603222076775293,0.4730708481708514,0.0,-0.012748640493322,only_mean_abs_error_high,mean_abs_error_high,,0,False,fedavg,0.7241025289932075,0.0,0.4603222076775293,0.0,0.7041524030739115,0.0,0.7285246757959772,0.0,0.5336470588235294,0.0
results\threshold_shift_panda_all_conservative_35_seed_123\predictions.csv,35,35,123,fedavg,cross_site_blend_50,0.7008120381304861,0.6415110661876857,0.697531397710042,0.0982795917259411,0.532235294117647,0.4574705593495003,0.7849411764705883,0.0875294117647058,0.2009411764705882,0.584,1.2611656449015984,0.7269069025420316,0.0260948644115455,0.6794004503871789,0.0378893841994931,0.7237739253622082,0.0262425276521661,0.0901034617497356,-0.0081761299762055,0.5444705882352942,0.0122352941176471,0.4786428584290986,0.0211722990795983,0.7501176470588236,-0.0348235294117647,0.0776470588235294,-0.0098823529411764,0.2592941176470588,0.0583529411764706,0.4908235294117647,-0.0931764705882352,1.2286715096175744,-0.032494135284024,4,global_qwk_low;worst_site_qwk_low;mean_abs_error_high;severe_error_rate_high,True,cross_site_blend_50,0.7269069025420316,0.7269069025420316,0.0260948644115455,0.0,0.6794004503871789,0.6794004503871789,0.0378893841994931,0.0,0.7237739253622082,0.7237739253622082,0.0262425276521661,0.0,0.5444705882352942,0.5444705882352942,0.0122352941176471,0.0,0.4786428584290986,0.4786428584290986,0.0211722990795983,0.0,only_mean_abs_error_high,mean_abs_error_high,mean_abs_error_high,1,True,cross_site_blend_50,0.7269069025420316,0.026094864411545515,0.4786428584290986,0.021172299079598278,0.6794004503871789,0.03788938419949317,0.7237739253622082,0.02624252765216617,0.5444705882352942,0.012235294117647122
results\threshold_shift_panda_all_conservative_35_seed_17\predictions.csv,35,35,17,fedavg,cross_site_blend_50,0.7156175045507729,0.662600406948435,0.6983166532576419,0.0911840083457815,0.5256470588235295,0.4553905734474262,0.7731764705882352,0.0767058823529411,0.1797647058823529,0.5934117647058823,1.238334154748132,0.7108784951497062,-0.0047390094010666,0.6478945756677357,-0.0147058312806993,0.6950529756936927,-0.0032636775639491,0.0984968352422668,0.0073128268964852,0.5407058823529411,0.0150588235294116,0.4738092183773791,0.0184186449299529,0.7576470588235295,-0.0155294117647057,0.0767058823529411,0.0,0.1614117647058823,-0.0183529411764705,0.5962352941176471,0.0028235294117647,1.2314981011120003,-0.0068360536361318,2,worst_site_qwk_low;mean_abs_error_high,False,fedavg,0.7156175045507729,0.7108784951497062,0.0,0.0047390094010666,0.662600406948435,0.6478945756677357,0.0,0.0147058312806993,0.6983166532576419,0.6950529756936927,0.0,0.0032636775639491,0.5256470588235295,0.5407058823529411,0.0,-0.0150588235294116,0.4553905734474262,0.4738092183773791,0.0,-0.0184186449299529,only_mean_abs_error_high,mean_abs_error_high,mean_abs_error_high,1,True,cross_site_blend_50,0.7108784951497062,-0.004739009401066641,0.4738092183773791,0.018418644929952932,0.6478945756677357,-0.014705831280699355,0.6950529756936927,-0.0032636775639491855,0.5407058823529411,0.01505882352941168
results\threshold_shift_panda_all_conservative_35_seed_2025\predictions.csv,35,35,2025,fedavg,cross_site_blend_50,0.6807281930157466,0.6555318322663316,0.6810694037359211,0.043317625483436,0.5289411764705882,0.4536186046377839,0.8103529411764706,0.0978823529411764,0.216,0.5943529411764706,1.221732048158023,0.6843497880677879,0.0036215950520412,0.6713782370321215,0.0158464047657899,0.6886384962515921,0.007569092515671,0.0564340284703003,0.0131164029868642,0.5392941176470588,0.0103529411764705,0.4562819945143608,0.0026633898765768,0.7995294117647059,-0.0108235294117646,0.096,-0.0018823529411764,0.2367058823529411,0.0207058823529411,0.5628235294117647,-0.0315294117647059,1.2331664369495556,0.0114343887915326,4,global_qwk_low;worst_site_qwk_low;mean_abs_error_high;severe_error_rate_high,True,cross_site_blend_50,0.6843497880677879,0.6843497880677879,0.0036215950520412,0.0,0.6713782370321215,0.6713782370321215,0.0158464047657899,0.0,0.6886384962515921,0.6886384962515921,0.007569092515671,0.0,0.5392941176470588,0.5392941176470588,0.0103529411764705,0.0,0.4562819945143608,0.4562819945143608,0.0026633898765768,0.0,only_mean_abs_error_high,mean_abs_error_high,mean_abs_error_high,1,True,cross_site_blend_50,0.6843497880677879,0.003621595052041293,0.4562819945143608,0.0026633898765768826,0.6713782370321215,0.015846404765789912,0.6886384962515921,0.007569092515671061,0.5392941176470588,0.010352941176470565
results\threshold_shift_panda_all_conservative_35_seed_23\predictions.csv,35,35,23,fedavg,cross_site_blend_50,0.6817054931979193,0.6489528417707806,0.6975572303865987,0.119148092428158,0.5284705882352941,0.450867585684515,0.808,0.0931764705882352,0.1769411764705882,0.6310588235294118,1.1892046987633955,0.6817857870178419,8.029381992258333e-05,0.6388311572868921,-0.0101216844838885,0.7033775320945139,0.0058203017079152,0.1359653259433261,0.016817233515168,0.5369411764705883,0.0084705882352941,0.4639569043661534,0.0130893186816383,0.8032941176470588,-0.0047058823529412,0.0988235294117647,0.0056470588235294,0.1830588235294117,0.0061176470588235,0.6202352941176471,-0.0108235294117646,1.1863130684906258,-0.0028916302727697,5,global_qwk_low;worst_site_qwk_low;site_qwk_spread_high;mean_abs_error_high;severe_error_rate_high,True,cross_site_blend_50,0.6817857870178419,0.6817857870178419,8.029381992258333e-05,0.0,0.6388311572868921,0.6388311572868921,-0.0101216844838885,0.0,0.7033775320945139,0.7033775320945139,0.0058203017079152,0.0,0.5369411764705883,0.5369411764705883,0.0084705882352941,0.0,0.4639569043661534,0.4639569043661534,0.0130893186816383,0.0,only_mean_abs_error_high,mean_abs_error_high,mean_abs_error_high,1,True,cross_site_blend_50,0.6817857870178419,8.029381992258333e-05,0.4639569043661534,0.013089318681638373,0.6388311572868921,-0.010121684483888505,0.7033775320945139,0.005820301707915254,0.5369411764705883,0.008470588235294119
results\threshold_shift_panda_all_conservative_35_seed_29\predictions.csv,35,35,29,fedavg,cross_site_blend_50,0.7097904464951998,0.6662235221129132,0.7027673894900931,0.0632234981290861,0.540235294117647,0.4686042926591569,0.7694117647058824,0.0847058823529411,0.1727058823529411,0.5967058823529412,1.1890188545410898,0.7115535846956935,0.0017631382004936,0.6521589565004311,-0.0140645656124821,0.7032466256615588,0.0004792361714657,0.087725917623988,0.0245024194949019,0.552,0.011764705882353,0.4828868782856773,0.0142825856265204,0.7524705882352941,-0.0169411764705882,0.0832941176470588,-0.0014117647058823,0.1934117647058823,0.0207058823529411,0.5590588235294117,-0.0376470588235294,1.2192419668339496,0.0302231122928597,2,worst_site_qwk_low;mean_abs_error_high,False,fedavg,0.7097904464951998,0.7115535846956935,0.0,-0.0017631382004936,0.6662235221129132,0.6521589565004311,0.0,0.0140645656124821,0.7027673894900931,0.7032466256615588,0.0,-0.0004792361714657,0.540235294117647,0.552,0.0,-0.011764705882353,0.4686042926591569,0.4828868782856773,0.0,-0.0142825856265204,only_mean_abs_error_high,mean_abs_error_high,mean_abs_error_high,1,True,cross_site_blend_50,0.7115535846956935,0.0017631382004936746,0.4828868782856773,0.014282585626520405,0.6521589565004311,-0.01406456561248215,0.7032466256615588,0.0004792361714657245,0.552,0.01176470588235301
results\threshold_shift_panda_all_conservative_35_seed_31\predictions.csv,35,35,31,fedavg,cross_site_blend_50,0.7007418973821561,0.6567343710782665,0.7054236189010938,0.0785465680739873,0.5303529411764706,0.4586274484143005,0.7637647058823529,0.0804705882352941,0.1778823529411764,0.5858823529411765,1.232779963720776,0.6984447992506222,-0.0022970981315338,0.6721370521131433,0.0154026810348768,0.7097259210937535,0.0043023021926597,0.0575256745329062,-0.021020893541081,0.5312941176470588,0.0009411764705882,0.4613398371291848,0.0027123887148843,0.7905882352941176,0.0268235294117646,0.0884705882352941,0.008,0.236235294117647,0.0583529411764706,0.5543529411764706,-0.0315294117647059,1.2149405922160483,-0.0178393715047278,3,global_qwk_low;worst_site_qwk_low;mean_abs_error_high,True,cross_site_blend_50,0.6984447992506222,0.6984447992506222,-0.0022970981315338,0.0,0.6721370521131433,0.6721370521131433,0.0154026810348768,0.0,0.7097259210937535,0.7097259210937535,0.0043023021926597,0.0,0.5312941176470588,0.5312941176470588,0.0009411764705882,0.0,0.4613398371291848,0.4613398371291848,0.0027123887148843,0.0,only_mean_abs_error_high,mean_abs_error_high,mean_abs_error_high,1,True,cross_site_blend_50,0.6984447992506222,-0.0022970981315338923,0.4613398371291848,0.0027123887148843284,0.6721370521131433,0.015402681034876853,0.7097259210937535,0.004302302192659702,0.5312941176470588,0.0009411764705882231
results\threshold_shift_panda_all_conservative_35_seed_37\predictions.csv,35,35,37,fedavg,cross_site_blend_50,0.6881570111379685,0.6753917200032407,0.6931063763738259,0.0480626294431818,0.5374117647058824,0.4783017867321298,0.780235294117647,0.0894117647058823,0.168,0.6122352941176471,1.1881799999568676,0.7088559872909906,0.0206989761530221,0.7005886411526676,0.0251969211494269,0.7091999311672879,0.0160935547934619,0.0179046574244339,-0.0301579720187479,0.5501176470588235,0.0127058823529411,0.4807607288988407,0.0024589421667108,0.7614117647058823,-0.0188235294117646,0.0875294117647058,-0.0018823529411764,0.1981176470588235,0.0301176470588235,0.5632941176470588,-0.0489411764705882,1.2618641650555706,0.073684165098703,3,global_qwk_low;mean_abs_error_high;severe_error_rate_high,True,cross_site_blend_50,0.7088559872909906,0.7088559872909906,0.0206989761530221,0.0,0.7005886411526676,0.7005886411526676,0.0251969211494269,0.0,0.7091999311672879,0.7091999311672879,0.0160935547934619,0.0,0.5501176470588235,0.5501176470588235,0.0127058823529411,0.0,0.4807607288988407,0.4807607288988407,0.0024589421667108,0.0,only_mean_abs_error_high,mean_abs_error_high,mean_abs_error_high,1,True,cross_site_blend_50,0.7088559872909906,0.020698976153022186,0.4807607288988407,0.002458942166710887,0.7005886411526676,0.025196921149426954,0.7091999311672879,0.016093554793461973,0.5501176470588235,0.012705882352941122
results\threshold_shift_panda_all_conservative_35_seed_41\predictions.csv,35,35,41,fedavg,cross_site_blend_50,0.7113097901595187,0.6734327929995696,0.7237520313373309,0.121717904643702,0.5463529411764706,0.4799819319597888,0.7548235294117647,0.0776470588235294,0.1811764705882353,0.5736470588235294,1.2056767326949895,0.719471196172685,0.0081614060131662,0.6730135092011488,-0.0004192837984208,0.7303581616493352,0.0066061303120042,0.1303923017539611,0.008674397110259,0.5416470588235294,-0.0047058823529412,0.4637752881006425,-0.0162066438591463,0.7534117647058823,-0.0014117647058823,0.0776470588235294,0.0,0.1952941176470588,0.0141176470588235,0.5581176470588235,-0.0155294117647059,1.2143684094040363,0.0086916767090468,2,site_qwk_spread_high;mean_abs_error_high,False,fedavg,0.7113097901595187,0.719471196172685,0.0,-0.0081614060131662,0.6734327929995696,0.6730135092011488,0.0,0.0004192837984208,0.7237520313373309,0.7303581616493352,0.0,-0.0066061303120042,0.5463529411764706,0.5416470588235294,0.0,0.0047058823529412,0.4799819319597888,0.4637752881006425,0.0,0.0162066438591463,only_mean_abs_error_high,mean_abs_error_high,mean_abs_error_high,1,True,cross_site_blend_50,0.719471196172685,0.008161406013166284,0.4637752881006425,-0.016206643859146275,0.6730135092011488,-0.000419283798420822,0.7303581616493352,0.006606130312004299,0.5416470588235294,-0.004705882352941226
results\threshold_shift_panda_all_conservative_35_seed_42\predictions.csv,35,35,42,fedavg,cross_site_blend_50,0.6756849335913802,0.6353615299085036,0.6925201467229715,0.1310682876157862,0.536,0.4644619166746092,0.792,0.0894117647058823,0.1543529411764705,0.6376470588235295,1.224289945414343,0.6894884384239218,0.0138035048325416,0.6669725170550318,0.0316109871465282,0.6993536527466236,0.0068335060236521,0.0618142421004909,-0.0692540455152953,0.5510588235294117,0.0150588235294116,0.4887452064509185,0.0242832897763093,0.768,-0.024,0.0894117647058823,0.0,0.1741176470588235,0.0197647058823529,0.5938823529411764,-0.043764705882353,1.210178393635258,-0.014111551779085,5,global_qwk_low;worst_site_qwk_low;site_qwk_spread_high;mean_abs_error_high;severe_error_rate_high,True,cross_site_blend_50,0.6894884384239218,0.6894884384239218,0.0138035048325416,0.0,0.6669725170550318,0.6669725170550318,0.0316109871465282,0.0,0.6993536527466236,0.6993536527466236,0.0068335060236521,0.0,0.5510588235294117,0.5510588235294117,0.0150588235294116,0.0,0.4887452064509185,0.4887452064509185,0.0242832897763093,0.0,only_mean_abs_error_high,mean_abs_error_high,mean_abs_error_high,1,True,cross_site_blend_50,0.6894884384239218,0.013803504832541669,0.4887452064509185,0.024283289776309336,0.6669725170550318,0.03161098714652821,0.6993536527466236,0.0068335060236521805,0.5510588235294117,0.01505882352941168
results\threshold_shift_panda_all_conservative_35_seed_43\predictions.csv,35,35,43,fedavg,cross_site_blend_50,0.7243710362103042,0.6957735339954874,0.7233928968414869,0.0581241993214474,0.5411764705882353,0.4743099103943904,0.7548235294117647,0.0776470588235294,0.1849411764705882,0.5698823529411765,1.19096471275959,0.727587704567845,0.0032166683575408,0.7141744782952756,0.0184009442997882,0.7280030301481822,0.0046101333066953,0.024354381203459,-0.0337698181179884,0.5576470588235294,0.0164705882352941,0.4963415130623081,0.0220316026679177,0.728,-0.0268235294117646,0.0757647058823529,-0.0018823529411764,0.1863529411764705,0.0014117647058823,0.5416470588235294,-0.0282352941176471,1.253319658952319,0.062354946192729,1,mean_abs_error_high,False,fedavg,0.7243710362103042,0.727587704567845,0.0,-0.0032166683575408,0.6957735339954874,0.7141744782952756,0.0,-0.0184009442997882,0.7233928968414869,0.7280030301481822,0.0,-0.0046101333066953,0.5411764705882353,0.5576470588235294,0.0,-0.0164705882352941,0.4743099103943904,0.4963415130623081,0.0,-0.0220316026679177,only_mean_abs_error_high,mean_abs_error_high,mean_abs_error_high,1,True,cross_site_blend_50,0.727587704567845,0.003216668357540864,0.4963415130623081,0.022031602667917705,0.7141744782952756,0.018400944299788224,0.7280030301481822,0.004610133306695352,0.5576470588235294,0.016470588235294126
results\threshold_shift_panda_all_conservative_35_seed_47\predictions.csv,35,35,47,fedavg,cross_site_blend_50,0.6921737812192412,0.6538064261416063,0.7020314672875764,0.0848993069725201,0.5298823529411765,0.4594810361790215,0.8004705882352942,0.0941176470588235,0.2254117647058823,0.5750588235294117,1.2166343312159058,0.6985148818152267,0.0063411005959854,0.6806512543888461,0.0268448282472397,0.7065425962205635,0.0045111289329871,0.0411207590642284,-0.0437785479082917,0.5538823529411765,0.024,0.4823224745876996,0.0228414384086781,0.772235294117647,-0.0282352941176471,0.0889411764705882,-0.0051764705882352,0.2188235294117647,-0.0065882352941176,0.5534117647058824,-0.0216470588235293,1.2207361889290396,0.0041018577131337,4,global_qwk_low;worst_site_qwk_low;mean_abs_error_high;severe_error_rate_high,True,cross_site_blend_50,0.6985148818152267,0.6985148818152267,0.0063411005959854,0.0,0.6806512543888461,0.6806512543888461,0.0268448282472397,0.0,0.7065425962205635,0.7065425962205635,0.0045111289329871,0.0,0.5538823529411765,0.5538823529411765,0.024,0.0,0.4823224745876996,0.4823224745876996,0.0228414384086781,0.0,only_mean_abs_error_high,mean_abs_error_high,mean_abs_error_high,1,True,cross_site_blend_50,0.6985148818152267,0.006341100595985472,0.4823224745876996,0.02284143840867814,0.6806512543888461,0.02684482824723977,0.7065425962205635,0.004511128932987107,0.5538823529411765,0.02400000000000002
results\threshold_shift_panda_all_conservative_35_seed_53\predictions.csv,35,35,53,fedavg,cross_site_blend_50,0.7220044444993801,0.6893711996389367,0.7283130832458101,0.0732320067083412,0.5416470588235294,0.475308711273759,0.7501176470588236,0.0814117647058823,0.1745882352941176,0.5755294117647058,1.2470530666116162,0.717561349932142,-0.004443094567238,0.6569645223976546,-0.0324066772412821,0.722569893267072,-0.0057431899787381,0.1146446391528314,0.0414126324444901,0.5284705882352941,-0.0131764705882352,0.450925928543104,-0.024382782730655,0.7821176470588236,0.032,0.0865882352941176,0.0051764705882352,0.2136470588235294,0.0390588235294117,0.5684705882352942,-0.0070588235294116,1.213103565384407,-0.0339495012272093,1,mean_abs_error_high,False,fedavg,0.7220044444993801,0.717561349932142,0.0,0.004443094567238,0.6893711996389367,0.6569645223976546,0.0,0.0324066772412821,0.7283130832458101,0.722569893267072,0.0,0.0057431899787381,0.5416470588235294,0.5284705882352941,0.0,0.0131764705882352,0.475308711273759,0.450925928543104,0.0,0.024382782730655,only_mean_abs_error_high,mean_abs_error_high,mean_abs_error_high,1,True,cross_site_blend_50,0.717561349932142,-0.004443094567238015,0.450925928543104,-0.024382782730655028,0.6569645223976546,-0.0324066772412821,0.722569893267072,-0.005743189978738128,0.5284705882352941,-0.013176470588235234
results\threshold_shift_panda_all_conservative_35_seed_59\predictions.csv,35,35,59,fedavg,cross_site_blend_50,0.7100777412130561,0.6429990356369907,0.6901337869423715,0.105887289059677,0.5435294117647059,0.471341301659099,0.7717647058823529,0.0851764705882353,0.1952941176470588,0.5764705882352941,1.2240254947685616,0.7116016939956201,0.001523952782564,0.6370567174716034,-0.0059423181653872,0.6934241099992058,0.0032903230568342,0.1132789288326377,0.0073916397729607,0.5534117647058824,0.0098823529411764,0.4825955569744076,0.0112542553153086,0.7604705882352941,-0.0112941176470587,0.0818823529411764,-0.0032941176470588,0.2141176470588235,0.0188235294117647,0.5463529411764706,-0.0301176470588234,1.238746797482302,0.0147213027137405,3,worst_site_qwk_low;site_qwk_spread_high;mean_abs_error_high,True,cross_site_blend_50,0.7116016939956201,0.7116016939956201,0.001523952782564,0.0,0.6370567174716034,0.6370567174716034,-0.0059423181653872,0.0,0.6934241099992058,0.6934241099992058,0.0032903230568342,0.0,0.5534117647058824,0.5534117647058824,0.0098823529411764,0.0,0.4825955569744076,0.4825955569744076,0.0112542553153086,0.0,only_mean_abs_error_high,mean_abs_error_high,mean_abs_error_high,1,True,cross_site_blend_50,0.7116016939956201,0.0015239527825640087,0.4825955569744076,0.011254255315308603,0.6370567174716034,-0.005942318165387261,0.6934241099992058,0.003290323056834299,0.5534117647058824,0.009882352941176453
results\threshold_shift_panda_all_conservative_35_seed_7\predictions.csv,35,35,7,fedavg,cross_site_blend_50,0.6942774894031114,0.6443874347078955,0.6975829421396949,0.0858773052027235,0.5374117647058824,0.4603144780205284,0.7849411764705883,0.0903529411764706,0.1552941176470588,0.6296470588235294,1.2142426451106132,0.7056756010856606,0.0113981116825492,0.6562957385838117,0.0119083038759162,0.7117153467248711,0.0141324045851762,0.1079768212688585,0.022099516066135,0.5529411764705883,0.0155294117647059,0.4856018793440087,0.0252874013234802,0.7529411764705882,-0.032,0.0870588235294117,-0.0032941176470588,0.1868235294117647,0.0315294117647058,0.5661176470588235,-0.0635294117647059,1.2264807032274183,0.0122380581168053,4,global_qwk_low;worst_site_qwk_low;mean_abs_error_high;severe_error_rate_high,True,cross_site_blend_50,0.7056756010856606,0.7056756010856606,0.0113981116825492,0.0,0.6562957385838117,0.6562957385838117,0.0119083038759162,0.0,0.7117153467248711,0.7117153467248711,0.0141324045851762,0.0,0.5529411764705883,0.5529411764705883,0.0155294117647059,0.0,0.4856018793440087,0.4856018793440087,0.0252874013234802,0.0,only_mean_abs_error_high,mean_abs_error_high,mean_abs_error_high,1,True,cross_site_blend_50,0.7056756010856606,0.011398111682549228,0.4856018793440087,0.02528740132348034,0.6562957385838117,0.011908303875916237,0.7117153467248711,0.014132404585176284,0.5529411764705883,0.015529411764705903
results\threshold_shift_panda_all_conservative_45_seed_11\predictions.csv,45,45,11,fedavg,cross_site_blend_50,0.7186645880399637,0.6983115957788266,0.7269082996176406,0.0565871762874488,0.5256470588235295,0.4458322751590808,0.7581176470588236,0.0705882352941176,0.1327058823529411,0.6254117647058823,1.2047639969635384,0.7279402531602377,0.009275665120274,0.6982601754864977,-5.142029232896306e-05,0.7413890565436128,0.0144807569259721,0.0733651753637983,0.0167779990763495,0.5491764705882353,0.0235294117647058,0.4756956220330177,0.0298633468739368,0.7265882352941176,-0.0315294117647059,0.0752941176470588,0.0047058823529411,0.1656470588235294,0.0329411764705882,0.5609411764705883,-0.064470588235294,1.228324298388084,0.0235603014245455,1,mean_abs_error_high,False,fedavg,0.7186645880399637,0.7279402531602377,0.0,-0.009275665120274,0.6983115957788266,0.6982601754864977,0.0,5.142029232896306e-05,0.7269082996176406,0.7413890565436128,0.0,-0.0144807569259721,0.5256470588235295,0.5491764705882353,0.0,-0.0235294117647058,0.4458322751590808,0.4756956220330177,0.0,-0.0298633468739368,only_mean_abs_error_high,mean_abs_error_high,mean_abs_error_high,1,True,cross_site_blend_50,0.7279402531602377,0.009275665120274001,0.4756956220330177,0.02986334687393688,0.6982601754864977,-5.142029232896306e-05,0.7413890565436128,0.014480756925972171,0.5491764705882353,0.0235294117647058
results\threshold_shift_panda_all_conservative_45_seed_123\predictions.csv,45,45,123,fedavg,cross_site_blend_50,0.6842525827854697,0.6443909272024675,0.6827482723486302,0.0739910587963851,0.512,0.4354754690015998,0.8084705882352942,0.0912941176470588,0.1647058823529411,0.6437647058823529,1.25651402768541,0.7276041522412715,0.0433515694558017,0.6793432674370103,0.0349523402345428,0.7197759974251865,0.0370277250765562,0.0794422259562985,0.0054511671599134,0.5421176470588235,0.0301176470588234,0.4722981845450189,0.036822715543419,0.7463529411764706,-0.0621176470588236,0.0767058823529411,-0.0145882352941176,0.2381176470588235,0.0734117647058823,0.508235294117647,-0.1355294117647059,1.2447748699019268,-0.0117391577834833,4,global_qwk_low;worst_site_qwk_low;mean_abs_error_high;severe_error_rate_high,True,cross_site_blend_50,0.7276041522412715,0.7276041522412715,0.0433515694558017,0.0,0.6793432674370103,0.6793432674370103,0.0349523402345428,0.0,0.7197759974251865,0.7197759974251865,0.0370277250765562,0.0,0.5421176470588235,0.5421176470588235,0.0301176470588234,0.0,0.4722981845450189,0.4722981845450189,0.036822715543419,0.0,only_mean_abs_error_high,mean_abs_error_high,mean_abs_error_high,1,True,cross_site_blend_50,0.7276041522412715,0.043351569455801764,0.4722981845450189,0.03682271554341909,0.6793432674370103,0.034952340234542856,0.7197759974251865,0.03702772507655627,0.5421176470588235,0.03011764705882347
results\threshold_shift_panda_all_conservative_45_seed_17\predictions.csv,45,45,17,fedavg,cross_site_blend_50,0.7047611051305348,0.645220573180699,0.6905945451901226,0.0909757587087569,0.5129411764705882,0.4388248410063545,0.7943529411764706,0.0781176470588235,0.1477647058823529,0.6465882352941177,1.2398184894957895,0.7077247854813571,0.0029636803508222,0.6417517990615361,-0.0034687741191629,0.6917447783051633,0.0011502331150406,0.1018123133312761,0.0108365546225192,0.5289411764705882,0.016,0.4601461090491274,0.0213212680427729,0.7684705882352941,-0.0258823529411764,0.0785882352941176,0.0004705882352941,0.1609411764705882,0.0131764705882352,0.6075294117647059,-0.0390588235294118,1.2388539655751256,-0.0009645239206639,2,worst_site_qwk_low;mean_abs_error_high,False,fedavg,0.7047611051305348,0.7077247854813571,0.0,-0.0029636803508222,0.645220573180699,0.6417517990615361,0.0,0.0034687741191629,0.6905945451901226,0.6917447783051633,0.0,-0.0011502331150406,0.5129411764705882,0.5289411764705882,0.0,-0.016,0.4388248410063545,0.4601461090491274,0.0,-0.0213212680427729,only_mean_abs_error_high,mean_abs_error_high,mean_abs_error_high,1,True,cross_site_blend_50,0.7077247854813571,0.002963680350822284,0.4601461090491274,0.0213212680427729,0.6417517990615361,-0.0034687741191629096,0.6917447783051633,0.0011502331150406997,0.5289411764705882,0.016000000000000014
results\threshold_shift_panda_all_conservative_45_seed_2025\predictions.csv,45,45,2025,fedavg,cross_site_blend_50,0.6513178987545161,0.6357395844743857,0.6550728682482759,0.0617910715279269,0.512,0.4213510266509179,0.8465882352941176,0.1021176470588235,0.1689411764705882,0.6776470588235294,1.2398197962944426,0.6916847406111084,0.0403668418565923,0.6475384686313133,0.0117988841569275,0.6929907323339558,0.0379178640856798,0.0791388873452907,0.0173478158173637,0.5251764705882352,0.0131764705882352,0.4405144881551974,0.0191634615042795,0.7995294117647059,-0.0470588235294117,0.0908235294117647,-0.0112941176470588,0.2188235294117647,0.0498823529411764,0.5807058823529412,-0.0969411764705882,1.2347401108882392,-0.0050796854062034,4,global_qwk_low;worst_site_qwk_low;mean_abs_error_high;severe_error_rate_high,True,cross_site_blend_50,0.6916847406111084,0.6916847406111084,0.0403668418565923,0.0,0.6475384686313133,0.6475384686313133,0.0117988841569275,0.0,0.6929907323339558,0.6929907323339558,0.0379178640856798,0.0,0.5251764705882352,0.5251764705882352,0.0131764705882352,0.0,0.4405144881551974,0.4405144881551974,0.0191634615042795,0.0,only_mean_abs_error_high,mean_abs_error_high,mean_abs_error_high,1,True,cross_site_blend_50,0.6916847406111084,0.04036684185659234,0.4405144881551974,0.0191634615042795,0.6475384686313133,0.011798884156927536,0.6929907323339558,0.037917864085679875,0.5251764705882352,0.013176470588235234
results\threshold_shift_panda_all_conservative_45_seed_23\predictions.csv,45,45,23,fedavg,cross_site_blend_50,0.6689702161873159,0.6278285098051922,0.6892648974635475,0.1249900734371944,0.5256470588235295,0.4501728064200315,0.8169411764705883,0.0974117647058823,0.1487058823529412,0.668235294117647,1.223265605185007,0.6811832732447068,0.0122130570573909,0.6330609816469177,0.0052324718417254,0.7044609882881547,0.0151960908246072,0.1447019826986322,0.0197119092614377,0.5383529411764706,0.0127058823529411,0.4677176487867743,0.0175448423667428,0.7981176470588235,-0.0188235294117647,0.0974117647058823,0.0,0.1632941176470588,0.0145882352941176,0.6348235294117647,-0.0334117647058823,1.1950156635017095,-0.0282499416832973,5,global_qwk_low;worst_site_qwk_low;site_qwk_spread_high;mean_abs_error_high;severe_error_rate_high,True,cross_site_blend_50,0.6811832732447068,0.6811832732447068,0.0122130570573909,0.0,0.6330609816469177,0.6330609816469177,0.0052324718417254,0.0,0.7044609882881547,0.7044609882881547,0.0151960908246072,0.0,0.5383529411764706,0.5383529411764706,0.0127058823529411,0.0,0.4677176487867743,0.4677176487867743,0.0175448423667428,0.0,only_mean_abs_error_high,mean_abs_error_high,mean_abs_error_high,1,True,cross_site_blend_50,0.6811832732447068,0.012213057057390952,0.4677176487867743,0.017544842366742808,0.6330609816469177,0.005232471841725483,0.7044609882881547,0.015196090824607267,0.5383529411764706,0.012705882352941122
results\threshold_shift_panda_all_conservative_45_seed_29\predictions.csv,45,45,29,fedavg,cross_site_blend_50,0.7027122701678348,0.6593035575542109,0.6983248374194991,0.0674032162340082,0.5218823529411765,0.4494435876297903,0.7905882352941176,0.088,0.1576470588235294,0.6329411764705882,1.196903554445906,0.7083737182341829,0.0056614480663481,0.6553674973311827,-0.0039360602230281,0.7033051263106922,0.004980288891193,0.0885817534051347,0.0211785371711265,0.5468235294117647,0.0249411764705882,0.4791428742323236,0.0296992866025332,0.7585882352941177,-0.0319999999999999,0.084235294117647,-0.0037647058823529,0.1830588235294117,0.0254117647058823,0.5755294117647058,-0.0574117647058823,1.2174418629639214,0.0205383085180153,4,global_qwk_low;worst_site_qwk_low;mean_abs_error_high;severe_error_rate_high,True,cross_site_blend_50,0.7083737182341829,0.7083737182341829,0.0056614480663481,0.0,0.6553674973311827,0.6553674973311827,-0.0039360602230281,0.0,0.7033051263106922,0.7033051263106922,0.004980288891193,0.0,0.5468235294117647,0.5468235294117647,0.0249411764705882,0.0,0.4791428742323236,0.4791428742323236,0.0296992866025332,0.0,only_mean_abs_error_high,mean_abs_error_high,mean_abs_error_high,1,True,cross_site_blend_50,0.7083737182341829,0.0056614480663481626,0.4791428742323236,0.029699286602533292,0.6553674973311827,-0.0039360602230281705,0.7033051263106922,0.004980288891193063,0.5468235294117647,0.024941176470588244
results\threshold_shift_panda_all_conservative_45_seed_31\predictions.csv,45,45,31,fedavg,cross_site_blend_50,0.6907445542033991,0.6478213865592243,0.697022671132488,0.0990737087116392,0.5209411764705882,0.4467296226169241,0.7783529411764706,0.0809411764705882,0.156235294117647,0.6221176470588236,1.241704937493638,0.7010929147350812,0.010348360531682,0.6782066835699941,0.0303852970107698,0.7110580444059729,0.0140353732734849,0.063455555044703,-0.0356181536669362,0.5378823529411765,0.0169411764705882,0.4778400687043871,0.031110446087463,0.7807058823529411,0.0023529411764705,0.0884705882352941,0.0075294117647058,0.2258823529411764,0.0696470588235294,0.5548235294117647,-0.0672941176470588,1.2281036756811077,-0.0136012618125302,3,global_qwk_low;worst_site_qwk_low;mean_abs_error_high,True,cross_site_blend_50,0.7010929147350812,0.7010929147350812,0.010348360531682,0.0,0.6782066835699941,0.6782066835699941,0.0303852970107698,0.0,0.7110580444059729,0.7110580444059729,0.0140353732734849,0.0,0.5378823529411765,0.5378823529411765,0.0169411764705882,0.0,0.4778400687043871,0.4778400687043871,0.031110446087463,0.0,only_mean_abs_error_high,mean_abs_error_high,mean_abs_error_high,1,True,cross_site_blend_50,0.7010929147350812,0.010348360531682088,0.4778400687043871,0.031110446087462995,0.6782066835699941,0.030385297010769863,0.7110580444059729,0.014035373273484919,0.5378823529411765,0.016941176470588237
results\threshold_shift_panda_all_conservative_45_seed_37\predictions.csv,45,45,37,fedavg,cross_site_blend_50,0.6718398316224687,0.6566294013012368,0.6776751902752847,0.0577402918144898,0.5134117647058823,0.4501286620132132,0.8178823529411765,0.0941176470588235,0.1454117647058823,0.6724705882352942,1.1877916427116788,0.6989889494547878,0.0271491178323191,0.6798369892493196,0.0232075879480827,0.7028944926747505,0.0252193023994657,0.0388444897333896,-0.0188958020811002,0.5383529411764706,0.0249411764705882,0.4679482987007382,0.0178196366875249,0.7778823529411765,-0.04,0.0903529411764706,-0.0037647058823529,0.1910588235294117,0.0456470588235294,0.5868235294117647,-0.0856470588235294,1.2612150037606646,0.0734233610489858,4,global_qwk_low;worst_site_qwk_low;mean_abs_error_high;severe_error_rate_high,True,cross_site_blend_50,0.6989889494547878,0.6989889494547878,0.0271491178323191,0.0,0.6798369892493196,0.6798369892493196,0.0232075879480827,0.0,0.7028944926747505,0.7028944926747505,0.0252193023994657,0.0,0.5383529411764706,0.5383529411764706,0.0249411764705882,0.0,0.4679482987007382,0.4679482987007382,0.0178196366875249,0.0,only_mean_abs_error_high,mean_abs_error_high,mean_abs_error_high,1,True,cross_site_blend_50,0.6989889494547878,0.027149117832319103,0.4679482987007382,0.017819636687524953,0.6798369892493196,0.023207587948082753,0.7028944926747505,0.025219302399465793,0.5383529411764706,0.024941176470588244
results\threshold_shift_panda_all_conservative_45_seed_41\predictions.csv,45,45,41,fedavg,cross_site_blend_50,0.7123796898843978,0.6477160424225139,0.7230280654793807,0.1493724689112257,0.532235294117647,0.4576524733917275,0.7595294117647059,0.0752941176470588,0.1689411764705882,0.5905882352941176,1.216875668403408,0.7108887383352965,-0.0014909515491012,0.6681257448384706,0.0204097024159567,0.7194995869173381,-0.0035284785620426,0.1343608083755315,-0.0150116605356941,0.536,0.003764705882353,0.4617007732319488,0.0040482998402213,0.7670588235294118,0.0075294117647058,0.0785882352941176,0.0032941176470588,0.1656470588235294,-0.0032941176470588,0.6014117647058823,0.0108235294117646,1.208587090198221,-0.0082885782051869,3,worst_site_qwk_low;site_qwk_spread_high;mean_abs_error_high,True,cross_site_blend_50,0.7108887383352965,0.7108887383352965,-0.0014909515491012,0.0,0.6681257448384706,0.6681257448384706,0.0204097024159567,0.0,0.7194995869173381,0.7194995869173381,-0.0035284785620426,0.0,0.536,0.536,0.003764705882353,0.0,0.4617007732319488,0.4617007732319488,0.0040482998402213,0.0,only_mean_abs_error_high,mean_abs_error_high,mean_abs_error_high,1,True,cross_site_blend_50,0.7108887383352965,-0.0014909515491012826,0.4617007732319488,0.004048299840221314,0.6681257448384706,0.020409702415956743,0.7194995869173381,-0.003528478562042636,0.536,0.0037647058823530033
results\threshold_shift_panda_all_conservative_45_seed_42\predictions.csv,45,45,42,fedavg,cross_site_blend_50,0.6774827764861275,0.6445375035779021,0.6916365566904921,0.1014820199256691,0.5270588235294118,0.4543662053061909,0.7985882352941176,0.0912941176470588,0.1336470588235294,0.6649411764705883,1.2261141193444989,0.684495430609388,0.0070126541232604,0.6552577603454078,0.0107202567675057,0.6966647491374609,0.0050281924469688,0.0956957754403231,-0.005786244485346,0.536,0.0089411764705882,0.462630665272385,0.0082644599661941,0.7835294117647059,-0.0150588235294116,0.0894117647058823,-0.0018823529411764,0.1557647058823529,0.0221176470588235,0.6277647058823529,-0.0371764705882353,1.2219655729572696,-0.0041485463872292,4,global_qwk_low;worst_site_qwk_low;mean_abs_error_high;severe_error_rate_high,True,cross_site_blend_50,0.684495430609388,0.684495430609388,0.0070126541232604,0.0,0.6552577603454078,0.6552577603454078,0.0107202567675057,0.0,0.6966647491374609,0.6966647491374609,0.0050281924469688,0.0,0.536,0.536,0.0089411764705882,0.0,0.462630665272385,0.462630665272385,0.0082644599661941,0.0,only_mean_abs_error_high,mean_abs_error_high,mean_abs_error_high,1,True,cross_site_blend_50,0.684495430609388,0.0070126541232604644,0.462630665272385,0.008264459966194126,0.6552577603454078,0.010720256767505765,0.6966647491374609,0.005028192446968838,0.536,0.00894117647058823
results\threshold_shift_panda_all_conservative_45_seed_43\predictions.csv,45,45,43,fedavg,cross_site_blend_50,0.7138716162513442,0.6822721801086638,0.711808940745141,0.0616774222069055,0.5289411764705882,0.4655935566146705,0.7736470588235295,0.0790588235294117,0.1647058823529411,0.6089411764705882,1.1930575391361506,0.7238906047035034,0.0100189884521592,0.6955788405751153,0.0133066604664515,0.7253029885742331,0.0134940478290921,0.0540392088119872,-0.0076382133949183,0.5472941176470588,0.0183529411764705,0.4833792586175012,0.0177857020028307,0.739764705882353,-0.0338823529411764,0.0767058823529411,-0.0023529411764705,0.1736470588235294,0.0089411764705882,0.5661176470588235,-0.0428235294117647,1.2490948525451526,0.0560373134090019,1,mean_abs_error_high,False,fedavg,0.7138716162513442,0.7238906047035034,0.0,-0.0100189884521592,0.6822721801086638,0.6955788405751153,0.0,-0.0133066604664515,0.711808940745141,0.7253029885742331,0.0,-0.0134940478290921,0.5289411764705882,0.5472941176470588,0.0,-0.0183529411764705,0.4655935566146705,0.4833792586175012,0.0,-0.0177857020028307,only_mean_abs_error_high,mean_abs_error_high,mean_abs_error_high,1,True,cross_site_blend_50,0.7238906047035034,0.010018988452159205,0.4833792586175012,0.017785702002830694,0.6955788405751153,0.01330666046645157,0.7253029885742331,0.013494047829092137,0.5472941176470588,0.018352941176470572
results\threshold_shift_panda_all_conservative_45_seed_47\predictions.csv,45,45,47,fedavg,cross_site_blend_50,0.6847965201382491,0.6483616776044975,0.6910543398194848,0.0705500414349021,0.5247058823529411,0.4514071460022199,0.8014117647058824,0.0927058823529411,0.1689411764705882,0.6324705882352941,1.223896878202759,0.6851789430850455,0.0003824229467963,0.652432325294192,0.0040706476896945,0.6995950911807111,0.0085407513612262,0.0619584935386275,-0.0085915478962745,0.5449411764705883,0.0202352941176471,0.472621372126016,0.021214226123796,0.7910588235294118,-0.0103529411764705,0.0941176470588235,0.0014117647058823,0.1797647058823529,0.0108235294117647,0.6112941176470589,-0.0211764705882352,1.217905331775368,-0.0059915464273909,4,global_qwk_low;worst_site_qwk_low;mean_abs_error_high;severe_error_rate_high,True,cross_site_blend_50,0.6851789430850455,0.6851789430850455,0.0003824229467963,0.0,0.652432325294192,0.652432325294192,0.0040706476896945,0.0,0.6995950911807111,0.6995950911807111,0.0085407513612262,0.0,0.5449411764705883,0.5449411764705883,0.0202352941176471,0.0,0.472621372126016,0.472621372126016,0.021214226123796,0.0,only_mean_abs_error_high,mean_abs_error_high,mean_abs_error_high,1,True,cross_site_blend_50,0.6851789430850455,0.0003824229467963569,0.472621372126016,0.021214226123796143,0.652432325294192,0.004070647689694562,0.6995950911807111,0.008540751361226229,0.5449411764705883,0.02023529411764713
results\threshold_shift_panda_all_conservative_45_seed_53\predictions.csv,45,45,53,fedavg,cross_site_blend_50,0.7201645664369767,0.6590058792089791,0.7242115653009432,0.0962519076398983,0.5124705882352941,0.4494431704394436,0.7712941176470588,0.0785882352941176,0.1449411764705882,0.6263529411764706,1.2476182242498215,0.7142977210762524,-0.0058668453607242,0.6664553756290599,0.0074494964200807,0.7213074678388882,-0.0029040974620549,0.092832744626332,-0.0034191630135662,0.5265882352941177,0.0141176470588235,0.4523648833805307,0.002921712941087,0.7811764705882352,0.0098823529411764,0.0861176470588235,0.0075294117647058,0.2018823529411764,0.0569411764705882,0.5792941176470588,-0.0470588235294117,1.216200957210754,-0.0314172670390675,2,worst_site_qwk_low;mean_abs_error_high,False,fedavg,0.7201645664369767,0.7142977210762524,0.0,0.0058668453607242,0.6590058792089791,0.6664553756290599,0.0,-0.0074494964200807,0.7242115653009432,0.7213074678388882,0.0,0.0029040974620549,0.5124705882352941,0.5265882352941177,0.0,-0.0141176470588235,0.4494431704394436,0.4523648833805307,0.0,-0.002921712941087,only_mean_abs_error_high,mean_abs_error_high,mean_abs_error_high,1,True,cross_site_blend_50,0.7142977210762524,-0.005866845360724238,0.4523648833805307,0.002921712941087118,0.6664553756290599,0.007449496420080748,0.7213074678388882,-0.0029040974620549997,0.5265882352941177,0.014117647058823568
results\threshold_shift_panda_all_conservative_45_seed_59\predictions.csv,45,45,59,fedavg,cross_site_blend_50,0.7016674406948484,0.6159609540801119,0.6845382756686187,0.1206158796476057,0.5256470588235295,0.4495477542539736,0.7915294117647059,0.0861176470588235,0.1825882352941176,0.6089411764705882,1.1982354306608411,0.705730488586835,0.0040630478919865,0.643696978717071,0.0277360246369591,0.6883887122265069,0.0038504365578881,0.0969232193571749,-0.0236926602904308,0.5407058823529411,0.0150588235294116,0.4656458284346138,0.0160980741806401,0.7783529411764706,-0.0131764705882353,0.0851764705882353,-0.0009411764705882,0.2089411764705882,0.0263529411764706,0.5694117647058824,-0.0395294117647058,1.2381082534135337,0.0398728227526925,4,global_qwk_low;worst_site_qwk_low;site_qwk_spread_high;mean_abs_error_high,True,cross_site_blend_50,0.705730488586835,0.705730488586835,0.0040630478919865,0.0,0.643696978717071,0.643696978717071,0.0277360246369591,0.0,0.6883887122265069,0.6883887122265069,0.0038504365578881,0.0,0.5407058823529411,0.5407058823529411,0.0150588235294116,0.0,0.4656458284346138,0.4656458284346138,0.0160980741806401,0.0,only_mean_abs_error_high,mean_abs_error_high,mean_abs_error_high,1,True,cross_site_blend_50,0.705730488586835,0.0040630478919865265,0.4656458284346138,0.016098074180640187,0.643696978717071,0.027736024636959122,0.6883887122265069,0.0038504365578881927,0.5407058823529411,0.01505882352941168
results\threshold_shift_panda_all_conservative_45_seed_7\predictions.csv,45,45,7,fedavg,cross_site_blend_50,0.6923907834999634,0.6489613109441599,0.6966096027165747,0.0937013742162709,0.5251764705882352,0.4536372003313794,0.7976470588235294,0.0894117647058823,0.1392941176470588,0.6583529411764706,1.2069264914261555,0.7012379189330036,0.0088471354330401,0.6779182879377432,0.0289569769935833,0.7076271761977981,0.0110175734812234,0.0784267466587252,-0.0152746275575456,0.5463529411764706,0.0211764705882353,0.4786342882830192,0.0249970879516397,0.7567058823529412,-0.0409411764705881,0.0870588235294117,-0.0023529411764705,0.1755294117647058,0.036235294117647,0.5811764705882353,-0.0771764705882352,1.248436539060467,0.0415100476343115,4,global_qwk_low;worst_site_qwk_low;mean_abs_error_high;severe_error_rate_high,True,cross_site_blend_50,0.7012379189330036,0.7012379189330036,0.0088471354330401,0.0,0.6779182879377432,0.6779182879377432,0.0289569769935833,0.0,0.7076271761977981,0.7076271761977981,0.0110175734812234,0.0,0.5463529411764706,0.5463529411764706,0.0211764705882353,0.0,0.4786342882830192,0.4786342882830192,0.0249970879516397,0.0,only_mean_abs_error_high,mean_abs_error_high,mean_abs_error_high,1,True,cross_site_blend_50,0.7012379189330036,0.008847135433040165,0.4786342882830192,0.024997087951639796,0.6779182879377432,0.02895697699358335,0.7076271761977981,0.011017573481223453,0.5463529411764706,0.021176470588235352
results\threshold_shift_panda_all_conservative_0_seed_11\predictions.csv,0,0,11,fedavg,cross_site_blend_50,0.7429581080983443,0.7164217698801902,0.7441992641283725,0.0593496863554664,0.5745882352941176,0.5098279114359029,0.6922352941176471,0.0734117647058823,0.208,0.484235294117647,1.156964949139127,0.7337225638667626,-0.0092355442315816,0.7119886879296122,-0.004433081950578,0.743286473704899,-0.0009127904234734,0.0433346987300143,-0.016014987625452,0.5736470588235294,-0.0009411764705882,0.5055207797599799,-0.004307131675923,0.7105882352941176,0.0183529411764705,0.0785882352941176,0.0051764705882352,0.2343529411764706,0.0263529411764706,0.476235294117647,-0.008,1.1778074606925435,0.0208425115534167,0,,False,fedavg,0.7429581080983443,0.7429581080983443,0.0,0.0,0.7164217698801902,0.7164217698801902,0.0,0.0,0.7441992641283725,0.7441992641283725,0.0,0.0,0.5745882352941176,0.5745882352941176,0.0,0.0,0.5098279114359029,0.5098279114359029,0.0,0.0,only_severe_error_rate_high,severe_error_rate_high,,0,False,fedavg,0.7429581080983443,0.0,0.5098279114359029,0.0,0.7164217698801902,0.0,0.7441992641283725,0.0,0.5745882352941176,0.0
results\threshold_shift_panda_all_conservative_0_seed_123\predictions.csv,0,0,123,fedavg,cross_site_blend_50,0.7298328239744079,0.702768825425204,0.732487374863064,0.0713198620093883,0.5694117647058824,0.5055799211566626,0.7134117647058823,0.076235294117647,0.2376470588235294,0.4757647058823529,1.1721565327917418,0.7280400712222352,-0.0017927527521726,0.6825573624415238,-0.0202114629836802,0.7254086963081546,-0.0070786785549094,0.0742889639064762,0.0029691018970878,0.5567058823529412,-0.0127058823529412,0.4949036378409496,-0.0106762833157129,0.7425882352941177,0.0291764705882353,0.0767058823529411,0.0004705882352941,0.3171764705882353,0.0795294117647058,0.4254117647058824,-0.0503529411764705,1.1780110800360235,0.0058545472442819,0,,False,fedavg,0.7298328239744079,0.7298328239744079,0.0,0.0,0.702768825425204,0.702768825425204,0.0,0.0,0.732487374863064,0.732487374863064,0.0,0.0,0.5694117647058824,0.5694117647058824,0.0,0.0,0.5055799211566626,0.5055799211566626,0.0,0.0,only_severe_error_rate_high,severe_error_rate_high,,0,False,fedavg,0.7298328239744079,0.0,0.5055799211566626,0.0,0.702768825425204,0.0,0.732487374863064,0.0,0.5694117647058824,0.0
results\threshold_shift_panda_all_conservative_0_seed_17\predictions.csv,0,0,17,fedavg,cross_site_blend_50,0.7239654930746602,0.6867531239805871,0.7097153911713731,0.0679690886509221,0.5727058823529412,0.5116310736011755,0.7171764705882353,0.0752941176470588,0.1971764705882353,0.52,1.1677552636809072,0.741825343260487,0.0178598501858268,0.6977504245196491,0.010997300539062,0.7270813020050024,0.0173659108336293,0.0776750134260571,0.0097059247751349,0.5835294117647059,0.0108235294117646,0.5224528915476301,0.0108218179464545,0.6832941176470588,-0.0338823529411764,0.068235294117647,-0.0070588235294117,0.1637647058823529,-0.0334117647058823,0.5195294117647059,-0.0004705882352941,1.1786416934641828,0.0108864297832755,0,,False,fedavg,0.7239654930746602,0.7239654930746602,0.0,0.0,0.6867531239805871,0.6867531239805871,0.0,0.0,0.7097153911713731,0.7097153911713731,0.0,0.0,0.5727058823529412,0.5727058823529412,0.0,0.0,0.5116310736011755,0.5116310736011755,0.0,0.0,only_severe_error_rate_high,severe_error_rate_high,,0,False,fedavg,0.7239654930746602,0.0,0.5116310736011755,0.0,0.6867531239805871,0.0,0.7097153911713731,0.0,0.5727058823529412,0.0
results\threshold_shift_panda_all_conservative_0_seed_2025\predictions.csv,0,0,2025,fedavg,cross_site_blend_50,0.6983892617352163,0.6744316058050153,0.7010870185241194,0.0584559494250015,0.5585882352941176,0.5000663744833895,0.7576470588235295,0.0870588235294117,0.2465882352941176,0.5110588235294118,1.1618222006061447,0.6988934439468641,0.0005041822116478,0.677440898806273,0.0030092930012577,0.7014432993023529,0.0003562807782335,0.0543557071565601,-0.0041002422684414,0.5472941176470588,-0.0112941176470587,0.4780140759710345,-0.022052298512355,0.7854117647058824,0.0277647058823529,0.092235294117647,0.0051764705882352,0.2790588235294117,0.0324705882352941,0.5063529411764706,-0.0047058823529412,1.177045535032376,0.0152233344262311,2,global_qwk_low;mean_abs_error_high,False,fedavg,0.6983892617352163,0.6983892617352163,0.0,0.0,0.6744316058050153,0.6744316058050153,0.0,0.0,0.7010870185241194,0.7010870185241194,0.0,0.0,0.5585882352941176,0.5585882352941176,0.0,0.0,0.5000663744833895,0.5000663744833895,0.0,0.0,only_severe_error_rate_high,severe_error_rate_high,,0,False,fedavg,0.6983892617352163,0.0,0.5000663744833895,0.0,0.6744316058050153,0.0,0.7010870185241194,0.0,0.5585882352941176,0.0
results\threshold_shift_panda_all_conservative_0_seed_23\predictions.csv,0,0,23,fedavg,cross_site_blend_50,0.7018818577459033,0.6673741964836729,0.7174845380245973,0.1002154031961053,0.56,0.4860606677435226,0.7637647058823529,0.092235294117647,0.228235294117647,0.5355294117647059,1.141851402646168,0.7037645067143725,0.0018826489684692,0.6681155525660587,0.0007413560823857,0.7204905791820245,0.0030060411574271,0.1266562161989222,0.0264408130028168,0.5604705882352942,0.0004705882352941,0.4889164480197272,0.0028557802762046,0.7614117647058823,-0.0023529411764705,0.0941176470588235,0.0018823529411764,0.2197647058823529,-0.0084705882352941,0.5416470588235294,0.0061176470588234,1.1372767953333078,-0.0045746073128603,3,global_qwk_low;mean_abs_error_high;severe_error_rate_high,True,cross_site_blend_50,0.7037645067143725,0.7018818577459033,0.0018826489684692,0.0018826489684692,0.6681155525660587,0.6673741964836729,0.0007413560823857,0.0007413560823857,0.7204905791820245,0.7174845380245973,0.0030060411574271,0.0030060411574271,0.5604705882352942,0.56,0.0004705882352941,0.0004705882352941,0.4889164480197272,0.4860606677435226,0.0028557802762046,0.0028557802762046,only_severe_error_rate_high,severe_error_rate_high,severe_error_rate_high,1,True,cross_site_blend_50,0.7037645067143725,0.001882648968469236,0.4889164480197272,0.0028557802762046447,0.6681155525660587,0.0007413560823857912,0.7204905791820245,0.0030060411574271972,0.5604705882352942,0.00047058823529411153
results\threshold_shift_panda_all_conservative_0_seed_29\predictions.csv,0,0,29,fedavg,cross_site_blend_50,0.726441618643312,0.6865732434961865,0.71804951628285,0.0585544069027084,0.5741176470588235,0.5055895989900184,0.7247058823529412,0.0818823529411764,0.208,0.5167058823529411,1.147105895918461,0.7230326097996407,-0.0034090088436713,0.6763439793223045,-0.010229264173882,0.7209830795282827,0.0029335632454327,0.0931448064797406,0.0345903995770322,0.5764705882352941,0.0023529411764705,0.5123163664565035,0.006726767466485,0.7185882352941176,-0.0061176470588235,0.0828235294117647,0.0009411764705882,0.2428235294117647,0.0348235294117647,0.4757647058823529,-0.0409411764705882,1.1457565392719873,-0.0013493566464737,0,,False,fedavg,0.726441618643312,0.726441618643312,0.0,0.0,0.6865732434961865,0.6865732434961865,0.0,0.0,0.71804951628285,0.71804951628285,0.0,0.0,0.5741176470588235,0.5741176470588235,0.0,0.0,0.5055895989900184,0.5055895989900184,0.0,0.0,only_severe_error_rate_high,severe_error_rate_high,,0,False,fedavg,0.726441618643312,0.0,0.5055895989900184,0.0,0.6865732434961865,0.0,0.71804951628285,0.0,0.5741176470588235,0.0
results\threshold_shift_panda_all_conservative_0_seed_31\predictions.csv,0,0,31,fedavg,cross_site_blend_50,0.7086968931815969,0.6738253917670043,0.7083238904839249,0.0518022247570875,0.5496470588235294,0.490416290241764,0.7463529411764706,0.0828235294117647,0.2395294117647058,0.5068235294117647,1.1670994637757055,0.7165003903666098,0.0078034971850129,0.6904800881334037,0.0166546963663993,0.7226313294886846,0.0143074390047597,0.0581068647975383,0.0063046400404508,0.5534117647058824,0.003764705882353,0.4950671262046908,0.0046508359629268,0.7557647058823529,0.0094117647058823,0.0847058823529411,0.0018823529411764,0.2875294117647058,0.0479999999999999,0.4682352941176471,-0.0385882352941175,1.1520586233386354,-0.0150408404370703,0,,False,fedavg,0.7086968931815969,0.7086968931815969,0.0,0.0,0.6738253917670043,0.6738253917670043,0.0,0.0,0.7083238904839249,0.7083238904839249,0.0,0.0,0.5496470588235294,0.5496470588235294,0.0,0.0,0.490416290241764,0.490416290241764,0.0,0.0,only_severe_error_rate_high,severe_error_rate_high,,0,False,fedavg,0.7086968931815969,0.0,0.490416290241764,0.0,0.6738253917670043,0.0,0.7083238904839249,0.0,0.5496470588235294,0.0
results\threshold_shift_panda_all_conservative_0_seed_37\predictions.csv,0,0,37,fedavg,cross_site_blend_50,0.7169013513435238,0.7072214848478993,0.7205745926518567,0.0417600381363131,0.5755294117647058,0.5218186688693097,0.7138823529411765,0.0823529411764705,0.1872941176470588,0.5265882352941177,1.1259510238729171,0.7209045782831497,0.0040032269396258,0.7026297227340665,-0.0045917621138327,0.7245873212371869,0.0040127285853301,0.0390353396576449,-0.0027246984786681,0.5604705882352942,-0.0150588235294116,0.4917730629816231,-0.0300456058876866,0.7331764705882353,0.0192941176470587,0.0847058823529411,0.0023529411764705,0.2258823529411764,0.0385882352941176,0.5072941176470588,-0.0192941176470589,1.2102201270375847,0.0842691031646674,0,,False,fedavg,0.7169013513435238,0.7169013513435238,0.0,0.0,0.7072214848478993,0.7072214848478993,0.0,0.0,0.7205745926518567,0.7205745926518567,0.0,0.0,0.5755294117647058,0.5755294117647058,0.0,0.0,0.5218186688693097,0.5218186688693097,0.0,0.0,only_severe_error_rate_high,severe_error_rate_high,,0,False,fedavg,0.7169013513435238,0.0,0.5218186688693097,0.0,0.7072214848478993,0.0,0.7205745926518567,0.0,0.5755294117647058,0.0
results\threshold_shift_panda_all_conservative_0_seed_41\predictions.csv,0,0,41,fedavg,cross_site_blend_50,0.7313483114760122,0.6692838566912203,0.7434729817875875,0.1428779212439995,0.5665882352941176,0.5004526523110261,0.72,0.0767058823529411,0.2357647058823529,0.484235294117647,1.1680296642247314,0.7212868239213154,-0.0100614875546968,0.6863423149808671,0.0170584582896468,0.7288710149947588,-0.0146019667928286,0.1169524129992917,-0.0259255082447078,0.56,-0.0065882352941175,0.4852339061395143,-0.0152187461715117,0.7421176470588235,0.0221176470588235,0.0809411764705882,0.004235294117647,0.2470588235294117,0.0112941176470588,0.4950588235294118,0.0108235294117647,1.148595782922415,-0.0194338813023164,1,site_qwk_spread_high,False,fedavg,0.7313483114760122,0.7313483114760122,0.0,0.0,0.6692838566912203,0.6692838566912203,0.0,0.0,0.7434729817875875,0.7434729817875875,0.0,0.0,0.5665882352941176,0.5665882352941176,0.0,0.0,0.5004526523110261,0.5004526523110261,0.0,0.0,only_severe_error_rate_high,severe_error_rate_high,,0,False,fedavg,0.7313483114760122,0.0,0.5004526523110261,0.0,0.6692838566912203,0.0,0.7434729817875875,0.0,0.5665882352941176,0.0
results\threshold_shift_panda_all_conservative_0_seed_42\predictions.csv,0,0,42,fedavg,cross_site_blend_50,0.7072566694854118,0.6673300346903428,0.7161831406854237,0.14113790627812,0.5694117647058824,0.5159724605549763,0.7327058823529412,0.0809411764705882,0.2070588235294117,0.5256470588235295,1.1758076450075134,0.6934701255508754,-0.0137865439345363,0.6608777559281085,-0.0064522787622343,0.7057812801177772,-0.0104018605676464,0.1200084261559242,-0.0211294801221958,0.5585882352941176,-0.0108235294117647,0.496155205606327,-0.0198172549486492,0.7651764705882353,0.0324705882352941,0.0884705882352941,0.0075294117647058,0.220235294117647,0.0131764705882352,0.5449411764705883,0.0192941176470587,1.151800860179836,-0.0240067848276774,2,worst_site_qwk_low;site_qwk_spread_high,False,fedavg,0.7072566694854118,0.7072566694854118,0.0,0.0,0.6673300346903428,0.6673300346903428,0.0,0.0,0.7161831406854237,0.7161831406854237,0.0,0.0,0.5694117647058824,0.5694117647058824,0.0,0.0,0.5159724605549763,0.5159724605549763,0.0,0.0,only_severe_error_rate_high,severe_error_rate_high,,0,False,fedavg,0.7072566694854118,0.0,0.5159724605549763,0.0,0.6673300346903428,0.0,0.7161831406854237,0.0,0.5694117647058824,0.0
results\threshold_shift_panda_all_conservative_0_seed_43\predictions.csv,0,0,43,fedavg,cross_site_blend_50,0.746679487551388,0.7384839293613565,0.7506560624693208,0.0273858022000844,0.5736470588235294,0.5091526183482555,0.7035294117647058,0.0752941176470588,0.2254117647058823,0.4781176470588235,1.1308712252820463,0.7445723706908911,-0.0021071168604969,0.7254084860689003,-0.0130754432924562,0.7452269109662587,-0.0054291515030621,0.0401667568477324,0.0127809546476479,0.5816470588235294,0.008,0.5208785983849045,0.0117259800366489,0.6889411764705883,-0.0145882352941175,0.0729411764705882,-0.0023529411764705,0.1990588235294117,-0.0263529411764705,0.4898823529411765,0.0117647058823529,1.1779910486661689,0.0471198233841221,0,,False,fedavg,0.746679487551388,0.746679487551388,0.0,0.0,0.7384839293613565,0.7384839293613565,0.0,0.0,0.7506560624693208,0.7506560624693208,0.0,0.0,0.5736470588235294,0.5736470588235294,0.0,0.0,0.5091526183482555,0.5091526183482555,0.0,0.0,only_severe_error_rate_high,severe_error_rate_high,,0,False,fedavg,0.746679487551388,0.0,0.5091526183482555,0.0,0.7384839293613565,0.0,0.7506560624693208,0.0,0.5736470588235294,0.0
results\threshold_shift_panda_all_conservative_0_seed_47\predictions.csv,0,0,47,fedavg,cross_site_blend_50,0.7181815243226684,0.6786340882743549,0.7213997699169905,0.0801529243646518,0.5656470588235294,0.4981944682997181,0.7463529411764706,0.0884705882352941,0.2752941176470588,0.4710588235294117,1.1353106869842753,0.7180828092966849,-9.87150259834646e-05,0.6994246620651237,0.0207905737907687,0.7266365779426043,0.0052368080256137,0.0415894398834847,-0.038563484481167,0.571764705882353,0.0061176470588235,0.5029810518398447,0.0047865835401265,0.7369411764705882,-0.0094117647058823,0.0870588235294117,-0.0014117647058823,0.236235294117647,-0.0390588235294117,0.5007058823529412,0.0296470588235294,1.1433934522053368,0.0080827652210615,1,severe_error_rate_high,False,fedavg,0.7181815243226684,0.7181815243226684,0.0,0.0,0.6786340882743549,0.6786340882743549,0.0,0.0,0.7213997699169905,0.7213997699169905,0.0,0.0,0.5656470588235294,0.5656470588235294,0.0,0.0,0.4981944682997181,0.4981944682997181,0.0,0.0,only_severe_error_rate_high,severe_error_rate_high,severe_error_rate_high,1,True,cross_site_blend_50,0.7180828092966849,-9.87150259834646e-05,0.5029810518398447,0.0047865835401265655,0.6994246620651237,0.020790573790768763,0.7266365779426043,0.005236808025613771,0.571764705882353,0.006117647058823561
results\threshold_shift_panda_all_conservative_0_seed_53\predictions.csv,0,0,53,fedavg,cross_site_blend_50,0.7317556780937956,0.6740479638200556,0.7321636104952894,0.0933560233551015,0.5689411764705883,0.5085063095527034,0.7167058823529412,0.0785882352941176,0.2192941176470588,0.4974117647058823,1.1676241651479085,0.7278712679750026,-0.003884410118793,0.6610648798322412,-0.0129830839878144,0.7313916065488951,-0.0007720039463943,0.1220976432029016,0.0287416198478001,0.5609411764705883,-0.008,0.4933853771679242,-0.0151209323847791,0.7369411764705882,0.020235294117647,0.0814117647058823,0.0028235294117646,0.2432941176470588,0.0239999999999999,0.4936470588235294,-0.0037647058823528,1.1499776231798036,-0.0176465419681048,0,,False,fedavg,0.7317556780937956,0.7317556780937956,0.0,0.0,0.6740479638200556,0.6740479638200556,0.0,0.0,0.7321636104952894,0.7321636104952894,0.0,0.0,0.5689411764705883,0.5689411764705883,0.0,0.0,0.5085063095527034,0.5085063095527034,0.0,0.0,only_severe_error_rate_high,severe_error_rate_high,,0,False,fedavg,0.7317556780937956,0.0,0.5085063095527034,0.0,0.6740479638200556,0.0,0.7321636104952894,0.0,0.5689411764705883,0.0
results\threshold_shift_panda_all_conservative_0_seed_59\predictions.csv,0,0,59,fedavg,cross_site_blend_50,0.7174448693789363,0.6554682158493963,0.704259831803012,0.1095119041168389,0.5656470588235294,0.4957776166241075,0.7557647058823529,0.088,0.2762352941176471,0.4795294117647058,1.1257526356540812,0.711743247391103,-0.0057016219878333,0.6773504954280436,0.0218822795786473,0.7011934943970357,-0.0030663374059762,0.0560265488980757,-0.0534853552187631,0.5581176470588235,-0.0075294117647058,0.4942243648561051,-0.0015532517680024,0.7529411764705882,-0.0028235294117646,0.0828235294117647,-0.0051764705882352,0.2592941176470588,-0.0169411764705882,0.4936470588235294,0.0141176470588235,1.176819785477475,0.0510671498233936,4,worst_site_qwk_low;site_qwk_spread_high;mean_abs_error_high;severe_error_rate_high,True,cross_site_blend_50,0.711743247391103,0.7174448693789363,-0.0057016219878333,-0.0057016219878333,0.6773504954280436,0.6554682158493963,0.0218822795786473,0.0218822795786473,0.7011934943970357,0.704259831803012,-0.0030663374059762,-0.0030663374059762,0.5581176470588235,0.5656470588235294,-0.0075294117647058,-0.0075294117647058,0.4942243648561051,0.4957776166241075,-0.0015532517680024,-0.0015532517680024,only_severe_error_rate_high,severe_error_rate_high,severe_error_rate_high,1,True,cross_site_blend_50,0.711743247391103,-0.005701621987833305,0.4942243648561051,-0.0015532517680024172,0.6773504954280436,0.0218822795786473,0.7011934943970357,-0.0030663374059762827,0.5581176470588235,-0.007529411764705896
results\threshold_shift_panda_all_conservative_0_seed_7\predictions.csv,0,0,7,fedavg,cross_site_blend_50,0.727615545028268,0.6936547323644097,0.7316464239387271,0.0723245048912265,0.5731764705882353,0.5099629714567177,0.7167058823529412,0.08,0.2098823529411764,0.5068235294117647,1.14490470366313,0.724997097427688,-0.0026184476005799,0.6749135732640295,-0.0187411591003802,0.7293748112328828,-0.0022716127058443,0.0870357413029477,0.0147112364117212,0.5778823529411765,0.0047058823529412,0.5081509709702154,-0.0018120004865022,0.7143529411764706,-0.0023529411764705,0.0804705882352941,0.0004705882352941,0.2221176470588235,0.012235294117647,0.492235294117647,-0.0145882352941176,1.2034422782645309,0.0585375746014007,0,,False,fedavg,0.727615545028268,0.727615545028268,0.0,0.0,0.6936547323644097,0.6936547323644097,0.0,0.0,0.7316464239387271,0.7316464239387271,0.0,0.0,0.5731764705882353,0.5731764705882353,0.0,0.0,0.5099629714567177,0.5099629714567177,0.0,0.0,only_severe_error_rate_high,severe_error_rate_high,,0,False,fedavg,0.727615545028268,0.0,0.5099629714567177,0.0,0.6936547323644097,0.0,0.7316464239387271,0.0,0.5731764705882353,0.0
results\threshold_shift_panda_all_conservative_25_seed_11\predictions.csv,25,25,11,fedavg,cross_site_blend_50,0.7194569545078301,0.6906077348066298,0.7192355912509705,0.0537460098905715,0.5350588235294118,0.458856059014584,0.7477647058823529,0.0767058823529411,0.1590588235294117,0.5887058823529412,1.2087582913896644,0.7427163561434391,0.023259401635609,0.7238899315974094,0.0332821967907795,0.751256052880748,0.0320204616297775,0.0561885653486413,0.0024425554580698,0.5628235294117647,0.0277647058823529,0.4976325823209561,0.0387765233063721,0.7035294117647058,-0.044235294117647,0.0705882352941176,-0.0061176470588235,0.2,0.0409411764705882,0.5035294117647059,-0.0851764705882353,1.2120677251554204,0.0033094337657559,0,,False,fedavg,0.7194569545078301,0.7427163561434391,0.0,-0.023259401635609,0.6906077348066298,0.7238899315974094,0.0,-0.0332821967907795,0.7192355912509705,0.751256052880748,0.0,-0.0320204616297775,0.5350588235294118,0.5628235294117647,0.0,-0.0277647058823529,0.458856059014584,0.4976325823209561,0.0,-0.0387765233063721,only_severe_error_rate_high,severe_error_rate_high,,0,False,fedavg,0.7194569545078301,0.0,0.458856059014584,0.0,0.6906077348066298,0.0,0.7192355912509705,0.0,0.5350588235294118,0.0
results\threshold_shift_panda_all_conservative_25_seed_123\predictions.csv,25,25,123,fedavg,cross_site_blend_50,0.7197993382461756,0.6730431803556465,0.7193763619826619,0.0976659677693344,0.5430588235294118,0.4726416104983698,0.7529411764705882,0.0837647058823529,0.2230588235294117,0.5298823529411765,1.2462496593485874,0.728387511335503,0.0085881730893273,0.6833917586546725,0.010348578299026,0.7265113077730707,0.0071349457904088,0.0711401057773704,-0.026525861991964,0.5505882352941176,0.0075294117647057,0.4851086759506891,0.0124670654523193,0.7449411764705882,-0.008,0.0785882352941176,-0.0051764705882352,0.2832941176470588,0.060235294117647,0.4616470588235294,-0.068235294117647,1.2248803640207009,-0.0213692953278865,1,mean_abs_error_high,False,fedavg,0.7197993382461756,0.728387511335503,0.0,-0.0085881730893273,0.6730431803556465,0.6833917586546725,0.0,-0.010348578299026,0.7193763619826619,0.7265113077730707,0.0,-0.0071349457904088,0.5430588235294118,0.5505882352941176,0.0,-0.0075294117647057,0.4726416104983698,0.4851086759506891,0.0,-0.0124670654523193,only_severe_error_rate_high,severe_error_rate_high,,0,False,fedavg,0.7197993382461756,0.0,0.4726416104983698,0.0,0.6730431803556465,0.0,0.7193763619826619,0.0,0.5430588235294118,0.0
results\threshold_shift_panda_all_conservative_25_seed_17\predictions.csv,25,25,17,fedavg,cross_site_blend_50,0.720376940359154,0.6833147193865888,0.7101396284477165,0.0594054737038443,0.5421176470588235,0.4762267680030482,0.7557647058823529,0.076235294117647,0.184,0.571764705882353,1.219535307227559,0.7184425124369567,-0.0019344279221973,0.6654724810460666,-0.0178422383405222,0.7027912252273306,-0.0073484032203858,0.0881462062884793,0.028740732584635,0.552,0.0098823529411765,0.4875084642132297,0.0112816962101814,0.7421176470588235,-0.0136470588235293,0.076235294117647,0.0,0.1623529411764706,-0.0216470588235294,0.579764705882353,0.008,1.2207009327368497,0.0011656255092906,1,mean_abs_error_high,False,fedavg,0.720376940359154,0.7184425124369567,0.0,0.0019344279221973,0.6833147193865888,0.6654724810460666,0.0,0.0178422383405222,0.7101396284477165,0.7027912252273306,0.0,0.0073484032203858,0.5421176470588235,0.552,0.0,-0.0098823529411765,0.4762267680030482,0.4875084642132297,0.0,-0.0112816962101814,only_severe_error_rate_high,severe_error_rate_high,,0,False,fedavg,0.720376940359154,0.0,0.4762267680030482,0.0,0.6833147193865888,0.0,0.7101396284477165,0.0,0.5421176470588235,0.0
results\threshold_shift_panda_all_conservative_25_seed_2025\predictions.csv,25,25,2025,fedavg,cross_site_blend_50,0.6871073305749891,0.664908782987116,0.6881382228979203,0.0447730274603912,0.5444705882352942,0.4738095021790583,0.7792941176470588,0.0917647058823529,0.2141176470588235,0.5651764705882353,1.2280648427757028,0.6910428579313148,0.0039355273563257,0.6682086371284353,0.0032998541413192,0.692717945481648,0.0045797225837277,0.0508814355261539,0.0061084080657627,0.5388235294117647,-0.0056470588235294,0.4611272405879175,-0.0126822615911408,0.7967058823529412,0.0174117647058823,0.0941176470588235,0.0023529411764705,0.2527058823529411,0.0385882352941176,0.544,-0.0211764705882352,1.2162750218892362,-0.0117898208864666,4,global_qwk_low;worst_site_qwk_low;mean_abs_error_high;severe_error_rate_high,True,cross_site_blend_50,0.6910428579313148,0.6910428579313148,0.0039355273563257,0.0,0.6682086371284353,0.6682086371284353,0.0032998541413192,0.0,0.692717945481648,0.692717945481648,0.0045797225837277,0.0,0.5388235294117647,0.5388235294117647,-0.0056470588235294,0.0,0.4611272405879175,0.4611272405879175,-0.0126822615911408,0.0,only_severe_error_rate_high,severe_error_rate_high,severe_error_rate_high,1,True,cross_site_blend_50,0.6910428579313148,0.003935527356325741,0.4611272405879175,-0.012682261591140831,0.6682086371284353,0.0032998541413192806,0.692717945481648,0.004579722583727741,0.5388235294117647,-0.0056470588235294494
results\threshold_shift_panda_all_conservative_25_seed_23\predictions.csv,25,25,23,fedavg,cross_site_blend_50,0.6943062002746598,0.6606247263358512,0.7103325858133951,0.1020203841921071,0.5392941176470588,0.4629566778752572,0.7952941176470588,0.0950588235294117,0.2084705882352941,0.5868235294117647,1.191487602080801,0.6864693221274281,-0.0078368781472317,0.6477595403818832,-0.012865185953968,0.7052749449504973,-0.0050576408628978,0.1191277281696128,0.0171073439775056,0.5430588235294118,0.003764705882353,0.4695553443961187,0.0065986665208614,0.7952941176470588,0.0,0.0988235294117647,0.0037647058823529,0.1948235294117647,-0.0136470588235294,0.6004705882352941,0.0136470588235293,1.1790915644818216,-0.0123960375989793,4,global_qwk_low;worst_site_qwk_low;mean_abs_error_high;severe_error_rate_high,True,cross_site_blend_50,0.6864693221274281,0.6864693221274281,-0.0078368781472317,0.0,0.6477595403818832,0.6477595403818832,-0.012865185953968,0.0,0.7052749449504973,0.7052749449504973,-0.0050576408628978,0.0,0.5430588235294118,0.5430588235294118,0.003764705882353,0.0,0.4695553443961187,0.4695553443961187,0.0065986665208614,0.0,only_severe_error_rate_high,severe_error_rate_high,severe_error_rate_high,1,True,cross_site_blend_50,0.6864693221274281,-0.007836878147231774,0.4695553443961187,0.006598666520861496,0.6477595403818832,-0.012865185953968017,0.7052749449504973,-0.005057640862897839,0.5430588235294118,0.0037647058823530033
results\threshold_shift_panda_all_conservative_25_seed_29\predictions.csv,25,25,29,fedavg,cross_site_blend_50,0.7073232273750609,0.6437582402331552,0.6971869555111424,0.0831847329629511,0.5510588235294117,0.4734075467695982,0.7665882352941177,0.0865882352941176,0.1985882352941176,0.568,1.193454244239236,0.7091049216375278,0.0017816942624668,0.6325638310389456,-0.0111944091942095,0.6979408089196868,0.0007538534085443,0.0977998357381717,0.0146151027752206,0.5614117647058824,0.0103529411764706,0.4956568616188304,0.0222493148492322,0.7501176470588236,-0.0164705882352941,0.0856470588235294,-0.0009411764705882,0.2117647058823529,0.0131764705882352,0.5383529411764706,-0.0296470588235293,1.2005224523465192,0.0070682081072832,2,worst_site_qwk_low;mean_abs_error_high,False,fedavg,0.7073232273750609,0.7091049216375278,0.0,-0.0017816942624668,0.6437582402331552,0.6325638310389456,0.0,0.0111944091942095,0.6971869555111424,0.6979408089196868,0.0,-0.0007538534085443,0.5510588235294117,0.5614117647058824,0.0,-0.0103529411764706,0.4734075467695982,0.4956568616188304,0.0,-0.0222493148492322,only_severe_error_rate_high,severe_error_rate_high,,0,False,fedavg,0.7073232273750609,0.0,0.4734075467695982,0.0,0.6437582402331552,0.0,0.6971869555111424,0.0,0.5510588235294117,0.0
results\threshold_shift_panda_all_conservative_25_seed_31\predictions.csv,25,25,31,fedavg,cross_site_blend_50,0.7038167598165379,0.6746234886516298,0.7089499646706423,0.0630648837643983,0.5388235294117647,0.4800688775053049,0.7571764705882353,0.0809411764705882,0.2112941176470588,0.5458823529411765,1.2273967632534164,0.7112312495363955,0.0074144897198575,0.6842401014729452,0.0096166128213154,0.722553305531973,0.0136033408613306,0.0648583478599073,0.0017934640955089,0.5435294117647059,0.0047058823529412,0.4790853747748694,-0.0009835027304355,0.7675294117647059,0.0103529411764705,0.0847058823529411,0.0037647058823529,0.248,0.0367058823529411,0.5195294117647059,-0.0263529411764705,1.2059531548388054,-0.021443608414611,2,global_qwk_low;mean_abs_error_high,False,fedavg,0.7038167598165379,0.7112312495363955,0.0,-0.0074144897198575,0.6746234886516298,0.6842401014729452,0.0,-0.0096166128213154,0.7089499646706423,0.722553305531973,0.0,-0.0136033408613306,0.5388235294117647,0.5435294117647059,0.0,-0.0047058823529412,0.4800688775053049,0.4790853747748694,0.0,0.0009835027304355,only_severe_error_rate_high,severe_error_rate_high,,0,False,fedavg,0.7038167598165379,0.0,0.4800688775053049,0.0,0.6746234886516298,0.0,0.7089499646706423,0.0,0.5388235294117647,0.0
results\threshold_shift_panda_all_conservative_25_seed_37\predictions.csv,25,25,37,fedavg,cross_site_blend_50,0.6972148702441321,0.6877810564578191,0.7011151259007485,0.0268972756829471,0.5543529411764706,0.4918663622814496,0.7524705882352941,0.0856470588235294,0.1708235294117647,0.5816470588235294,1.1962116761237995,0.7205027718060073,0.0232879015618752,0.7040788598307737,0.0162978033729546,0.724575545451562,0.0234604195508134,0.036647267987292,0.0097499923043448,0.5571764705882353,0.0028235294117646,0.4861512125608092,-0.0057151497206404,0.7374117647058823,-0.0150588235294117,0.0832941176470588,-0.0023529411764705,0.2056470588235294,0.0348235294117647,0.5317647058823529,-0.0498823529411764,1.2660320426444314,0.0698203665206316,2,global_qwk_low;mean_abs_error_high,False,fedavg,0.6972148702441321,0.7205027718060073,0.0,-0.0232879015618752,0.6877810564578191,0.7040788598307737,0.0,-0.0162978033729546,0.7011151259007485,0.724575545451562,0.0,-0.0234604195508134,0.5543529411764706,0.5571764705882353,0.0,-0.0028235294117646,0.4918663622814496,0.4861512125608092,0.0,0.0057151497206404,only_severe_error_rate_high,severe_error_rate_high,,0,False,fedavg,0.6972148702441321,0.0,0.4918663622814496,0.0,0.6877810564578191,0.0,0.7011151259007485,0.0,0.5543529411764706,0.0
results\threshold_shift_panda_all_conservative_25_seed_41\predictions.csv,25,25,41,fedavg,cross_site_blend_50,0.7202580688884488,0.6743533473061274,0.7298307979702701,0.1317171220663648,0.5501176470588235,0.4824906967953413,0.7430588235294118,0.076235294117647,0.2094117647058823,0.5336470588235294,1.2182607172455775,0.7201768853345207,-8.118355392805476e-05,0.6762594388570907,0.0019060915509633,0.7291590557053944,-0.0006717422648756,0.133104813915374,0.0013876918490091,0.552,0.0018823529411765,0.4829258541347689,0.0004351573394276,0.739764705882353,-0.0032941176470587,0.0752941176470588,-0.0009411764705882,0.2018823529411764,-0.0075294117647058,0.5378823529411765,0.0042352941176471,1.2129724253257472,-0.0052882919198304,1,site_qwk_spread_high,False,fedavg,0.7202580688884488,0.7201768853345207,0.0,8.118355392805476e-05,0.6743533473061274,0.6762594388570907,0.0,-0.0019060915509633,0.7298307979702701,0.7291590557053944,0.0,0.0006717422648756,0.5501176470588235,0.552,0.0,-0.0018823529411765,0.4824906967953413,0.4829258541347689,0.0,-0.0004351573394276,only_severe_error_rate_high,severe_error_rate_high,,0,False,fedavg,0.7202580688884488,0.0,0.4824906967953413,0.0,0.6743533473061274,0.0,0.7298307979702701,0.0,0.5501176470588235,0.0
results\threshold_shift_panda_all_conservative_25_seed_42\predictions.csv,25,25,42,fedavg,cross_site_blend_50,0.6900562645358724,0.6495610985501873,0.7071368235605715,0.1385424859867998,0.5501176470588235,0.4861718187932506,0.764235294117647,0.084235294117647,0.1858823529411764,0.5783529411764706,1.2376121071058417,0.68772360765853,-0.0023326568773424,0.6412751366879808,-0.0082859618622065,0.6920509148805926,-0.0150859086799789,0.1082639838881263,-0.0302785020986735,0.5548235294117647,0.0047058823529412,0.4959268967582335,0.0097550779649828,0.7694117647058824,0.0051764705882353,0.0865882352941176,0.0023529411764705,0.2018823529411764,0.0159999999999999,0.5675294117647058,-0.0108235294117647,1.1956573275220916,-0.04195477958375,4,global_qwk_low;worst_site_qwk_low;site_qwk_spread_high;mean_abs_error_high,True,cross_site_blend_50,0.68772360765853,0.68772360765853,-0.0023326568773424,0.0,0.6412751366879808,0.6412751366879808,-0.0082859618622065,0.0,0.6920509148805926,0.6920509148805926,-0.0150859086799789,0.0,0.5548235294117647,0.5548235294117647,0.0047058823529412,0.0,0.4959268967582335,0.4959268967582335,0.0097550779649828,0.0,only_severe_error_rate_high,severe_error_rate_high,,0,False,fedavg,0.6900562645358724,0.0,0.4861718187932506,0.0,0.6495610985501873,0.0,0.7071368235605715,0.0,0.5501176470588235,0.0
results\threshold_shift_panda_all_conservative_25_seed_43\predictions.csv,25,25,43,fedavg,cross_site_blend_50,0.7245069446598131,0.6952637768258507,0.7278015598431683,0.0595743442435383,0.5444705882352942,0.4752056614216659,0.7609411764705882,0.0823529411764705,0.2192941176470588,0.5416470588235294,1.175095418624223,0.7307639556201779,0.0062570109603647,0.7036243352895313,0.0083605584636805,0.7329086523850974,0.005107092541929,0.0482239859979651,-0.0113503582455731,0.5571764705882353,0.0127058823529411,0.4923517503378208,0.0171460889161548,0.7298823529411764,-0.0310588235294118,0.076235294117647,-0.0061176470588235,0.208,-0.0112941176470588,0.5218823529411765,-0.0197647058823529,1.2225802258384997,0.0474848072142763,1,mean_abs_error_high,False,fedavg,0.7245069446598131,0.7307639556201779,0.0,-0.0062570109603647,0.6952637768258507,0.7036243352895313,0.0,-0.0083605584636805,0.7278015598431683,0.7329086523850974,0.0,-0.005107092541929,0.5444705882352942,0.5571764705882353,0.0,-0.0127058823529411,0.4752056614216659,0.4923517503378208,0.0,-0.0171460889161548,only_severe_error_rate_high,severe_error_rate_high,,0,False,fedavg,0.7245069446598131,0.0,0.4752056614216659,0.0,0.6952637768258507,0.0,0.7278015598431683,0.0,0.5444705882352942,0.0
results\threshold_shift_panda_all_conservative_25_seed_47\predictions.csv,25,25,47,fedavg,cross_site_blend_50,0.6936284049330126,0.6691735749081276,0.7006720430459557,0.0671430749603549,0.5534117647058824,0.4851559264154019,0.7863529411764706,0.0978823529411764,0.2498823529411764,0.5364705882352941,1.203907042244046,0.7106572087915877,0.017028803858575,0.694133245603387,0.0249596706952593,0.7177787627595613,0.0171067197136056,0.0367471391254201,-0.0303959358349348,0.5661176470588235,0.0127058823529411,0.4995890266621112,0.0144331002467092,0.7491764705882353,-0.0371764705882352,0.0894117647058823,-0.0084705882352941,0.2254117647058823,-0.0244705882352941,0.5237647058823529,-0.0127058823529412,1.2128086729436829,0.0089016306996367,3,global_qwk_low;mean_abs_error_high;severe_error_rate_high,True,cross_site_blend_50,0.7106572087915877,0.7106572087915877,0.017028803858575,0.0,0.694133245603387,0.694133245603387,0.0249596706952593,0.0,0.7177787627595613,0.7177787627595613,0.0171067197136056,0.0,0.5661176470588235,0.5661176470588235,0.0127058823529411,0.0,0.4995890266621112,0.4995890266621112,0.0144331002467092,0.0,only_severe_error_rate_high,severe_error_rate_high,severe_error_rate_high,1,True,cross_site_blend_50,0.7106572087915877,0.01702880385857508,0.4995890266621112,0.014433100246709296,0.694133245603387,0.024959670695259395,0.7177787627595613,0.017106719713605667,0.5661176470588235,0.012705882352941122
results\threshold_shift_panda_all_conservative_25_seed_53\predictions.csv,25,25,53,fedavg,cross_site_blend_50,0.7316496597962019,0.6920345176619945,0.7354807170169702,0.0837986543640098,0.5454117647058824,0.4823338060005934,0.7336470588235294,0.0767058823529411,0.1901176470588235,0.5435294117647059,1.2310987417430597,0.7229713415877923,-0.0086783182084095,0.6593399757389763,-0.0326945419230182,0.727922718917195,-0.0075579980997751,0.1214823750084715,0.0376837206444617,0.5397647058823529,-0.0056470588235294,0.4685537791958584,-0.013780026804735,0.764235294117647,0.0305882352941175,0.0856470588235294,0.0089411764705882,0.2235294117647059,0.0334117647058823,0.5407058823529411,-0.0028235294117647,1.2075136750952251,-0.0235850666478343,0,,False,fedavg,0.7316496597962019,0.7229713415877923,0.0,0.0086783182084095,0.6920345176619945,0.6593399757389763,0.0,0.0326945419230182,0.7354807170169702,0.727922718917195,0.0,0.0075579980997751,0.5454117647058824,0.5397647058823529,0.0,0.0056470588235294,0.4823338060005934,0.4685537791958584,0.0,0.013780026804735,only_severe_error_rate_high,severe_error_rate_high,,0,False,fedavg,0.7316496597962019,0.0,0.4823338060005934,0.0,0.6920345176619945,0.0,0.7354807170169702,0.0,0.5454117647058824,0.0
results\threshold_shift_panda_all_conservative_25_seed_59\predictions.csv,25,25,59,fedavg,cross_site_blend_50,0.7130305484700741,0.6612079399132254,0.698713381988005,0.082129330752713,0.5477647058823529,0.4751522542118595,0.7656470588235295,0.0837647058823529,0.2268235294117647,0.5388235294117647,1.205636548813257,0.719643867277798,0.0066133188077239,0.6697262220078097,0.0085182820945843,0.7043899558928096,0.0056765739048045,0.0820154074742807,-0.0001139232784322,0.5515294117647059,0.003764705882353,0.4820257199853272,0.0068734657734677,0.7529411764705882,-0.0127058823529412,0.0804705882352941,-0.0032941176470588,0.2437647058823529,0.0169411764705882,0.5091764705882353,-0.0296470588235293,1.228863320739206,0.0232267719259491,2,worst_site_qwk_low;mean_abs_error_high,False,fedavg,0.7130305484700741,0.719643867277798,0.0,-0.0066133188077239,0.6612079399132254,0.6697262220078097,0.0,-0.0085182820945843,0.698713381988005,0.7043899558928096,0.0,-0.0056765739048045,0.5477647058823529,0.5515294117647059,0.0,-0.003764705882353,0.4751522542118595,0.4820257199853272,0.0,-0.0068734657734677,only_severe_error_rate_high,severe_error_rate_high,,0,False,fedavg,0.7130305484700741,0.0,0.4751522542118595,0.0,0.6612079399132254,0.0,0.698713381988005,0.0,0.5477647058823529,0.0
results\threshold_shift_panda_all_conservative_25_seed_7\predictions.csv,25,25,7,fedavg,cross_site_blend_50,0.6997779270476749,0.6417326646399318,0.7003320675905599,0.0868746166503496,0.5458823529411765,0.4716612753115737,0.772235294117647,0.0898823529411764,0.1604705882352941,0.611764705882353,1.206203934723883,0.7082913382042162,0.0085134111565412,0.6875498993370899,0.045817234697158,0.7133127869348994,0.0129807193443395,0.0590436693205357,-0.0278309473298139,0.563764705882353,0.0178823529411764,0.4971004508642561,0.0254391755526823,0.7407058823529412,-0.0315294117647058,0.0832941176470588,-0.0065882352941176,0.2061176470588235,0.0456470588235294,0.5345882352941177,-0.0771764705882352,1.2364279175971007,0.0302239828732173,4,global_qwk_low;worst_site_qwk_low;mean_abs_error_high;severe_error_rate_high,True,cross_site_blend_50,0.7082913382042162,0.7082913382042162,0.0085134111565412,0.0,0.6875498993370899,0.6875498993370899,0.045817234697158,0.0,0.7133127869348994,0.7133127869348994,0.0129807193443395,0.0,0.563764705882353,0.563764705882353,0.0178823529411764,0.0,0.4971004508642561,0.4971004508642561,0.0254391755526823,0.0,only_severe_error_rate_high,severe_error_rate_high,severe_error_rate_high,1,True,cross_site_blend_50,0.7082913382042162,0.00851341115654125,0.4971004508642561,0.02543917555268238,0.6875498993370899,0.04581723469715804,0.7133127869348994,0.01298071934433953,0.563764705882353,0.01788235294117646
results\threshold_shift_panda_all_conservative_35_seed_11\predictions.csv,35,35,11,fedavg,cross_site_blend_50,0.7241025289932075,0.7041524030739115,0.7285246757959772,0.055110935899844,0.5336470588235294,0.4603222076775293,0.7444705882352941,0.0738823529411764,0.1425882352941176,0.6018823529411764,1.2194319461014094,0.7286098049351841,0.0045072759419766,0.7048289401573158,0.0006765370834043,0.7390256683110602,0.0105009925150829,0.0540562108771789,-0.0010547250226651,0.5458823529411765,0.0122352941176471,0.4730708481708514,0.012748640493322,0.7341176470588235,-0.0103529411764705,0.0743529411764706,0.0004705882352941,0.1854117647058823,0.0428235294117647,0.5487058823529412,-0.0531764705882352,1.2251364001053593,0.0057044540039499,0,,False,fedavg,0.7241025289932075,0.7286098049351841,0.0,-0.0045072759419766,0.7041524030739115,0.7048289401573158,0.0,-0.0006765370834043,0.7285246757959772,0.7390256683110602,0.0,-0.0105009925150829,0.5336470588235294,0.5458823529411765,0.0,-0.0122352941176471,0.4603222076775293,0.4730708481708514,0.0,-0.012748640493322,only_severe_error_rate_high,severe_error_rate_high,,0,False,fedavg,0.7241025289932075,0.0,0.4603222076775293,0.0,0.7041524030739115,0.0,0.7285246757959772,0.0,0.5336470588235294,0.0
results\threshold_shift_panda_all_conservative_35_seed_123\predictions.csv,35,35,123,fedavg,cross_site_blend_50,0.7008120381304861,0.6415110661876857,0.697531397710042,0.0982795917259411,0.532235294117647,0.4574705593495003,0.7849411764705883,0.0875294117647058,0.2009411764705882,0.584,1.2611656449015984,0.7269069025420316,0.0260948644115455,0.6794004503871789,0.0378893841994931,0.7237739253622082,0.0262425276521661,0.0901034617497356,-0.0081761299762055,0.5444705882352942,0.0122352941176471,0.4786428584290986,0.0211722990795983,0.7501176470588236,-0.0348235294117647,0.0776470588235294,-0.0098823529411764,0.2592941176470588,0.0583529411764706,0.4908235294117647,-0.0931764705882352,1.2286715096175744,-0.032494135284024,4,global_qwk_low;worst_site_qwk_low;mean_abs_error_high;severe_error_rate_high,True,cross_site_blend_50,0.7269069025420316,0.7269069025420316,0.0260948644115455,0.0,0.6794004503871789,0.6794004503871789,0.0378893841994931,0.0,0.7237739253622082,0.7237739253622082,0.0262425276521661,0.0,0.5444705882352942,0.5444705882352942,0.0122352941176471,0.0,0.4786428584290986,0.4786428584290986,0.0211722990795983,0.0,only_severe_error_rate_high,severe_error_rate_high,severe_error_rate_high,1,True,cross_site_blend_50,0.7269069025420316,0.026094864411545515,0.4786428584290986,0.021172299079598278,0.6794004503871789,0.03788938419949317,0.7237739253622082,0.02624252765216617,0.5444705882352942,0.012235294117647122
results\threshold_shift_panda_all_conservative_35_seed_17\predictions.csv,35,35,17,fedavg,cross_site_blend_50,0.7156175045507729,0.662600406948435,0.6983166532576419,0.0911840083457815,0.5256470588235295,0.4553905734474262,0.7731764705882352,0.0767058823529411,0.1797647058823529,0.5934117647058823,1.238334154748132,0.7108784951497062,-0.0047390094010666,0.6478945756677357,-0.0147058312806993,0.6950529756936927,-0.0032636775639491,0.0984968352422668,0.0073128268964852,0.5407058823529411,0.0150588235294116,0.4738092183773791,0.0184186449299529,0.7576470588235295,-0.0155294117647057,0.0767058823529411,0.0,0.1614117647058823,-0.0183529411764705,0.5962352941176471,0.0028235294117647,1.2314981011120003,-0.0068360536361318,2,worst_site_qwk_low;mean_abs_error_high,False,fedavg,0.7156175045507729,0.7108784951497062,0.0,0.0047390094010666,0.662600406948435,0.6478945756677357,0.0,0.0147058312806993,0.6983166532576419,0.6950529756936927,0.0,0.0032636775639491,0.5256470588235295,0.5407058823529411,0.0,-0.0150588235294116,0.4553905734474262,0.4738092183773791,0.0,-0.0184186449299529,only_severe_error_rate_high,severe_error_rate_high,,0,False,fedavg,0.7156175045507729,0.0,0.4553905734474262,0.0,0.662600406948435,0.0,0.6983166532576419,0.0,0.5256470588235295,0.0
results\threshold_shift_panda_all_conservative_35_seed_2025\predictions.csv,35,35,2025,fedavg,cross_site_blend_50,0.6807281930157466,0.6555318322663316,0.6810694037359211,0.043317625483436,0.5289411764705882,0.4536186046377839,0.8103529411764706,0.0978823529411764,0.216,0.5943529411764706,1.221732048158023,0.6843497880677879,0.0036215950520412,0.6713782370321215,0.0158464047657899,0.6886384962515921,0.007569092515671,0.0564340284703003,0.0131164029868642,0.5392941176470588,0.0103529411764705,0.4562819945143608,0.0026633898765768,0.7995294117647059,-0.0108235294117646,0.096,-0.0018823529411764,0.2367058823529411,0.0207058823529411,0.5628235294117647,-0.0315294117647059,1.2331664369495556,0.0114343887915326,4,global_qwk_low;worst_site_qwk_low;mean_abs_error_high;severe_error_rate_high,True,cross_site_blend_50,0.6843497880677879,0.6843497880677879,0.0036215950520412,0.0,0.6713782370321215,0.6713782370321215,0.0158464047657899,0.0,0.6886384962515921,0.6886384962515921,0.007569092515671,0.0,0.5392941176470588,0.5392941176470588,0.0103529411764705,0.0,0.4562819945143608,0.4562819945143608,0.0026633898765768,0.0,only_severe_error_rate_high,severe_error_rate_high,severe_error_rate_high,1,True,cross_site_blend_50,0.6843497880677879,0.003621595052041293,0.4562819945143608,0.0026633898765768826,0.6713782370321215,0.015846404765789912,0.6886384962515921,0.007569092515671061,0.5392941176470588,0.010352941176470565
results\threshold_shift_panda_all_conservative_35_seed_23\predictions.csv,35,35,23,fedavg,cross_site_blend_50,0.6817054931979193,0.6489528417707806,0.6975572303865987,0.119148092428158,0.5284705882352941,0.450867585684515,0.808,0.0931764705882352,0.1769411764705882,0.6310588235294118,1.1892046987633955,0.6817857870178419,8.029381992258333e-05,0.6388311572868921,-0.0101216844838885,0.7033775320945139,0.0058203017079152,0.1359653259433261,0.016817233515168,0.5369411764705883,0.0084705882352941,0.4639569043661534,0.0130893186816383,0.8032941176470588,-0.0047058823529412,0.0988235294117647,0.0056470588235294,0.1830588235294117,0.0061176470588235,0.6202352941176471,-0.0108235294117646,1.1863130684906258,-0.0028916302727697,5,global_qwk_low;worst_site_qwk_low;site_qwk_spread_high;mean_abs_error_high;severe_error_rate_high,True,cross_site_blend_50,0.6817857870178419,0.6817857870178419,8.029381992258333e-05,0.0,0.6388311572868921,0.6388311572868921,-0.0101216844838885,0.0,0.7033775320945139,0.7033775320945139,0.0058203017079152,0.0,0.5369411764705883,0.5369411764705883,0.0084705882352941,0.0,0.4639569043661534,0.4639569043661534,0.0130893186816383,0.0,only_severe_error_rate_high,severe_error_rate_high,severe_error_rate_high,1,True,cross_site_blend_50,0.6817857870178419,8.029381992258333e-05,0.4639569043661534,0.013089318681638373,0.6388311572868921,-0.010121684483888505,0.7033775320945139,0.005820301707915254,0.5369411764705883,0.008470588235294119
results\threshold_shift_panda_all_conservative_35_seed_29\predictions.csv,35,35,29,fedavg,cross_site_blend_50,0.7097904464951998,0.6662235221129132,0.7027673894900931,0.0632234981290861,0.540235294117647,0.4686042926591569,0.7694117647058824,0.0847058823529411,0.1727058823529411,0.5967058823529412,1.1890188545410898,0.7115535846956935,0.0017631382004936,0.6521589565004311,-0.0140645656124821,0.7032466256615588,0.0004792361714657,0.087725917623988,0.0245024194949019,0.552,0.011764705882353,0.4828868782856773,0.0142825856265204,0.7524705882352941,-0.0169411764705882,0.0832941176470588,-0.0014117647058823,0.1934117647058823,0.0207058823529411,0.5590588235294117,-0.0376470588235294,1.2192419668339496,0.0302231122928597,2,worst_site_qwk_low;mean_abs_error_high,False,fedavg,0.7097904464951998,0.7115535846956935,0.0,-0.0017631382004936,0.6662235221129132,0.6521589565004311,0.0,0.0140645656124821,0.7027673894900931,0.7032466256615588,0.0,-0.0004792361714657,0.540235294117647,0.552,0.0,-0.011764705882353,0.4686042926591569,0.4828868782856773,0.0,-0.0142825856265204,only_severe_error_rate_high,severe_error_rate_high,,0,False,fedavg,0.7097904464951998,0.0,0.4686042926591569,0.0,0.6662235221129132,0.0,0.7027673894900931,0.0,0.540235294117647,0.0
results\threshold_shift_panda_all_conservative_35_seed_31\predictions.csv,35,35,31,fedavg,cross_site_blend_50,0.7007418973821561,0.6567343710782665,0.7054236189010938,0.0785465680739873,0.5303529411764706,0.4586274484143005,0.7637647058823529,0.0804705882352941,0.1778823529411764,0.5858823529411765,1.232779963720776,0.6984447992506222,-0.0022970981315338,0.6721370521131433,0.0154026810348768,0.7097259210937535,0.0043023021926597,0.0575256745329062,-0.021020893541081,0.5312941176470588,0.0009411764705882,0.4613398371291848,0.0027123887148843,0.7905882352941176,0.0268235294117646,0.0884705882352941,0.008,0.236235294117647,0.0583529411764706,0.5543529411764706,-0.0315294117647059,1.2149405922160483,-0.0178393715047278,3,global_qwk_low;worst_site_qwk_low;mean_abs_error_high,True,cross_site_blend_50,0.6984447992506222,0.6984447992506222,-0.0022970981315338,0.0,0.6721370521131433,0.6721370521131433,0.0154026810348768,0.0,0.7097259210937535,0.7097259210937535,0.0043023021926597,0.0,0.5312941176470588,0.5312941176470588,0.0009411764705882,0.0,0.4613398371291848,0.4613398371291848,0.0027123887148843,0.0,only_severe_error_rate_high,severe_error_rate_high,,0,False,fedavg,0.7007418973821561,0.0,0.4586274484143005,0.0,0.6567343710782665,0.0,0.7054236189010938,0.0,0.5303529411764706,0.0
results\threshold_shift_panda_all_conservative_35_seed_37\predictions.csv,35,35,37,fedavg,cross_site_blend_50,0.6881570111379685,0.6753917200032407,0.6931063763738259,0.0480626294431818,0.5374117647058824,0.4783017867321298,0.780235294117647,0.0894117647058823,0.168,0.6122352941176471,1.1881799999568676,0.7088559872909906,0.0206989761530221,0.7005886411526676,0.0251969211494269,0.7091999311672879,0.0160935547934619,0.0179046574244339,-0.0301579720187479,0.5501176470588235,0.0127058823529411,0.4807607288988407,0.0024589421667108,0.7614117647058823,-0.0188235294117646,0.0875294117647058,-0.0018823529411764,0.1981176470588235,0.0301176470588235,0.5632941176470588,-0.0489411764705882,1.2618641650555706,0.073684165098703,3,global_qwk_low;mean_abs_error_high;severe_error_rate_high,True,cross_site_blend_50,0.7088559872909906,0.7088559872909906,0.0206989761530221,0.0,0.7005886411526676,0.7005886411526676,0.0251969211494269,0.0,0.7091999311672879,0.7091999311672879,0.0160935547934619,0.0,0.5501176470588235,0.5501176470588235,0.0127058823529411,0.0,0.4807607288988407,0.4807607288988407,0.0024589421667108,0.0,only_severe_error_rate_high,severe_error_rate_high,severe_error_rate_high,1,True,cross_site_blend_50,0.7088559872909906,0.020698976153022186,0.4807607288988407,0.002458942166710887,0.7005886411526676,0.025196921149426954,0.7091999311672879,0.016093554793461973,0.5501176470588235,0.012705882352941122
results\threshold_shift_panda_all_conservative_35_seed_41\predictions.csv,35,35,41,fedavg,cross_site_blend_50,0.7113097901595187,0.6734327929995696,0.7237520313373309,0.121717904643702,0.5463529411764706,0.4799819319597888,0.7548235294117647,0.0776470588235294,0.1811764705882353,0.5736470588235294,1.2056767326949895,0.719471196172685,0.0081614060131662,0.6730135092011488,-0.0004192837984208,0.7303581616493352,0.0066061303120042,0.1303923017539611,0.008674397110259,0.5416470588235294,-0.0047058823529412,0.4637752881006425,-0.0162066438591463,0.7534117647058823,-0.0014117647058823,0.0776470588235294,0.0,0.1952941176470588,0.0141176470588235,0.5581176470588235,-0.0155294117647059,1.2143684094040363,0.0086916767090468,2,site_qwk_spread_high;mean_abs_error_high,False,fedavg,0.7113097901595187,0.719471196172685,0.0,-0.0081614060131662,0.6734327929995696,0.6730135092011488,0.0,0.0004192837984208,0.7237520313373309,0.7303581616493352,0.0,-0.0066061303120042,0.5463529411764706,0.5416470588235294,0.0,0.0047058823529412,0.4799819319597888,0.4637752881006425,0.0,0.0162066438591463,only_severe_error_rate_high,severe_error_rate_high,,0,False,fedavg,0.7113097901595187,0.0,0.4799819319597888,0.0,0.6734327929995696,0.0,0.7237520313373309,0.0,0.5463529411764706,0.0
results\threshold_shift_panda_all_conservative_35_seed_42\predictions.csv,35,35,42,fedavg,cross_site_blend_50,0.6756849335913802,0.6353615299085036,0.6925201467229715,0.1310682876157862,0.536,0.4644619166746092,0.792,0.0894117647058823,0.1543529411764705,0.6376470588235295,1.224289945414343,0.6894884384239218,0.0138035048325416,0.6669725170550318,0.0316109871465282,0.6993536527466236,0.0068335060236521,0.0618142421004909,-0.0692540455152953,0.5510588235294117,0.0150588235294116,0.4887452064509185,0.0242832897763093,0.768,-0.024,0.0894117647058823,0.0,0.1741176470588235,0.0197647058823529,0.5938823529411764,-0.043764705882353,1.210178393635258,-0.014111551779085,5,global_qwk_low;worst_site_qwk_low;site_qwk_spread_high;mean_abs_error_high;severe_error_rate_high,True,cross_site_blend_50,0.6894884384239218,0.6894884384239218,0.0138035048325416,0.0,0.6669725170550318,0.6669725170550318,0.0316109871465282,0.0,0.6993536527466236,0.6993536527466236,0.0068335060236521,0.0,0.5510588235294117,0.5510588235294117,0.0150588235294116,0.0,0.4887452064509185,0.4887452064509185,0.0242832897763093,0.0,only_severe_error_rate_high,severe_error_rate_high,severe_error_rate_high,1,True,cross_site_blend_50,0.6894884384239218,0.013803504832541669,0.4887452064509185,0.024283289776309336,0.6669725170550318,0.03161098714652821,0.6993536527466236,0.0068335060236521805,0.5510588235294117,0.01505882352941168
results\threshold_shift_panda_all_conservative_35_seed_43\predictions.csv,35,35,43,fedavg,cross_site_blend_50,0.7243710362103042,0.6957735339954874,0.7233928968414869,0.0581241993214474,0.5411764705882353,0.4743099103943904,0.7548235294117647,0.0776470588235294,0.1849411764705882,0.5698823529411765,1.19096471275959,0.727587704567845,0.0032166683575408,0.7141744782952756,0.0184009442997882,0.7280030301481822,0.0046101333066953,0.024354381203459,-0.0337698181179884,0.5576470588235294,0.0164705882352941,0.4963415130623081,0.0220316026679177,0.728,-0.0268235294117646,0.0757647058823529,-0.0018823529411764,0.1863529411764705,0.0014117647058823,0.5416470588235294,-0.0282352941176471,1.253319658952319,0.062354946192729,1,mean_abs_error_high,False,fedavg,0.7243710362103042,0.727587704567845,0.0,-0.0032166683575408,0.6957735339954874,0.7141744782952756,0.0,-0.0184009442997882,0.7233928968414869,0.7280030301481822,0.0,-0.0046101333066953,0.5411764705882353,0.5576470588235294,0.0,-0.0164705882352941,0.4743099103943904,0.4963415130623081,0.0,-0.0220316026679177,only_severe_error_rate_high,severe_error_rate_high,,0,False,fedavg,0.7243710362103042,0.0,0.4743099103943904,0.0,0.6957735339954874,0.0,0.7233928968414869,0.0,0.5411764705882353,0.0
results\threshold_shift_panda_all_conservative_35_seed_47\predictions.csv,35,35,47,fedavg,cross_site_blend_50,0.6921737812192412,0.6538064261416063,0.7020314672875764,0.0848993069725201,0.5298823529411765,0.4594810361790215,0.8004705882352942,0.0941176470588235,0.2254117647058823,0.5750588235294117,1.2166343312159058,0.6985148818152267,0.0063411005959854,0.6806512543888461,0.0268448282472397,0.7065425962205635,0.0045111289329871,0.0411207590642284,-0.0437785479082917,0.5538823529411765,0.024,0.4823224745876996,0.0228414384086781,0.772235294117647,-0.0282352941176471,0.0889411764705882,-0.0051764705882352,0.2188235294117647,-0.0065882352941176,0.5534117647058824,-0.0216470588235293,1.2207361889290396,0.0041018577131337,4,global_qwk_low;worst_site_qwk_low;mean_abs_error_high;severe_error_rate_high,True,cross_site_blend_50,0.6985148818152267,0.6985148818152267,0.0063411005959854,0.0,0.6806512543888461,0.6806512543888461,0.0268448282472397,0.0,0.7065425962205635,0.7065425962205635,0.0045111289329871,0.0,0.5538823529411765,0.5538823529411765,0.024,0.0,0.4823224745876996,0.4823224745876996,0.0228414384086781,0.0,only_severe_error_rate_high,severe_error_rate_high,severe_error_rate_high,1,True,cross_site_blend_50,0.6985148818152267,0.006341100595985472,0.4823224745876996,0.02284143840867814,0.6806512543888461,0.02684482824723977,0.7065425962205635,0.004511128932987107,0.5538823529411765,0.02400000000000002
results\threshold_shift_panda_all_conservative_35_seed_53\predictions.csv,35,35,53,fedavg,cross_site_blend_50,0.7220044444993801,0.6893711996389367,0.7283130832458101,0.0732320067083412,0.5416470588235294,0.475308711273759,0.7501176470588236,0.0814117647058823,0.1745882352941176,0.5755294117647058,1.2470530666116162,0.717561349932142,-0.004443094567238,0.6569645223976546,-0.0324066772412821,0.722569893267072,-0.0057431899787381,0.1146446391528314,0.0414126324444901,0.5284705882352941,-0.0131764705882352,0.450925928543104,-0.024382782730655,0.7821176470588236,0.032,0.0865882352941176,0.0051764705882352,0.2136470588235294,0.0390588235294117,0.5684705882352942,-0.0070588235294116,1.213103565384407,-0.0339495012272093,1,mean_abs_error_high,False,fedavg,0.7220044444993801,0.717561349932142,0.0,0.004443094567238,0.6893711996389367,0.6569645223976546,0.0,0.0324066772412821,0.7283130832458101,0.722569893267072,0.0,0.0057431899787381,0.5416470588235294,0.5284705882352941,0.0,0.0131764705882352,0.475308711273759,0.450925928543104,0.0,0.024382782730655,only_severe_error_rate_high,severe_error_rate_high,,0,False,fedavg,0.7220044444993801,0.0,0.475308711273759,0.0,0.6893711996389367,0.0,0.7283130832458101,0.0,0.5416470588235294,0.0
results\threshold_shift_panda_all_conservative_35_seed_59\predictions.csv,35,35,59,fedavg,cross_site_blend_50,0.7100777412130561,0.6429990356369907,0.6901337869423715,0.105887289059677,0.5435294117647059,0.471341301659099,0.7717647058823529,0.0851764705882353,0.1952941176470588,0.5764705882352941,1.2240254947685616,0.7116016939956201,0.001523952782564,0.6370567174716034,-0.0059423181653872,0.6934241099992058,0.0032903230568342,0.1132789288326377,0.0073916397729607,0.5534117647058824,0.0098823529411764,0.4825955569744076,0.0112542553153086,0.7604705882352941,-0.0112941176470587,0.0818823529411764,-0.0032941176470588,0.2141176470588235,0.0188235294117647,0.5463529411764706,-0.0301176470588234,1.238746797482302,0.0147213027137405,3,worst_site_qwk_low;site_qwk_spread_high;mean_abs_error_high,True,cross_site_blend_50,0.7116016939956201,0.7116016939956201,0.001523952782564,0.0,0.6370567174716034,0.6370567174716034,-0.0059423181653872,0.0,0.6934241099992058,0.6934241099992058,0.0032903230568342,0.0,0.5534117647058824,0.5534117647058824,0.0098823529411764,0.0,0.4825955569744076,0.4825955569744076,0.0112542553153086,0.0,only_severe_error_rate_high,severe_error_rate_high,,0,False,fedavg,0.7100777412130561,0.0,0.471341301659099,0.0,0.6429990356369907,0.0,0.6901337869423715,0.0,0.5435294117647059,0.0
results\threshold_shift_panda_all_conservative_35_seed_7\predictions.csv,35,35,7,fedavg,cross_site_blend_50,0.6942774894031114,0.6443874347078955,0.6975829421396949,0.0858773052027235,0.5374117647058824,0.4603144780205284,0.7849411764705883,0.0903529411764706,0.1552941176470588,0.6296470588235294,1.2142426451106132,0.7056756010856606,0.0113981116825492,0.6562957385838117,0.0119083038759162,0.7117153467248711,0.0141324045851762,0.1079768212688585,0.022099516066135,0.5529411764705883,0.0155294117647059,0.4856018793440087,0.0252874013234802,0.7529411764705882,-0.032,0.0870588235294117,-0.0032941176470588,0.1868235294117647,0.0315294117647058,0.5661176470588235,-0.0635294117647059,1.2264807032274183,0.0122380581168053,4,global_qwk_low;worst_site_qwk_low;mean_abs_error_high;severe_error_rate_high,True,cross_site_blend_50,0.7056756010856606,0.7056756010856606,0.0113981116825492,0.0,0.6562957385838117,0.6562957385838117,0.0119083038759162,0.0,0.7117153467248711,0.7117153467248711,0.0141324045851762,0.0,0.5529411764705883,0.5529411764705883,0.0155294117647059,0.0,0.4856018793440087,0.4856018793440087,0.0252874013234802,0.0,only_severe_error_rate_high,severe_error_rate_high,severe_error_rate_high,1,True,cross_site_blend_50,0.7056756010856606,0.011398111682549228,0.4856018793440087,0.02528740132348034,0.6562957385838117,0.011908303875916237,0.7117153467248711,0.014132404585176284,0.5529411764705883,0.015529411764705903
results\threshold_shift_panda_all_conservative_45_seed_11\predictions.csv,45,45,11,fedavg,cross_site_blend_50,0.7186645880399637,0.6983115957788266,0.7269082996176406,0.0565871762874488,0.5256470588235295,0.4458322751590808,0.7581176470588236,0.0705882352941176,0.1327058823529411,0.6254117647058823,1.2047639969635384,0.7279402531602377,0.009275665120274,0.6982601754864977,-5.142029232896306e-05,0.7413890565436128,0.0144807569259721,0.0733651753637983,0.0167779990763495,0.5491764705882353,0.0235294117647058,0.4756956220330177,0.0298633468739368,0.7265882352941176,-0.0315294117647059,0.0752941176470588,0.0047058823529411,0.1656470588235294,0.0329411764705882,0.5609411764705883,-0.064470588235294,1.228324298388084,0.0235603014245455,1,mean_abs_error_high,False,fedavg,0.7186645880399637,0.7279402531602377,0.0,-0.009275665120274,0.6983115957788266,0.6982601754864977,0.0,5.142029232896306e-05,0.7269082996176406,0.7413890565436128,0.0,-0.0144807569259721,0.5256470588235295,0.5491764705882353,0.0,-0.0235294117647058,0.4458322751590808,0.4756956220330177,0.0,-0.0298633468739368,only_severe_error_rate_high,severe_error_rate_high,,0,False,fedavg,0.7186645880399637,0.0,0.4458322751590808,0.0,0.6983115957788266,0.0,0.7269082996176406,0.0,0.5256470588235295,0.0
results\threshold_shift_panda_all_conservative_45_seed_123\predictions.csv,45,45,123,fedavg,cross_site_blend_50,0.6842525827854697,0.6443909272024675,0.6827482723486302,0.0739910587963851,0.512,0.4354754690015998,0.8084705882352942,0.0912941176470588,0.1647058823529411,0.6437647058823529,1.25651402768541,0.7276041522412715,0.0433515694558017,0.6793432674370103,0.0349523402345428,0.7197759974251865,0.0370277250765562,0.0794422259562985,0.0054511671599134,0.5421176470588235,0.0301176470588234,0.4722981845450189,0.036822715543419,0.7463529411764706,-0.0621176470588236,0.0767058823529411,-0.0145882352941176,0.2381176470588235,0.0734117647058823,0.508235294117647,-0.1355294117647059,1.2447748699019268,-0.0117391577834833,4,global_qwk_low;worst_site_qwk_low;mean_abs_error_high;severe_error_rate_high,True,cross_site_blend_50,0.7276041522412715,0.7276041522412715,0.0433515694558017,0.0,0.6793432674370103,0.6793432674370103,0.0349523402345428,0.0,0.7197759974251865,0.7197759974251865,0.0370277250765562,0.0,0.5421176470588235,0.5421176470588235,0.0301176470588234,0.0,0.4722981845450189,0.4722981845450189,0.036822715543419,0.0,only_severe_error_rate_high,severe_error_rate_high,severe_error_rate_high,1,True,cross_site_blend_50,0.7276041522412715,0.043351569455801764,0.4722981845450189,0.03682271554341909,0.6793432674370103,0.034952340234542856,0.7197759974251865,0.03702772507655627,0.5421176470588235,0.03011764705882347
results\threshold_shift_panda_all_conservative_45_seed_17\predictions.csv,45,45,17,fedavg,cross_site_blend_50,0.7047611051305348,0.645220573180699,0.6905945451901226,0.0909757587087569,0.5129411764705882,0.4388248410063545,0.7943529411764706,0.0781176470588235,0.1477647058823529,0.6465882352941177,1.2398184894957895,0.7077247854813571,0.0029636803508222,0.6417517990615361,-0.0034687741191629,0.6917447783051633,0.0011502331150406,0.1018123133312761,0.0108365546225192,0.5289411764705882,0.016,0.4601461090491274,0.0213212680427729,0.7684705882352941,-0.0258823529411764,0.0785882352941176,0.0004705882352941,0.1609411764705882,0.0131764705882352,0.6075294117647059,-0.0390588235294118,1.2388539655751256,-0.0009645239206639,2,worst_site_qwk_low;mean_abs_error_high,False,fedavg,0.7047611051305348,0.7077247854813571,0.0,-0.0029636803508222,0.645220573180699,0.6417517990615361,0.0,0.0034687741191629,0.6905945451901226,0.6917447783051633,0.0,-0.0011502331150406,0.5129411764705882,0.5289411764705882,0.0,-0.016,0.4388248410063545,0.4601461090491274,0.0,-0.0213212680427729,only_severe_error_rate_high,severe_error_rate_high,,0,False,fedavg,0.7047611051305348,0.0,0.4388248410063545,0.0,0.645220573180699,0.0,0.6905945451901226,0.0,0.5129411764705882,0.0
results\threshold_shift_panda_all_conservative_45_seed_2025\predictions.csv,45,45,2025,fedavg,cross_site_blend_50,0.6513178987545161,0.6357395844743857,0.6550728682482759,0.0617910715279269,0.512,0.4213510266509179,0.8465882352941176,0.1021176470588235,0.1689411764705882,0.6776470588235294,1.2398197962944426,0.6916847406111084,0.0403668418565923,0.6475384686313133,0.0117988841569275,0.6929907323339558,0.0379178640856798,0.0791388873452907,0.0173478158173637,0.5251764705882352,0.0131764705882352,0.4405144881551974,0.0191634615042795,0.7995294117647059,-0.0470588235294117,0.0908235294117647,-0.0112941176470588,0.2188235294117647,0.0498823529411764,0.5807058823529412,-0.0969411764705882,1.2347401108882392,-0.0050796854062034,4,global_qwk_low;worst_site_qwk_low;mean_abs_error_high;severe_error_rate_high,True,cross_site_blend_50,0.6916847406111084,0.6916847406111084,0.0403668418565923,0.0,0.6475384686313133,0.6475384686313133,0.0117988841569275,0.0,0.6929907323339558,0.6929907323339558,0.0379178640856798,0.0,0.5251764705882352,0.5251764705882352,0.0131764705882352,0.0,0.4405144881551974,0.4405144881551974,0.0191634615042795,0.0,only_severe_error_rate_high,severe_error_rate_high,severe_error_rate_high,1,True,cross_site_blend_50,0.6916847406111084,0.04036684185659234,0.4405144881551974,0.0191634615042795,0.6475384686313133,0.011798884156927536,0.6929907323339558,0.037917864085679875,0.5251764705882352,0.013176470588235234
results\threshold_shift_panda_all_conservative_45_seed_23\predictions.csv,45,45,23,fedavg,cross_site_blend_50,0.6689702161873159,0.6278285098051922,0.6892648974635475,0.1249900734371944,0.5256470588235295,0.4501728064200315,0.8169411764705883,0.0974117647058823,0.1487058823529412,0.668235294117647,1.223265605185007,0.6811832732447068,0.0122130570573909,0.6330609816469177,0.0052324718417254,0.7044609882881547,0.0151960908246072,0.1447019826986322,0.0197119092614377,0.5383529411764706,0.0127058823529411,0.4677176487867743,0.0175448423667428,0.7981176470588235,-0.0188235294117647,0.0974117647058823,0.0,0.1632941176470588,0.0145882352941176,0.6348235294117647,-0.0334117647058823,1.1950156635017095,-0.0282499416832973,5,global_qwk_low;worst_site_qwk_low;site_qwk_spread_high;mean_abs_error_high;severe_error_rate_high,True,cross_site_blend_50,0.6811832732447068,0.6811832732447068,0.0122130570573909,0.0,0.6330609816469177,0.6330609816469177,0.0052324718417254,0.0,0.7044609882881547,0.7044609882881547,0.0151960908246072,0.0,0.5383529411764706,0.5383529411764706,0.0127058823529411,0.0,0.4677176487867743,0.4677176487867743,0.0175448423667428,0.0,only_severe_error_rate_high,severe_error_rate_high,severe_error_rate_high,1,True,cross_site_blend_50,0.6811832732447068,0.012213057057390952,0.4677176487867743,0.017544842366742808,0.6330609816469177,0.005232471841725483,0.7044609882881547,0.015196090824607267,0.5383529411764706,0.012705882352941122
results\threshold_shift_panda_all_conservative_45_seed_29\predictions.csv,45,45,29,fedavg,cross_site_blend_50,0.7027122701678348,0.6593035575542109,0.6983248374194991,0.0674032162340082,0.5218823529411765,0.4494435876297903,0.7905882352941176,0.088,0.1576470588235294,0.6329411764705882,1.196903554445906,0.7083737182341829,0.0056614480663481,0.6553674973311827,-0.0039360602230281,0.7033051263106922,0.004980288891193,0.0885817534051347,0.0211785371711265,0.5468235294117647,0.0249411764705882,0.4791428742323236,0.0296992866025332,0.7585882352941177,-0.0319999999999999,0.084235294117647,-0.0037647058823529,0.1830588235294117,0.0254117647058823,0.5755294117647058,-0.0574117647058823,1.2174418629639214,0.0205383085180153,4,global_qwk_low;worst_site_qwk_low;mean_abs_error_high;severe_error_rate_high,True,cross_site_blend_50,0.7083737182341829,0.7083737182341829,0.0056614480663481,0.0,0.6553674973311827,0.6553674973311827,-0.0039360602230281,0.0,0.7033051263106922,0.7033051263106922,0.004980288891193,0.0,0.5468235294117647,0.5468235294117647,0.0249411764705882,0.0,0.4791428742323236,0.4791428742323236,0.0296992866025332,0.0,only_severe_error_rate_high,severe_error_rate_high,severe_error_rate_high,1,True,cross_site_blend_50,0.7083737182341829,0.0056614480663481626,0.4791428742323236,0.029699286602533292,0.6553674973311827,-0.0039360602230281705,0.7033051263106922,0.004980288891193063,0.5468235294117647,0.024941176470588244
results\threshold_shift_panda_all_conservative_45_seed_31\predictions.csv,45,45,31,fedavg,cross_site_blend_50,0.6907445542033991,0.6478213865592243,0.697022671132488,0.0990737087116392,0.5209411764705882,0.4467296226169241,0.7783529411764706,0.0809411764705882,0.156235294117647,0.6221176470588236,1.241704937493638,0.7010929147350812,0.010348360531682,0.6782066835699941,0.0303852970107698,0.7110580444059729,0.0140353732734849,0.063455555044703,-0.0356181536669362,0.5378823529411765,0.0169411764705882,0.4778400687043871,0.031110446087463,0.7807058823529411,0.0023529411764705,0.0884705882352941,0.0075294117647058,0.2258823529411764,0.0696470588235294,0.5548235294117647,-0.0672941176470588,1.2281036756811077,-0.0136012618125302,3,global_qwk_low;worst_site_qwk_low;mean_abs_error_high,True,cross_site_blend_50,0.7010929147350812,0.7010929147350812,0.010348360531682,0.0,0.6782066835699941,0.6782066835699941,0.0303852970107698,0.0,0.7110580444059729,0.7110580444059729,0.0140353732734849,0.0,0.5378823529411765,0.5378823529411765,0.0169411764705882,0.0,0.4778400687043871,0.4778400687043871,0.031110446087463,0.0,only_severe_error_rate_high,severe_error_rate_high,,0,False,fedavg,0.6907445542033991,0.0,0.4467296226169241,0.0,0.6478213865592243,0.0,0.697022671132488,0.0,0.5209411764705882,0.0
results\threshold_shift_panda_all_conservative_45_seed_37\predictions.csv,45,45,37,fedavg,cross_site_blend_50,0.6718398316224687,0.6566294013012368,0.6776751902752847,0.0577402918144898,0.5134117647058823,0.4501286620132132,0.8178823529411765,0.0941176470588235,0.1454117647058823,0.6724705882352942,1.1877916427116788,0.6989889494547878,0.0271491178323191,0.6798369892493196,0.0232075879480827,0.7028944926747505,0.0252193023994657,0.0388444897333896,-0.0188958020811002,0.5383529411764706,0.0249411764705882,0.4679482987007382,0.0178196366875249,0.7778823529411765,-0.04,0.0903529411764706,-0.0037647058823529,0.1910588235294117,0.0456470588235294,0.5868235294117647,-0.0856470588235294,1.2612150037606646,0.0734233610489858,4,global_qwk_low;worst_site_qwk_low;mean_abs_error_high;severe_error_rate_high,True,cross_site_blend_50,0.6989889494547878,0.6989889494547878,0.0271491178323191,0.0,0.6798369892493196,0.6798369892493196,0.0232075879480827,0.0,0.7028944926747505,0.7028944926747505,0.0252193023994657,0.0,0.5383529411764706,0.5383529411764706,0.0249411764705882,0.0,0.4679482987007382,0.4679482987007382,0.0178196366875249,0.0,only_severe_error_rate_high,severe_error_rate_high,severe_error_rate_high,1,True,cross_site_blend_50,0.6989889494547878,0.027149117832319103,0.4679482987007382,0.017819636687524953,0.6798369892493196,0.023207587948082753,0.7028944926747505,0.025219302399465793,0.5383529411764706,0.024941176470588244
results\threshold_shift_panda_all_conservative_45_seed_41\predictions.csv,45,45,41,fedavg,cross_site_blend_50,0.7123796898843978,0.6477160424225139,0.7230280654793807,0.1493724689112257,0.532235294117647,0.4576524733917275,0.7595294117647059,0.0752941176470588,0.1689411764705882,0.5905882352941176,1.216875668403408,0.7108887383352965,-0.0014909515491012,0.6681257448384706,0.0204097024159567,0.7194995869173381,-0.0035284785620426,0.1343608083755315,-0.0150116605356941,0.536,0.003764705882353,0.4617007732319488,0.0040482998402213,0.7670588235294118,0.0075294117647058,0.0785882352941176,0.0032941176470588,0.1656470588235294,-0.0032941176470588,0.6014117647058823,0.0108235294117646,1.208587090198221,-0.0082885782051869,3,worst_site_qwk_low;site_qwk_spread_high;mean_abs_error_high,True,cross_site_blend_50,0.7108887383352965,0.7108887383352965,-0.0014909515491012,0.0,0.6681257448384706,0.6681257448384706,0.0204097024159567,0.0,0.7194995869173381,0.7194995869173381,-0.0035284785620426,0.0,0.536,0.536,0.003764705882353,0.0,0.4617007732319488,0.4617007732319488,0.0040482998402213,0.0,only_severe_error_rate_high,severe_error_rate_high,,0,False,fedavg,0.7123796898843978,0.0,0.4576524733917275,0.0,0.6477160424225139,0.0,0.7230280654793807,0.0,0.532235294117647,0.0
results\threshold_shift_panda_all_conservative_45_seed_42\predictions.csv,45,45,42,fedavg,cross_site_blend_50,0.6774827764861275,0.6445375035779021,0.6916365566904921,0.1014820199256691,0.5270588235294118,0.4543662053061909,0.7985882352941176,0.0912941176470588,0.1336470588235294,0.6649411764705883,1.2261141193444989,0.684495430609388,0.0070126541232604,0.6552577603454078,0.0107202567675057,0.6966647491374609,0.0050281924469688,0.0956957754403231,-0.005786244485346,0.536,0.0089411764705882,0.462630665272385,0.0082644599661941,0.7835294117647059,-0.0150588235294116,0.0894117647058823,-0.0018823529411764,0.1557647058823529,0.0221176470588235,0.6277647058823529,-0.0371764705882353,1.2219655729572696,-0.0041485463872292,4,global_qwk_low;worst_site_qwk_low;mean_abs_error_high;severe_error_rate_high,True,cross_site_blend_50,0.684495430609388,0.684495430609388,0.0070126541232604,0.0,0.6552577603454078,0.6552577603454078,0.0107202567675057,0.0,0.6966647491374609,0.6966647491374609,0.0050281924469688,0.0,0.536,0.536,0.0089411764705882,0.0,0.462630665272385,0.462630665272385,0.0082644599661941,0.0,only_severe_error_rate_high,severe_error_rate_high,severe_error_rate_high,1,True,cross_site_blend_50,0.684495430609388,0.0070126541232604644,0.462630665272385,0.008264459966194126,0.6552577603454078,0.010720256767505765,0.6966647491374609,0.005028192446968838,0.536,0.00894117647058823
results\threshold_shift_panda_all_conservative_45_seed_43\predictions.csv,45,45,43,fedavg,cross_site_blend_50,0.7138716162513442,0.6822721801086638,0.711808940745141,0.0616774222069055,0.5289411764705882,0.4655935566146705,0.7736470588235295,0.0790588235294117,0.1647058823529411,0.6089411764705882,1.1930575391361506,0.7238906047035034,0.0100189884521592,0.6955788405751153,0.0133066604664515,0.7253029885742331,0.0134940478290921,0.0540392088119872,-0.0076382133949183,0.5472941176470588,0.0183529411764705,0.4833792586175012,0.0177857020028307,0.739764705882353,-0.0338823529411764,0.0767058823529411,-0.0023529411764705,0.1736470588235294,0.0089411764705882,0.5661176470588235,-0.0428235294117647,1.2490948525451526,0.0560373134090019,1,mean_abs_error_high,False,fedavg,0.7138716162513442,0.7238906047035034,0.0,-0.0100189884521592,0.6822721801086638,0.6955788405751153,0.0,-0.0133066604664515,0.711808940745141,0.7253029885742331,0.0,-0.0134940478290921,0.5289411764705882,0.5472941176470588,0.0,-0.0183529411764705,0.4655935566146705,0.4833792586175012,0.0,-0.0177857020028307,only_severe_error_rate_high,severe_error_rate_high,,0,False,fedavg,0.7138716162513442,0.0,0.4655935566146705,0.0,0.6822721801086638,0.0,0.711808940745141,0.0,0.5289411764705882,0.0
results\threshold_shift_panda_all_conservative_45_seed_47\predictions.csv,45,45,47,fedavg,cross_site_blend_50,0.6847965201382491,0.6483616776044975,0.6910543398194848,0.0705500414349021,0.5247058823529411,0.4514071460022199,0.8014117647058824,0.0927058823529411,0.1689411764705882,0.6324705882352941,1.223896878202759,0.6851789430850455,0.0003824229467963,0.652432325294192,0.0040706476896945,0.6995950911807111,0.0085407513612262,0.0619584935386275,-0.0085915478962745,0.5449411764705883,0.0202352941176471,0.472621372126016,0.021214226123796,0.7910588235294118,-0.0103529411764705,0.0941176470588235,0.0014117647058823,0.1797647058823529,0.0108235294117647,0.6112941176470589,-0.0211764705882352,1.217905331775368,-0.0059915464273909,4,global_qwk_low;worst_site_qwk_low;mean_abs_error_high;severe_error_rate_high,True,cross_site_blend_50,0.6851789430850455,0.6851789430850455,0.0003824229467963,0.0,0.652432325294192,0.652432325294192,0.0040706476896945,0.0,0.6995950911807111,0.6995950911807111,0.0085407513612262,0.0,0.5449411764705883,0.5449411764705883,0.0202352941176471,0.0,0.472621372126016,0.472621372126016,0.021214226123796,0.0,only_severe_error_rate_high,severe_error_rate_high,severe_error_rate_high,1,True,cross_site_blend_50,0.6851789430850455,0.0003824229467963569,0.472621372126016,0.021214226123796143,0.652432325294192,0.004070647689694562,0.6995950911807111,0.008540751361226229,0.5449411764705883,0.02023529411764713
results\threshold_shift_panda_all_conservative_45_seed_53\predictions.csv,45,45,53,fedavg,cross_site_blend_50,0.7201645664369767,0.6590058792089791,0.7242115653009432,0.0962519076398983,0.5124705882352941,0.4494431704394436,0.7712941176470588,0.0785882352941176,0.1449411764705882,0.6263529411764706,1.2476182242498215,0.7142977210762524,-0.0058668453607242,0.6664553756290599,0.0074494964200807,0.7213074678388882,-0.0029040974620549,0.092832744626332,-0.0034191630135662,0.5265882352941177,0.0141176470588235,0.4523648833805307,0.002921712941087,0.7811764705882352,0.0098823529411764,0.0861176470588235,0.0075294117647058,0.2018823529411764,0.0569411764705882,0.5792941176470588,-0.0470588235294117,1.216200957210754,-0.0314172670390675,2,worst_site_qwk_low;mean_abs_error_high,False,fedavg,0.7201645664369767,0.7142977210762524,0.0,0.0058668453607242,0.6590058792089791,0.6664553756290599,0.0,-0.0074494964200807,0.7242115653009432,0.7213074678388882,0.0,0.0029040974620549,0.5124705882352941,0.5265882352941177,0.0,-0.0141176470588235,0.4494431704394436,0.4523648833805307,0.0,-0.002921712941087,only_severe_error_rate_high,severe_error_rate_high,,0,False,fedavg,0.7201645664369767,0.0,0.4494431704394436,0.0,0.6590058792089791,0.0,0.7242115653009432,0.0,0.5124705882352941,0.0
results\threshold_shift_panda_all_conservative_45_seed_59\predictions.csv,45,45,59,fedavg,cross_site_blend_50,0.7016674406948484,0.6159609540801119,0.6845382756686187,0.1206158796476057,0.5256470588235295,0.4495477542539736,0.7915294117647059,0.0861176470588235,0.1825882352941176,0.6089411764705882,1.1982354306608411,0.705730488586835,0.0040630478919865,0.643696978717071,0.0277360246369591,0.6883887122265069,0.0038504365578881,0.0969232193571749,-0.0236926602904308,0.5407058823529411,0.0150588235294116,0.4656458284346138,0.0160980741806401,0.7783529411764706,-0.0131764705882353,0.0851764705882353,-0.0009411764705882,0.2089411764705882,0.0263529411764706,0.5694117647058824,-0.0395294117647058,1.2381082534135337,0.0398728227526925,4,global_qwk_low;worst_site_qwk_low;site_qwk_spread_high;mean_abs_error_high,True,cross_site_blend_50,0.705730488586835,0.705730488586835,0.0040630478919865,0.0,0.643696978717071,0.643696978717071,0.0277360246369591,0.0,0.6883887122265069,0.6883887122265069,0.0038504365578881,0.0,0.5407058823529411,0.5407058823529411,0.0150588235294116,0.0,0.4656458284346138,0.4656458284346138,0.0160980741806401,0.0,only_severe_error_rate_high,severe_error_rate_high,,0,False,fedavg,0.7016674406948484,0.0,0.4495477542539736,0.0,0.6159609540801119,0.0,0.6845382756686187,0.0,0.5256470588235295,0.0
results\threshold_shift_panda_all_conservative_45_seed_7\predictions.csv,45,45,7,fedavg,cross_site_blend_50,0.6923907834999634,0.6489613109441599,0.6966096027165747,0.0937013742162709,0.5251764705882352,0.4536372003313794,0.7976470588235294,0.0894117647058823,0.1392941176470588,0.6583529411764706,1.2069264914261555,0.7012379189330036,0.0088471354330401,0.6779182879377432,0.0289569769935833,0.7076271761977981,0.0110175734812234,0.0784267466587252,-0.0152746275575456,0.5463529411764706,0.0211764705882353,0.4786342882830192,0.0249970879516397,0.7567058823529412,-0.0409411764705881,0.0870588235294117,-0.0023529411764705,0.1755294117647058,0.036235294117647,0.5811764705882353,-0.0771764705882352,1.248436539060467,0.0415100476343115,4,global_qwk_low;worst_site_qwk_low;mean_abs_error_high;severe_error_rate_high,True,cross_site_blend_50,0.7012379189330036,0.7012379189330036,0.0088471354330401,0.0,0.6779182879377432,0.6779182879377432,0.0289569769935833,0.0,0.7076271761977981,0.7076271761977981,0.0110175734812234,0.0,0.5463529411764706,0.5463529411764706,0.0211764705882353,0.0,0.4786342882830192,0.4786342882830192,0.0249970879516397,0.0,only_severe_error_rate_high,severe_error_rate_high,severe_error_rate_high,1,True,cross_site_blend_50,0.7012379189330036,0.008847135433040165,0.4786342882830192,0.024997087951639796,0.6779182879377432,0.02895697699358335,0.7076271761977981,0.011017573481223453,0.5463529411764706,0.021176470588235352
