archive_id,canonical_path,conflict_class,observed_value,expected_value,evidence_basis,current_resolution_status,resolution_confidence,evidence_available,evidence_missing,recommended_next_action,scientific_impact_statement
c7390feb79d4a0df6a408bc4e7758d76a1170330d90993e4d9b1fbb82705c3c9,results/paired_acquisition_factorization_acquisition_bottleneck_separation_frontier/trained_runs/full/fold_0/runs/acq_dim16_stronger_xcov_seed_911/projected_features.npz,source_label_conflict,SCORPION DINOv2 projection experiment,external_multiscanner_caninescc,metadata_json.source versus family/path-expected dataset token,unresolved,medium,family_level_reconstructed_lineage_evidence|git:a89bfb32977dc723ef895f150ab4ae720a345ac5:experiments/paired_acquisition/run_acquisition_bottleneck_separation_frontier.py|git:a89bfb32977dc723ef895f150ab4ae720a345ac5:results/paired_acquisition_factorization_acquisition_bottleneck_separation_frontier/run_log.txt|git:a89bfb32977dc723ef895f150ab4ae720a345ac5:results/paired_acquisition_factorization_acquisition_bottleneck_separation_frontier/experiment_design.json|git:a89bfb32977dc723ef895f150ab4ae720a345ac5:experiments/scorpion/run_pathoalign_projection.py,archive_specific_run_id|exact_output_path_binding|exact_fold_seed_condition_variant_record|producing_invocation|verified_run_manifest|historical_archive_output_hash_binding,Locate or create a verified historical run manifest that uniquely links this archive path and invocation identifiers to an output hash; retain the expected value as a proposal until then.,Metadata-lineage inconsistency only; the proposed source value is not an adjudicated correction and does not imply that training or metrics are invalid.
01516337c686e796c08769447dbd5c620ae844d700ae7a31fe9a487b9db4ce7a,results/paired_acquisition_factorization_acquisition_bottleneck_separation_frontier/trained_runs/full/fold_0/runs/acq_dim16_stronger_xcov_seed_912/projected_features.npz,source_label_conflict,SCORPION DINOv2 projection experiment,external_multiscanner_caninescc,metadata_json.source versus family/path-expected dataset token,unresolved,medium,family_level_reconstructed_lineage_evidence|git:a89bfb32977dc723ef895f150ab4ae720a345ac5:experiments/paired_acquisition/run_acquisition_bottleneck_separation_frontier.py|git:a89bfb32977dc723ef895f150ab4ae720a345ac5:results/paired_acquisition_factorization_acquisition_bottleneck_separation_frontier/run_log.txt|git:a89bfb32977dc723ef895f150ab4ae720a345ac5:results/paired_acquisition_factorization_acquisition_bottleneck_separation_frontier/experiment_design.json|git:a89bfb32977dc723ef895f150ab4ae720a345ac5:experiments/scorpion/run_pathoalign_projection.py,archive_specific_run_id|exact_output_path_binding|exact_fold_seed_condition_variant_record|producing_invocation|verified_run_manifest|historical_archive_output_hash_binding,Locate or create a verified historical run manifest that uniquely links this archive path and invocation identifiers to an output hash; retain the expected value as a proposal until then.,Metadata-lineage inconsistency only; the proposed source value is not an adjudicated correction and does not imply that training or metrics are invalid.
0046f22337ec05ae37e764dc19752a9b29c52278ccba3dbd3bb1c822335e1a0d,results/paired_acquisition_factorization_acquisition_bottleneck_separation_frontier/trained_runs/full/fold_0/runs/acq_dim16_stronger_xcov_seed_913/projected_features.npz,source_label_conflict,SCORPION DINOv2 projection experiment,external_multiscanner_caninescc,metadata_json.source versus family/path-expected dataset token,unresolved,medium,family_level_reconstructed_lineage_evidence|git:a89bfb32977dc723ef895f150ab4ae720a345ac5:experiments/paired_acquisition/run_acquisition_bottleneck_separation_frontier.py|git:a89bfb32977dc723ef895f150ab4ae720a345ac5:results/paired_acquisition_factorization_acquisition_bottleneck_separation_frontier/run_log.txt|git:a89bfb32977dc723ef895f150ab4ae720a345ac5:results/paired_acquisition_factorization_acquisition_bottleneck_separation_frontier/experiment_design.json|git:a89bfb32977dc723ef895f150ab4ae720a345ac5:experiments/scorpion/run_pathoalign_projection.py,archive_specific_run_id|exact_output_path_binding|exact_fold_seed_condition_variant_record|producing_invocation|verified_run_manifest|historical_archive_output_hash_binding,Locate or create a verified historical run manifest that uniquely links this archive path and invocation identifiers to an output hash; retain the expected value as a proposal until then.,Metadata-lineage inconsistency only; the proposed source value is not an adjudicated correction and does not imply that training or metrics are invalid.
b8ca49375dfdfb1b63f415cbec8b422ef412f340ad76b397f97012e2a7b3b682,results/paired_acquisition_factorization_acquisition_bottleneck_separation_frontier/trained_runs/full/fold_0/runs/acq_dim16_stronger_xcov_seed_914/projected_features.npz,source_label_conflict,SCORPION DINOv2 projection experiment,external_multiscanner_caninescc,metadata_json.source versus family/path-expected dataset token,unresolved,medium,family_level_reconstructed_lineage_evidence|git:a89bfb32977dc723ef895f150ab4ae720a345ac5:experiments/paired_acquisition/run_acquisition_bottleneck_separation_frontier.py|git:a89bfb32977dc723ef895f150ab4ae720a345ac5:results/paired_acquisition_factorization_acquisition_bottleneck_separation_frontier/run_log.txt|git:a89bfb32977dc723ef895f150ab4ae720a345ac5:results/paired_acquisition_factorization_acquisition_bottleneck_separation_frontier/experiment_design.json|git:a89bfb32977dc723ef895f150ab4ae720a345ac5:experiments/scorpion/run_pathoalign_projection.py,archive_specific_run_id|exact_output_path_binding|exact_fold_seed_condition_variant_record|producing_invocation|verified_run_manifest|historical_archive_output_hash_binding,Locate or create a verified historical run manifest that uniquely links this archive path and invocation identifiers to an output hash; retain the expected value as a proposal until then.,Metadata-lineage inconsistency only; the proposed source value is not an adjudicated correction and does not imply that training or metrics are invalid.
72c4e523c19e985c4eaec9da6fa08efe0d20b16f5a4ccf0f9b8afaad4085d14b,results/paired_acquisition_factorization_acquisition_bottleneck_separation_frontier/trained_runs/full/fold_0/runs/acq_dim16_stronger_xcov_seed_915/projected_features.npz,source_label_conflict,SCORPION DINOv2 projection experiment,external_multiscanner_caninescc,metadata_json.source versus family/path-expected dataset token,unresolved,medium,family_level_reconstructed_lineage_evidence|git:a89bfb32977dc723ef895f150ab4ae720a345ac5:experiments/paired_acquisition/run_acquisition_bottleneck_separation_frontier.py|git:a89bfb32977dc723ef895f150ab4ae720a345ac5:results/paired_acquisition_factorization_acquisition_bottleneck_separation_frontier/run_log.txt|git:a89bfb32977dc723ef895f150ab4ae720a345ac5:results/paired_acquisition_factorization_acquisition_bottleneck_separation_frontier/experiment_design.json|git:a89bfb32977dc723ef895f150ab4ae720a345ac5:experiments/scorpion/run_pathoalign_projection.py,archive_specific_run_id|exact_output_path_binding|exact_fold_seed_condition_variant_record|producing_invocation|verified_run_manifest|historical_archive_output_hash_binding,Locate or create a verified historical run manifest that uniquely links this archive path and invocation identifiers to an output hash; retain the expected value as a proposal until then.,Metadata-lineage inconsistency only; the proposed source value is not an adjudicated correction and does not imply that training or metrics are invalid.
629d36cf24cfb94a4132610c7e596f3761a5c7a339dbc550e8119176014d4e6c,results/paired_acquisition_factorization_acquisition_bottleneck_separation_frontier/trained_runs/full/fold_0/runs/acq_dim8_default_seed_911/projected_features.npz,source_label_conflict,SCORPION DINOv2 projection experiment,external_multiscanner_caninescc,metadata_json.source versus family/path-expected dataset token,unresolved,medium,family_level_reconstructed_lineage_evidence|git:a89bfb32977dc723ef895f150ab4ae720a345ac5:experiments/paired_acquisition/run_acquisition_bottleneck_separation_frontier.py|git:a89bfb32977dc723ef895f150ab4ae720a345ac5:results/paired_acquisition_factorization_acquisition_bottleneck_separation_frontier/run_log.txt|git:a89bfb32977dc723ef895f150ab4ae720a345ac5:results/paired_acquisition_factorization_acquisition_bottleneck_separation_frontier/experiment_design.json|git:a89bfb32977dc723ef895f150ab4ae720a345ac5:experiments/scorpion/run_pathoalign_projection.py,archive_specific_run_id|exact_output_path_binding|exact_fold_seed_condition_variant_record|producing_invocation|verified_run_manifest|historical_archive_output_hash_binding,Locate or create a verified historical run manifest that uniquely links this archive path and invocation identifiers to an output hash; retain the expected value as a proposal until then.,Metadata-lineage inconsistency only; the proposed source value is not an adjudicated correction and does not imply that training or metrics are invalid.
340c5628fcbd76028fec884ac674eb43f75c0cb19c109595ce1d0108d4f19acc,results/paired_acquisition_factorization_acquisition_bottleneck_separation_frontier/trained_runs/full/fold_0/runs/acq_dim8_default_seed_912/projected_features.npz,source_label_conflict,SCORPION DINOv2 projection experiment,external_multiscanner_caninescc,metadata_json.source versus family/path-expected dataset token,unresolved,medium,family_level_reconstructed_lineage_evidence|git:a89bfb32977dc723ef895f150ab4ae720a345ac5:experiments/paired_acquisition/run_acquisition_bottleneck_separation_frontier.py|git:a89bfb32977dc723ef895f150ab4ae720a345ac5:results/paired_acquisition_factorization_acquisition_bottleneck_separation_frontier/run_log.txt|git:a89bfb32977dc723ef895f150ab4ae720a345ac5:results/paired_acquisition_factorization_acquisition_bottleneck_separation_frontier/experiment_design.json|git:a89bfb32977dc723ef895f150ab4ae720a345ac5:experiments/scorpion/run_pathoalign_projection.py,archive_specific_run_id|exact_output_path_binding|exact_fold_seed_condition_variant_record|producing_invocation|verified_run_manifest|historical_archive_output_hash_binding,Locate or create a verified historical run manifest that uniquely links this archive path and invocation identifiers to an output hash; retain the expected value as a proposal until then.,Metadata-lineage inconsistency only; the proposed source value is not an adjudicated correction and does not imply that training or metrics are invalid.
d516cd2fc67e78d3d3921a5d108b1a7cd5e3f145db635f5be446621738cb7920,results/paired_acquisition_factorization_acquisition_bottleneck_separation_frontier/trained_runs/full/fold_0/runs/acq_dim8_default_seed_913/projected_features.npz,source_label_conflict,SCORPION DINOv2 projection experiment,external_multiscanner_caninescc,metadata_json.source versus family/path-expected dataset token,unresolved,medium,family_level_reconstructed_lineage_evidence|git:a89bfb32977dc723ef895f150ab4ae720a345ac5:experiments/paired_acquisition/run_acquisition_bottleneck_separation_frontier.py|git:a89bfb32977dc723ef895f150ab4ae720a345ac5:results/paired_acquisition_factorization_acquisition_bottleneck_separation_frontier/run_log.txt|git:a89bfb32977dc723ef895f150ab4ae720a345ac5:results/paired_acquisition_factorization_acquisition_bottleneck_separation_frontier/experiment_design.json|git:a89bfb32977dc723ef895f150ab4ae720a345ac5:experiments/scorpion/run_pathoalign_projection.py,archive_specific_run_id|exact_output_path_binding|exact_fold_seed_condition_variant_record|producing_invocation|verified_run_manifest|historical_archive_output_hash_binding,Locate or create a verified historical run manifest that uniquely links this archive path and invocation identifiers to an output hash; retain the expected value as a proposal until then.,Metadata-lineage inconsistency only; the proposed source value is not an adjudicated correction and does not imply that training or metrics are invalid.
4ff78b7061455b56e36aec7fb39120c7c85bf84da4e7a6d24bef1ee0036d2b9d,results/paired_acquisition_factorization_acquisition_bottleneck_separation_frontier/trained_runs/full/fold_0/runs/acq_dim8_default_seed_914/projected_features.npz,source_label_conflict,SCORPION DINOv2 projection experiment,external_multiscanner_caninescc,metadata_json.source versus family/path-expected dataset token,unresolved,medium,family_level_reconstructed_lineage_evidence|git:a89bfb32977dc723ef895f150ab4ae720a345ac5:experiments/paired_acquisition/run_acquisition_bottleneck_separation_frontier.py|git:a89bfb32977dc723ef895f150ab4ae720a345ac5:results/paired_acquisition_factorization_acquisition_bottleneck_separation_frontier/run_log.txt|git:a89bfb32977dc723ef895f150ab4ae720a345ac5:results/paired_acquisition_factorization_acquisition_bottleneck_separation_frontier/experiment_design.json|git:a89bfb32977dc723ef895f150ab4ae720a345ac5:experiments/scorpion/run_pathoalign_projection.py,archive_specific_run_id|exact_output_path_binding|exact_fold_seed_condition_variant_record|producing_invocation|verified_run_manifest|historical_archive_output_hash_binding,Locate or create a verified historical run manifest that uniquely links this archive path and invocation identifiers to an output hash; retain the expected value as a proposal until then.,Metadata-lineage inconsistency only; the proposed source value is not an adjudicated correction and does not imply that training or metrics are invalid.
10a811a566e7a91baa412127788fbe4f0b84ecc1084c9865de9559844580c4a0,results/paired_acquisition_factorization_acquisition_bottleneck_separation_frontier/trained_runs/full/fold_0/runs/acq_dim8_default_seed_915/projected_features.npz,source_label_conflict,SCORPION DINOv2 projection experiment,external_multiscanner_caninescc,metadata_json.source versus family/path-expected dataset token,unresolved,medium,family_level_reconstructed_lineage_evidence|git:a89bfb32977dc723ef895f150ab4ae720a345ac5:experiments/paired_acquisition/run_acquisition_bottleneck_separation_frontier.py|git:a89bfb32977dc723ef895f150ab4ae720a345ac5:results/paired_acquisition_factorization_acquisition_bottleneck_separation_frontier/run_log.txt|git:a89bfb32977dc723ef895f150ab4ae720a345ac5:results/paired_acquisition_factorization_acquisition_bottleneck_separation_frontier/experiment_design.json|git:a89bfb32977dc723ef895f150ab4ae720a345ac5:experiments/scorpion/run_pathoalign_projection.py,archive_specific_run_id|exact_output_path_binding|exact_fold_seed_condition_variant_record|producing_invocation|verified_run_manifest|historical_archive_output_hash_binding,Locate or create a verified historical run manifest that uniquely links this archive path and invocation identifiers to an output hash; retain the expected value as a proposal until then.,Metadata-lineage inconsistency only; the proposed source value is not an adjudicated correction and does not imply that training or metrics are invalid.
f03c8760ae66706be48b67234ebdfff955b783cfced6cd530d4d2fcc74077062,results/paired_acquisition_factorization_acquisition_bottleneck_separation_frontier/trained_runs/full/fold_1/runs/acq_dim16_stronger_xcov_seed_911/projected_features.npz,source_label_conflict,SCORPION DINOv2 projection experiment,external_multiscanner_caninescc,metadata_json.source versus family/path-expected dataset token,unresolved,medium,family_level_reconstructed_lineage_evidence|git:a89bfb32977dc723ef895f150ab4ae720a345ac5:experiments/paired_acquisition/run_acquisition_bottleneck_separation_frontier.py|git:a89bfb32977dc723ef895f150ab4ae720a345ac5:results/paired_acquisition_factorization_acquisition_bottleneck_separation_frontier/run_log.txt|git:a89bfb32977dc723ef895f150ab4ae720a345ac5:results/paired_acquisition_factorization_acquisition_bottleneck_separation_frontier/experiment_design.json|git:a89bfb32977dc723ef895f150ab4ae720a345ac5:experiments/scorpion/run_pathoalign_projection.py,archive_specific_run_id|exact_output_path_binding|exact_fold_seed_condition_variant_record|producing_invocation|verified_run_manifest|historical_archive_output_hash_binding,Locate or create a verified historical run manifest that uniquely links this archive path and invocation identifiers to an output hash; retain the expected value as a proposal until then.,Metadata-lineage inconsistency only; the proposed source value is not an adjudicated correction and does not imply that training or metrics are invalid.
038fc29ce73194209743d020e28bc09f9e49813422edee38a8b9771fbfe08234,results/paired_acquisition_factorization_acquisition_bottleneck_separation_frontier/trained_runs/full/fold_1/runs/acq_dim16_stronger_xcov_seed_912/projected_features.npz,source_label_conflict,SCORPION DINOv2 projection experiment,external_multiscanner_caninescc,metadata_json.source versus family/path-expected dataset token,unresolved,medium,family_level_reconstructed_lineage_evidence|git:a89bfb32977dc723ef895f150ab4ae720a345ac5:experiments/paired_acquisition/run_acquisition_bottleneck_separation_frontier.py|git:a89bfb32977dc723ef895f150ab4ae720a345ac5:results/paired_acquisition_factorization_acquisition_bottleneck_separation_frontier/run_log.txt|git:a89bfb32977dc723ef895f150ab4ae720a345ac5:results/paired_acquisition_factorization_acquisition_bottleneck_separation_frontier/experiment_design.json|git:a89bfb32977dc723ef895f150ab4ae720a345ac5:experiments/scorpion/run_pathoalign_projection.py,archive_specific_run_id|exact_output_path_binding|exact_fold_seed_condition_variant_record|producing_invocation|verified_run_manifest|historical_archive_output_hash_binding,Locate or create a verified historical run manifest that uniquely links this archive path and invocation identifiers to an output hash; retain the expected value as a proposal until then.,Metadata-lineage inconsistency only; the proposed source value is not an adjudicated correction and does not imply that training or metrics are invalid.
bb3c076813ea5ef901dcb8c5e9bd1397f53e432c55f18d33aa4784549e7c87e7,results/paired_acquisition_factorization_acquisition_bottleneck_separation_frontier/trained_runs/full/fold_1/runs/acq_dim16_stronger_xcov_seed_913/projected_features.npz,source_label_conflict,SCORPION DINOv2 projection experiment,external_multiscanner_caninescc,metadata_json.source versus family/path-expected dataset token,unresolved,medium,family_level_reconstructed_lineage_evidence|git:a89bfb32977dc723ef895f150ab4ae720a345ac5:experiments/paired_acquisition/run_acquisition_bottleneck_separation_frontier.py|git:a89bfb32977dc723ef895f150ab4ae720a345ac5:results/paired_acquisition_factorization_acquisition_bottleneck_separation_frontier/run_log.txt|git:a89bfb32977dc723ef895f150ab4ae720a345ac5:results/paired_acquisition_factorization_acquisition_bottleneck_separation_frontier/experiment_design.json|git:a89bfb32977dc723ef895f150ab4ae720a345ac5:experiments/scorpion/run_pathoalign_projection.py,archive_specific_run_id|exact_output_path_binding|exact_fold_seed_condition_variant_record|producing_invocation|verified_run_manifest|historical_archive_output_hash_binding,Locate or create a verified historical run manifest that uniquely links this archive path and invocation identifiers to an output hash; retain the expected value as a proposal until then.,Metadata-lineage inconsistency only; the proposed source value is not an adjudicated correction and does not imply that training or metrics are invalid.
f59086702c6e10f2161d63747b628dae92ff84c5c6ac9653142c71dbd3dbea37,results/paired_acquisition_factorization_acquisition_bottleneck_separation_frontier/trained_runs/full/fold_1/runs/acq_dim16_stronger_xcov_seed_914/projected_features.npz,source_label_conflict,SCORPION DINOv2 projection experiment,external_multiscanner_caninescc,metadata_json.source versus family/path-expected dataset token,unresolved,medium,family_level_reconstructed_lineage_evidence|git:a89bfb32977dc723ef895f150ab4ae720a345ac5:experiments/paired_acquisition/run_acquisition_bottleneck_separation_frontier.py|git:a89bfb32977dc723ef895f150ab4ae720a345ac5:results/paired_acquisition_factorization_acquisition_bottleneck_separation_frontier/run_log.txt|git:a89bfb32977dc723ef895f150ab4ae720a345ac5:results/paired_acquisition_factorization_acquisition_bottleneck_separation_frontier/experiment_design.json|git:a89bfb32977dc723ef895f150ab4ae720a345ac5:experiments/scorpion/run_pathoalign_projection.py,archive_specific_run_id|exact_output_path_binding|exact_fold_seed_condition_variant_record|producing_invocation|verified_run_manifest|historical_archive_output_hash_binding,Locate or create a verified historical run manifest that uniquely links this archive path and invocation identifiers to an output hash; retain the expected value as a proposal until then.,Metadata-lineage inconsistency only; the proposed source value is not an adjudicated correction and does not imply that training or metrics are invalid.
384ceb60d807933baef2237a53d344425d9453297402c72166269b91d456205a,results/paired_acquisition_factorization_acquisition_bottleneck_separation_frontier/trained_runs/full/fold_1/runs/acq_dim16_stronger_xcov_seed_915/projected_features.npz,source_label_conflict,SCORPION DINOv2 projection experiment,external_multiscanner_caninescc,metadata_json.source versus family/path-expected dataset token,unresolved,medium,family_level_reconstructed_lineage_evidence|git:a89bfb32977dc723ef895f150ab4ae720a345ac5:experiments/paired_acquisition/run_acquisition_bottleneck_separation_frontier.py|git:a89bfb32977dc723ef895f150ab4ae720a345ac5:results/paired_acquisition_factorization_acquisition_bottleneck_separation_frontier/run_log.txt|git:a89bfb32977dc723ef895f150ab4ae720a345ac5:results/paired_acquisition_factorization_acquisition_bottleneck_separation_frontier/experiment_design.json|git:a89bfb32977dc723ef895f150ab4ae720a345ac5:experiments/scorpion/run_pathoalign_projection.py,archive_specific_run_id|exact_output_path_binding|exact_fold_seed_condition_variant_record|producing_invocation|verified_run_manifest|historical_archive_output_hash_binding,Locate or create a verified historical run manifest that uniquely links this archive path and invocation identifiers to an output hash; retain the expected value as a proposal until then.,Metadata-lineage inconsistency only; the proposed source value is not an adjudicated correction and does not imply that training or metrics are invalid.
da217961477ae0e8a20d02974f54a48cca87638965e784574e5be8b6bd39b4a8,results/paired_acquisition_factorization_acquisition_bottleneck_separation_frontier/trained_runs/full/fold_1/runs/acq_dim8_default_seed_911/projected_features.npz,source_label_conflict,SCORPION DINOv2 projection experiment,external_multiscanner_caninescc,metadata_json.source versus family/path-expected dataset token,unresolved,medium,family_level_reconstructed_lineage_evidence|git:a89bfb32977dc723ef895f150ab4ae720a345ac5:experiments/paired_acquisition/run_acquisition_bottleneck_separation_frontier.py|git:a89bfb32977dc723ef895f150ab4ae720a345ac5:results/paired_acquisition_factorization_acquisition_bottleneck_separation_frontier/run_log.txt|git:a89bfb32977dc723ef895f150ab4ae720a345ac5:results/paired_acquisition_factorization_acquisition_bottleneck_separation_frontier/experiment_design.json|git:a89bfb32977dc723ef895f150ab4ae720a345ac5:experiments/scorpion/run_pathoalign_projection.py,archive_specific_run_id|exact_output_path_binding|exact_fold_seed_condition_variant_record|producing_invocation|verified_run_manifest|historical_archive_output_hash_binding,Locate or create a verified historical run manifest that uniquely links this archive path and invocation identifiers to an output hash; retain the expected value as a proposal until then.,Metadata-lineage inconsistency only; the proposed source value is not an adjudicated correction and does not imply that training or metrics are invalid.
9a731482c63e12b26e46bcd4e9ad5b4306390a69cfc06aa921369f08ed01047f,results/paired_acquisition_factorization_acquisition_bottleneck_separation_frontier/trained_runs/full/fold_1/runs/acq_dim8_default_seed_912/projected_features.npz,source_label_conflict,SCORPION DINOv2 projection experiment,external_multiscanner_caninescc,metadata_json.source versus family/path-expected dataset token,unresolved,medium,family_level_reconstructed_lineage_evidence|git:a89bfb32977dc723ef895f150ab4ae720a345ac5:experiments/paired_acquisition/run_acquisition_bottleneck_separation_frontier.py|git:a89bfb32977dc723ef895f150ab4ae720a345ac5:results/paired_acquisition_factorization_acquisition_bottleneck_separation_frontier/run_log.txt|git:a89bfb32977dc723ef895f150ab4ae720a345ac5:results/paired_acquisition_factorization_acquisition_bottleneck_separation_frontier/experiment_design.json|git:a89bfb32977dc723ef895f150ab4ae720a345ac5:experiments/scorpion/run_pathoalign_projection.py,archive_specific_run_id|exact_output_path_binding|exact_fold_seed_condition_variant_record|producing_invocation|verified_run_manifest|historical_archive_output_hash_binding,Locate or create a verified historical run manifest that uniquely links this archive path and invocation identifiers to an output hash; retain the expected value as a proposal until then.,Metadata-lineage inconsistency only; the proposed source value is not an adjudicated correction and does not imply that training or metrics are invalid.
50a61a04088a5882eb997401fb63e7d216c3ecf1ead43c008c1cc3d2253a379f,results/paired_acquisition_factorization_acquisition_bottleneck_separation_frontier/trained_runs/full/fold_1/runs/acq_dim8_default_seed_913/projected_features.npz,source_label_conflict,SCORPION DINOv2 projection experiment,external_multiscanner_caninescc,metadata_json.source versus family/path-expected dataset token,unresolved,medium,family_level_reconstructed_lineage_evidence|git:a89bfb32977dc723ef895f150ab4ae720a345ac5:experiments/paired_acquisition/run_acquisition_bottleneck_separation_frontier.py|git:a89bfb32977dc723ef895f150ab4ae720a345ac5:results/paired_acquisition_factorization_acquisition_bottleneck_separation_frontier/run_log.txt|git:a89bfb32977dc723ef895f150ab4ae720a345ac5:results/paired_acquisition_factorization_acquisition_bottleneck_separation_frontier/experiment_design.json|git:a89bfb32977dc723ef895f150ab4ae720a345ac5:experiments/scorpion/run_pathoalign_projection.py,archive_specific_run_id|exact_output_path_binding|exact_fold_seed_condition_variant_record|producing_invocation|verified_run_manifest|historical_archive_output_hash_binding,Locate or create a verified historical run manifest that uniquely links this archive path and invocation identifiers to an output hash; retain the expected value as a proposal until then.,Metadata-lineage inconsistency only; the proposed source value is not an adjudicated correction and does not imply that training or metrics are invalid.
db948214be36d034eb882e40eafb6a6714eb4d41b2de4a03db9af366b8cd732d,results/paired_acquisition_factorization_acquisition_bottleneck_separation_frontier/trained_runs/full/fold_1/runs/acq_dim8_default_seed_914/projected_features.npz,source_label_conflict,SCORPION DINOv2 projection experiment,external_multiscanner_caninescc,metadata_json.source versus family/path-expected dataset token,unresolved,medium,family_level_reconstructed_lineage_evidence|git:a89bfb32977dc723ef895f150ab4ae720a345ac5:experiments/paired_acquisition/run_acquisition_bottleneck_separation_frontier.py|git:a89bfb32977dc723ef895f150ab4ae720a345ac5:results/paired_acquisition_factorization_acquisition_bottleneck_separation_frontier/run_log.txt|git:a89bfb32977dc723ef895f150ab4ae720a345ac5:results/paired_acquisition_factorization_acquisition_bottleneck_separation_frontier/experiment_design.json|git:a89bfb32977dc723ef895f150ab4ae720a345ac5:experiments/scorpion/run_pathoalign_projection.py,archive_specific_run_id|exact_output_path_binding|exact_fold_seed_condition_variant_record|producing_invocation|verified_run_manifest|historical_archive_output_hash_binding,Locate or create a verified historical run manifest that uniquely links this archive path and invocation identifiers to an output hash; retain the expected value as a proposal until then.,Metadata-lineage inconsistency only; the proposed source value is not an adjudicated correction and does not imply that training or metrics are invalid.
73e27039e23e3a529c7094ebabe8f34b971fac4e17665585c534d058a9d596bf,results/paired_acquisition_factorization_acquisition_bottleneck_separation_frontier/trained_runs/full/fold_1/runs/acq_dim8_default_seed_915/projected_features.npz,source_label_conflict,SCORPION DINOv2 projection experiment,external_multiscanner_caninescc,metadata_json.source versus family/path-expected dataset token,unresolved,medium,family_level_reconstructed_lineage_evidence|git:a89bfb32977dc723ef895f150ab4ae720a345ac5:experiments/paired_acquisition/run_acquisition_bottleneck_separation_frontier.py|git:a89bfb32977dc723ef895f150ab4ae720a345ac5:results/paired_acquisition_factorization_acquisition_bottleneck_separation_frontier/run_log.txt|git:a89bfb32977dc723ef895f150ab4ae720a345ac5:results/paired_acquisition_factorization_acquisition_bottleneck_separation_frontier/experiment_design.json|git:a89bfb32977dc723ef895f150ab4ae720a345ac5:experiments/scorpion/run_pathoalign_projection.py,archive_specific_run_id|exact_output_path_binding|exact_fold_seed_condition_variant_record|producing_invocation|verified_run_manifest|historical_archive_output_hash_binding,Locate or create a verified historical run manifest that uniquely links this archive path and invocation identifiers to an output hash; retain the expected value as a proposal until then.,Metadata-lineage inconsistency only; the proposed source value is not an adjudicated correction and does not imply that training or metrics are invalid.
b2bd5b35d0ebc32f69949364157442c7241d5824bd7d0962d647d1be7bf8fba5,results/paired_acquisition_factorization_acquisition_bottleneck_separation_frontier/trained_runs/full/fold_2/runs/acq_dim16_stronger_xcov_seed_911/projected_features.npz,source_label_conflict,SCORPION DINOv2 projection experiment,external_multiscanner_caninescc,metadata_json.source versus family/path-expected dataset token,unresolved,medium,family_level_reconstructed_lineage_evidence|git:a89bfb32977dc723ef895f150ab4ae720a345ac5:experiments/paired_acquisition/run_acquisition_bottleneck_separation_frontier.py|git:a89bfb32977dc723ef895f150ab4ae720a345ac5:results/paired_acquisition_factorization_acquisition_bottleneck_separation_frontier/run_log.txt|git:a89bfb32977dc723ef895f150ab4ae720a345ac5:results/paired_acquisition_factorization_acquisition_bottleneck_separation_frontier/experiment_design.json|git:a89bfb32977dc723ef895f150ab4ae720a345ac5:experiments/scorpion/run_pathoalign_projection.py,archive_specific_run_id|exact_output_path_binding|exact_fold_seed_condition_variant_record|producing_invocation|verified_run_manifest|historical_archive_output_hash_binding,Locate or create a verified historical run manifest that uniquely links this archive path and invocation identifiers to an output hash; retain the expected value as a proposal until then.,Metadata-lineage inconsistency only; the proposed source value is not an adjudicated correction and does not imply that training or metrics are invalid.
f8e9baf97918a319c357a0c9b03684b3392405a410a0c52405b90ada40e4f101,results/paired_acquisition_factorization_acquisition_bottleneck_separation_frontier/trained_runs/full/fold_2/runs/acq_dim16_stronger_xcov_seed_912/projected_features.npz,source_label_conflict,SCORPION DINOv2 projection experiment,external_multiscanner_caninescc,metadata_json.source versus family/path-expected dataset token,unresolved,medium,family_level_reconstructed_lineage_evidence|git:a89bfb32977dc723ef895f150ab4ae720a345ac5:experiments/paired_acquisition/run_acquisition_bottleneck_separation_frontier.py|git:a89bfb32977dc723ef895f150ab4ae720a345ac5:results/paired_acquisition_factorization_acquisition_bottleneck_separation_frontier/run_log.txt|git:a89bfb32977dc723ef895f150ab4ae720a345ac5:results/paired_acquisition_factorization_acquisition_bottleneck_separation_frontier/experiment_design.json|git:a89bfb32977dc723ef895f150ab4ae720a345ac5:experiments/scorpion/run_pathoalign_projection.py,archive_specific_run_id|exact_output_path_binding|exact_fold_seed_condition_variant_record|producing_invocation|verified_run_manifest|historical_archive_output_hash_binding,Locate or create a verified historical run manifest that uniquely links this archive path and invocation identifiers to an output hash; retain the expected value as a proposal until then.,Metadata-lineage inconsistency only; the proposed source value is not an adjudicated correction and does not imply that training or metrics are invalid.
2afb4ab0a69d483c049b843e43f4e616c5652bc757083cf8bcd42afc937fd9e5,results/paired_acquisition_factorization_acquisition_bottleneck_separation_frontier/trained_runs/full/fold_2/runs/acq_dim16_stronger_xcov_seed_913/projected_features.npz,source_label_conflict,SCORPION DINOv2 projection experiment,external_multiscanner_caninescc,metadata_json.source versus family/path-expected dataset token,unresolved,medium,family_level_reconstructed_lineage_evidence|git:a89bfb32977dc723ef895f150ab4ae720a345ac5:experiments/paired_acquisition/run_acquisition_bottleneck_separation_frontier.py|git:a89bfb32977dc723ef895f150ab4ae720a345ac5:results/paired_acquisition_factorization_acquisition_bottleneck_separation_frontier/run_log.txt|git:a89bfb32977dc723ef895f150ab4ae720a345ac5:results/paired_acquisition_factorization_acquisition_bottleneck_separation_frontier/experiment_design.json|git:a89bfb32977dc723ef895f150ab4ae720a345ac5:experiments/scorpion/run_pathoalign_projection.py,archive_specific_run_id|exact_output_path_binding|exact_fold_seed_condition_variant_record|producing_invocation|verified_run_manifest|historical_archive_output_hash_binding,Locate or create a verified historical run manifest that uniquely links this archive path and invocation identifiers to an output hash; retain the expected value as a proposal until then.,Metadata-lineage inconsistency only; the proposed source value is not an adjudicated correction and does not imply that training or metrics are invalid.
652a3a0bb79ca627c5de7b00488a401a44462907e8c77d6ec9f5b9a35dea27e9,results/paired_acquisition_factorization_acquisition_bottleneck_separation_frontier/trained_runs/full/fold_2/runs/acq_dim16_stronger_xcov_seed_914/projected_features.npz,source_label_conflict,SCORPION DINOv2 projection experiment,external_multiscanner_caninescc,metadata_json.source versus family/path-expected dataset token,unresolved,medium,family_level_reconstructed_lineage_evidence|git:a89bfb32977dc723ef895f150ab4ae720a345ac5:experiments/paired_acquisition/run_acquisition_bottleneck_separation_frontier.py|git:a89bfb32977dc723ef895f150ab4ae720a345ac5:results/paired_acquisition_factorization_acquisition_bottleneck_separation_frontier/run_log.txt|git:a89bfb32977dc723ef895f150ab4ae720a345ac5:results/paired_acquisition_factorization_acquisition_bottleneck_separation_frontier/experiment_design.json|git:a89bfb32977dc723ef895f150ab4ae720a345ac5:experiments/scorpion/run_pathoalign_projection.py,archive_specific_run_id|exact_output_path_binding|exact_fold_seed_condition_variant_record|producing_invocation|verified_run_manifest|historical_archive_output_hash_binding,Locate or create a verified historical run manifest that uniquely links this archive path and invocation identifiers to an output hash; retain the expected value as a proposal until then.,Metadata-lineage inconsistency only; the proposed source value is not an adjudicated correction and does not imply that training or metrics are invalid.
1810d53df39574917c227910cce37d9454c16f8f705d0d27026dabfecb35cd25,results/paired_acquisition_factorization_acquisition_bottleneck_separation_frontier/trained_runs/full/fold_2/runs/acq_dim16_stronger_xcov_seed_915/projected_features.npz,source_label_conflict,SCORPION DINOv2 projection experiment,external_multiscanner_caninescc,metadata_json.source versus family/path-expected dataset token,unresolved,medium,family_level_reconstructed_lineage_evidence|git:a89bfb32977dc723ef895f150ab4ae720a345ac5:experiments/paired_acquisition/run_acquisition_bottleneck_separation_frontier.py|git:a89bfb32977dc723ef895f150ab4ae720a345ac5:results/paired_acquisition_factorization_acquisition_bottleneck_separation_frontier/run_log.txt|git:a89bfb32977dc723ef895f150ab4ae720a345ac5:results/paired_acquisition_factorization_acquisition_bottleneck_separation_frontier/experiment_design.json|git:a89bfb32977dc723ef895f150ab4ae720a345ac5:experiments/scorpion/run_pathoalign_projection.py,archive_specific_run_id|exact_output_path_binding|exact_fold_seed_condition_variant_record|producing_invocation|verified_run_manifest|historical_archive_output_hash_binding,Locate or create a verified historical run manifest that uniquely links this archive path and invocation identifiers to an output hash; retain the expected value as a proposal until then.,Metadata-lineage inconsistency only; the proposed source value is not an adjudicated correction and does not imply that training or metrics are invalid.
48ab054b286db4a321060e967cee06ca3cb01223ce0005f849a0ab6cbe9128e8,results/paired_acquisition_factorization_acquisition_bottleneck_separation_frontier/trained_runs/full/fold_2/runs/acq_dim8_default_seed_911/projected_features.npz,source_label_conflict,SCORPION DINOv2 projection experiment,external_multiscanner_caninescc,metadata_json.source versus family/path-expected dataset token,unresolved,medium,family_level_reconstructed_lineage_evidence|git:a89bfb32977dc723ef895f150ab4ae720a345ac5:experiments/paired_acquisition/run_acquisition_bottleneck_separation_frontier.py|git:a89bfb32977dc723ef895f150ab4ae720a345ac5:results/paired_acquisition_factorization_acquisition_bottleneck_separation_frontier/run_log.txt|git:a89bfb32977dc723ef895f150ab4ae720a345ac5:results/paired_acquisition_factorization_acquisition_bottleneck_separation_frontier/experiment_design.json|git:a89bfb32977dc723ef895f150ab4ae720a345ac5:experiments/scorpion/run_pathoalign_projection.py,archive_specific_run_id|exact_output_path_binding|exact_fold_seed_condition_variant_record|producing_invocation|verified_run_manifest|historical_archive_output_hash_binding,Locate or create a verified historical run manifest that uniquely links this archive path and invocation identifiers to an output hash; retain the expected value as a proposal until then.,Metadata-lineage inconsistency only; the proposed source value is not an adjudicated correction and does not imply that training or metrics are invalid.
849dae5697b0fba6309ffae0bb0867a0dcb76415d65c885b2fe3ad4dc8ad0b56,results/paired_acquisition_factorization_acquisition_bottleneck_separation_frontier/trained_runs/full/fold_2/runs/acq_dim8_default_seed_912/projected_features.npz,source_label_conflict,SCORPION DINOv2 projection experiment,external_multiscanner_caninescc,metadata_json.source versus family/path-expected dataset token,unresolved,medium,family_level_reconstructed_lineage_evidence|git:a89bfb32977dc723ef895f150ab4ae720a345ac5:experiments/paired_acquisition/run_acquisition_bottleneck_separation_frontier.py|git:a89bfb32977dc723ef895f150ab4ae720a345ac5:results/paired_acquisition_factorization_acquisition_bottleneck_separation_frontier/run_log.txt|git:a89bfb32977dc723ef895f150ab4ae720a345ac5:results/paired_acquisition_factorization_acquisition_bottleneck_separation_frontier/experiment_design.json|git:a89bfb32977dc723ef895f150ab4ae720a345ac5:experiments/scorpion/run_pathoalign_projection.py,archive_specific_run_id|exact_output_path_binding|exact_fold_seed_condition_variant_record|producing_invocation|verified_run_manifest|historical_archive_output_hash_binding,Locate or create a verified historical run manifest that uniquely links this archive path and invocation identifiers to an output hash; retain the expected value as a proposal until then.,Metadata-lineage inconsistency only; the proposed source value is not an adjudicated correction and does not imply that training or metrics are invalid.
da61725a86f960f97a355a262ef9c87e53b7d3ca5f22324c198392feb99bc0eb,results/paired_acquisition_factorization_acquisition_bottleneck_separation_frontier/trained_runs/full/fold_2/runs/acq_dim8_default_seed_913/projected_features.npz,source_label_conflict,SCORPION DINOv2 projection experiment,external_multiscanner_caninescc,metadata_json.source versus family/path-expected dataset token,unresolved,medium,family_level_reconstructed_lineage_evidence|git:a89bfb32977dc723ef895f150ab4ae720a345ac5:experiments/paired_acquisition/run_acquisition_bottleneck_separation_frontier.py|git:a89bfb32977dc723ef895f150ab4ae720a345ac5:results/paired_acquisition_factorization_acquisition_bottleneck_separation_frontier/run_log.txt|git:a89bfb32977dc723ef895f150ab4ae720a345ac5:results/paired_acquisition_factorization_acquisition_bottleneck_separation_frontier/experiment_design.json|git:a89bfb32977dc723ef895f150ab4ae720a345ac5:experiments/scorpion/run_pathoalign_projection.py,archive_specific_run_id|exact_output_path_binding|exact_fold_seed_condition_variant_record|producing_invocation|verified_run_manifest|historical_archive_output_hash_binding,Locate or create a verified historical run manifest that uniquely links this archive path and invocation identifiers to an output hash; retain the expected value as a proposal until then.,Metadata-lineage inconsistency only; the proposed source value is not an adjudicated correction and does not imply that training or metrics are invalid.
367cba21c5fa4ac8a2958fa49ff6e78ed5a167ad50ada52610adc1ae25d46929,results/paired_acquisition_factorization_acquisition_bottleneck_separation_frontier/trained_runs/full/fold_2/runs/acq_dim8_default_seed_914/projected_features.npz,source_label_conflict,SCORPION DINOv2 projection experiment,external_multiscanner_caninescc,metadata_json.source versus family/path-expected dataset token,unresolved,medium,family_level_reconstructed_lineage_evidence|git:a89bfb32977dc723ef895f150ab4ae720a345ac5:experiments/paired_acquisition/run_acquisition_bottleneck_separation_frontier.py|git:a89bfb32977dc723ef895f150ab4ae720a345ac5:results/paired_acquisition_factorization_acquisition_bottleneck_separation_frontier/run_log.txt|git:a89bfb32977dc723ef895f150ab4ae720a345ac5:results/paired_acquisition_factorization_acquisition_bottleneck_separation_frontier/experiment_design.json|git:a89bfb32977dc723ef895f150ab4ae720a345ac5:experiments/scorpion/run_pathoalign_projection.py,archive_specific_run_id|exact_output_path_binding|exact_fold_seed_condition_variant_record|producing_invocation|verified_run_manifest|historical_archive_output_hash_binding,Locate or create a verified historical run manifest that uniquely links this archive path and invocation identifiers to an output hash; retain the expected value as a proposal until then.,Metadata-lineage inconsistency only; the proposed source value is not an adjudicated correction and does not imply that training or metrics are invalid.
b2969e83a8e8c06e062d01b1eca4fd2eea23c0e7fc05e7c599f4bb6be7a3f300,results/paired_acquisition_factorization_acquisition_bottleneck_separation_frontier/trained_runs/full/fold_2/runs/acq_dim8_default_seed_915/projected_features.npz,source_label_conflict,SCORPION DINOv2 projection experiment,external_multiscanner_caninescc,metadata_json.source versus family/path-expected dataset token,unresolved,medium,family_level_reconstructed_lineage_evidence|git:a89bfb32977dc723ef895f150ab4ae720a345ac5:experiments/paired_acquisition/run_acquisition_bottleneck_separation_frontier.py|git:a89bfb32977dc723ef895f150ab4ae720a345ac5:results/paired_acquisition_factorization_acquisition_bottleneck_separation_frontier/run_log.txt|git:a89bfb32977dc723ef895f150ab4ae720a345ac5:results/paired_acquisition_factorization_acquisition_bottleneck_separation_frontier/experiment_design.json|git:a89bfb32977dc723ef895f150ab4ae720a345ac5:experiments/scorpion/run_pathoalign_projection.py,archive_specific_run_id|exact_output_path_binding|exact_fold_seed_condition_variant_record|producing_invocation|verified_run_manifest|historical_archive_output_hash_binding,Locate or create a verified historical run manifest that uniquely links this archive path and invocation identifiers to an output hash; retain the expected value as a proposal until then.,Metadata-lineage inconsistency only; the proposed source value is not an adjudicated correction and does not imply that training or metrics are invalid.
8bada7e036b13d705ee64cdb512e2f11c493f3cfe30a25409d63012754ac3d2d,results/paired_acquisition_factorization_acquisition_bottleneck_separation_frontier/trained_runs/full/fold_3/runs/acq_dim16_stronger_xcov_seed_911/projected_features.npz,source_label_conflict,SCORPION DINOv2 projection experiment,external_multiscanner_caninescc,metadata_json.source versus family/path-expected dataset token,unresolved,medium,family_level_reconstructed_lineage_evidence|git:a89bfb32977dc723ef895f150ab4ae720a345ac5:experiments/paired_acquisition/run_acquisition_bottleneck_separation_frontier.py|git:a89bfb32977dc723ef895f150ab4ae720a345ac5:results/paired_acquisition_factorization_acquisition_bottleneck_separation_frontier/run_log.txt|git:a89bfb32977dc723ef895f150ab4ae720a345ac5:results/paired_acquisition_factorization_acquisition_bottleneck_separation_frontier/experiment_design.json|git:a89bfb32977dc723ef895f150ab4ae720a345ac5:experiments/scorpion/run_pathoalign_projection.py,archive_specific_run_id|exact_output_path_binding|exact_fold_seed_condition_variant_record|producing_invocation|verified_run_manifest|historical_archive_output_hash_binding,Locate or create a verified historical run manifest that uniquely links this archive path and invocation identifiers to an output hash; retain the expected value as a proposal until then.,Metadata-lineage inconsistency only; the proposed source value is not an adjudicated correction and does not imply that training or metrics are invalid.
305b47c1674aa4b30d9342833a82ba2ff3e2eaed421d7d09e7b43c2d83ea85db,results/paired_acquisition_factorization_acquisition_bottleneck_separation_frontier/trained_runs/full/fold_3/runs/acq_dim16_stronger_xcov_seed_912/projected_features.npz,source_label_conflict,SCORPION DINOv2 projection experiment,external_multiscanner_caninescc,metadata_json.source versus family/path-expected dataset token,unresolved,medium,family_level_reconstructed_lineage_evidence|git:a89bfb32977dc723ef895f150ab4ae720a345ac5:experiments/paired_acquisition/run_acquisition_bottleneck_separation_frontier.py|git:a89bfb32977dc723ef895f150ab4ae720a345ac5:results/paired_acquisition_factorization_acquisition_bottleneck_separation_frontier/run_log.txt|git:a89bfb32977dc723ef895f150ab4ae720a345ac5:results/paired_acquisition_factorization_acquisition_bottleneck_separation_frontier/experiment_design.json|git:a89bfb32977dc723ef895f150ab4ae720a345ac5:experiments/scorpion/run_pathoalign_projection.py,archive_specific_run_id|exact_output_path_binding|exact_fold_seed_condition_variant_record|producing_invocation|verified_run_manifest|historical_archive_output_hash_binding,Locate or create a verified historical run manifest that uniquely links this archive path and invocation identifiers to an output hash; retain the expected value as a proposal until then.,Metadata-lineage inconsistency only; the proposed source value is not an adjudicated correction and does not imply that training or metrics are invalid.
541b07249bf0971afa43b2bd51d056a35a77f258b96ccda37b3bb507031c9ae3,results/paired_acquisition_factorization_acquisition_bottleneck_separation_frontier/trained_runs/full/fold_3/runs/acq_dim16_stronger_xcov_seed_913/projected_features.npz,source_label_conflict,SCORPION DINOv2 projection experiment,external_multiscanner_caninescc,metadata_json.source versus family/path-expected dataset token,unresolved,medium,family_level_reconstructed_lineage_evidence|git:a89bfb32977dc723ef895f150ab4ae720a345ac5:experiments/paired_acquisition/run_acquisition_bottleneck_separation_frontier.py|git:a89bfb32977dc723ef895f150ab4ae720a345ac5:results/paired_acquisition_factorization_acquisition_bottleneck_separation_frontier/run_log.txt|git:a89bfb32977dc723ef895f150ab4ae720a345ac5:results/paired_acquisition_factorization_acquisition_bottleneck_separation_frontier/experiment_design.json|git:a89bfb32977dc723ef895f150ab4ae720a345ac5:experiments/scorpion/run_pathoalign_projection.py,archive_specific_run_id|exact_output_path_binding|exact_fold_seed_condition_variant_record|producing_invocation|verified_run_manifest|historical_archive_output_hash_binding,Locate or create a verified historical run manifest that uniquely links this archive path and invocation identifiers to an output hash; retain the expected value as a proposal until then.,Metadata-lineage inconsistency only; the proposed source value is not an adjudicated correction and does not imply that training or metrics are invalid.
c9cea0a09876ea6829365df801a07c4fea81fb4170afa75a64c958a9966f7c2f,results/paired_acquisition_factorization_acquisition_bottleneck_separation_frontier/trained_runs/full/fold_3/runs/acq_dim16_stronger_xcov_seed_914/projected_features.npz,source_label_conflict,SCORPION DINOv2 projection experiment,external_multiscanner_caninescc,metadata_json.source versus family/path-expected dataset token,unresolved,medium,family_level_reconstructed_lineage_evidence|git:a89bfb32977dc723ef895f150ab4ae720a345ac5:experiments/paired_acquisition/run_acquisition_bottleneck_separation_frontier.py|git:a89bfb32977dc723ef895f150ab4ae720a345ac5:results/paired_acquisition_factorization_acquisition_bottleneck_separation_frontier/run_log.txt|git:a89bfb32977dc723ef895f150ab4ae720a345ac5:results/paired_acquisition_factorization_acquisition_bottleneck_separation_frontier/experiment_design.json|git:a89bfb32977dc723ef895f150ab4ae720a345ac5:experiments/scorpion/run_pathoalign_projection.py,archive_specific_run_id|exact_output_path_binding|exact_fold_seed_condition_variant_record|producing_invocation|verified_run_manifest|historical_archive_output_hash_binding,Locate or create a verified historical run manifest that uniquely links this archive path and invocation identifiers to an output hash; retain the expected value as a proposal until then.,Metadata-lineage inconsistency only; the proposed source value is not an adjudicated correction and does not imply that training or metrics are invalid.
ce1a08f9663e68593b68a4bd782c0b88e70e01edeaef5771ad0dcccab3f97b6b,results/paired_acquisition_factorization_acquisition_bottleneck_separation_frontier/trained_runs/full/fold_3/runs/acq_dim16_stronger_xcov_seed_915/projected_features.npz,source_label_conflict,SCORPION DINOv2 projection experiment,external_multiscanner_caninescc,metadata_json.source versus family/path-expected dataset token,unresolved,medium,family_level_reconstructed_lineage_evidence|git:a89bfb32977dc723ef895f150ab4ae720a345ac5:experiments/paired_acquisition/run_acquisition_bottleneck_separation_frontier.py|git:a89bfb32977dc723ef895f150ab4ae720a345ac5:results/paired_acquisition_factorization_acquisition_bottleneck_separation_frontier/run_log.txt|git:a89bfb32977dc723ef895f150ab4ae720a345ac5:results/paired_acquisition_factorization_acquisition_bottleneck_separation_frontier/experiment_design.json|git:a89bfb32977dc723ef895f150ab4ae720a345ac5:experiments/scorpion/run_pathoalign_projection.py,archive_specific_run_id|exact_output_path_binding|exact_fold_seed_condition_variant_record|producing_invocation|verified_run_manifest|historical_archive_output_hash_binding,Locate or create a verified historical run manifest that uniquely links this archive path and invocation identifiers to an output hash; retain the expected value as a proposal until then.,Metadata-lineage inconsistency only; the proposed source value is not an adjudicated correction and does not imply that training or metrics are invalid.
07b3cb49981688685fa322077c5b0eedd4663261acf65e1c762578af30fd0d49,results/paired_acquisition_factorization_acquisition_bottleneck_separation_frontier/trained_runs/full/fold_3/runs/acq_dim8_default_seed_911/projected_features.npz,source_label_conflict,SCORPION DINOv2 projection experiment,external_multiscanner_caninescc,metadata_json.source versus family/path-expected dataset token,unresolved,medium,family_level_reconstructed_lineage_evidence|git:a89bfb32977dc723ef895f150ab4ae720a345ac5:experiments/paired_acquisition/run_acquisition_bottleneck_separation_frontier.py|git:a89bfb32977dc723ef895f150ab4ae720a345ac5:results/paired_acquisition_factorization_acquisition_bottleneck_separation_frontier/run_log.txt|git:a89bfb32977dc723ef895f150ab4ae720a345ac5:results/paired_acquisition_factorization_acquisition_bottleneck_separation_frontier/experiment_design.json|git:a89bfb32977dc723ef895f150ab4ae720a345ac5:experiments/scorpion/run_pathoalign_projection.py,archive_specific_run_id|exact_output_path_binding|exact_fold_seed_condition_variant_record|producing_invocation|verified_run_manifest|historical_archive_output_hash_binding,Locate or create a verified historical run manifest that uniquely links this archive path and invocation identifiers to an output hash; retain the expected value as a proposal until then.,Metadata-lineage inconsistency only; the proposed source value is not an adjudicated correction and does not imply that training or metrics are invalid.
4848d7a33aa4cdedb167617266966283c0f36afcf72aa6869e3d7c74dbd0878a,results/paired_acquisition_factorization_acquisition_bottleneck_separation_frontier/trained_runs/full/fold_3/runs/acq_dim8_default_seed_912/projected_features.npz,source_label_conflict,SCORPION DINOv2 projection experiment,external_multiscanner_caninescc,metadata_json.source versus family/path-expected dataset token,unresolved,medium,family_level_reconstructed_lineage_evidence|git:a89bfb32977dc723ef895f150ab4ae720a345ac5:experiments/paired_acquisition/run_acquisition_bottleneck_separation_frontier.py|git:a89bfb32977dc723ef895f150ab4ae720a345ac5:results/paired_acquisition_factorization_acquisition_bottleneck_separation_frontier/run_log.txt|git:a89bfb32977dc723ef895f150ab4ae720a345ac5:results/paired_acquisition_factorization_acquisition_bottleneck_separation_frontier/experiment_design.json|git:a89bfb32977dc723ef895f150ab4ae720a345ac5:experiments/scorpion/run_pathoalign_projection.py,archive_specific_run_id|exact_output_path_binding|exact_fold_seed_condition_variant_record|producing_invocation|verified_run_manifest|historical_archive_output_hash_binding,Locate or create a verified historical run manifest that uniquely links this archive path and invocation identifiers to an output hash; retain the expected value as a proposal until then.,Metadata-lineage inconsistency only; the proposed source value is not an adjudicated correction and does not imply that training or metrics are invalid.
a70c053919770416b4068a233e16d87ca2458837532c2a8a8e38747ffb6f57e4,results/paired_acquisition_factorization_acquisition_bottleneck_separation_frontier/trained_runs/full/fold_3/runs/acq_dim8_default_seed_913/projected_features.npz,source_label_conflict,SCORPION DINOv2 projection experiment,external_multiscanner_caninescc,metadata_json.source versus family/path-expected dataset token,unresolved,medium,family_level_reconstructed_lineage_evidence|git:a89bfb32977dc723ef895f150ab4ae720a345ac5:experiments/paired_acquisition/run_acquisition_bottleneck_separation_frontier.py|git:a89bfb32977dc723ef895f150ab4ae720a345ac5:results/paired_acquisition_factorization_acquisition_bottleneck_separation_frontier/run_log.txt|git:a89bfb32977dc723ef895f150ab4ae720a345ac5:results/paired_acquisition_factorization_acquisition_bottleneck_separation_frontier/experiment_design.json|git:a89bfb32977dc723ef895f150ab4ae720a345ac5:experiments/scorpion/run_pathoalign_projection.py,archive_specific_run_id|exact_output_path_binding|exact_fold_seed_condition_variant_record|producing_invocation|verified_run_manifest|historical_archive_output_hash_binding,Locate or create a verified historical run manifest that uniquely links this archive path and invocation identifiers to an output hash; retain the expected value as a proposal until then.,Metadata-lineage inconsistency only; the proposed source value is not an adjudicated correction and does not imply that training or metrics are invalid.
166494022680c77de130742b25ca47114eaea7d1a0e6a8b0c6402fbe1e1250c5,results/paired_acquisition_factorization_acquisition_bottleneck_separation_frontier/trained_runs/full/fold_3/runs/acq_dim8_default_seed_914/projected_features.npz,source_label_conflict,SCORPION DINOv2 projection experiment,external_multiscanner_caninescc,metadata_json.source versus family/path-expected dataset token,unresolved,medium,family_level_reconstructed_lineage_evidence|git:a89bfb32977dc723ef895f150ab4ae720a345ac5:experiments/paired_acquisition/run_acquisition_bottleneck_separation_frontier.py|git:a89bfb32977dc723ef895f150ab4ae720a345ac5:results/paired_acquisition_factorization_acquisition_bottleneck_separation_frontier/run_log.txt|git:a89bfb32977dc723ef895f150ab4ae720a345ac5:results/paired_acquisition_factorization_acquisition_bottleneck_separation_frontier/experiment_design.json|git:a89bfb32977dc723ef895f150ab4ae720a345ac5:experiments/scorpion/run_pathoalign_projection.py,archive_specific_run_id|exact_output_path_binding|exact_fold_seed_condition_variant_record|producing_invocation|verified_run_manifest|historical_archive_output_hash_binding,Locate or create a verified historical run manifest that uniquely links this archive path and invocation identifiers to an output hash; retain the expected value as a proposal until then.,Metadata-lineage inconsistency only; the proposed source value is not an adjudicated correction and does not imply that training or metrics are invalid.
ad88eb1f4c10a16642d11c173ba573328c2331091bf1402598a05667eca2eefe,results/paired_acquisition_factorization_acquisition_bottleneck_separation_frontier/trained_runs/full/fold_3/runs/acq_dim8_default_seed_915/projected_features.npz,source_label_conflict,SCORPION DINOv2 projection experiment,external_multiscanner_caninescc,metadata_json.source versus family/path-expected dataset token,unresolved,medium,family_level_reconstructed_lineage_evidence|git:a89bfb32977dc723ef895f150ab4ae720a345ac5:experiments/paired_acquisition/run_acquisition_bottleneck_separation_frontier.py|git:a89bfb32977dc723ef895f150ab4ae720a345ac5:results/paired_acquisition_factorization_acquisition_bottleneck_separation_frontier/run_log.txt|git:a89bfb32977dc723ef895f150ab4ae720a345ac5:results/paired_acquisition_factorization_acquisition_bottleneck_separation_frontier/experiment_design.json|git:a89bfb32977dc723ef895f150ab4ae720a345ac5:experiments/scorpion/run_pathoalign_projection.py,archive_specific_run_id|exact_output_path_binding|exact_fold_seed_condition_variant_record|producing_invocation|verified_run_manifest|historical_archive_output_hash_binding,Locate or create a verified historical run manifest that uniquely links this archive path and invocation identifiers to an output hash; retain the expected value as a proposal until then.,Metadata-lineage inconsistency only; the proposed source value is not an adjudicated correction and does not imply that training or metrics are invalid.
37120b1893ce3d7804ce2be92c0e840cddc8183012525e64bc74124cae19b13b,results/paired_acquisition_factorization_acquisition_bottleneck_separation_frontier/trained_runs/full/fold_4/runs/acq_dim16_stronger_xcov_seed_911/projected_features.npz,source_label_conflict,SCORPION DINOv2 projection experiment,external_multiscanner_caninescc,metadata_json.source versus family/path-expected dataset token,unresolved,medium,family_level_reconstructed_lineage_evidence|git:a89bfb32977dc723ef895f150ab4ae720a345ac5:experiments/paired_acquisition/run_acquisition_bottleneck_separation_frontier.py|git:a89bfb32977dc723ef895f150ab4ae720a345ac5:results/paired_acquisition_factorization_acquisition_bottleneck_separation_frontier/run_log.txt|git:a89bfb32977dc723ef895f150ab4ae720a345ac5:results/paired_acquisition_factorization_acquisition_bottleneck_separation_frontier/experiment_design.json|git:a89bfb32977dc723ef895f150ab4ae720a345ac5:experiments/scorpion/run_pathoalign_projection.py,archive_specific_run_id|exact_output_path_binding|exact_fold_seed_condition_variant_record|producing_invocation|verified_run_manifest|historical_archive_output_hash_binding,Locate or create a verified historical run manifest that uniquely links this archive path and invocation identifiers to an output hash; retain the expected value as a proposal until then.,Metadata-lineage inconsistency only; the proposed source value is not an adjudicated correction and does not imply that training or metrics are invalid.
1466f333a8fd8a4e9995586fceab6e4255fd3e516647cbc1c7d40f2781f616d5,results/paired_acquisition_factorization_acquisition_bottleneck_separation_frontier/trained_runs/full/fold_4/runs/acq_dim16_stronger_xcov_seed_912/projected_features.npz,source_label_conflict,SCORPION DINOv2 projection experiment,external_multiscanner_caninescc,metadata_json.source versus family/path-expected dataset token,unresolved,medium,family_level_reconstructed_lineage_evidence|git:a89bfb32977dc723ef895f150ab4ae720a345ac5:experiments/paired_acquisition/run_acquisition_bottleneck_separation_frontier.py|git:a89bfb32977dc723ef895f150ab4ae720a345ac5:results/paired_acquisition_factorization_acquisition_bottleneck_separation_frontier/run_log.txt|git:a89bfb32977dc723ef895f150ab4ae720a345ac5:results/paired_acquisition_factorization_acquisition_bottleneck_separation_frontier/experiment_design.json|git:a89bfb32977dc723ef895f150ab4ae720a345ac5:experiments/scorpion/run_pathoalign_projection.py,archive_specific_run_id|exact_output_path_binding|exact_fold_seed_condition_variant_record|producing_invocation|verified_run_manifest|historical_archive_output_hash_binding,Locate or create a verified historical run manifest that uniquely links this archive path and invocation identifiers to an output hash; retain the expected value as a proposal until then.,Metadata-lineage inconsistency only; the proposed source value is not an adjudicated correction and does not imply that training or metrics are invalid.
76eff0249279be708079e2a77f979cf0ad167669103cca01fec61871cd0f6615,results/paired_acquisition_factorization_acquisition_bottleneck_separation_frontier/trained_runs/full/fold_4/runs/acq_dim16_stronger_xcov_seed_913/projected_features.npz,source_label_conflict,SCORPION DINOv2 projection experiment,external_multiscanner_caninescc,metadata_json.source versus family/path-expected dataset token,unresolved,medium,family_level_reconstructed_lineage_evidence|git:a89bfb32977dc723ef895f150ab4ae720a345ac5:experiments/paired_acquisition/run_acquisition_bottleneck_separation_frontier.py|git:a89bfb32977dc723ef895f150ab4ae720a345ac5:results/paired_acquisition_factorization_acquisition_bottleneck_separation_frontier/run_log.txt|git:a89bfb32977dc723ef895f150ab4ae720a345ac5:results/paired_acquisition_factorization_acquisition_bottleneck_separation_frontier/experiment_design.json|git:a89bfb32977dc723ef895f150ab4ae720a345ac5:experiments/scorpion/run_pathoalign_projection.py,archive_specific_run_id|exact_output_path_binding|exact_fold_seed_condition_variant_record|producing_invocation|verified_run_manifest|historical_archive_output_hash_binding,Locate or create a verified historical run manifest that uniquely links this archive path and invocation identifiers to an output hash; retain the expected value as a proposal until then.,Metadata-lineage inconsistency only; the proposed source value is not an adjudicated correction and does not imply that training or metrics are invalid.
dc2ab6b94b61d1320ad31c27513803fec9580d4e933890d2aef154a90acb7100,results/paired_acquisition_factorization_acquisition_bottleneck_separation_frontier/trained_runs/full/fold_4/runs/acq_dim16_stronger_xcov_seed_914/projected_features.npz,source_label_conflict,SCORPION DINOv2 projection experiment,external_multiscanner_caninescc,metadata_json.source versus family/path-expected dataset token,unresolved,medium,family_level_reconstructed_lineage_evidence|git:a89bfb32977dc723ef895f150ab4ae720a345ac5:experiments/paired_acquisition/run_acquisition_bottleneck_separation_frontier.py|git:a89bfb32977dc723ef895f150ab4ae720a345ac5:results/paired_acquisition_factorization_acquisition_bottleneck_separation_frontier/run_log.txt|git:a89bfb32977dc723ef895f150ab4ae720a345ac5:results/paired_acquisition_factorization_acquisition_bottleneck_separation_frontier/experiment_design.json|git:a89bfb32977dc723ef895f150ab4ae720a345ac5:experiments/scorpion/run_pathoalign_projection.py,archive_specific_run_id|exact_output_path_binding|exact_fold_seed_condition_variant_record|producing_invocation|verified_run_manifest|historical_archive_output_hash_binding,Locate or create a verified historical run manifest that uniquely links this archive path and invocation identifiers to an output hash; retain the expected value as a proposal until then.,Metadata-lineage inconsistency only; the proposed source value is not an adjudicated correction and does not imply that training or metrics are invalid.
daf87629be48c4faf5f75ae5c9cec436a9d9de10298596bfadcb352f5a5aad93,results/paired_acquisition_factorization_acquisition_bottleneck_separation_frontier/trained_runs/full/fold_4/runs/acq_dim16_stronger_xcov_seed_915/projected_features.npz,source_label_conflict,SCORPION DINOv2 projection experiment,external_multiscanner_caninescc,metadata_json.source versus family/path-expected dataset token,unresolved,medium,family_level_reconstructed_lineage_evidence|git:a89bfb32977dc723ef895f150ab4ae720a345ac5:experiments/paired_acquisition/run_acquisition_bottleneck_separation_frontier.py|git:a89bfb32977dc723ef895f150ab4ae720a345ac5:results/paired_acquisition_factorization_acquisition_bottleneck_separation_frontier/run_log.txt|git:a89bfb32977dc723ef895f150ab4ae720a345ac5:results/paired_acquisition_factorization_acquisition_bottleneck_separation_frontier/experiment_design.json|git:a89bfb32977dc723ef895f150ab4ae720a345ac5:experiments/scorpion/run_pathoalign_projection.py,archive_specific_run_id|exact_output_path_binding|exact_fold_seed_condition_variant_record|producing_invocation|verified_run_manifest|historical_archive_output_hash_binding,Locate or create a verified historical run manifest that uniquely links this archive path and invocation identifiers to an output hash; retain the expected value as a proposal until then.,Metadata-lineage inconsistency only; the proposed source value is not an adjudicated correction and does not imply that training or metrics are invalid.
2587bc77a25a202c65780badb12607f7d2e75021b15064e5b014a8422828519e,results/paired_acquisition_factorization_acquisition_bottleneck_separation_frontier/trained_runs/full/fold_4/runs/acq_dim8_default_seed_911/projected_features.npz,source_label_conflict,SCORPION DINOv2 projection experiment,external_multiscanner_caninescc,metadata_json.source versus family/path-expected dataset token,unresolved,medium,family_level_reconstructed_lineage_evidence|git:a89bfb32977dc723ef895f150ab4ae720a345ac5:experiments/paired_acquisition/run_acquisition_bottleneck_separation_frontier.py|git:a89bfb32977dc723ef895f150ab4ae720a345ac5:results/paired_acquisition_factorization_acquisition_bottleneck_separation_frontier/run_log.txt|git:a89bfb32977dc723ef895f150ab4ae720a345ac5:results/paired_acquisition_factorization_acquisition_bottleneck_separation_frontier/experiment_design.json|git:a89bfb32977dc723ef895f150ab4ae720a345ac5:experiments/scorpion/run_pathoalign_projection.py,archive_specific_run_id|exact_output_path_binding|exact_fold_seed_condition_variant_record|producing_invocation|verified_run_manifest|historical_archive_output_hash_binding,Locate or create a verified historical run manifest that uniquely links this archive path and invocation identifiers to an output hash; retain the expected value as a proposal until then.,Metadata-lineage inconsistency only; the proposed source value is not an adjudicated correction and does not imply that training or metrics are invalid.
bd235843766bef2f4179aab79dec2cb3b20fb9c001a823d5340b5f5ea0746a9c,results/paired_acquisition_factorization_acquisition_bottleneck_separation_frontier/trained_runs/full/fold_4/runs/acq_dim8_default_seed_912/projected_features.npz,source_label_conflict,SCORPION DINOv2 projection experiment,external_multiscanner_caninescc,metadata_json.source versus family/path-expected dataset token,unresolved,medium,family_level_reconstructed_lineage_evidence|git:a89bfb32977dc723ef895f150ab4ae720a345ac5:experiments/paired_acquisition/run_acquisition_bottleneck_separation_frontier.py|git:a89bfb32977dc723ef895f150ab4ae720a345ac5:results/paired_acquisition_factorization_acquisition_bottleneck_separation_frontier/run_log.txt|git:a89bfb32977dc723ef895f150ab4ae720a345ac5:results/paired_acquisition_factorization_acquisition_bottleneck_separation_frontier/experiment_design.json|git:a89bfb32977dc723ef895f150ab4ae720a345ac5:experiments/scorpion/run_pathoalign_projection.py,archive_specific_run_id|exact_output_path_binding|exact_fold_seed_condition_variant_record|producing_invocation|verified_run_manifest|historical_archive_output_hash_binding,Locate or create a verified historical run manifest that uniquely links this archive path and invocation identifiers to an output hash; retain the expected value as a proposal until then.,Metadata-lineage inconsistency only; the proposed source value is not an adjudicated correction and does not imply that training or metrics are invalid.
2bef6a27bfb995a2368275ac6cd1d47e1f5bc08ad02113769aba979a88e56b8c,results/paired_acquisition_factorization_acquisition_bottleneck_separation_frontier/trained_runs/full/fold_4/runs/acq_dim8_default_seed_913/projected_features.npz,source_label_conflict,SCORPION DINOv2 projection experiment,external_multiscanner_caninescc,metadata_json.source versus family/path-expected dataset token,unresolved,medium,family_level_reconstructed_lineage_evidence|git:a89bfb32977dc723ef895f150ab4ae720a345ac5:experiments/paired_acquisition/run_acquisition_bottleneck_separation_frontier.py|git:a89bfb32977dc723ef895f150ab4ae720a345ac5:results/paired_acquisition_factorization_acquisition_bottleneck_separation_frontier/run_log.txt|git:a89bfb32977dc723ef895f150ab4ae720a345ac5:results/paired_acquisition_factorization_acquisition_bottleneck_separation_frontier/experiment_design.json|git:a89bfb32977dc723ef895f150ab4ae720a345ac5:experiments/scorpion/run_pathoalign_projection.py,archive_specific_run_id|exact_output_path_binding|exact_fold_seed_condition_variant_record|producing_invocation|verified_run_manifest|historical_archive_output_hash_binding,Locate or create a verified historical run manifest that uniquely links this archive path and invocation identifiers to an output hash; retain the expected value as a proposal until then.,Metadata-lineage inconsistency only; the proposed source value is not an adjudicated correction and does not imply that training or metrics are invalid.
6210269e563893eb223b512be761c1853f6fd1cfacaf5b7c45a0b85faf148e6e,results/paired_acquisition_factorization_acquisition_bottleneck_separation_frontier/trained_runs/full/fold_4/runs/acq_dim8_default_seed_914/projected_features.npz,source_label_conflict,SCORPION DINOv2 projection experiment,external_multiscanner_caninescc,metadata_json.source versus family/path-expected dataset token,unresolved,medium,family_level_reconstructed_lineage_evidence|git:a89bfb32977dc723ef895f150ab4ae720a345ac5:experiments/paired_acquisition/run_acquisition_bottleneck_separation_frontier.py|git:a89bfb32977dc723ef895f150ab4ae720a345ac5:results/paired_acquisition_factorization_acquisition_bottleneck_separation_frontier/run_log.txt|git:a89bfb32977dc723ef895f150ab4ae720a345ac5:results/paired_acquisition_factorization_acquisition_bottleneck_separation_frontier/experiment_design.json|git:a89bfb32977dc723ef895f150ab4ae720a345ac5:experiments/scorpion/run_pathoalign_projection.py,archive_specific_run_id|exact_output_path_binding|exact_fold_seed_condition_variant_record|producing_invocation|verified_run_manifest|historical_archive_output_hash_binding,Locate or create a verified historical run manifest that uniquely links this archive path and invocation identifiers to an output hash; retain the expected value as a proposal until then.,Metadata-lineage inconsistency only; the proposed source value is not an adjudicated correction and does not imply that training or metrics are invalid.
c5014e9c81f830aeea6617c26979085f6a60a44bebd70296d5daefbe508513d6,results/paired_acquisition_factorization_acquisition_bottleneck_separation_frontier/trained_runs/full/fold_4/runs/acq_dim8_default_seed_915/projected_features.npz,source_label_conflict,SCORPION DINOv2 projection experiment,external_multiscanner_caninescc,metadata_json.source versus family/path-expected dataset token,unresolved,medium,family_level_reconstructed_lineage_evidence|git:a89bfb32977dc723ef895f150ab4ae720a345ac5:experiments/paired_acquisition/run_acquisition_bottleneck_separation_frontier.py|git:a89bfb32977dc723ef895f150ab4ae720a345ac5:results/paired_acquisition_factorization_acquisition_bottleneck_separation_frontier/run_log.txt|git:a89bfb32977dc723ef895f150ab4ae720a345ac5:results/paired_acquisition_factorization_acquisition_bottleneck_separation_frontier/experiment_design.json|git:a89bfb32977dc723ef895f150ab4ae720a345ac5:experiments/scorpion/run_pathoalign_projection.py,archive_specific_run_id|exact_output_path_binding|exact_fold_seed_condition_variant_record|producing_invocation|verified_run_manifest|historical_archive_output_hash_binding,Locate or create a verified historical run manifest that uniquely links this archive path and invocation identifiers to an output hash; retain the expected value as a proposal until then.,Metadata-lineage inconsistency only; the proposed source value is not an adjudicated correction and does not imply that training or metrics are invalid.
89df51907919adb3a098a672a98be69eed05cb7edc031e9bb56bf777eb05999f,results/paired_acquisition_factorization_frontier_selected_crossbackbone_validation/trained_runs/phikon/fold_0/runs/acq_dim16_stronger_xcov_seed_701/projected_features.npz,model_backbone_label_conflict,dinov2_pathoalign,phikon_pathoalign,metadata_json.model versus explicit path-consistent metadata_json.backbone,unresolved,medium,family_level_reconstructed_lineage_evidence|git:0e2af24730a0a298fbf0363dfbab7682dc65a1af:experiments/paired_acquisition/run_frontier_selected_crossbackbone_validation.py|git:0e2af24730a0a298fbf0363dfbab7682dc65a1af:results/paired_acquisition_factorization_frontier_selected_crossbackbone_validation/run_log.txt|git:0e2af24730a0a298fbf0363dfbab7682dc65a1af:results/paired_acquisition_factorization_frontier_selected_crossbackbone_validation/experiment_design.json|git:0e2af24730a0a298fbf0363dfbab7682dc65a1af:experiments/scorpion/run_pathoalign_projection.py,archive_specific_run_id|exact_output_path_binding|exact_fold_seed_condition_variant_record|producing_invocation|verified_run_manifest|historical_archive_output_hash_binding,Locate or create a verified historical run manifest that uniquely links this archive path and invocation identifiers to an output hash; retain the expected value as a proposal until then.,Observed model label conflicts with path-consistent backbone metadata; the proposed model value is not proof of the historical producing backbone.
30b5177b973a76271b42a3ae902fb7b4dd1f7b43f9b2b2a6b08263aedbc8e127,results/paired_acquisition_factorization_frontier_selected_crossbackbone_validation/trained_runs/phikon/fold_0/runs/acq_dim16_stronger_xcov_seed_702/projected_features.npz,model_backbone_label_conflict,dinov2_pathoalign,phikon_pathoalign,metadata_json.model versus explicit path-consistent metadata_json.backbone,unresolved,medium,family_level_reconstructed_lineage_evidence|git:0e2af24730a0a298fbf0363dfbab7682dc65a1af:experiments/paired_acquisition/run_frontier_selected_crossbackbone_validation.py|git:0e2af24730a0a298fbf0363dfbab7682dc65a1af:results/paired_acquisition_factorization_frontier_selected_crossbackbone_validation/run_log.txt|git:0e2af24730a0a298fbf0363dfbab7682dc65a1af:results/paired_acquisition_factorization_frontier_selected_crossbackbone_validation/experiment_design.json|git:0e2af24730a0a298fbf0363dfbab7682dc65a1af:experiments/scorpion/run_pathoalign_projection.py,archive_specific_run_id|exact_output_path_binding|exact_fold_seed_condition_variant_record|producing_invocation|verified_run_manifest|historical_archive_output_hash_binding,Locate or create a verified historical run manifest that uniquely links this archive path and invocation identifiers to an output hash; retain the expected value as a proposal until then.,Observed model label conflicts with path-consistent backbone metadata; the proposed model value is not proof of the historical producing backbone.
7a34758694d21ccce2715229348dd39c3a958fd7eb0db98653d6a5517ac46661,results/paired_acquisition_factorization_frontier_selected_crossbackbone_validation/trained_runs/phikon/fold_0/runs/acq_dim16_stronger_xcov_seed_703/projected_features.npz,model_backbone_label_conflict,dinov2_pathoalign,phikon_pathoalign,metadata_json.model versus explicit path-consistent metadata_json.backbone,unresolved,medium,family_level_reconstructed_lineage_evidence|git:0e2af24730a0a298fbf0363dfbab7682dc65a1af:experiments/paired_acquisition/run_frontier_selected_crossbackbone_validation.py|git:0e2af24730a0a298fbf0363dfbab7682dc65a1af:results/paired_acquisition_factorization_frontier_selected_crossbackbone_validation/run_log.txt|git:0e2af24730a0a298fbf0363dfbab7682dc65a1af:results/paired_acquisition_factorization_frontier_selected_crossbackbone_validation/experiment_design.json|git:0e2af24730a0a298fbf0363dfbab7682dc65a1af:experiments/scorpion/run_pathoalign_projection.py,archive_specific_run_id|exact_output_path_binding|exact_fold_seed_condition_variant_record|producing_invocation|verified_run_manifest|historical_archive_output_hash_binding,Locate or create a verified historical run manifest that uniquely links this archive path and invocation identifiers to an output hash; retain the expected value as a proposal until then.,Observed model label conflicts with path-consistent backbone metadata; the proposed model value is not proof of the historical producing backbone.
49b07b8d0c76f3d89a93ab5c077d7a568fa9e34486f22ee90c0c89c09386580d,results/paired_acquisition_factorization_frontier_selected_crossbackbone_validation/trained_runs/phikon/fold_0/runs/acq_dim16_stronger_xcov_seed_704/projected_features.npz,model_backbone_label_conflict,dinov2_pathoalign,phikon_pathoalign,metadata_json.model versus explicit path-consistent metadata_json.backbone,unresolved,medium,family_level_reconstructed_lineage_evidence|git:0e2af24730a0a298fbf0363dfbab7682dc65a1af:experiments/paired_acquisition/run_frontier_selected_crossbackbone_validation.py|git:0e2af24730a0a298fbf0363dfbab7682dc65a1af:results/paired_acquisition_factorization_frontier_selected_crossbackbone_validation/run_log.txt|git:0e2af24730a0a298fbf0363dfbab7682dc65a1af:results/paired_acquisition_factorization_frontier_selected_crossbackbone_validation/experiment_design.json|git:0e2af24730a0a298fbf0363dfbab7682dc65a1af:experiments/scorpion/run_pathoalign_projection.py,archive_specific_run_id|exact_output_path_binding|exact_fold_seed_condition_variant_record|producing_invocation|verified_run_manifest|historical_archive_output_hash_binding,Locate or create a verified historical run manifest that uniquely links this archive path and invocation identifiers to an output hash; retain the expected value as a proposal until then.,Observed model label conflicts with path-consistent backbone metadata; the proposed model value is not proof of the historical producing backbone.
4e2f15dcc920eb1de79d15a6bd7ea29f2675fdd243ffbc196e519b87f6b24f0a,results/paired_acquisition_factorization_frontier_selected_crossbackbone_validation/trained_runs/phikon/fold_0/runs/acq_dim16_stronger_xcov_seed_705/projected_features.npz,model_backbone_label_conflict,dinov2_pathoalign,phikon_pathoalign,metadata_json.model versus explicit path-consistent metadata_json.backbone,unresolved,medium,family_level_reconstructed_lineage_evidence|git:0e2af24730a0a298fbf0363dfbab7682dc65a1af:experiments/paired_acquisition/run_frontier_selected_crossbackbone_validation.py|git:0e2af24730a0a298fbf0363dfbab7682dc65a1af:results/paired_acquisition_factorization_frontier_selected_crossbackbone_validation/run_log.txt|git:0e2af24730a0a298fbf0363dfbab7682dc65a1af:results/paired_acquisition_factorization_frontier_selected_crossbackbone_validation/experiment_design.json|git:0e2af24730a0a298fbf0363dfbab7682dc65a1af:experiments/scorpion/run_pathoalign_projection.py,archive_specific_run_id|exact_output_path_binding|exact_fold_seed_condition_variant_record|producing_invocation|verified_run_manifest|historical_archive_output_hash_binding,Locate or create a verified historical run manifest that uniquely links this archive path and invocation identifiers to an output hash; retain the expected value as a proposal until then.,Observed model label conflicts with path-consistent backbone metadata; the proposed model value is not proof of the historical producing backbone.
fa442ece44138245d0e2cde6576bd6488726352975fb28e64f3fafb6cf3bf93b,results/paired_acquisition_factorization_frontier_selected_crossbackbone_validation/trained_runs/phikon/fold_0/runs/acq_dim8_default_seed_701/projected_features.npz,model_backbone_label_conflict,dinov2_pathoalign,phikon_pathoalign,metadata_json.model versus explicit path-consistent metadata_json.backbone,unresolved,medium,family_level_reconstructed_lineage_evidence|git:0e2af24730a0a298fbf0363dfbab7682dc65a1af:experiments/paired_acquisition/run_frontier_selected_crossbackbone_validation.py|git:0e2af24730a0a298fbf0363dfbab7682dc65a1af:results/paired_acquisition_factorization_frontier_selected_crossbackbone_validation/run_log.txt|git:0e2af24730a0a298fbf0363dfbab7682dc65a1af:results/paired_acquisition_factorization_frontier_selected_crossbackbone_validation/experiment_design.json|git:0e2af24730a0a298fbf0363dfbab7682dc65a1af:experiments/scorpion/run_pathoalign_projection.py,archive_specific_run_id|exact_output_path_binding|exact_fold_seed_condition_variant_record|producing_invocation|verified_run_manifest|historical_archive_output_hash_binding,Locate or create a verified historical run manifest that uniquely links this archive path and invocation identifiers to an output hash; retain the expected value as a proposal until then.,Observed model label conflicts with path-consistent backbone metadata; the proposed model value is not proof of the historical producing backbone.
b03f9e031d6a043a2c0d6e6b83a944ac65b55ceecb5d694bfb6661dcb523e1d3,results/paired_acquisition_factorization_frontier_selected_crossbackbone_validation/trained_runs/phikon/fold_0/runs/acq_dim8_default_seed_702/projected_features.npz,model_backbone_label_conflict,dinov2_pathoalign,phikon_pathoalign,metadata_json.model versus explicit path-consistent metadata_json.backbone,unresolved,medium,family_level_reconstructed_lineage_evidence|git:0e2af24730a0a298fbf0363dfbab7682dc65a1af:experiments/paired_acquisition/run_frontier_selected_crossbackbone_validation.py|git:0e2af24730a0a298fbf0363dfbab7682dc65a1af:results/paired_acquisition_factorization_frontier_selected_crossbackbone_validation/run_log.txt|git:0e2af24730a0a298fbf0363dfbab7682dc65a1af:results/paired_acquisition_factorization_frontier_selected_crossbackbone_validation/experiment_design.json|git:0e2af24730a0a298fbf0363dfbab7682dc65a1af:experiments/scorpion/run_pathoalign_projection.py,archive_specific_run_id|exact_output_path_binding|exact_fold_seed_condition_variant_record|producing_invocation|verified_run_manifest|historical_archive_output_hash_binding,Locate or create a verified historical run manifest that uniquely links this archive path and invocation identifiers to an output hash; retain the expected value as a proposal until then.,Observed model label conflicts with path-consistent backbone metadata; the proposed model value is not proof of the historical producing backbone.
7b26f60f30c59dc6a88d8530034a7e59578676ae5b9c450984b193cfa2f17a0f,results/paired_acquisition_factorization_frontier_selected_crossbackbone_validation/trained_runs/phikon/fold_0/runs/acq_dim8_default_seed_703/projected_features.npz,model_backbone_label_conflict,dinov2_pathoalign,phikon_pathoalign,metadata_json.model versus explicit path-consistent metadata_json.backbone,unresolved,medium,family_level_reconstructed_lineage_evidence|git:0e2af24730a0a298fbf0363dfbab7682dc65a1af:experiments/paired_acquisition/run_frontier_selected_crossbackbone_validation.py|git:0e2af24730a0a298fbf0363dfbab7682dc65a1af:results/paired_acquisition_factorization_frontier_selected_crossbackbone_validation/run_log.txt|git:0e2af24730a0a298fbf0363dfbab7682dc65a1af:results/paired_acquisition_factorization_frontier_selected_crossbackbone_validation/experiment_design.json|git:0e2af24730a0a298fbf0363dfbab7682dc65a1af:experiments/scorpion/run_pathoalign_projection.py,archive_specific_run_id|exact_output_path_binding|exact_fold_seed_condition_variant_record|producing_invocation|verified_run_manifest|historical_archive_output_hash_binding,Locate or create a verified historical run manifest that uniquely links this archive path and invocation identifiers to an output hash; retain the expected value as a proposal until then.,Observed model label conflicts with path-consistent backbone metadata; the proposed model value is not proof of the historical producing backbone.
0586171a6a7b1246e00c96735c505896e0a855b1e731c62cc631b4bb84c469cf,results/paired_acquisition_factorization_frontier_selected_crossbackbone_validation/trained_runs/phikon/fold_0/runs/acq_dim8_default_seed_704/projected_features.npz,model_backbone_label_conflict,dinov2_pathoalign,phikon_pathoalign,metadata_json.model versus explicit path-consistent metadata_json.backbone,unresolved,medium,family_level_reconstructed_lineage_evidence|git:0e2af24730a0a298fbf0363dfbab7682dc65a1af:experiments/paired_acquisition/run_frontier_selected_crossbackbone_validation.py|git:0e2af24730a0a298fbf0363dfbab7682dc65a1af:results/paired_acquisition_factorization_frontier_selected_crossbackbone_validation/run_log.txt|git:0e2af24730a0a298fbf0363dfbab7682dc65a1af:results/paired_acquisition_factorization_frontier_selected_crossbackbone_validation/experiment_design.json|git:0e2af24730a0a298fbf0363dfbab7682dc65a1af:experiments/scorpion/run_pathoalign_projection.py,archive_specific_run_id|exact_output_path_binding|exact_fold_seed_condition_variant_record|producing_invocation|verified_run_manifest|historical_archive_output_hash_binding,Locate or create a verified historical run manifest that uniquely links this archive path and invocation identifiers to an output hash; retain the expected value as a proposal until then.,Observed model label conflicts with path-consistent backbone metadata; the proposed model value is not proof of the historical producing backbone.
f4d7460bf25a6844ee7ba5cc1dc8eea8d72543d2a22ec8cd926a6d6c8422094a,results/paired_acquisition_factorization_frontier_selected_crossbackbone_validation/trained_runs/phikon/fold_0/runs/acq_dim8_default_seed_705/projected_features.npz,model_backbone_label_conflict,dinov2_pathoalign,phikon_pathoalign,metadata_json.model versus explicit path-consistent metadata_json.backbone,unresolved,medium,family_level_reconstructed_lineage_evidence|git:0e2af24730a0a298fbf0363dfbab7682dc65a1af:experiments/paired_acquisition/run_frontier_selected_crossbackbone_validation.py|git:0e2af24730a0a298fbf0363dfbab7682dc65a1af:results/paired_acquisition_factorization_frontier_selected_crossbackbone_validation/run_log.txt|git:0e2af24730a0a298fbf0363dfbab7682dc65a1af:results/paired_acquisition_factorization_frontier_selected_crossbackbone_validation/experiment_design.json|git:0e2af24730a0a298fbf0363dfbab7682dc65a1af:experiments/scorpion/run_pathoalign_projection.py,archive_specific_run_id|exact_output_path_binding|exact_fold_seed_condition_variant_record|producing_invocation|verified_run_manifest|historical_archive_output_hash_binding,Locate or create a verified historical run manifest that uniquely links this archive path and invocation identifiers to an output hash; retain the expected value as a proposal until then.,Observed model label conflicts with path-consistent backbone metadata; the proposed model value is not proof of the historical producing backbone.
e3869d6cb541c5a3e69f3fdc36394e76a00fa917feb29308eccfb0ff9d958046,results/paired_acquisition_factorization_frontier_selected_crossbackbone_validation/trained_runs/phikon/fold_1/runs/acq_dim16_stronger_xcov_seed_701/projected_features.npz,model_backbone_label_conflict,dinov2_pathoalign,phikon_pathoalign,metadata_json.model versus explicit path-consistent metadata_json.backbone,unresolved,medium,family_level_reconstructed_lineage_evidence|git:0e2af24730a0a298fbf0363dfbab7682dc65a1af:experiments/paired_acquisition/run_frontier_selected_crossbackbone_validation.py|git:0e2af24730a0a298fbf0363dfbab7682dc65a1af:results/paired_acquisition_factorization_frontier_selected_crossbackbone_validation/run_log.txt|git:0e2af24730a0a298fbf0363dfbab7682dc65a1af:results/paired_acquisition_factorization_frontier_selected_crossbackbone_validation/experiment_design.json|git:0e2af24730a0a298fbf0363dfbab7682dc65a1af:experiments/scorpion/run_pathoalign_projection.py,archive_specific_run_id|exact_output_path_binding|exact_fold_seed_condition_variant_record|producing_invocation|verified_run_manifest|historical_archive_output_hash_binding,Locate or create a verified historical run manifest that uniquely links this archive path and invocation identifiers to an output hash; retain the expected value as a proposal until then.,Observed model label conflicts with path-consistent backbone metadata; the proposed model value is not proof of the historical producing backbone.
e92460dcb0ac1f52153c2d602f54e55a05e55645f0426f0249bbf25318187ea6,results/paired_acquisition_factorization_frontier_selected_crossbackbone_validation/trained_runs/phikon/fold_1/runs/acq_dim16_stronger_xcov_seed_702/projected_features.npz,model_backbone_label_conflict,dinov2_pathoalign,phikon_pathoalign,metadata_json.model versus explicit path-consistent metadata_json.backbone,unresolved,medium,family_level_reconstructed_lineage_evidence|git:0e2af24730a0a298fbf0363dfbab7682dc65a1af:experiments/paired_acquisition/run_frontier_selected_crossbackbone_validation.py|git:0e2af24730a0a298fbf0363dfbab7682dc65a1af:results/paired_acquisition_factorization_frontier_selected_crossbackbone_validation/run_log.txt|git:0e2af24730a0a298fbf0363dfbab7682dc65a1af:results/paired_acquisition_factorization_frontier_selected_crossbackbone_validation/experiment_design.json|git:0e2af24730a0a298fbf0363dfbab7682dc65a1af:experiments/scorpion/run_pathoalign_projection.py,archive_specific_run_id|exact_output_path_binding|exact_fold_seed_condition_variant_record|producing_invocation|verified_run_manifest|historical_archive_output_hash_binding,Locate or create a verified historical run manifest that uniquely links this archive path and invocation identifiers to an output hash; retain the expected value as a proposal until then.,Observed model label conflicts with path-consistent backbone metadata; the proposed model value is not proof of the historical producing backbone.
c628b959d4de60420369fbac4cd8146c1a1c1018788084198bd9bcc8e049a204,results/paired_acquisition_factorization_frontier_selected_crossbackbone_validation/trained_runs/phikon/fold_1/runs/acq_dim16_stronger_xcov_seed_703/projected_features.npz,model_backbone_label_conflict,dinov2_pathoalign,phikon_pathoalign,metadata_json.model versus explicit path-consistent metadata_json.backbone,unresolved,medium,family_level_reconstructed_lineage_evidence|git:0e2af24730a0a298fbf0363dfbab7682dc65a1af:experiments/paired_acquisition/run_frontier_selected_crossbackbone_validation.py|git:0e2af24730a0a298fbf0363dfbab7682dc65a1af:results/paired_acquisition_factorization_frontier_selected_crossbackbone_validation/run_log.txt|git:0e2af24730a0a298fbf0363dfbab7682dc65a1af:results/paired_acquisition_factorization_frontier_selected_crossbackbone_validation/experiment_design.json|git:0e2af24730a0a298fbf0363dfbab7682dc65a1af:experiments/scorpion/run_pathoalign_projection.py,archive_specific_run_id|exact_output_path_binding|exact_fold_seed_condition_variant_record|producing_invocation|verified_run_manifest|historical_archive_output_hash_binding,Locate or create a verified historical run manifest that uniquely links this archive path and invocation identifiers to an output hash; retain the expected value as a proposal until then.,Observed model label conflicts with path-consistent backbone metadata; the proposed model value is not proof of the historical producing backbone.
3469bdd83a7ad847c14c661dde030639c016cb248ec332a6dd705539826d0824,results/paired_acquisition_factorization_frontier_selected_crossbackbone_validation/trained_runs/phikon/fold_1/runs/acq_dim16_stronger_xcov_seed_704/projected_features.npz,model_backbone_label_conflict,dinov2_pathoalign,phikon_pathoalign,metadata_json.model versus explicit path-consistent metadata_json.backbone,unresolved,medium,family_level_reconstructed_lineage_evidence|git:0e2af24730a0a298fbf0363dfbab7682dc65a1af:experiments/paired_acquisition/run_frontier_selected_crossbackbone_validation.py|git:0e2af24730a0a298fbf0363dfbab7682dc65a1af:results/paired_acquisition_factorization_frontier_selected_crossbackbone_validation/run_log.txt|git:0e2af24730a0a298fbf0363dfbab7682dc65a1af:results/paired_acquisition_factorization_frontier_selected_crossbackbone_validation/experiment_design.json|git:0e2af24730a0a298fbf0363dfbab7682dc65a1af:experiments/scorpion/run_pathoalign_projection.py,archive_specific_run_id|exact_output_path_binding|exact_fold_seed_condition_variant_record|producing_invocation|verified_run_manifest|historical_archive_output_hash_binding,Locate or create a verified historical run manifest that uniquely links this archive path and invocation identifiers to an output hash; retain the expected value as a proposal until then.,Observed model label conflicts with path-consistent backbone metadata; the proposed model value is not proof of the historical producing backbone.
1ba940a956c55cb44baf60da169eb4d5191077c8ff9bad790a9b71ce53ac0d38,results/paired_acquisition_factorization_frontier_selected_crossbackbone_validation/trained_runs/phikon/fold_1/runs/acq_dim16_stronger_xcov_seed_705/projected_features.npz,model_backbone_label_conflict,dinov2_pathoalign,phikon_pathoalign,metadata_json.model versus explicit path-consistent metadata_json.backbone,unresolved,medium,family_level_reconstructed_lineage_evidence|git:0e2af24730a0a298fbf0363dfbab7682dc65a1af:experiments/paired_acquisition/run_frontier_selected_crossbackbone_validation.py|git:0e2af24730a0a298fbf0363dfbab7682dc65a1af:results/paired_acquisition_factorization_frontier_selected_crossbackbone_validation/run_log.txt|git:0e2af24730a0a298fbf0363dfbab7682dc65a1af:results/paired_acquisition_factorization_frontier_selected_crossbackbone_validation/experiment_design.json|git:0e2af24730a0a298fbf0363dfbab7682dc65a1af:experiments/scorpion/run_pathoalign_projection.py,archive_specific_run_id|exact_output_path_binding|exact_fold_seed_condition_variant_record|producing_invocation|verified_run_manifest|historical_archive_output_hash_binding,Locate or create a verified historical run manifest that uniquely links this archive path and invocation identifiers to an output hash; retain the expected value as a proposal until then.,Observed model label conflicts with path-consistent backbone metadata; the proposed model value is not proof of the historical producing backbone.
1d2cf5b3ec3f13e6933ee2837161b0be710c78a404a8e686c56c76097e3d8c9c,results/paired_acquisition_factorization_frontier_selected_crossbackbone_validation/trained_runs/phikon/fold_1/runs/acq_dim8_default_seed_701/projected_features.npz,model_backbone_label_conflict,dinov2_pathoalign,phikon_pathoalign,metadata_json.model versus explicit path-consistent metadata_json.backbone,unresolved,medium,family_level_reconstructed_lineage_evidence|git:0e2af24730a0a298fbf0363dfbab7682dc65a1af:experiments/paired_acquisition/run_frontier_selected_crossbackbone_validation.py|git:0e2af24730a0a298fbf0363dfbab7682dc65a1af:results/paired_acquisition_factorization_frontier_selected_crossbackbone_validation/run_log.txt|git:0e2af24730a0a298fbf0363dfbab7682dc65a1af:results/paired_acquisition_factorization_frontier_selected_crossbackbone_validation/experiment_design.json|git:0e2af24730a0a298fbf0363dfbab7682dc65a1af:experiments/scorpion/run_pathoalign_projection.py,archive_specific_run_id|exact_output_path_binding|exact_fold_seed_condition_variant_record|producing_invocation|verified_run_manifest|historical_archive_output_hash_binding,Locate or create a verified historical run manifest that uniquely links this archive path and invocation identifiers to an output hash; retain the expected value as a proposal until then.,Observed model label conflicts with path-consistent backbone metadata; the proposed model value is not proof of the historical producing backbone.
e7751f1b9085cd5e3161cbf8bdb9d3d5b3f78b97d6071758cc2edd4b5de80ed2,results/paired_acquisition_factorization_frontier_selected_crossbackbone_validation/trained_runs/phikon/fold_1/runs/acq_dim8_default_seed_702/projected_features.npz,model_backbone_label_conflict,dinov2_pathoalign,phikon_pathoalign,metadata_json.model versus explicit path-consistent metadata_json.backbone,unresolved,medium,family_level_reconstructed_lineage_evidence|git:0e2af24730a0a298fbf0363dfbab7682dc65a1af:experiments/paired_acquisition/run_frontier_selected_crossbackbone_validation.py|git:0e2af24730a0a298fbf0363dfbab7682dc65a1af:results/paired_acquisition_factorization_frontier_selected_crossbackbone_validation/run_log.txt|git:0e2af24730a0a298fbf0363dfbab7682dc65a1af:results/paired_acquisition_factorization_frontier_selected_crossbackbone_validation/experiment_design.json|git:0e2af24730a0a298fbf0363dfbab7682dc65a1af:experiments/scorpion/run_pathoalign_projection.py,archive_specific_run_id|exact_output_path_binding|exact_fold_seed_condition_variant_record|producing_invocation|verified_run_manifest|historical_archive_output_hash_binding,Locate or create a verified historical run manifest that uniquely links this archive path and invocation identifiers to an output hash; retain the expected value as a proposal until then.,Observed model label conflicts with path-consistent backbone metadata; the proposed model value is not proof of the historical producing backbone.
b92fb7b15cf450e85b29573d065f1d4119b4f855f3beb33a0ab5c520664b1ccf,results/paired_acquisition_factorization_frontier_selected_crossbackbone_validation/trained_runs/phikon/fold_1/runs/acq_dim8_default_seed_703/projected_features.npz,model_backbone_label_conflict,dinov2_pathoalign,phikon_pathoalign,metadata_json.model versus explicit path-consistent metadata_json.backbone,unresolved,medium,family_level_reconstructed_lineage_evidence|git:0e2af24730a0a298fbf0363dfbab7682dc65a1af:experiments/paired_acquisition/run_frontier_selected_crossbackbone_validation.py|git:0e2af24730a0a298fbf0363dfbab7682dc65a1af:results/paired_acquisition_factorization_frontier_selected_crossbackbone_validation/run_log.txt|git:0e2af24730a0a298fbf0363dfbab7682dc65a1af:results/paired_acquisition_factorization_frontier_selected_crossbackbone_validation/experiment_design.json|git:0e2af24730a0a298fbf0363dfbab7682dc65a1af:experiments/scorpion/run_pathoalign_projection.py,archive_specific_run_id|exact_output_path_binding|exact_fold_seed_condition_variant_record|producing_invocation|verified_run_manifest|historical_archive_output_hash_binding,Locate or create a verified historical run manifest that uniquely links this archive path and invocation identifiers to an output hash; retain the expected value as a proposal until then.,Observed model label conflicts with path-consistent backbone metadata; the proposed model value is not proof of the historical producing backbone.
88b185839127221d192298830a9ea5d1895c06dd9454b3ce085a2a114e261aca,results/paired_acquisition_factorization_frontier_selected_crossbackbone_validation/trained_runs/phikon/fold_1/runs/acq_dim8_default_seed_704/projected_features.npz,model_backbone_label_conflict,dinov2_pathoalign,phikon_pathoalign,metadata_json.model versus explicit path-consistent metadata_json.backbone,unresolved,medium,family_level_reconstructed_lineage_evidence|git:0e2af24730a0a298fbf0363dfbab7682dc65a1af:experiments/paired_acquisition/run_frontier_selected_crossbackbone_validation.py|git:0e2af24730a0a298fbf0363dfbab7682dc65a1af:results/paired_acquisition_factorization_frontier_selected_crossbackbone_validation/run_log.txt|git:0e2af24730a0a298fbf0363dfbab7682dc65a1af:results/paired_acquisition_factorization_frontier_selected_crossbackbone_validation/experiment_design.json|git:0e2af24730a0a298fbf0363dfbab7682dc65a1af:experiments/scorpion/run_pathoalign_projection.py,archive_specific_run_id|exact_output_path_binding|exact_fold_seed_condition_variant_record|producing_invocation|verified_run_manifest|historical_archive_output_hash_binding,Locate or create a verified historical run manifest that uniquely links this archive path and invocation identifiers to an output hash; retain the expected value as a proposal until then.,Observed model label conflicts with path-consistent backbone metadata; the proposed model value is not proof of the historical producing backbone.
bf4c96fafccca4732281fca8726084702a8f9a9d2c165620cdc9e33276496515,results/paired_acquisition_factorization_frontier_selected_crossbackbone_validation/trained_runs/phikon/fold_1/runs/acq_dim8_default_seed_705/projected_features.npz,model_backbone_label_conflict,dinov2_pathoalign,phikon_pathoalign,metadata_json.model versus explicit path-consistent metadata_json.backbone,unresolved,medium,family_level_reconstructed_lineage_evidence|git:0e2af24730a0a298fbf0363dfbab7682dc65a1af:experiments/paired_acquisition/run_frontier_selected_crossbackbone_validation.py|git:0e2af24730a0a298fbf0363dfbab7682dc65a1af:results/paired_acquisition_factorization_frontier_selected_crossbackbone_validation/run_log.txt|git:0e2af24730a0a298fbf0363dfbab7682dc65a1af:results/paired_acquisition_factorization_frontier_selected_crossbackbone_validation/experiment_design.json|git:0e2af24730a0a298fbf0363dfbab7682dc65a1af:experiments/scorpion/run_pathoalign_projection.py,archive_specific_run_id|exact_output_path_binding|exact_fold_seed_condition_variant_record|producing_invocation|verified_run_manifest|historical_archive_output_hash_binding,Locate or create a verified historical run manifest that uniquely links this archive path and invocation identifiers to an output hash; retain the expected value as a proposal until then.,Observed model label conflicts with path-consistent backbone metadata; the proposed model value is not proof of the historical producing backbone.
244c151ff98c8df10fa7718d17d1732a883c7032a9c13609632af73c00d0ac82,results/paired_acquisition_factorization_frontier_selected_crossbackbone_validation/trained_runs/phikon/fold_2/runs/acq_dim16_stronger_xcov_seed_701/projected_features.npz,model_backbone_label_conflict,dinov2_pathoalign,phikon_pathoalign,metadata_json.model versus explicit path-consistent metadata_json.backbone,unresolved,medium,family_level_reconstructed_lineage_evidence|git:0e2af24730a0a298fbf0363dfbab7682dc65a1af:experiments/paired_acquisition/run_frontier_selected_crossbackbone_validation.py|git:0e2af24730a0a298fbf0363dfbab7682dc65a1af:results/paired_acquisition_factorization_frontier_selected_crossbackbone_validation/run_log.txt|git:0e2af24730a0a298fbf0363dfbab7682dc65a1af:results/paired_acquisition_factorization_frontier_selected_crossbackbone_validation/experiment_design.json|git:0e2af24730a0a298fbf0363dfbab7682dc65a1af:experiments/scorpion/run_pathoalign_projection.py,archive_specific_run_id|exact_output_path_binding|exact_fold_seed_condition_variant_record|producing_invocation|verified_run_manifest|historical_archive_output_hash_binding,Locate or create a verified historical run manifest that uniquely links this archive path and invocation identifiers to an output hash; retain the expected value as a proposal until then.,Observed model label conflicts with path-consistent backbone metadata; the proposed model value is not proof of the historical producing backbone.
3fb2514dbe65ada1500510834f199f875683c12fb04dbd11aa8ae10f70dc601e,results/paired_acquisition_factorization_frontier_selected_crossbackbone_validation/trained_runs/phikon/fold_2/runs/acq_dim16_stronger_xcov_seed_702/projected_features.npz,model_backbone_label_conflict,dinov2_pathoalign,phikon_pathoalign,metadata_json.model versus explicit path-consistent metadata_json.backbone,unresolved,medium,family_level_reconstructed_lineage_evidence|git:0e2af24730a0a298fbf0363dfbab7682dc65a1af:experiments/paired_acquisition/run_frontier_selected_crossbackbone_validation.py|git:0e2af24730a0a298fbf0363dfbab7682dc65a1af:results/paired_acquisition_factorization_frontier_selected_crossbackbone_validation/run_log.txt|git:0e2af24730a0a298fbf0363dfbab7682dc65a1af:results/paired_acquisition_factorization_frontier_selected_crossbackbone_validation/experiment_design.json|git:0e2af24730a0a298fbf0363dfbab7682dc65a1af:experiments/scorpion/run_pathoalign_projection.py,archive_specific_run_id|exact_output_path_binding|exact_fold_seed_condition_variant_record|producing_invocation|verified_run_manifest|historical_archive_output_hash_binding,Locate or create a verified historical run manifest that uniquely links this archive path and invocation identifiers to an output hash; retain the expected value as a proposal until then.,Observed model label conflicts with path-consistent backbone metadata; the proposed model value is not proof of the historical producing backbone.
d92064ae96433813251487946fa4e97088ae0e9d3afd8a74e6b8b13fa6578dad,results/paired_acquisition_factorization_frontier_selected_crossbackbone_validation/trained_runs/phikon/fold_2/runs/acq_dim16_stronger_xcov_seed_703/projected_features.npz,model_backbone_label_conflict,dinov2_pathoalign,phikon_pathoalign,metadata_json.model versus explicit path-consistent metadata_json.backbone,unresolved,medium,family_level_reconstructed_lineage_evidence|git:0e2af24730a0a298fbf0363dfbab7682dc65a1af:experiments/paired_acquisition/run_frontier_selected_crossbackbone_validation.py|git:0e2af24730a0a298fbf0363dfbab7682dc65a1af:results/paired_acquisition_factorization_frontier_selected_crossbackbone_validation/run_log.txt|git:0e2af24730a0a298fbf0363dfbab7682dc65a1af:results/paired_acquisition_factorization_frontier_selected_crossbackbone_validation/experiment_design.json|git:0e2af24730a0a298fbf0363dfbab7682dc65a1af:experiments/scorpion/run_pathoalign_projection.py,archive_specific_run_id|exact_output_path_binding|exact_fold_seed_condition_variant_record|producing_invocation|verified_run_manifest|historical_archive_output_hash_binding,Locate or create a verified historical run manifest that uniquely links this archive path and invocation identifiers to an output hash; retain the expected value as a proposal until then.,Observed model label conflicts with path-consistent backbone metadata; the proposed model value is not proof of the historical producing backbone.
5735e477f1928f93fb6c2f607ed08a64098a6adfe059b48879f814c3d0272964,results/paired_acquisition_factorization_frontier_selected_crossbackbone_validation/trained_runs/phikon/fold_2/runs/acq_dim16_stronger_xcov_seed_704/projected_features.npz,model_backbone_label_conflict,dinov2_pathoalign,phikon_pathoalign,metadata_json.model versus explicit path-consistent metadata_json.backbone,unresolved,medium,family_level_reconstructed_lineage_evidence|git:0e2af24730a0a298fbf0363dfbab7682dc65a1af:experiments/paired_acquisition/run_frontier_selected_crossbackbone_validation.py|git:0e2af24730a0a298fbf0363dfbab7682dc65a1af:results/paired_acquisition_factorization_frontier_selected_crossbackbone_validation/run_log.txt|git:0e2af24730a0a298fbf0363dfbab7682dc65a1af:results/paired_acquisition_factorization_frontier_selected_crossbackbone_validation/experiment_design.json|git:0e2af24730a0a298fbf0363dfbab7682dc65a1af:experiments/scorpion/run_pathoalign_projection.py,archive_specific_run_id|exact_output_path_binding|exact_fold_seed_condition_variant_record|producing_invocation|verified_run_manifest|historical_archive_output_hash_binding,Locate or create a verified historical run manifest that uniquely links this archive path and invocation identifiers to an output hash; retain the expected value as a proposal until then.,Observed model label conflicts with path-consistent backbone metadata; the proposed model value is not proof of the historical producing backbone.
b631b91cf88aa511c1bedc5995d084e4374a0acbb2271db3e74ca92c6e78819c,results/paired_acquisition_factorization_frontier_selected_crossbackbone_validation/trained_runs/phikon/fold_2/runs/acq_dim16_stronger_xcov_seed_705/projected_features.npz,model_backbone_label_conflict,dinov2_pathoalign,phikon_pathoalign,metadata_json.model versus explicit path-consistent metadata_json.backbone,unresolved,medium,family_level_reconstructed_lineage_evidence|git:0e2af24730a0a298fbf0363dfbab7682dc65a1af:experiments/paired_acquisition/run_frontier_selected_crossbackbone_validation.py|git:0e2af24730a0a298fbf0363dfbab7682dc65a1af:results/paired_acquisition_factorization_frontier_selected_crossbackbone_validation/run_log.txt|git:0e2af24730a0a298fbf0363dfbab7682dc65a1af:results/paired_acquisition_factorization_frontier_selected_crossbackbone_validation/experiment_design.json|git:0e2af24730a0a298fbf0363dfbab7682dc65a1af:experiments/scorpion/run_pathoalign_projection.py,archive_specific_run_id|exact_output_path_binding|exact_fold_seed_condition_variant_record|producing_invocation|verified_run_manifest|historical_archive_output_hash_binding,Locate or create a verified historical run manifest that uniquely links this archive path and invocation identifiers to an output hash; retain the expected value as a proposal until then.,Observed model label conflicts with path-consistent backbone metadata; the proposed model value is not proof of the historical producing backbone.
95a773e490d8eead21380f04a60eadb7e7d69b5a064bfbf47d704f7f247270c1,results/paired_acquisition_factorization_frontier_selected_crossbackbone_validation/trained_runs/phikon/fold_2/runs/acq_dim8_default_seed_701/projected_features.npz,model_backbone_label_conflict,dinov2_pathoalign,phikon_pathoalign,metadata_json.model versus explicit path-consistent metadata_json.backbone,unresolved,medium,family_level_reconstructed_lineage_evidence|git:0e2af24730a0a298fbf0363dfbab7682dc65a1af:experiments/paired_acquisition/run_frontier_selected_crossbackbone_validation.py|git:0e2af24730a0a298fbf0363dfbab7682dc65a1af:results/paired_acquisition_factorization_frontier_selected_crossbackbone_validation/run_log.txt|git:0e2af24730a0a298fbf0363dfbab7682dc65a1af:results/paired_acquisition_factorization_frontier_selected_crossbackbone_validation/experiment_design.json|git:0e2af24730a0a298fbf0363dfbab7682dc65a1af:experiments/scorpion/run_pathoalign_projection.py,archive_specific_run_id|exact_output_path_binding|exact_fold_seed_condition_variant_record|producing_invocation|verified_run_manifest|historical_archive_output_hash_binding,Locate or create a verified historical run manifest that uniquely links this archive path and invocation identifiers to an output hash; retain the expected value as a proposal until then.,Observed model label conflicts with path-consistent backbone metadata; the proposed model value is not proof of the historical producing backbone.
61c2f4f1e7526909a0121009dad9b29d8165863e6d84da121f0b57e2fbeffa2a,results/paired_acquisition_factorization_frontier_selected_crossbackbone_validation/trained_runs/phikon/fold_2/runs/acq_dim8_default_seed_702/projected_features.npz,model_backbone_label_conflict,dinov2_pathoalign,phikon_pathoalign,metadata_json.model versus explicit path-consistent metadata_json.backbone,unresolved,medium,family_level_reconstructed_lineage_evidence|git:0e2af24730a0a298fbf0363dfbab7682dc65a1af:experiments/paired_acquisition/run_frontier_selected_crossbackbone_validation.py|git:0e2af24730a0a298fbf0363dfbab7682dc65a1af:results/paired_acquisition_factorization_frontier_selected_crossbackbone_validation/run_log.txt|git:0e2af24730a0a298fbf0363dfbab7682dc65a1af:results/paired_acquisition_factorization_frontier_selected_crossbackbone_validation/experiment_design.json|git:0e2af24730a0a298fbf0363dfbab7682dc65a1af:experiments/scorpion/run_pathoalign_projection.py,archive_specific_run_id|exact_output_path_binding|exact_fold_seed_condition_variant_record|producing_invocation|verified_run_manifest|historical_archive_output_hash_binding,Locate or create a verified historical run manifest that uniquely links this archive path and invocation identifiers to an output hash; retain the expected value as a proposal until then.,Observed model label conflicts with path-consistent backbone metadata; the proposed model value is not proof of the historical producing backbone.
ff455befc32043586508ac65c50374d22645ac6605e60cedad56f0e18be29aca,results/paired_acquisition_factorization_frontier_selected_crossbackbone_validation/trained_runs/phikon/fold_2/runs/acq_dim8_default_seed_703/projected_features.npz,model_backbone_label_conflict,dinov2_pathoalign,phikon_pathoalign,metadata_json.model versus explicit path-consistent metadata_json.backbone,unresolved,medium,family_level_reconstructed_lineage_evidence|git:0e2af24730a0a298fbf0363dfbab7682dc65a1af:experiments/paired_acquisition/run_frontier_selected_crossbackbone_validation.py|git:0e2af24730a0a298fbf0363dfbab7682dc65a1af:results/paired_acquisition_factorization_frontier_selected_crossbackbone_validation/run_log.txt|git:0e2af24730a0a298fbf0363dfbab7682dc65a1af:results/paired_acquisition_factorization_frontier_selected_crossbackbone_validation/experiment_design.json|git:0e2af24730a0a298fbf0363dfbab7682dc65a1af:experiments/scorpion/run_pathoalign_projection.py,archive_specific_run_id|exact_output_path_binding|exact_fold_seed_condition_variant_record|producing_invocation|verified_run_manifest|historical_archive_output_hash_binding,Locate or create a verified historical run manifest that uniquely links this archive path and invocation identifiers to an output hash; retain the expected value as a proposal until then.,Observed model label conflicts with path-consistent backbone metadata; the proposed model value is not proof of the historical producing backbone.
6c68c4eea468129a35616a092552e9883c7992a2d38b54ffde7609f3da727dec,results/paired_acquisition_factorization_frontier_selected_crossbackbone_validation/trained_runs/phikon/fold_2/runs/acq_dim8_default_seed_704/projected_features.npz,model_backbone_label_conflict,dinov2_pathoalign,phikon_pathoalign,metadata_json.model versus explicit path-consistent metadata_json.backbone,unresolved,medium,family_level_reconstructed_lineage_evidence|git:0e2af24730a0a298fbf0363dfbab7682dc65a1af:experiments/paired_acquisition/run_frontier_selected_crossbackbone_validation.py|git:0e2af24730a0a298fbf0363dfbab7682dc65a1af:results/paired_acquisition_factorization_frontier_selected_crossbackbone_validation/run_log.txt|git:0e2af24730a0a298fbf0363dfbab7682dc65a1af:results/paired_acquisition_factorization_frontier_selected_crossbackbone_validation/experiment_design.json|git:0e2af24730a0a298fbf0363dfbab7682dc65a1af:experiments/scorpion/run_pathoalign_projection.py,archive_specific_run_id|exact_output_path_binding|exact_fold_seed_condition_variant_record|producing_invocation|verified_run_manifest|historical_archive_output_hash_binding,Locate or create a verified historical run manifest that uniquely links this archive path and invocation identifiers to an output hash; retain the expected value as a proposal until then.,Observed model label conflicts with path-consistent backbone metadata; the proposed model value is not proof of the historical producing backbone.
aa107d8984b16f724febdfaa26e546e63b3a43693d5fc60ed7831303e62bead0,results/paired_acquisition_factorization_frontier_selected_crossbackbone_validation/trained_runs/phikon/fold_2/runs/acq_dim8_default_seed_705/projected_features.npz,model_backbone_label_conflict,dinov2_pathoalign,phikon_pathoalign,metadata_json.model versus explicit path-consistent metadata_json.backbone,unresolved,medium,family_level_reconstructed_lineage_evidence|git:0e2af24730a0a298fbf0363dfbab7682dc65a1af:experiments/paired_acquisition/run_frontier_selected_crossbackbone_validation.py|git:0e2af24730a0a298fbf0363dfbab7682dc65a1af:results/paired_acquisition_factorization_frontier_selected_crossbackbone_validation/run_log.txt|git:0e2af24730a0a298fbf0363dfbab7682dc65a1af:results/paired_acquisition_factorization_frontier_selected_crossbackbone_validation/experiment_design.json|git:0e2af24730a0a298fbf0363dfbab7682dc65a1af:experiments/scorpion/run_pathoalign_projection.py,archive_specific_run_id|exact_output_path_binding|exact_fold_seed_condition_variant_record|producing_invocation|verified_run_manifest|historical_archive_output_hash_binding,Locate or create a verified historical run manifest that uniquely links this archive path and invocation identifiers to an output hash; retain the expected value as a proposal until then.,Observed model label conflicts with path-consistent backbone metadata; the proposed model value is not proof of the historical producing backbone.
b0015909b2612364fefe9669a49e4be4a1e193f9e3a6624e093d6150871f6962,results/paired_acquisition_factorization_frontier_selected_crossbackbone_validation/trained_runs/phikon/fold_3/runs/acq_dim16_stronger_xcov_seed_701/projected_features.npz,model_backbone_label_conflict,dinov2_pathoalign,phikon_pathoalign,metadata_json.model versus explicit path-consistent metadata_json.backbone,unresolved,medium,family_level_reconstructed_lineage_evidence|git:0e2af24730a0a298fbf0363dfbab7682dc65a1af:experiments/paired_acquisition/run_frontier_selected_crossbackbone_validation.py|git:0e2af24730a0a298fbf0363dfbab7682dc65a1af:results/paired_acquisition_factorization_frontier_selected_crossbackbone_validation/run_log.txt|git:0e2af24730a0a298fbf0363dfbab7682dc65a1af:results/paired_acquisition_factorization_frontier_selected_crossbackbone_validation/experiment_design.json|git:0e2af24730a0a298fbf0363dfbab7682dc65a1af:experiments/scorpion/run_pathoalign_projection.py,archive_specific_run_id|exact_output_path_binding|exact_fold_seed_condition_variant_record|producing_invocation|verified_run_manifest|historical_archive_output_hash_binding,Locate or create a verified historical run manifest that uniquely links this archive path and invocation identifiers to an output hash; retain the expected value as a proposal until then.,Observed model label conflicts with path-consistent backbone metadata; the proposed model value is not proof of the historical producing backbone.
e6cc8dbada4cc5ed2c7db70542bcd79248c4a9f0affc76724adff39ce48f0c24,results/paired_acquisition_factorization_frontier_selected_crossbackbone_validation/trained_runs/phikon/fold_3/runs/acq_dim16_stronger_xcov_seed_702/projected_features.npz,model_backbone_label_conflict,dinov2_pathoalign,phikon_pathoalign,metadata_json.model versus explicit path-consistent metadata_json.backbone,unresolved,medium,family_level_reconstructed_lineage_evidence|git:0e2af24730a0a298fbf0363dfbab7682dc65a1af:experiments/paired_acquisition/run_frontier_selected_crossbackbone_validation.py|git:0e2af24730a0a298fbf0363dfbab7682dc65a1af:results/paired_acquisition_factorization_frontier_selected_crossbackbone_validation/run_log.txt|git:0e2af24730a0a298fbf0363dfbab7682dc65a1af:results/paired_acquisition_factorization_frontier_selected_crossbackbone_validation/experiment_design.json|git:0e2af24730a0a298fbf0363dfbab7682dc65a1af:experiments/scorpion/run_pathoalign_projection.py,archive_specific_run_id|exact_output_path_binding|exact_fold_seed_condition_variant_record|producing_invocation|verified_run_manifest|historical_archive_output_hash_binding,Locate or create a verified historical run manifest that uniquely links this archive path and invocation identifiers to an output hash; retain the expected value as a proposal until then.,Observed model label conflicts with path-consistent backbone metadata; the proposed model value is not proof of the historical producing backbone.
427978157f71cb7375d645cd98749709c3285b48b211fe96c150d91cb40de297,results/paired_acquisition_factorization_frontier_selected_crossbackbone_validation/trained_runs/phikon/fold_3/runs/acq_dim16_stronger_xcov_seed_703/projected_features.npz,model_backbone_label_conflict,dinov2_pathoalign,phikon_pathoalign,metadata_json.model versus explicit path-consistent metadata_json.backbone,unresolved,medium,family_level_reconstructed_lineage_evidence|git:0e2af24730a0a298fbf0363dfbab7682dc65a1af:experiments/paired_acquisition/run_frontier_selected_crossbackbone_validation.py|git:0e2af24730a0a298fbf0363dfbab7682dc65a1af:results/paired_acquisition_factorization_frontier_selected_crossbackbone_validation/run_log.txt|git:0e2af24730a0a298fbf0363dfbab7682dc65a1af:results/paired_acquisition_factorization_frontier_selected_crossbackbone_validation/experiment_design.json|git:0e2af24730a0a298fbf0363dfbab7682dc65a1af:experiments/scorpion/run_pathoalign_projection.py,archive_specific_run_id|exact_output_path_binding|exact_fold_seed_condition_variant_record|producing_invocation|verified_run_manifest|historical_archive_output_hash_binding,Locate or create a verified historical run manifest that uniquely links this archive path and invocation identifiers to an output hash; retain the expected value as a proposal until then.,Observed model label conflicts with path-consistent backbone metadata; the proposed model value is not proof of the historical producing backbone.
1314347629de4bac4b871f11fba01d5045bc4fba5392dc7279409a7f1735bbe5,results/paired_acquisition_factorization_frontier_selected_crossbackbone_validation/trained_runs/phikon/fold_3/runs/acq_dim16_stronger_xcov_seed_704/projected_features.npz,model_backbone_label_conflict,dinov2_pathoalign,phikon_pathoalign,metadata_json.model versus explicit path-consistent metadata_json.backbone,unresolved,medium,family_level_reconstructed_lineage_evidence|git:0e2af24730a0a298fbf0363dfbab7682dc65a1af:experiments/paired_acquisition/run_frontier_selected_crossbackbone_validation.py|git:0e2af24730a0a298fbf0363dfbab7682dc65a1af:results/paired_acquisition_factorization_frontier_selected_crossbackbone_validation/run_log.txt|git:0e2af24730a0a298fbf0363dfbab7682dc65a1af:results/paired_acquisition_factorization_frontier_selected_crossbackbone_validation/experiment_design.json|git:0e2af24730a0a298fbf0363dfbab7682dc65a1af:experiments/scorpion/run_pathoalign_projection.py,archive_specific_run_id|exact_output_path_binding|exact_fold_seed_condition_variant_record|producing_invocation|verified_run_manifest|historical_archive_output_hash_binding,Locate or create a verified historical run manifest that uniquely links this archive path and invocation identifiers to an output hash; retain the expected value as a proposal until then.,Observed model label conflicts with path-consistent backbone metadata; the proposed model value is not proof of the historical producing backbone.
e96ad3d7414365f5086b402a6d44e7eb7fbd85c609c189169d9fa02bc2804327,results/paired_acquisition_factorization_frontier_selected_crossbackbone_validation/trained_runs/phikon/fold_3/runs/acq_dim16_stronger_xcov_seed_705/projected_features.npz,model_backbone_label_conflict,dinov2_pathoalign,phikon_pathoalign,metadata_json.model versus explicit path-consistent metadata_json.backbone,unresolved,medium,family_level_reconstructed_lineage_evidence|git:0e2af24730a0a298fbf0363dfbab7682dc65a1af:experiments/paired_acquisition/run_frontier_selected_crossbackbone_validation.py|git:0e2af24730a0a298fbf0363dfbab7682dc65a1af:results/paired_acquisition_factorization_frontier_selected_crossbackbone_validation/run_log.txt|git:0e2af24730a0a298fbf0363dfbab7682dc65a1af:results/paired_acquisition_factorization_frontier_selected_crossbackbone_validation/experiment_design.json|git:0e2af24730a0a298fbf0363dfbab7682dc65a1af:experiments/scorpion/run_pathoalign_projection.py,archive_specific_run_id|exact_output_path_binding|exact_fold_seed_condition_variant_record|producing_invocation|verified_run_manifest|historical_archive_output_hash_binding,Locate or create a verified historical run manifest that uniquely links this archive path and invocation identifiers to an output hash; retain the expected value as a proposal until then.,Observed model label conflicts with path-consistent backbone metadata; the proposed model value is not proof of the historical producing backbone.
cba83812b1f0cca213665a28b7af1acbb358399225c7d4f7116081a6cd7b7baa,results/paired_acquisition_factorization_frontier_selected_crossbackbone_validation/trained_runs/phikon/fold_3/runs/acq_dim8_default_seed_701/projected_features.npz,model_backbone_label_conflict,dinov2_pathoalign,phikon_pathoalign,metadata_json.model versus explicit path-consistent metadata_json.backbone,unresolved,medium,family_level_reconstructed_lineage_evidence|git:0e2af24730a0a298fbf0363dfbab7682dc65a1af:experiments/paired_acquisition/run_frontier_selected_crossbackbone_validation.py|git:0e2af24730a0a298fbf0363dfbab7682dc65a1af:results/paired_acquisition_factorization_frontier_selected_crossbackbone_validation/run_log.txt|git:0e2af24730a0a298fbf0363dfbab7682dc65a1af:results/paired_acquisition_factorization_frontier_selected_crossbackbone_validation/experiment_design.json|git:0e2af24730a0a298fbf0363dfbab7682dc65a1af:experiments/scorpion/run_pathoalign_projection.py,archive_specific_run_id|exact_output_path_binding|exact_fold_seed_condition_variant_record|producing_invocation|verified_run_manifest|historical_archive_output_hash_binding,Locate or create a verified historical run manifest that uniquely links this archive path and invocation identifiers to an output hash; retain the expected value as a proposal until then.,Observed model label conflicts with path-consistent backbone metadata; the proposed model value is not proof of the historical producing backbone.
04a88f4924f3c91e5fe699a38bfa0faf9b28c2aed7eb738bbffd8012f63f1cad,results/paired_acquisition_factorization_frontier_selected_crossbackbone_validation/trained_runs/phikon/fold_3/runs/acq_dim8_default_seed_702/projected_features.npz,model_backbone_label_conflict,dinov2_pathoalign,phikon_pathoalign,metadata_json.model versus explicit path-consistent metadata_json.backbone,unresolved,medium,family_level_reconstructed_lineage_evidence|git:0e2af24730a0a298fbf0363dfbab7682dc65a1af:experiments/paired_acquisition/run_frontier_selected_crossbackbone_validation.py|git:0e2af24730a0a298fbf0363dfbab7682dc65a1af:results/paired_acquisition_factorization_frontier_selected_crossbackbone_validation/run_log.txt|git:0e2af24730a0a298fbf0363dfbab7682dc65a1af:results/paired_acquisition_factorization_frontier_selected_crossbackbone_validation/experiment_design.json|git:0e2af24730a0a298fbf0363dfbab7682dc65a1af:experiments/scorpion/run_pathoalign_projection.py,archive_specific_run_id|exact_output_path_binding|exact_fold_seed_condition_variant_record|producing_invocation|verified_run_manifest|historical_archive_output_hash_binding,Locate or create a verified historical run manifest that uniquely links this archive path and invocation identifiers to an output hash; retain the expected value as a proposal until then.,Observed model label conflicts with path-consistent backbone metadata; the proposed model value is not proof of the historical producing backbone.
d48cf27473048028cab24836b4319a3a22d989b8c7d9c8517b48af5abc06941f,results/paired_acquisition_factorization_frontier_selected_crossbackbone_validation/trained_runs/phikon/fold_3/runs/acq_dim8_default_seed_703/projected_features.npz,model_backbone_label_conflict,dinov2_pathoalign,phikon_pathoalign,metadata_json.model versus explicit path-consistent metadata_json.backbone,unresolved,medium,family_level_reconstructed_lineage_evidence|git:0e2af24730a0a298fbf0363dfbab7682dc65a1af:experiments/paired_acquisition/run_frontier_selected_crossbackbone_validation.py|git:0e2af24730a0a298fbf0363dfbab7682dc65a1af:results/paired_acquisition_factorization_frontier_selected_crossbackbone_validation/run_log.txt|git:0e2af24730a0a298fbf0363dfbab7682dc65a1af:results/paired_acquisition_factorization_frontier_selected_crossbackbone_validation/experiment_design.json|git:0e2af24730a0a298fbf0363dfbab7682dc65a1af:experiments/scorpion/run_pathoalign_projection.py,archive_specific_run_id|exact_output_path_binding|exact_fold_seed_condition_variant_record|producing_invocation|verified_run_manifest|historical_archive_output_hash_binding,Locate or create a verified historical run manifest that uniquely links this archive path and invocation identifiers to an output hash; retain the expected value as a proposal until then.,Observed model label conflicts with path-consistent backbone metadata; the proposed model value is not proof of the historical producing backbone.
80e24d6d030f780780327c5c108a7948c40f7f20ab3d46b3bdda175660fd47d9,results/paired_acquisition_factorization_frontier_selected_crossbackbone_validation/trained_runs/phikon/fold_3/runs/acq_dim8_default_seed_704/projected_features.npz,model_backbone_label_conflict,dinov2_pathoalign,phikon_pathoalign,metadata_json.model versus explicit path-consistent metadata_json.backbone,unresolved,medium,family_level_reconstructed_lineage_evidence|git:0e2af24730a0a298fbf0363dfbab7682dc65a1af:experiments/paired_acquisition/run_frontier_selected_crossbackbone_validation.py|git:0e2af24730a0a298fbf0363dfbab7682dc65a1af:results/paired_acquisition_factorization_frontier_selected_crossbackbone_validation/run_log.txt|git:0e2af24730a0a298fbf0363dfbab7682dc65a1af:results/paired_acquisition_factorization_frontier_selected_crossbackbone_validation/experiment_design.json|git:0e2af24730a0a298fbf0363dfbab7682dc65a1af:experiments/scorpion/run_pathoalign_projection.py,archive_specific_run_id|exact_output_path_binding|exact_fold_seed_condition_variant_record|producing_invocation|verified_run_manifest|historical_archive_output_hash_binding,Locate or create a verified historical run manifest that uniquely links this archive path and invocation identifiers to an output hash; retain the expected value as a proposal until then.,Observed model label conflicts with path-consistent backbone metadata; the proposed model value is not proof of the historical producing backbone.
143cffbde97b32b770276da5dcf53e2121a8800c78bbe8e6a7155b03ea9a3350,results/paired_acquisition_factorization_frontier_selected_crossbackbone_validation/trained_runs/phikon/fold_3/runs/acq_dim8_default_seed_705/projected_features.npz,model_backbone_label_conflict,dinov2_pathoalign,phikon_pathoalign,metadata_json.model versus explicit path-consistent metadata_json.backbone,unresolved,medium,family_level_reconstructed_lineage_evidence|git:0e2af24730a0a298fbf0363dfbab7682dc65a1af:experiments/paired_acquisition/run_frontier_selected_crossbackbone_validation.py|git:0e2af24730a0a298fbf0363dfbab7682dc65a1af:results/paired_acquisition_factorization_frontier_selected_crossbackbone_validation/run_log.txt|git:0e2af24730a0a298fbf0363dfbab7682dc65a1af:results/paired_acquisition_factorization_frontier_selected_crossbackbone_validation/experiment_design.json|git:0e2af24730a0a298fbf0363dfbab7682dc65a1af:experiments/scorpion/run_pathoalign_projection.py,archive_specific_run_id|exact_output_path_binding|exact_fold_seed_condition_variant_record|producing_invocation|verified_run_manifest|historical_archive_output_hash_binding,Locate or create a verified historical run manifest that uniquely links this archive path and invocation identifiers to an output hash; retain the expected value as a proposal until then.,Observed model label conflicts with path-consistent backbone metadata; the proposed model value is not proof of the historical producing backbone.
691d64472b611906c94d1f917d57842c3e47c4448d6a8850c139687899a8bf00,results/paired_acquisition_factorization_frontier_selected_crossbackbone_validation/trained_runs/phikon/fold_4/runs/acq_dim16_stronger_xcov_seed_701/projected_features.npz,model_backbone_label_conflict,dinov2_pathoalign,phikon_pathoalign,metadata_json.model versus explicit path-consistent metadata_json.backbone,unresolved,medium,family_level_reconstructed_lineage_evidence|git:0e2af24730a0a298fbf0363dfbab7682dc65a1af:experiments/paired_acquisition/run_frontier_selected_crossbackbone_validation.py|git:0e2af24730a0a298fbf0363dfbab7682dc65a1af:results/paired_acquisition_factorization_frontier_selected_crossbackbone_validation/run_log.txt|git:0e2af24730a0a298fbf0363dfbab7682dc65a1af:results/paired_acquisition_factorization_frontier_selected_crossbackbone_validation/experiment_design.json|git:0e2af24730a0a298fbf0363dfbab7682dc65a1af:experiments/scorpion/run_pathoalign_projection.py,archive_specific_run_id|exact_output_path_binding|exact_fold_seed_condition_variant_record|producing_invocation|verified_run_manifest|historical_archive_output_hash_binding,Locate or create a verified historical run manifest that uniquely links this archive path and invocation identifiers to an output hash; retain the expected value as a proposal until then.,Observed model label conflicts with path-consistent backbone metadata; the proposed model value is not proof of the historical producing backbone.
91fe67fb707089f6a7e93836aa94ecf441a50807bf9b8829eadfce25e3c6c335,results/paired_acquisition_factorization_frontier_selected_crossbackbone_validation/trained_runs/phikon/fold_4/runs/acq_dim16_stronger_xcov_seed_702/projected_features.npz,model_backbone_label_conflict,dinov2_pathoalign,phikon_pathoalign,metadata_json.model versus explicit path-consistent metadata_json.backbone,unresolved,medium,family_level_reconstructed_lineage_evidence|git:0e2af24730a0a298fbf0363dfbab7682dc65a1af:experiments/paired_acquisition/run_frontier_selected_crossbackbone_validation.py|git:0e2af24730a0a298fbf0363dfbab7682dc65a1af:results/paired_acquisition_factorization_frontier_selected_crossbackbone_validation/run_log.txt|git:0e2af24730a0a298fbf0363dfbab7682dc65a1af:results/paired_acquisition_factorization_frontier_selected_crossbackbone_validation/experiment_design.json|git:0e2af24730a0a298fbf0363dfbab7682dc65a1af:experiments/scorpion/run_pathoalign_projection.py,archive_specific_run_id|exact_output_path_binding|exact_fold_seed_condition_variant_record|producing_invocation|verified_run_manifest|historical_archive_output_hash_binding,Locate or create a verified historical run manifest that uniquely links this archive path and invocation identifiers to an output hash; retain the expected value as a proposal until then.,Observed model label conflicts with path-consistent backbone metadata; the proposed model value is not proof of the historical producing backbone.
eabdf3e8714d5d9d289376ee319cd2a2ab38f8f39d64f3a0ceb8656e72f2c85c,results/paired_acquisition_factorization_frontier_selected_crossbackbone_validation/trained_runs/phikon/fold_4/runs/acq_dim16_stronger_xcov_seed_703/projected_features.npz,model_backbone_label_conflict,dinov2_pathoalign,phikon_pathoalign,metadata_json.model versus explicit path-consistent metadata_json.backbone,unresolved,medium,family_level_reconstructed_lineage_evidence|git:0e2af24730a0a298fbf0363dfbab7682dc65a1af:experiments/paired_acquisition/run_frontier_selected_crossbackbone_validation.py|git:0e2af24730a0a298fbf0363dfbab7682dc65a1af:results/paired_acquisition_factorization_frontier_selected_crossbackbone_validation/run_log.txt|git:0e2af24730a0a298fbf0363dfbab7682dc65a1af:results/paired_acquisition_factorization_frontier_selected_crossbackbone_validation/experiment_design.json|git:0e2af24730a0a298fbf0363dfbab7682dc65a1af:experiments/scorpion/run_pathoalign_projection.py,archive_specific_run_id|exact_output_path_binding|exact_fold_seed_condition_variant_record|producing_invocation|verified_run_manifest|historical_archive_output_hash_binding,Locate or create a verified historical run manifest that uniquely links this archive path and invocation identifiers to an output hash; retain the expected value as a proposal until then.,Observed model label conflicts with path-consistent backbone metadata; the proposed model value is not proof of the historical producing backbone.
5a00b578a7605d37f08f18a669ea990d0344f395262923cd1d8deb753d3999de,results/paired_acquisition_factorization_frontier_selected_crossbackbone_validation/trained_runs/phikon/fold_4/runs/acq_dim16_stronger_xcov_seed_704/projected_features.npz,model_backbone_label_conflict,dinov2_pathoalign,phikon_pathoalign,metadata_json.model versus explicit path-consistent metadata_json.backbone,unresolved,medium,family_level_reconstructed_lineage_evidence|git:0e2af24730a0a298fbf0363dfbab7682dc65a1af:experiments/paired_acquisition/run_frontier_selected_crossbackbone_validation.py|git:0e2af24730a0a298fbf0363dfbab7682dc65a1af:results/paired_acquisition_factorization_frontier_selected_crossbackbone_validation/run_log.txt|git:0e2af24730a0a298fbf0363dfbab7682dc65a1af:results/paired_acquisition_factorization_frontier_selected_crossbackbone_validation/experiment_design.json|git:0e2af24730a0a298fbf0363dfbab7682dc65a1af:experiments/scorpion/run_pathoalign_projection.py,archive_specific_run_id|exact_output_path_binding|exact_fold_seed_condition_variant_record|producing_invocation|verified_run_manifest|historical_archive_output_hash_binding,Locate or create a verified historical run manifest that uniquely links this archive path and invocation identifiers to an output hash; retain the expected value as a proposal until then.,Observed model label conflicts with path-consistent backbone metadata; the proposed model value is not proof of the historical producing backbone.
8503d802ea1d9b3be8dc1eabd770b00b7d6a024cb999f8ed87c4005fc6c4e4ee,results/paired_acquisition_factorization_frontier_selected_crossbackbone_validation/trained_runs/phikon/fold_4/runs/acq_dim16_stronger_xcov_seed_705/projected_features.npz,model_backbone_label_conflict,dinov2_pathoalign,phikon_pathoalign,metadata_json.model versus explicit path-consistent metadata_json.backbone,unresolved,medium,family_level_reconstructed_lineage_evidence|git:0e2af24730a0a298fbf0363dfbab7682dc65a1af:experiments/paired_acquisition/run_frontier_selected_crossbackbone_validation.py|git:0e2af24730a0a298fbf0363dfbab7682dc65a1af:results/paired_acquisition_factorization_frontier_selected_crossbackbone_validation/run_log.txt|git:0e2af24730a0a298fbf0363dfbab7682dc65a1af:results/paired_acquisition_factorization_frontier_selected_crossbackbone_validation/experiment_design.json|git:0e2af24730a0a298fbf0363dfbab7682dc65a1af:experiments/scorpion/run_pathoalign_projection.py,archive_specific_run_id|exact_output_path_binding|exact_fold_seed_condition_variant_record|producing_invocation|verified_run_manifest|historical_archive_output_hash_binding,Locate or create a verified historical run manifest that uniquely links this archive path and invocation identifiers to an output hash; retain the expected value as a proposal until then.,Observed model label conflicts with path-consistent backbone metadata; the proposed model value is not proof of the historical producing backbone.
a1a63294a3889662292c5bf30b4093bae156ceec3ac43e35d64d0d3bfa9e3e0c,results/paired_acquisition_factorization_frontier_selected_crossbackbone_validation/trained_runs/phikon/fold_4/runs/acq_dim8_default_seed_701/projected_features.npz,model_backbone_label_conflict,dinov2_pathoalign,phikon_pathoalign,metadata_json.model versus explicit path-consistent metadata_json.backbone,unresolved,medium,family_level_reconstructed_lineage_evidence|git:0e2af24730a0a298fbf0363dfbab7682dc65a1af:experiments/paired_acquisition/run_frontier_selected_crossbackbone_validation.py|git:0e2af24730a0a298fbf0363dfbab7682dc65a1af:results/paired_acquisition_factorization_frontier_selected_crossbackbone_validation/run_log.txt|git:0e2af24730a0a298fbf0363dfbab7682dc65a1af:results/paired_acquisition_factorization_frontier_selected_crossbackbone_validation/experiment_design.json|git:0e2af24730a0a298fbf0363dfbab7682dc65a1af:experiments/scorpion/run_pathoalign_projection.py,archive_specific_run_id|exact_output_path_binding|exact_fold_seed_condition_variant_record|producing_invocation|verified_run_manifest|historical_archive_output_hash_binding,Locate or create a verified historical run manifest that uniquely links this archive path and invocation identifiers to an output hash; retain the expected value as a proposal until then.,Observed model label conflicts with path-consistent backbone metadata; the proposed model value is not proof of the historical producing backbone.
7566f1cbd7c235c61147c5adc001c62730915261ec831823dd3eb38217d23252,results/paired_acquisition_factorization_frontier_selected_crossbackbone_validation/trained_runs/phikon/fold_4/runs/acq_dim8_default_seed_702/projected_features.npz,model_backbone_label_conflict,dinov2_pathoalign,phikon_pathoalign,metadata_json.model versus explicit path-consistent metadata_json.backbone,unresolved,medium,family_level_reconstructed_lineage_evidence|git:0e2af24730a0a298fbf0363dfbab7682dc65a1af:experiments/paired_acquisition/run_frontier_selected_crossbackbone_validation.py|git:0e2af24730a0a298fbf0363dfbab7682dc65a1af:results/paired_acquisition_factorization_frontier_selected_crossbackbone_validation/run_log.txt|git:0e2af24730a0a298fbf0363dfbab7682dc65a1af:results/paired_acquisition_factorization_frontier_selected_crossbackbone_validation/experiment_design.json|git:0e2af24730a0a298fbf0363dfbab7682dc65a1af:experiments/scorpion/run_pathoalign_projection.py,archive_specific_run_id|exact_output_path_binding|exact_fold_seed_condition_variant_record|producing_invocation|verified_run_manifest|historical_archive_output_hash_binding,Locate or create a verified historical run manifest that uniquely links this archive path and invocation identifiers to an output hash; retain the expected value as a proposal until then.,Observed model label conflicts with path-consistent backbone metadata; the proposed model value is not proof of the historical producing backbone.
9759a163634fb9137b2f80548bcf47f5def2e217274b9206dbd7d66320796724,results/paired_acquisition_factorization_frontier_selected_crossbackbone_validation/trained_runs/phikon/fold_4/runs/acq_dim8_default_seed_703/projected_features.npz,model_backbone_label_conflict,dinov2_pathoalign,phikon_pathoalign,metadata_json.model versus explicit path-consistent metadata_json.backbone,unresolved,medium,family_level_reconstructed_lineage_evidence|git:0e2af24730a0a298fbf0363dfbab7682dc65a1af:experiments/paired_acquisition/run_frontier_selected_crossbackbone_validation.py|git:0e2af24730a0a298fbf0363dfbab7682dc65a1af:results/paired_acquisition_factorization_frontier_selected_crossbackbone_validation/run_log.txt|git:0e2af24730a0a298fbf0363dfbab7682dc65a1af:results/paired_acquisition_factorization_frontier_selected_crossbackbone_validation/experiment_design.json|git:0e2af24730a0a298fbf0363dfbab7682dc65a1af:experiments/scorpion/run_pathoalign_projection.py,archive_specific_run_id|exact_output_path_binding|exact_fold_seed_condition_variant_record|producing_invocation|verified_run_manifest|historical_archive_output_hash_binding,Locate or create a verified historical run manifest that uniquely links this archive path and invocation identifiers to an output hash; retain the expected value as a proposal until then.,Observed model label conflicts with path-consistent backbone metadata; the proposed model value is not proof of the historical producing backbone.
c0939325b048035b553d3ff8e2737620cc15615b972fe38df7a0549b52093087,results/paired_acquisition_factorization_frontier_selected_crossbackbone_validation/trained_runs/phikon/fold_4/runs/acq_dim8_default_seed_704/projected_features.npz,model_backbone_label_conflict,dinov2_pathoalign,phikon_pathoalign,metadata_json.model versus explicit path-consistent metadata_json.backbone,unresolved,medium,family_level_reconstructed_lineage_evidence|git:0e2af24730a0a298fbf0363dfbab7682dc65a1af:experiments/paired_acquisition/run_frontier_selected_crossbackbone_validation.py|git:0e2af24730a0a298fbf0363dfbab7682dc65a1af:results/paired_acquisition_factorization_frontier_selected_crossbackbone_validation/run_log.txt|git:0e2af24730a0a298fbf0363dfbab7682dc65a1af:results/paired_acquisition_factorization_frontier_selected_crossbackbone_validation/experiment_design.json|git:0e2af24730a0a298fbf0363dfbab7682dc65a1af:experiments/scorpion/run_pathoalign_projection.py,archive_specific_run_id|exact_output_path_binding|exact_fold_seed_condition_variant_record|producing_invocation|verified_run_manifest|historical_archive_output_hash_binding,Locate or create a verified historical run manifest that uniquely links this archive path and invocation identifiers to an output hash; retain the expected value as a proposal until then.,Observed model label conflicts with path-consistent backbone metadata; the proposed model value is not proof of the historical producing backbone.
bc5ae3591dc3a3f58a0254086149875956fb5cd6390819f498429abd5c4563e0,results/paired_acquisition_factorization_frontier_selected_crossbackbone_validation/trained_runs/phikon/fold_4/runs/acq_dim8_default_seed_705/projected_features.npz,model_backbone_label_conflict,dinov2_pathoalign,phikon_pathoalign,metadata_json.model versus explicit path-consistent metadata_json.backbone,unresolved,medium,family_level_reconstructed_lineage_evidence|git:0e2af24730a0a298fbf0363dfbab7682dc65a1af:experiments/paired_acquisition/run_frontier_selected_crossbackbone_validation.py|git:0e2af24730a0a298fbf0363dfbab7682dc65a1af:results/paired_acquisition_factorization_frontier_selected_crossbackbone_validation/run_log.txt|git:0e2af24730a0a298fbf0363dfbab7682dc65a1af:results/paired_acquisition_factorization_frontier_selected_crossbackbone_validation/experiment_design.json|git:0e2af24730a0a298fbf0363dfbab7682dc65a1af:experiments/scorpion/run_pathoalign_projection.py,archive_specific_run_id|exact_output_path_binding|exact_fold_seed_condition_variant_record|producing_invocation|verified_run_manifest|historical_archive_output_hash_binding,Locate or create a verified historical run manifest that uniquely links this archive path and invocation identifiers to an output hash; retain the expected value as a proposal until then.,Observed model label conflicts with path-consistent backbone metadata; the proposed model value is not proof of the historical producing backbone.
68eb70e714df01710e3abd0d45ad28b00a4c1f3ea5410f47e67e4ffde2b17144,results/paired_acquisition_factorization_frontier_selected_crossbackbone_validation/trained_runs/resnet50/fold_0/runs/acq_dim16_stronger_xcov_seed_701/projected_features.npz,model_backbone_label_conflict,dinov2_pathoalign,resnet50_pathoalign,metadata_json.model versus explicit path-consistent metadata_json.backbone,unresolved,medium,family_level_reconstructed_lineage_evidence|git:0e2af24730a0a298fbf0363dfbab7682dc65a1af:experiments/paired_acquisition/run_frontier_selected_crossbackbone_validation.py|git:0e2af24730a0a298fbf0363dfbab7682dc65a1af:results/paired_acquisition_factorization_frontier_selected_crossbackbone_validation/run_log.txt|git:0e2af24730a0a298fbf0363dfbab7682dc65a1af:results/paired_acquisition_factorization_frontier_selected_crossbackbone_validation/experiment_design.json|git:0e2af24730a0a298fbf0363dfbab7682dc65a1af:experiments/scorpion/run_pathoalign_projection.py,archive_specific_run_id|exact_output_path_binding|exact_fold_seed_condition_variant_record|producing_invocation|verified_run_manifest|historical_archive_output_hash_binding,Locate or create a verified historical run manifest that uniquely links this archive path and invocation identifiers to an output hash; retain the expected value as a proposal until then.,Observed model label conflicts with path-consistent backbone metadata; the proposed model value is not proof of the historical producing backbone.
fbd0c2b59f0e664bc32ba95ad88cac02f17f2775928ebf764ac82557e8784568,results/paired_acquisition_factorization_frontier_selected_crossbackbone_validation/trained_runs/resnet50/fold_0/runs/acq_dim16_stronger_xcov_seed_702/projected_features.npz,model_backbone_label_conflict,dinov2_pathoalign,resnet50_pathoalign,metadata_json.model versus explicit path-consistent metadata_json.backbone,unresolved,medium,family_level_reconstructed_lineage_evidence|git:0e2af24730a0a298fbf0363dfbab7682dc65a1af:experiments/paired_acquisition/run_frontier_selected_crossbackbone_validation.py|git:0e2af24730a0a298fbf0363dfbab7682dc65a1af:results/paired_acquisition_factorization_frontier_selected_crossbackbone_validation/run_log.txt|git:0e2af24730a0a298fbf0363dfbab7682dc65a1af:results/paired_acquisition_factorization_frontier_selected_crossbackbone_validation/experiment_design.json|git:0e2af24730a0a298fbf0363dfbab7682dc65a1af:experiments/scorpion/run_pathoalign_projection.py,archive_specific_run_id|exact_output_path_binding|exact_fold_seed_condition_variant_record|producing_invocation|verified_run_manifest|historical_archive_output_hash_binding,Locate or create a verified historical run manifest that uniquely links this archive path and invocation identifiers to an output hash; retain the expected value as a proposal until then.,Observed model label conflicts with path-consistent backbone metadata; the proposed model value is not proof of the historical producing backbone.
b2f955f945ada93382001ab99f55140766a482050eff0598d6d327c9292b29ac,results/paired_acquisition_factorization_frontier_selected_crossbackbone_validation/trained_runs/resnet50/fold_0/runs/acq_dim16_stronger_xcov_seed_703/projected_features.npz,model_backbone_label_conflict,dinov2_pathoalign,resnet50_pathoalign,metadata_json.model versus explicit path-consistent metadata_json.backbone,unresolved,medium,family_level_reconstructed_lineage_evidence|git:0e2af24730a0a298fbf0363dfbab7682dc65a1af:experiments/paired_acquisition/run_frontier_selected_crossbackbone_validation.py|git:0e2af24730a0a298fbf0363dfbab7682dc65a1af:results/paired_acquisition_factorization_frontier_selected_crossbackbone_validation/run_log.txt|git:0e2af24730a0a298fbf0363dfbab7682dc65a1af:results/paired_acquisition_factorization_frontier_selected_crossbackbone_validation/experiment_design.json|git:0e2af24730a0a298fbf0363dfbab7682dc65a1af:experiments/scorpion/run_pathoalign_projection.py,archive_specific_run_id|exact_output_path_binding|exact_fold_seed_condition_variant_record|producing_invocation|verified_run_manifest|historical_archive_output_hash_binding,Locate or create a verified historical run manifest that uniquely links this archive path and invocation identifiers to an output hash; retain the expected value as a proposal until then.,Observed model label conflicts with path-consistent backbone metadata; the proposed model value is not proof of the historical producing backbone.
22fe7835cf67a313dcd04ee6824f2119e4715f3e9bfcdcdb437e2f7cc45eb3da,results/paired_acquisition_factorization_frontier_selected_crossbackbone_validation/trained_runs/resnet50/fold_0/runs/acq_dim16_stronger_xcov_seed_704/projected_features.npz,model_backbone_label_conflict,dinov2_pathoalign,resnet50_pathoalign,metadata_json.model versus explicit path-consistent metadata_json.backbone,unresolved,medium,family_level_reconstructed_lineage_evidence|git:0e2af24730a0a298fbf0363dfbab7682dc65a1af:experiments/paired_acquisition/run_frontier_selected_crossbackbone_validation.py|git:0e2af24730a0a298fbf0363dfbab7682dc65a1af:results/paired_acquisition_factorization_frontier_selected_crossbackbone_validation/run_log.txt|git:0e2af24730a0a298fbf0363dfbab7682dc65a1af:results/paired_acquisition_factorization_frontier_selected_crossbackbone_validation/experiment_design.json|git:0e2af24730a0a298fbf0363dfbab7682dc65a1af:experiments/scorpion/run_pathoalign_projection.py,archive_specific_run_id|exact_output_path_binding|exact_fold_seed_condition_variant_record|producing_invocation|verified_run_manifest|historical_archive_output_hash_binding,Locate or create a verified historical run manifest that uniquely links this archive path and invocation identifiers to an output hash; retain the expected value as a proposal until then.,Observed model label conflicts with path-consistent backbone metadata; the proposed model value is not proof of the historical producing backbone.
22822e10c1ca7a20cf8374a98b415f89f1cae72ca5bc30f91591ba31b9da0ca7,results/paired_acquisition_factorization_frontier_selected_crossbackbone_validation/trained_runs/resnet50/fold_0/runs/acq_dim16_stronger_xcov_seed_705/projected_features.npz,model_backbone_label_conflict,dinov2_pathoalign,resnet50_pathoalign,metadata_json.model versus explicit path-consistent metadata_json.backbone,unresolved,medium,family_level_reconstructed_lineage_evidence|git:0e2af24730a0a298fbf0363dfbab7682dc65a1af:experiments/paired_acquisition/run_frontier_selected_crossbackbone_validation.py|git:0e2af24730a0a298fbf0363dfbab7682dc65a1af:results/paired_acquisition_factorization_frontier_selected_crossbackbone_validation/run_log.txt|git:0e2af24730a0a298fbf0363dfbab7682dc65a1af:results/paired_acquisition_factorization_frontier_selected_crossbackbone_validation/experiment_design.json|git:0e2af24730a0a298fbf0363dfbab7682dc65a1af:experiments/scorpion/run_pathoalign_projection.py,archive_specific_run_id|exact_output_path_binding|exact_fold_seed_condition_variant_record|producing_invocation|verified_run_manifest|historical_archive_output_hash_binding,Locate or create a verified historical run manifest that uniquely links this archive path and invocation identifiers to an output hash; retain the expected value as a proposal until then.,Observed model label conflicts with path-consistent backbone metadata; the proposed model value is not proof of the historical producing backbone.
232be0870abb33765dc7425efb49e608eb70946355f2a8cb287365651a1cf674,results/paired_acquisition_factorization_frontier_selected_crossbackbone_validation/trained_runs/resnet50/fold_0/runs/acq_dim8_default_seed_701/projected_features.npz,model_backbone_label_conflict,dinov2_pathoalign,resnet50_pathoalign,metadata_json.model versus explicit path-consistent metadata_json.backbone,unresolved,medium,family_level_reconstructed_lineage_evidence|git:0e2af24730a0a298fbf0363dfbab7682dc65a1af:experiments/paired_acquisition/run_frontier_selected_crossbackbone_validation.py|git:0e2af24730a0a298fbf0363dfbab7682dc65a1af:results/paired_acquisition_factorization_frontier_selected_crossbackbone_validation/run_log.txt|git:0e2af24730a0a298fbf0363dfbab7682dc65a1af:results/paired_acquisition_factorization_frontier_selected_crossbackbone_validation/experiment_design.json|git:0e2af24730a0a298fbf0363dfbab7682dc65a1af:experiments/scorpion/run_pathoalign_projection.py,archive_specific_run_id|exact_output_path_binding|exact_fold_seed_condition_variant_record|producing_invocation|verified_run_manifest|historical_archive_output_hash_binding,Locate or create a verified historical run manifest that uniquely links this archive path and invocation identifiers to an output hash; retain the expected value as a proposal until then.,Observed model label conflicts with path-consistent backbone metadata; the proposed model value is not proof of the historical producing backbone.
7f3af5f1b163072c854de3a9333ccb0ff1a8c04e59de376478b9944f76a63fa0,results/paired_acquisition_factorization_frontier_selected_crossbackbone_validation/trained_runs/resnet50/fold_0/runs/acq_dim8_default_seed_702/projected_features.npz,model_backbone_label_conflict,dinov2_pathoalign,resnet50_pathoalign,metadata_json.model versus explicit path-consistent metadata_json.backbone,unresolved,medium,family_level_reconstructed_lineage_evidence|git:0e2af24730a0a298fbf0363dfbab7682dc65a1af:experiments/paired_acquisition/run_frontier_selected_crossbackbone_validation.py|git:0e2af24730a0a298fbf0363dfbab7682dc65a1af:results/paired_acquisition_factorization_frontier_selected_crossbackbone_validation/run_log.txt|git:0e2af24730a0a298fbf0363dfbab7682dc65a1af:results/paired_acquisition_factorization_frontier_selected_crossbackbone_validation/experiment_design.json|git:0e2af24730a0a298fbf0363dfbab7682dc65a1af:experiments/scorpion/run_pathoalign_projection.py,archive_specific_run_id|exact_output_path_binding|exact_fold_seed_condition_variant_record|producing_invocation|verified_run_manifest|historical_archive_output_hash_binding,Locate or create a verified historical run manifest that uniquely links this archive path and invocation identifiers to an output hash; retain the expected value as a proposal until then.,Observed model label conflicts with path-consistent backbone metadata; the proposed model value is not proof of the historical producing backbone.
32c02476a8e15e1742a13210547c97b52d299e660fb84b30284e0e94c01b9393,results/paired_acquisition_factorization_frontier_selected_crossbackbone_validation/trained_runs/resnet50/fold_0/runs/acq_dim8_default_seed_703/projected_features.npz,model_backbone_label_conflict,dinov2_pathoalign,resnet50_pathoalign,metadata_json.model versus explicit path-consistent metadata_json.backbone,unresolved,medium,family_level_reconstructed_lineage_evidence|git:0e2af24730a0a298fbf0363dfbab7682dc65a1af:experiments/paired_acquisition/run_frontier_selected_crossbackbone_validation.py|git:0e2af24730a0a298fbf0363dfbab7682dc65a1af:results/paired_acquisition_factorization_frontier_selected_crossbackbone_validation/run_log.txt|git:0e2af24730a0a298fbf0363dfbab7682dc65a1af:results/paired_acquisition_factorization_frontier_selected_crossbackbone_validation/experiment_design.json|git:0e2af24730a0a298fbf0363dfbab7682dc65a1af:experiments/scorpion/run_pathoalign_projection.py,archive_specific_run_id|exact_output_path_binding|exact_fold_seed_condition_variant_record|producing_invocation|verified_run_manifest|historical_archive_output_hash_binding,Locate or create a verified historical run manifest that uniquely links this archive path and invocation identifiers to an output hash; retain the expected value as a proposal until then.,Observed model label conflicts with path-consistent backbone metadata; the proposed model value is not proof of the historical producing backbone.
b5bf86e07b7408a36d55b9536cf2e08f8178eb4b3e252eec71cdc316d157102f,results/paired_acquisition_factorization_frontier_selected_crossbackbone_validation/trained_runs/resnet50/fold_0/runs/acq_dim8_default_seed_704/projected_features.npz,model_backbone_label_conflict,dinov2_pathoalign,resnet50_pathoalign,metadata_json.model versus explicit path-consistent metadata_json.backbone,unresolved,medium,family_level_reconstructed_lineage_evidence|git:0e2af24730a0a298fbf0363dfbab7682dc65a1af:experiments/paired_acquisition/run_frontier_selected_crossbackbone_validation.py|git:0e2af24730a0a298fbf0363dfbab7682dc65a1af:results/paired_acquisition_factorization_frontier_selected_crossbackbone_validation/run_log.txt|git:0e2af24730a0a298fbf0363dfbab7682dc65a1af:results/paired_acquisition_factorization_frontier_selected_crossbackbone_validation/experiment_design.json|git:0e2af24730a0a298fbf0363dfbab7682dc65a1af:experiments/scorpion/run_pathoalign_projection.py,archive_specific_run_id|exact_output_path_binding|exact_fold_seed_condition_variant_record|producing_invocation|verified_run_manifest|historical_archive_output_hash_binding,Locate or create a verified historical run manifest that uniquely links this archive path and invocation identifiers to an output hash; retain the expected value as a proposal until then.,Observed model label conflicts with path-consistent backbone metadata; the proposed model value is not proof of the historical producing backbone.
e56cb639b45b0620d61f8eab26c305bfca7772e136d9d61013a895e9b1d68c1e,results/paired_acquisition_factorization_frontier_selected_crossbackbone_validation/trained_runs/resnet50/fold_0/runs/acq_dim8_default_seed_705/projected_features.npz,model_backbone_label_conflict,dinov2_pathoalign,resnet50_pathoalign,metadata_json.model versus explicit path-consistent metadata_json.backbone,unresolved,medium,family_level_reconstructed_lineage_evidence|git:0e2af24730a0a298fbf0363dfbab7682dc65a1af:experiments/paired_acquisition/run_frontier_selected_crossbackbone_validation.py|git:0e2af24730a0a298fbf0363dfbab7682dc65a1af:results/paired_acquisition_factorization_frontier_selected_crossbackbone_validation/run_log.txt|git:0e2af24730a0a298fbf0363dfbab7682dc65a1af:results/paired_acquisition_factorization_frontier_selected_crossbackbone_validation/experiment_design.json|git:0e2af24730a0a298fbf0363dfbab7682dc65a1af:experiments/scorpion/run_pathoalign_projection.py,archive_specific_run_id|exact_output_path_binding|exact_fold_seed_condition_variant_record|producing_invocation|verified_run_manifest|historical_archive_output_hash_binding,Locate or create a verified historical run manifest that uniquely links this archive path and invocation identifiers to an output hash; retain the expected value as a proposal until then.,Observed model label conflicts with path-consistent backbone metadata; the proposed model value is not proof of the historical producing backbone.
178ebb542560bfb2dde61fcd27e8f8f24ed04c4f701844c335ea3381ca375d6a,results/paired_acquisition_factorization_frontier_selected_crossbackbone_validation/trained_runs/resnet50/fold_1/runs/acq_dim16_stronger_xcov_seed_701/projected_features.npz,model_backbone_label_conflict,dinov2_pathoalign,resnet50_pathoalign,metadata_json.model versus explicit path-consistent metadata_json.backbone,unresolved,medium,family_level_reconstructed_lineage_evidence|git:0e2af24730a0a298fbf0363dfbab7682dc65a1af:experiments/paired_acquisition/run_frontier_selected_crossbackbone_validation.py|git:0e2af24730a0a298fbf0363dfbab7682dc65a1af:results/paired_acquisition_factorization_frontier_selected_crossbackbone_validation/run_log.txt|git:0e2af24730a0a298fbf0363dfbab7682dc65a1af:results/paired_acquisition_factorization_frontier_selected_crossbackbone_validation/experiment_design.json|git:0e2af24730a0a298fbf0363dfbab7682dc65a1af:experiments/scorpion/run_pathoalign_projection.py,archive_specific_run_id|exact_output_path_binding|exact_fold_seed_condition_variant_record|producing_invocation|verified_run_manifest|historical_archive_output_hash_binding,Locate or create a verified historical run manifest that uniquely links this archive path and invocation identifiers to an output hash; retain the expected value as a proposal until then.,Observed model label conflicts with path-consistent backbone metadata; the proposed model value is not proof of the historical producing backbone.
3d11055a4118b7a3e5c868324a901da7e31da185a39fa2f21defa3e0b4b22190,results/paired_acquisition_factorization_frontier_selected_crossbackbone_validation/trained_runs/resnet50/fold_1/runs/acq_dim16_stronger_xcov_seed_702/projected_features.npz,model_backbone_label_conflict,dinov2_pathoalign,resnet50_pathoalign,metadata_json.model versus explicit path-consistent metadata_json.backbone,unresolved,medium,family_level_reconstructed_lineage_evidence|git:0e2af24730a0a298fbf0363dfbab7682dc65a1af:experiments/paired_acquisition/run_frontier_selected_crossbackbone_validation.py|git:0e2af24730a0a298fbf0363dfbab7682dc65a1af:results/paired_acquisition_factorization_frontier_selected_crossbackbone_validation/run_log.txt|git:0e2af24730a0a298fbf0363dfbab7682dc65a1af:results/paired_acquisition_factorization_frontier_selected_crossbackbone_validation/experiment_design.json|git:0e2af24730a0a298fbf0363dfbab7682dc65a1af:experiments/scorpion/run_pathoalign_projection.py,archive_specific_run_id|exact_output_path_binding|exact_fold_seed_condition_variant_record|producing_invocation|verified_run_manifest|historical_archive_output_hash_binding,Locate or create a verified historical run manifest that uniquely links this archive path and invocation identifiers to an output hash; retain the expected value as a proposal until then.,Observed model label conflicts with path-consistent backbone metadata; the proposed model value is not proof of the historical producing backbone.
2b8f424de0c30842d7dca36d38602b0250575c51b1242198407939ed200489a9,results/paired_acquisition_factorization_frontier_selected_crossbackbone_validation/trained_runs/resnet50/fold_1/runs/acq_dim16_stronger_xcov_seed_703/projected_features.npz,model_backbone_label_conflict,dinov2_pathoalign,resnet50_pathoalign,metadata_json.model versus explicit path-consistent metadata_json.backbone,unresolved,medium,family_level_reconstructed_lineage_evidence|git:0e2af24730a0a298fbf0363dfbab7682dc65a1af:experiments/paired_acquisition/run_frontier_selected_crossbackbone_validation.py|git:0e2af24730a0a298fbf0363dfbab7682dc65a1af:results/paired_acquisition_factorization_frontier_selected_crossbackbone_validation/run_log.txt|git:0e2af24730a0a298fbf0363dfbab7682dc65a1af:results/paired_acquisition_factorization_frontier_selected_crossbackbone_validation/experiment_design.json|git:0e2af24730a0a298fbf0363dfbab7682dc65a1af:experiments/scorpion/run_pathoalign_projection.py,archive_specific_run_id|exact_output_path_binding|exact_fold_seed_condition_variant_record|producing_invocation|verified_run_manifest|historical_archive_output_hash_binding,Locate or create a verified historical run manifest that uniquely links this archive path and invocation identifiers to an output hash; retain the expected value as a proposal until then.,Observed model label conflicts with path-consistent backbone metadata; the proposed model value is not proof of the historical producing backbone.
1ed6a6c6afa6ed00e598e62d5f40cbaccbf1b332a59a1f31738b2f39f6cff1fe,results/paired_acquisition_factorization_frontier_selected_crossbackbone_validation/trained_runs/resnet50/fold_1/runs/acq_dim16_stronger_xcov_seed_704/projected_features.npz,model_backbone_label_conflict,dinov2_pathoalign,resnet50_pathoalign,metadata_json.model versus explicit path-consistent metadata_json.backbone,unresolved,medium,family_level_reconstructed_lineage_evidence|git:0e2af24730a0a298fbf0363dfbab7682dc65a1af:experiments/paired_acquisition/run_frontier_selected_crossbackbone_validation.py|git:0e2af24730a0a298fbf0363dfbab7682dc65a1af:results/paired_acquisition_factorization_frontier_selected_crossbackbone_validation/run_log.txt|git:0e2af24730a0a298fbf0363dfbab7682dc65a1af:results/paired_acquisition_factorization_frontier_selected_crossbackbone_validation/experiment_design.json|git:0e2af24730a0a298fbf0363dfbab7682dc65a1af:experiments/scorpion/run_pathoalign_projection.py,archive_specific_run_id|exact_output_path_binding|exact_fold_seed_condition_variant_record|producing_invocation|verified_run_manifest|historical_archive_output_hash_binding,Locate or create a verified historical run manifest that uniquely links this archive path and invocation identifiers to an output hash; retain the expected value as a proposal until then.,Observed model label conflicts with path-consistent backbone metadata; the proposed model value is not proof of the historical producing backbone.
3248e597902284142ed226290646ac2160f585824c40c701ae82459a83b95ae0,results/paired_acquisition_factorization_frontier_selected_crossbackbone_validation/trained_runs/resnet50/fold_1/runs/acq_dim16_stronger_xcov_seed_705/projected_features.npz,model_backbone_label_conflict,dinov2_pathoalign,resnet50_pathoalign,metadata_json.model versus explicit path-consistent metadata_json.backbone,unresolved,medium,family_level_reconstructed_lineage_evidence|git:0e2af24730a0a298fbf0363dfbab7682dc65a1af:experiments/paired_acquisition/run_frontier_selected_crossbackbone_validation.py|git:0e2af24730a0a298fbf0363dfbab7682dc65a1af:results/paired_acquisition_factorization_frontier_selected_crossbackbone_validation/run_log.txt|git:0e2af24730a0a298fbf0363dfbab7682dc65a1af:results/paired_acquisition_factorization_frontier_selected_crossbackbone_validation/experiment_design.json|git:0e2af24730a0a298fbf0363dfbab7682dc65a1af:experiments/scorpion/run_pathoalign_projection.py,archive_specific_run_id|exact_output_path_binding|exact_fold_seed_condition_variant_record|producing_invocation|verified_run_manifest|historical_archive_output_hash_binding,Locate or create a verified historical run manifest that uniquely links this archive path and invocation identifiers to an output hash; retain the expected value as a proposal until then.,Observed model label conflicts with path-consistent backbone metadata; the proposed model value is not proof of the historical producing backbone.
eb22d9a86dbb1d646fa96252153fe35676679567ba31196d326c1a993b85e74e,results/paired_acquisition_factorization_frontier_selected_crossbackbone_validation/trained_runs/resnet50/fold_1/runs/acq_dim8_default_seed_701/projected_features.npz,model_backbone_label_conflict,dinov2_pathoalign,resnet50_pathoalign,metadata_json.model versus explicit path-consistent metadata_json.backbone,unresolved,medium,family_level_reconstructed_lineage_evidence|git:0e2af24730a0a298fbf0363dfbab7682dc65a1af:experiments/paired_acquisition/run_frontier_selected_crossbackbone_validation.py|git:0e2af24730a0a298fbf0363dfbab7682dc65a1af:results/paired_acquisition_factorization_frontier_selected_crossbackbone_validation/run_log.txt|git:0e2af24730a0a298fbf0363dfbab7682dc65a1af:results/paired_acquisition_factorization_frontier_selected_crossbackbone_validation/experiment_design.json|git:0e2af24730a0a298fbf0363dfbab7682dc65a1af:experiments/scorpion/run_pathoalign_projection.py,archive_specific_run_id|exact_output_path_binding|exact_fold_seed_condition_variant_record|producing_invocation|verified_run_manifest|historical_archive_output_hash_binding,Locate or create a verified historical run manifest that uniquely links this archive path and invocation identifiers to an output hash; retain the expected value as a proposal until then.,Observed model label conflicts with path-consistent backbone metadata; the proposed model value is not proof of the historical producing backbone.
d38686c1b3fb811d72870e2261713e3ac207261653974bc99aff732f39e9c38e,results/paired_acquisition_factorization_frontier_selected_crossbackbone_validation/trained_runs/resnet50/fold_1/runs/acq_dim8_default_seed_702/projected_features.npz,model_backbone_label_conflict,dinov2_pathoalign,resnet50_pathoalign,metadata_json.model versus explicit path-consistent metadata_json.backbone,unresolved,medium,family_level_reconstructed_lineage_evidence|git:0e2af24730a0a298fbf0363dfbab7682dc65a1af:experiments/paired_acquisition/run_frontier_selected_crossbackbone_validation.py|git:0e2af24730a0a298fbf0363dfbab7682dc65a1af:results/paired_acquisition_factorization_frontier_selected_crossbackbone_validation/run_log.txt|git:0e2af24730a0a298fbf0363dfbab7682dc65a1af:results/paired_acquisition_factorization_frontier_selected_crossbackbone_validation/experiment_design.json|git:0e2af24730a0a298fbf0363dfbab7682dc65a1af:experiments/scorpion/run_pathoalign_projection.py,archive_specific_run_id|exact_output_path_binding|exact_fold_seed_condition_variant_record|producing_invocation|verified_run_manifest|historical_archive_output_hash_binding,Locate or create a verified historical run manifest that uniquely links this archive path and invocation identifiers to an output hash; retain the expected value as a proposal until then.,Observed model label conflicts with path-consistent backbone metadata; the proposed model value is not proof of the historical producing backbone.
5303d79522c7c2526e73be7350f83d9a399e3b8d357286811b1e2dfc7cab020d,results/paired_acquisition_factorization_frontier_selected_crossbackbone_validation/trained_runs/resnet50/fold_1/runs/acq_dim8_default_seed_703/projected_features.npz,model_backbone_label_conflict,dinov2_pathoalign,resnet50_pathoalign,metadata_json.model versus explicit path-consistent metadata_json.backbone,unresolved,medium,family_level_reconstructed_lineage_evidence|git:0e2af24730a0a298fbf0363dfbab7682dc65a1af:experiments/paired_acquisition/run_frontier_selected_crossbackbone_validation.py|git:0e2af24730a0a298fbf0363dfbab7682dc65a1af:results/paired_acquisition_factorization_frontier_selected_crossbackbone_validation/run_log.txt|git:0e2af24730a0a298fbf0363dfbab7682dc65a1af:results/paired_acquisition_factorization_frontier_selected_crossbackbone_validation/experiment_design.json|git:0e2af24730a0a298fbf0363dfbab7682dc65a1af:experiments/scorpion/run_pathoalign_projection.py,archive_specific_run_id|exact_output_path_binding|exact_fold_seed_condition_variant_record|producing_invocation|verified_run_manifest|historical_archive_output_hash_binding,Locate or create a verified historical run manifest that uniquely links this archive path and invocation identifiers to an output hash; retain the expected value as a proposal until then.,Observed model label conflicts with path-consistent backbone metadata; the proposed model value is not proof of the historical producing backbone.
795cf5d68b560c1e0a0b26507ecc889ba152d4446eba34334816fe6398d2fbd4,results/paired_acquisition_factorization_frontier_selected_crossbackbone_validation/trained_runs/resnet50/fold_1/runs/acq_dim8_default_seed_704/projected_features.npz,model_backbone_label_conflict,dinov2_pathoalign,resnet50_pathoalign,metadata_json.model versus explicit path-consistent metadata_json.backbone,unresolved,medium,family_level_reconstructed_lineage_evidence|git:0e2af24730a0a298fbf0363dfbab7682dc65a1af:experiments/paired_acquisition/run_frontier_selected_crossbackbone_validation.py|git:0e2af24730a0a298fbf0363dfbab7682dc65a1af:results/paired_acquisition_factorization_frontier_selected_crossbackbone_validation/run_log.txt|git:0e2af24730a0a298fbf0363dfbab7682dc65a1af:results/paired_acquisition_factorization_frontier_selected_crossbackbone_validation/experiment_design.json|git:0e2af24730a0a298fbf0363dfbab7682dc65a1af:experiments/scorpion/run_pathoalign_projection.py,archive_specific_run_id|exact_output_path_binding|exact_fold_seed_condition_variant_record|producing_invocation|verified_run_manifest|historical_archive_output_hash_binding,Locate or create a verified historical run manifest that uniquely links this archive path and invocation identifiers to an output hash; retain the expected value as a proposal until then.,Observed model label conflicts with path-consistent backbone metadata; the proposed model value is not proof of the historical producing backbone.
6813acfa5e1fe99526dd014ae614b47695e0a85e78c5fa29d3bc46462879f02a,results/paired_acquisition_factorization_frontier_selected_crossbackbone_validation/trained_runs/resnet50/fold_1/runs/acq_dim8_default_seed_705/projected_features.npz,model_backbone_label_conflict,dinov2_pathoalign,resnet50_pathoalign,metadata_json.model versus explicit path-consistent metadata_json.backbone,unresolved,medium,family_level_reconstructed_lineage_evidence|git:0e2af24730a0a298fbf0363dfbab7682dc65a1af:experiments/paired_acquisition/run_frontier_selected_crossbackbone_validation.py|git:0e2af24730a0a298fbf0363dfbab7682dc65a1af:results/paired_acquisition_factorization_frontier_selected_crossbackbone_validation/run_log.txt|git:0e2af24730a0a298fbf0363dfbab7682dc65a1af:results/paired_acquisition_factorization_frontier_selected_crossbackbone_validation/experiment_design.json|git:0e2af24730a0a298fbf0363dfbab7682dc65a1af:experiments/scorpion/run_pathoalign_projection.py,archive_specific_run_id|exact_output_path_binding|exact_fold_seed_condition_variant_record|producing_invocation|verified_run_manifest|historical_archive_output_hash_binding,Locate or create a verified historical run manifest that uniquely links this archive path and invocation identifiers to an output hash; retain the expected value as a proposal until then.,Observed model label conflicts with path-consistent backbone metadata; the proposed model value is not proof of the historical producing backbone.
f33d672f87a36920fba74117f933a1667fbc3c35b1257143d34a63455aa57518,results/paired_acquisition_factorization_frontier_selected_crossbackbone_validation/trained_runs/resnet50/fold_2/runs/acq_dim16_stronger_xcov_seed_701/projected_features.npz,model_backbone_label_conflict,dinov2_pathoalign,resnet50_pathoalign,metadata_json.model versus explicit path-consistent metadata_json.backbone,unresolved,medium,family_level_reconstructed_lineage_evidence|git:0e2af24730a0a298fbf0363dfbab7682dc65a1af:experiments/paired_acquisition/run_frontier_selected_crossbackbone_validation.py|git:0e2af24730a0a298fbf0363dfbab7682dc65a1af:results/paired_acquisition_factorization_frontier_selected_crossbackbone_validation/run_log.txt|git:0e2af24730a0a298fbf0363dfbab7682dc65a1af:results/paired_acquisition_factorization_frontier_selected_crossbackbone_validation/experiment_design.json|git:0e2af24730a0a298fbf0363dfbab7682dc65a1af:experiments/scorpion/run_pathoalign_projection.py,archive_specific_run_id|exact_output_path_binding|exact_fold_seed_condition_variant_record|producing_invocation|verified_run_manifest|historical_archive_output_hash_binding,Locate or create a verified historical run manifest that uniquely links this archive path and invocation identifiers to an output hash; retain the expected value as a proposal until then.,Observed model label conflicts with path-consistent backbone metadata; the proposed model value is not proof of the historical producing backbone.
f40426277ebbf65f49e7d2157c77a07f610fed8d1d712746bc614fe7fdbee916,results/paired_acquisition_factorization_frontier_selected_crossbackbone_validation/trained_runs/resnet50/fold_2/runs/acq_dim16_stronger_xcov_seed_702/projected_features.npz,model_backbone_label_conflict,dinov2_pathoalign,resnet50_pathoalign,metadata_json.model versus explicit path-consistent metadata_json.backbone,unresolved,medium,family_level_reconstructed_lineage_evidence|git:0e2af24730a0a298fbf0363dfbab7682dc65a1af:experiments/paired_acquisition/run_frontier_selected_crossbackbone_validation.py|git:0e2af24730a0a298fbf0363dfbab7682dc65a1af:results/paired_acquisition_factorization_frontier_selected_crossbackbone_validation/run_log.txt|git:0e2af24730a0a298fbf0363dfbab7682dc65a1af:results/paired_acquisition_factorization_frontier_selected_crossbackbone_validation/experiment_design.json|git:0e2af24730a0a298fbf0363dfbab7682dc65a1af:experiments/scorpion/run_pathoalign_projection.py,archive_specific_run_id|exact_output_path_binding|exact_fold_seed_condition_variant_record|producing_invocation|verified_run_manifest|historical_archive_output_hash_binding,Locate or create a verified historical run manifest that uniquely links this archive path and invocation identifiers to an output hash; retain the expected value as a proposal until then.,Observed model label conflicts with path-consistent backbone metadata; the proposed model value is not proof of the historical producing backbone.
0a8da96cea5d7de00905c28d5ad897b9ac74510e1c38a784b532a6cf42ebee39,results/paired_acquisition_factorization_frontier_selected_crossbackbone_validation/trained_runs/resnet50/fold_2/runs/acq_dim16_stronger_xcov_seed_703/projected_features.npz,model_backbone_label_conflict,dinov2_pathoalign,resnet50_pathoalign,metadata_json.model versus explicit path-consistent metadata_json.backbone,unresolved,medium,family_level_reconstructed_lineage_evidence|git:0e2af24730a0a298fbf0363dfbab7682dc65a1af:experiments/paired_acquisition/run_frontier_selected_crossbackbone_validation.py|git:0e2af24730a0a298fbf0363dfbab7682dc65a1af:results/paired_acquisition_factorization_frontier_selected_crossbackbone_validation/run_log.txt|git:0e2af24730a0a298fbf0363dfbab7682dc65a1af:results/paired_acquisition_factorization_frontier_selected_crossbackbone_validation/experiment_design.json|git:0e2af24730a0a298fbf0363dfbab7682dc65a1af:experiments/scorpion/run_pathoalign_projection.py,archive_specific_run_id|exact_output_path_binding|exact_fold_seed_condition_variant_record|producing_invocation|verified_run_manifest|historical_archive_output_hash_binding,Locate or create a verified historical run manifest that uniquely links this archive path and invocation identifiers to an output hash; retain the expected value as a proposal until then.,Observed model label conflicts with path-consistent backbone metadata; the proposed model value is not proof of the historical producing backbone.
bc8c4baad9e587f171973a04770129fc051045c2baf0b8ca6e24f6d3d684da4b,results/paired_acquisition_factorization_frontier_selected_crossbackbone_validation/trained_runs/resnet50/fold_2/runs/acq_dim16_stronger_xcov_seed_704/projected_features.npz,model_backbone_label_conflict,dinov2_pathoalign,resnet50_pathoalign,metadata_json.model versus explicit path-consistent metadata_json.backbone,unresolved,medium,family_level_reconstructed_lineage_evidence|git:0e2af24730a0a298fbf0363dfbab7682dc65a1af:experiments/paired_acquisition/run_frontier_selected_crossbackbone_validation.py|git:0e2af24730a0a298fbf0363dfbab7682dc65a1af:results/paired_acquisition_factorization_frontier_selected_crossbackbone_validation/run_log.txt|git:0e2af24730a0a298fbf0363dfbab7682dc65a1af:results/paired_acquisition_factorization_frontier_selected_crossbackbone_validation/experiment_design.json|git:0e2af24730a0a298fbf0363dfbab7682dc65a1af:experiments/scorpion/run_pathoalign_projection.py,archive_specific_run_id|exact_output_path_binding|exact_fold_seed_condition_variant_record|producing_invocation|verified_run_manifest|historical_archive_output_hash_binding,Locate or create a verified historical run manifest that uniquely links this archive path and invocation identifiers to an output hash; retain the expected value as a proposal until then.,Observed model label conflicts with path-consistent backbone metadata; the proposed model value is not proof of the historical producing backbone.
73758fedff1a8f411c017c05e624370f669966b5c4860743f8acf7b41c7f5f5a,results/paired_acquisition_factorization_frontier_selected_crossbackbone_validation/trained_runs/resnet50/fold_2/runs/acq_dim16_stronger_xcov_seed_705/projected_features.npz,model_backbone_label_conflict,dinov2_pathoalign,resnet50_pathoalign,metadata_json.model versus explicit path-consistent metadata_json.backbone,unresolved,medium,family_level_reconstructed_lineage_evidence|git:0e2af24730a0a298fbf0363dfbab7682dc65a1af:experiments/paired_acquisition/run_frontier_selected_crossbackbone_validation.py|git:0e2af24730a0a298fbf0363dfbab7682dc65a1af:results/paired_acquisition_factorization_frontier_selected_crossbackbone_validation/run_log.txt|git:0e2af24730a0a298fbf0363dfbab7682dc65a1af:results/paired_acquisition_factorization_frontier_selected_crossbackbone_validation/experiment_design.json|git:0e2af24730a0a298fbf0363dfbab7682dc65a1af:experiments/scorpion/run_pathoalign_projection.py,archive_specific_run_id|exact_output_path_binding|exact_fold_seed_condition_variant_record|producing_invocation|verified_run_manifest|historical_archive_output_hash_binding,Locate or create a verified historical run manifest that uniquely links this archive path and invocation identifiers to an output hash; retain the expected value as a proposal until then.,Observed model label conflicts with path-consistent backbone metadata; the proposed model value is not proof of the historical producing backbone.
b42937228218fb997ebc04373dc6dbf644033a57256b3289ae292f5bdca7b345,results/paired_acquisition_factorization_frontier_selected_crossbackbone_validation/trained_runs/resnet50/fold_2/runs/acq_dim8_default_seed_701/projected_features.npz,model_backbone_label_conflict,dinov2_pathoalign,resnet50_pathoalign,metadata_json.model versus explicit path-consistent metadata_json.backbone,unresolved,medium,family_level_reconstructed_lineage_evidence|git:0e2af24730a0a298fbf0363dfbab7682dc65a1af:experiments/paired_acquisition/run_frontier_selected_crossbackbone_validation.py|git:0e2af24730a0a298fbf0363dfbab7682dc65a1af:results/paired_acquisition_factorization_frontier_selected_crossbackbone_validation/run_log.txt|git:0e2af24730a0a298fbf0363dfbab7682dc65a1af:results/paired_acquisition_factorization_frontier_selected_crossbackbone_validation/experiment_design.json|git:0e2af24730a0a298fbf0363dfbab7682dc65a1af:experiments/scorpion/run_pathoalign_projection.py,archive_specific_run_id|exact_output_path_binding|exact_fold_seed_condition_variant_record|producing_invocation|verified_run_manifest|historical_archive_output_hash_binding,Locate or create a verified historical run manifest that uniquely links this archive path and invocation identifiers to an output hash; retain the expected value as a proposal until then.,Observed model label conflicts with path-consistent backbone metadata; the proposed model value is not proof of the historical producing backbone.
d9117f8ae914075970a67b596d47f8d5add5a48229f6444f183f6452cf96150a,results/paired_acquisition_factorization_frontier_selected_crossbackbone_validation/trained_runs/resnet50/fold_2/runs/acq_dim8_default_seed_702/projected_features.npz,model_backbone_label_conflict,dinov2_pathoalign,resnet50_pathoalign,metadata_json.model versus explicit path-consistent metadata_json.backbone,unresolved,medium,family_level_reconstructed_lineage_evidence|git:0e2af24730a0a298fbf0363dfbab7682dc65a1af:experiments/paired_acquisition/run_frontier_selected_crossbackbone_validation.py|git:0e2af24730a0a298fbf0363dfbab7682dc65a1af:results/paired_acquisition_factorization_frontier_selected_crossbackbone_validation/run_log.txt|git:0e2af24730a0a298fbf0363dfbab7682dc65a1af:results/paired_acquisition_factorization_frontier_selected_crossbackbone_validation/experiment_design.json|git:0e2af24730a0a298fbf0363dfbab7682dc65a1af:experiments/scorpion/run_pathoalign_projection.py,archive_specific_run_id|exact_output_path_binding|exact_fold_seed_condition_variant_record|producing_invocation|verified_run_manifest|historical_archive_output_hash_binding,Locate or create a verified historical run manifest that uniquely links this archive path and invocation identifiers to an output hash; retain the expected value as a proposal until then.,Observed model label conflicts with path-consistent backbone metadata; the proposed model value is not proof of the historical producing backbone.
bd097772a1f2402c8bd42275beb7b637484c49f2f0bfa25854c29e6c5e92e473,results/paired_acquisition_factorization_frontier_selected_crossbackbone_validation/trained_runs/resnet50/fold_2/runs/acq_dim8_default_seed_703/projected_features.npz,model_backbone_label_conflict,dinov2_pathoalign,resnet50_pathoalign,metadata_json.model versus explicit path-consistent metadata_json.backbone,unresolved,medium,family_level_reconstructed_lineage_evidence|git:0e2af24730a0a298fbf0363dfbab7682dc65a1af:experiments/paired_acquisition/run_frontier_selected_crossbackbone_validation.py|git:0e2af24730a0a298fbf0363dfbab7682dc65a1af:results/paired_acquisition_factorization_frontier_selected_crossbackbone_validation/run_log.txt|git:0e2af24730a0a298fbf0363dfbab7682dc65a1af:results/paired_acquisition_factorization_frontier_selected_crossbackbone_validation/experiment_design.json|git:0e2af24730a0a298fbf0363dfbab7682dc65a1af:experiments/scorpion/run_pathoalign_projection.py,archive_specific_run_id|exact_output_path_binding|exact_fold_seed_condition_variant_record|producing_invocation|verified_run_manifest|historical_archive_output_hash_binding,Locate or create a verified historical run manifest that uniquely links this archive path and invocation identifiers to an output hash; retain the expected value as a proposal until then.,Observed model label conflicts with path-consistent backbone metadata; the proposed model value is not proof of the historical producing backbone.
99827b7f91d387e95f0b2e46c6d1cefa99d10ac7838f6b216b2c423943d96ef2,results/paired_acquisition_factorization_frontier_selected_crossbackbone_validation/trained_runs/resnet50/fold_2/runs/acq_dim8_default_seed_704/projected_features.npz,model_backbone_label_conflict,dinov2_pathoalign,resnet50_pathoalign,metadata_json.model versus explicit path-consistent metadata_json.backbone,unresolved,medium,family_level_reconstructed_lineage_evidence|git:0e2af24730a0a298fbf0363dfbab7682dc65a1af:experiments/paired_acquisition/run_frontier_selected_crossbackbone_validation.py|git:0e2af24730a0a298fbf0363dfbab7682dc65a1af:results/paired_acquisition_factorization_frontier_selected_crossbackbone_validation/run_log.txt|git:0e2af24730a0a298fbf0363dfbab7682dc65a1af:results/paired_acquisition_factorization_frontier_selected_crossbackbone_validation/experiment_design.json|git:0e2af24730a0a298fbf0363dfbab7682dc65a1af:experiments/scorpion/run_pathoalign_projection.py,archive_specific_run_id|exact_output_path_binding|exact_fold_seed_condition_variant_record|producing_invocation|verified_run_manifest|historical_archive_output_hash_binding,Locate or create a verified historical run manifest that uniquely links this archive path and invocation identifiers to an output hash; retain the expected value as a proposal until then.,Observed model label conflicts with path-consistent backbone metadata; the proposed model value is not proof of the historical producing backbone.
98e3d265a0bf75bff3be90c7c4b691d1049418f7d7670ee2464ebcbd9a22e5ef,results/paired_acquisition_factorization_frontier_selected_crossbackbone_validation/trained_runs/resnet50/fold_2/runs/acq_dim8_default_seed_705/projected_features.npz,model_backbone_label_conflict,dinov2_pathoalign,resnet50_pathoalign,metadata_json.model versus explicit path-consistent metadata_json.backbone,unresolved,medium,family_level_reconstructed_lineage_evidence|git:0e2af24730a0a298fbf0363dfbab7682dc65a1af:experiments/paired_acquisition/run_frontier_selected_crossbackbone_validation.py|git:0e2af24730a0a298fbf0363dfbab7682dc65a1af:results/paired_acquisition_factorization_frontier_selected_crossbackbone_validation/run_log.txt|git:0e2af24730a0a298fbf0363dfbab7682dc65a1af:results/paired_acquisition_factorization_frontier_selected_crossbackbone_validation/experiment_design.json|git:0e2af24730a0a298fbf0363dfbab7682dc65a1af:experiments/scorpion/run_pathoalign_projection.py,archive_specific_run_id|exact_output_path_binding|exact_fold_seed_condition_variant_record|producing_invocation|verified_run_manifest|historical_archive_output_hash_binding,Locate or create a verified historical run manifest that uniquely links this archive path and invocation identifiers to an output hash; retain the expected value as a proposal until then.,Observed model label conflicts with path-consistent backbone metadata; the proposed model value is not proof of the historical producing backbone.
efbd4725c8e84549bf2e0973cbcfb544347bca4ff993996ce3d5922ffd2a55a8,results/paired_acquisition_factorization_frontier_selected_crossbackbone_validation/trained_runs/resnet50/fold_3/runs/acq_dim16_stronger_xcov_seed_701/projected_features.npz,model_backbone_label_conflict,dinov2_pathoalign,resnet50_pathoalign,metadata_json.model versus explicit path-consistent metadata_json.backbone,unresolved,medium,family_level_reconstructed_lineage_evidence|git:0e2af24730a0a298fbf0363dfbab7682dc65a1af:experiments/paired_acquisition/run_frontier_selected_crossbackbone_validation.py|git:0e2af24730a0a298fbf0363dfbab7682dc65a1af:results/paired_acquisition_factorization_frontier_selected_crossbackbone_validation/run_log.txt|git:0e2af24730a0a298fbf0363dfbab7682dc65a1af:results/paired_acquisition_factorization_frontier_selected_crossbackbone_validation/experiment_design.json|git:0e2af24730a0a298fbf0363dfbab7682dc65a1af:experiments/scorpion/run_pathoalign_projection.py,archive_specific_run_id|exact_output_path_binding|exact_fold_seed_condition_variant_record|producing_invocation|verified_run_manifest|historical_archive_output_hash_binding,Locate or create a verified historical run manifest that uniquely links this archive path and invocation identifiers to an output hash; retain the expected value as a proposal until then.,Observed model label conflicts with path-consistent backbone metadata; the proposed model value is not proof of the historical producing backbone.
38d3f89286a9e9e9b5d2f57b46242dc0128bbbc4f73da614a1f4360bdea11ea5,results/paired_acquisition_factorization_frontier_selected_crossbackbone_validation/trained_runs/resnet50/fold_3/runs/acq_dim16_stronger_xcov_seed_702/projected_features.npz,model_backbone_label_conflict,dinov2_pathoalign,resnet50_pathoalign,metadata_json.model versus explicit path-consistent metadata_json.backbone,unresolved,medium,family_level_reconstructed_lineage_evidence|git:0e2af24730a0a298fbf0363dfbab7682dc65a1af:experiments/paired_acquisition/run_frontier_selected_crossbackbone_validation.py|git:0e2af24730a0a298fbf0363dfbab7682dc65a1af:results/paired_acquisition_factorization_frontier_selected_crossbackbone_validation/run_log.txt|git:0e2af24730a0a298fbf0363dfbab7682dc65a1af:results/paired_acquisition_factorization_frontier_selected_crossbackbone_validation/experiment_design.json|git:0e2af24730a0a298fbf0363dfbab7682dc65a1af:experiments/scorpion/run_pathoalign_projection.py,archive_specific_run_id|exact_output_path_binding|exact_fold_seed_condition_variant_record|producing_invocation|verified_run_manifest|historical_archive_output_hash_binding,Locate or create a verified historical run manifest that uniquely links this archive path and invocation identifiers to an output hash; retain the expected value as a proposal until then.,Observed model label conflicts with path-consistent backbone metadata; the proposed model value is not proof of the historical producing backbone.
0782b055dfe4c11f0c944cae5ea68603cf4cc7045ca97a88e8e45337fd1d8faf,results/paired_acquisition_factorization_frontier_selected_crossbackbone_validation/trained_runs/resnet50/fold_3/runs/acq_dim16_stronger_xcov_seed_703/projected_features.npz,model_backbone_label_conflict,dinov2_pathoalign,resnet50_pathoalign,metadata_json.model versus explicit path-consistent metadata_json.backbone,unresolved,medium,family_level_reconstructed_lineage_evidence|git:0e2af24730a0a298fbf0363dfbab7682dc65a1af:experiments/paired_acquisition/run_frontier_selected_crossbackbone_validation.py|git:0e2af24730a0a298fbf0363dfbab7682dc65a1af:results/paired_acquisition_factorization_frontier_selected_crossbackbone_validation/run_log.txt|git:0e2af24730a0a298fbf0363dfbab7682dc65a1af:results/paired_acquisition_factorization_frontier_selected_crossbackbone_validation/experiment_design.json|git:0e2af24730a0a298fbf0363dfbab7682dc65a1af:experiments/scorpion/run_pathoalign_projection.py,archive_specific_run_id|exact_output_path_binding|exact_fold_seed_condition_variant_record|producing_invocation|verified_run_manifest|historical_archive_output_hash_binding,Locate or create a verified historical run manifest that uniquely links this archive path and invocation identifiers to an output hash; retain the expected value as a proposal until then.,Observed model label conflicts with path-consistent backbone metadata; the proposed model value is not proof of the historical producing backbone.
1170c2b93d3b6088481ecf4ba081a127c21d6fb8ca665a2908d7ae6e9b298f02,results/paired_acquisition_factorization_frontier_selected_crossbackbone_validation/trained_runs/resnet50/fold_3/runs/acq_dim16_stronger_xcov_seed_704/projected_features.npz,model_backbone_label_conflict,dinov2_pathoalign,resnet50_pathoalign,metadata_json.model versus explicit path-consistent metadata_json.backbone,unresolved,medium,family_level_reconstructed_lineage_evidence|git:0e2af24730a0a298fbf0363dfbab7682dc65a1af:experiments/paired_acquisition/run_frontier_selected_crossbackbone_validation.py|git:0e2af24730a0a298fbf0363dfbab7682dc65a1af:results/paired_acquisition_factorization_frontier_selected_crossbackbone_validation/run_log.txt|git:0e2af24730a0a298fbf0363dfbab7682dc65a1af:results/paired_acquisition_factorization_frontier_selected_crossbackbone_validation/experiment_design.json|git:0e2af24730a0a298fbf0363dfbab7682dc65a1af:experiments/scorpion/run_pathoalign_projection.py,archive_specific_run_id|exact_output_path_binding|exact_fold_seed_condition_variant_record|producing_invocation|verified_run_manifest|historical_archive_output_hash_binding,Locate or create a verified historical run manifest that uniquely links this archive path and invocation identifiers to an output hash; retain the expected value as a proposal until then.,Observed model label conflicts with path-consistent backbone metadata; the proposed model value is not proof of the historical producing backbone.
6219c14a3d379ac0be8758c5c1677681bf914ba380e6ceed8e591034699184cf,results/paired_acquisition_factorization_frontier_selected_crossbackbone_validation/trained_runs/resnet50/fold_3/runs/acq_dim16_stronger_xcov_seed_705/projected_features.npz,model_backbone_label_conflict,dinov2_pathoalign,resnet50_pathoalign,metadata_json.model versus explicit path-consistent metadata_json.backbone,unresolved,medium,family_level_reconstructed_lineage_evidence|git:0e2af24730a0a298fbf0363dfbab7682dc65a1af:experiments/paired_acquisition/run_frontier_selected_crossbackbone_validation.py|git:0e2af24730a0a298fbf0363dfbab7682dc65a1af:results/paired_acquisition_factorization_frontier_selected_crossbackbone_validation/run_log.txt|git:0e2af24730a0a298fbf0363dfbab7682dc65a1af:results/paired_acquisition_factorization_frontier_selected_crossbackbone_validation/experiment_design.json|git:0e2af24730a0a298fbf0363dfbab7682dc65a1af:experiments/scorpion/run_pathoalign_projection.py,archive_specific_run_id|exact_output_path_binding|exact_fold_seed_condition_variant_record|producing_invocation|verified_run_manifest|historical_archive_output_hash_binding,Locate or create a verified historical run manifest that uniquely links this archive path and invocation identifiers to an output hash; retain the expected value as a proposal until then.,Observed model label conflicts with path-consistent backbone metadata; the proposed model value is not proof of the historical producing backbone.
f509ac0ab093d298c738b726675e6c21fce45500a4b00692f0daf5d0ff3fd481,results/paired_acquisition_factorization_frontier_selected_crossbackbone_validation/trained_runs/resnet50/fold_3/runs/acq_dim8_default_seed_701/projected_features.npz,model_backbone_label_conflict,dinov2_pathoalign,resnet50_pathoalign,metadata_json.model versus explicit path-consistent metadata_json.backbone,unresolved,medium,family_level_reconstructed_lineage_evidence|git:0e2af24730a0a298fbf0363dfbab7682dc65a1af:experiments/paired_acquisition/run_frontier_selected_crossbackbone_validation.py|git:0e2af24730a0a298fbf0363dfbab7682dc65a1af:results/paired_acquisition_factorization_frontier_selected_crossbackbone_validation/run_log.txt|git:0e2af24730a0a298fbf0363dfbab7682dc65a1af:results/paired_acquisition_factorization_frontier_selected_crossbackbone_validation/experiment_design.json|git:0e2af24730a0a298fbf0363dfbab7682dc65a1af:experiments/scorpion/run_pathoalign_projection.py,archive_specific_run_id|exact_output_path_binding|exact_fold_seed_condition_variant_record|producing_invocation|verified_run_manifest|historical_archive_output_hash_binding,Locate or create a verified historical run manifest that uniquely links this archive path and invocation identifiers to an output hash; retain the expected value as a proposal until then.,Observed model label conflicts with path-consistent backbone metadata; the proposed model value is not proof of the historical producing backbone.
40bbaa85398165e3f22a718bf290752885bf4d69470b7447975c0c8ded4043a9,results/paired_acquisition_factorization_frontier_selected_crossbackbone_validation/trained_runs/resnet50/fold_3/runs/acq_dim8_default_seed_702/projected_features.npz,model_backbone_label_conflict,dinov2_pathoalign,resnet50_pathoalign,metadata_json.model versus explicit path-consistent metadata_json.backbone,unresolved,medium,family_level_reconstructed_lineage_evidence|git:0e2af24730a0a298fbf0363dfbab7682dc65a1af:experiments/paired_acquisition/run_frontier_selected_crossbackbone_validation.py|git:0e2af24730a0a298fbf0363dfbab7682dc65a1af:results/paired_acquisition_factorization_frontier_selected_crossbackbone_validation/run_log.txt|git:0e2af24730a0a298fbf0363dfbab7682dc65a1af:results/paired_acquisition_factorization_frontier_selected_crossbackbone_validation/experiment_design.json|git:0e2af24730a0a298fbf0363dfbab7682dc65a1af:experiments/scorpion/run_pathoalign_projection.py,archive_specific_run_id|exact_output_path_binding|exact_fold_seed_condition_variant_record|producing_invocation|verified_run_manifest|historical_archive_output_hash_binding,Locate or create a verified historical run manifest that uniquely links this archive path and invocation identifiers to an output hash; retain the expected value as a proposal until then.,Observed model label conflicts with path-consistent backbone metadata; the proposed model value is not proof of the historical producing backbone.
ebb0bf15ed66a5d59b6911afd7ccbf87fe0043db49aec9b1e5000c98b8ab5f02,results/paired_acquisition_factorization_frontier_selected_crossbackbone_validation/trained_runs/resnet50/fold_3/runs/acq_dim8_default_seed_703/projected_features.npz,model_backbone_label_conflict,dinov2_pathoalign,resnet50_pathoalign,metadata_json.model versus explicit path-consistent metadata_json.backbone,unresolved,medium,family_level_reconstructed_lineage_evidence|git:0e2af24730a0a298fbf0363dfbab7682dc65a1af:experiments/paired_acquisition/run_frontier_selected_crossbackbone_validation.py|git:0e2af24730a0a298fbf0363dfbab7682dc65a1af:results/paired_acquisition_factorization_frontier_selected_crossbackbone_validation/run_log.txt|git:0e2af24730a0a298fbf0363dfbab7682dc65a1af:results/paired_acquisition_factorization_frontier_selected_crossbackbone_validation/experiment_design.json|git:0e2af24730a0a298fbf0363dfbab7682dc65a1af:experiments/scorpion/run_pathoalign_projection.py,archive_specific_run_id|exact_output_path_binding|exact_fold_seed_condition_variant_record|producing_invocation|verified_run_manifest|historical_archive_output_hash_binding,Locate or create a verified historical run manifest that uniquely links this archive path and invocation identifiers to an output hash; retain the expected value as a proposal until then.,Observed model label conflicts with path-consistent backbone metadata; the proposed model value is not proof of the historical producing backbone.
5347331678d360c281a1f552afb755f9528e7569df91d2914ffc17c767874278,results/paired_acquisition_factorization_frontier_selected_crossbackbone_validation/trained_runs/resnet50/fold_3/runs/acq_dim8_default_seed_704/projected_features.npz,model_backbone_label_conflict,dinov2_pathoalign,resnet50_pathoalign,metadata_json.model versus explicit path-consistent metadata_json.backbone,unresolved,medium,family_level_reconstructed_lineage_evidence|git:0e2af24730a0a298fbf0363dfbab7682dc65a1af:experiments/paired_acquisition/run_frontier_selected_crossbackbone_validation.py|git:0e2af24730a0a298fbf0363dfbab7682dc65a1af:results/paired_acquisition_factorization_frontier_selected_crossbackbone_validation/run_log.txt|git:0e2af24730a0a298fbf0363dfbab7682dc65a1af:results/paired_acquisition_factorization_frontier_selected_crossbackbone_validation/experiment_design.json|git:0e2af24730a0a298fbf0363dfbab7682dc65a1af:experiments/scorpion/run_pathoalign_projection.py,archive_specific_run_id|exact_output_path_binding|exact_fold_seed_condition_variant_record|producing_invocation|verified_run_manifest|historical_archive_output_hash_binding,Locate or create a verified historical run manifest that uniquely links this archive path and invocation identifiers to an output hash; retain the expected value as a proposal until then.,Observed model label conflicts with path-consistent backbone metadata; the proposed model value is not proof of the historical producing backbone.
edae3f57b762e4370f9c090d3b84b4c448f5beb6d9a5b8de70ad65ab110cdf63,results/paired_acquisition_factorization_frontier_selected_crossbackbone_validation/trained_runs/resnet50/fold_3/runs/acq_dim8_default_seed_705/projected_features.npz,model_backbone_label_conflict,dinov2_pathoalign,resnet50_pathoalign,metadata_json.model versus explicit path-consistent metadata_json.backbone,unresolved,medium,family_level_reconstructed_lineage_evidence|git:0e2af24730a0a298fbf0363dfbab7682dc65a1af:experiments/paired_acquisition/run_frontier_selected_crossbackbone_validation.py|git:0e2af24730a0a298fbf0363dfbab7682dc65a1af:results/paired_acquisition_factorization_frontier_selected_crossbackbone_validation/run_log.txt|git:0e2af24730a0a298fbf0363dfbab7682dc65a1af:results/paired_acquisition_factorization_frontier_selected_crossbackbone_validation/experiment_design.json|git:0e2af24730a0a298fbf0363dfbab7682dc65a1af:experiments/scorpion/run_pathoalign_projection.py,archive_specific_run_id|exact_output_path_binding|exact_fold_seed_condition_variant_record|producing_invocation|verified_run_manifest|historical_archive_output_hash_binding,Locate or create a verified historical run manifest that uniquely links this archive path and invocation identifiers to an output hash; retain the expected value as a proposal until then.,Observed model label conflicts with path-consistent backbone metadata; the proposed model value is not proof of the historical producing backbone.
eab3496611a0fb9c8b6f6c8630122ae9a34c6664a3dd30bf57fa7800900928b6,results/paired_acquisition_factorization_frontier_selected_crossbackbone_validation/trained_runs/resnet50/fold_4/runs/acq_dim16_stronger_xcov_seed_701/projected_features.npz,model_backbone_label_conflict,dinov2_pathoalign,resnet50_pathoalign,metadata_json.model versus explicit path-consistent metadata_json.backbone,unresolved,medium,family_level_reconstructed_lineage_evidence|git:0e2af24730a0a298fbf0363dfbab7682dc65a1af:experiments/paired_acquisition/run_frontier_selected_crossbackbone_validation.py|git:0e2af24730a0a298fbf0363dfbab7682dc65a1af:results/paired_acquisition_factorization_frontier_selected_crossbackbone_validation/run_log.txt|git:0e2af24730a0a298fbf0363dfbab7682dc65a1af:results/paired_acquisition_factorization_frontier_selected_crossbackbone_validation/experiment_design.json|git:0e2af24730a0a298fbf0363dfbab7682dc65a1af:experiments/scorpion/run_pathoalign_projection.py,archive_specific_run_id|exact_output_path_binding|exact_fold_seed_condition_variant_record|producing_invocation|verified_run_manifest|historical_archive_output_hash_binding,Locate or create a verified historical run manifest that uniquely links this archive path and invocation identifiers to an output hash; retain the expected value as a proposal until then.,Observed model label conflicts with path-consistent backbone metadata; the proposed model value is not proof of the historical producing backbone.
1c73ed6a4de5415383a866f0247928033cd0f048fab1b91819c661673fa6be23,results/paired_acquisition_factorization_frontier_selected_crossbackbone_validation/trained_runs/resnet50/fold_4/runs/acq_dim16_stronger_xcov_seed_702/projected_features.npz,model_backbone_label_conflict,dinov2_pathoalign,resnet50_pathoalign,metadata_json.model versus explicit path-consistent metadata_json.backbone,unresolved,medium,family_level_reconstructed_lineage_evidence|git:0e2af24730a0a298fbf0363dfbab7682dc65a1af:experiments/paired_acquisition/run_frontier_selected_crossbackbone_validation.py|git:0e2af24730a0a298fbf0363dfbab7682dc65a1af:results/paired_acquisition_factorization_frontier_selected_crossbackbone_validation/run_log.txt|git:0e2af24730a0a298fbf0363dfbab7682dc65a1af:results/paired_acquisition_factorization_frontier_selected_crossbackbone_validation/experiment_design.json|git:0e2af24730a0a298fbf0363dfbab7682dc65a1af:experiments/scorpion/run_pathoalign_projection.py,archive_specific_run_id|exact_output_path_binding|exact_fold_seed_condition_variant_record|producing_invocation|verified_run_manifest|historical_archive_output_hash_binding,Locate or create a verified historical run manifest that uniquely links this archive path and invocation identifiers to an output hash; retain the expected value as a proposal until then.,Observed model label conflicts with path-consistent backbone metadata; the proposed model value is not proof of the historical producing backbone.
67fa4d47a4a44d4ec3bb0d7078c84b63e7c5c30d78da1586ae72e9f7c83287b9,results/paired_acquisition_factorization_frontier_selected_crossbackbone_validation/trained_runs/resnet50/fold_4/runs/acq_dim16_stronger_xcov_seed_703/projected_features.npz,model_backbone_label_conflict,dinov2_pathoalign,resnet50_pathoalign,metadata_json.model versus explicit path-consistent metadata_json.backbone,unresolved,medium,family_level_reconstructed_lineage_evidence|git:0e2af24730a0a298fbf0363dfbab7682dc65a1af:experiments/paired_acquisition/run_frontier_selected_crossbackbone_validation.py|git:0e2af24730a0a298fbf0363dfbab7682dc65a1af:results/paired_acquisition_factorization_frontier_selected_crossbackbone_validation/run_log.txt|git:0e2af24730a0a298fbf0363dfbab7682dc65a1af:results/paired_acquisition_factorization_frontier_selected_crossbackbone_validation/experiment_design.json|git:0e2af24730a0a298fbf0363dfbab7682dc65a1af:experiments/scorpion/run_pathoalign_projection.py,archive_specific_run_id|exact_output_path_binding|exact_fold_seed_condition_variant_record|producing_invocation|verified_run_manifest|historical_archive_output_hash_binding,Locate or create a verified historical run manifest that uniquely links this archive path and invocation identifiers to an output hash; retain the expected value as a proposal until then.,Observed model label conflicts with path-consistent backbone metadata; the proposed model value is not proof of the historical producing backbone.
786206fdefb7e585960437bc88632401afb0d6cf65728ea152575d11aa1d6b8c,results/paired_acquisition_factorization_frontier_selected_crossbackbone_validation/trained_runs/resnet50/fold_4/runs/acq_dim16_stronger_xcov_seed_704/projected_features.npz,model_backbone_label_conflict,dinov2_pathoalign,resnet50_pathoalign,metadata_json.model versus explicit path-consistent metadata_json.backbone,unresolved,medium,family_level_reconstructed_lineage_evidence|git:0e2af24730a0a298fbf0363dfbab7682dc65a1af:experiments/paired_acquisition/run_frontier_selected_crossbackbone_validation.py|git:0e2af24730a0a298fbf0363dfbab7682dc65a1af:results/paired_acquisition_factorization_frontier_selected_crossbackbone_validation/run_log.txt|git:0e2af24730a0a298fbf0363dfbab7682dc65a1af:results/paired_acquisition_factorization_frontier_selected_crossbackbone_validation/experiment_design.json|git:0e2af24730a0a298fbf0363dfbab7682dc65a1af:experiments/scorpion/run_pathoalign_projection.py,archive_specific_run_id|exact_output_path_binding|exact_fold_seed_condition_variant_record|producing_invocation|verified_run_manifest|historical_archive_output_hash_binding,Locate or create a verified historical run manifest that uniquely links this archive path and invocation identifiers to an output hash; retain the expected value as a proposal until then.,Observed model label conflicts with path-consistent backbone metadata; the proposed model value is not proof of the historical producing backbone.
df39d5a61e81c31a31f53d4dea62124ad62631c916d35429bfba0c97b1edcc26,results/paired_acquisition_factorization_frontier_selected_crossbackbone_validation/trained_runs/resnet50/fold_4/runs/acq_dim16_stronger_xcov_seed_705/projected_features.npz,model_backbone_label_conflict,dinov2_pathoalign,resnet50_pathoalign,metadata_json.model versus explicit path-consistent metadata_json.backbone,unresolved,medium,family_level_reconstructed_lineage_evidence|git:0e2af24730a0a298fbf0363dfbab7682dc65a1af:experiments/paired_acquisition/run_frontier_selected_crossbackbone_validation.py|git:0e2af24730a0a298fbf0363dfbab7682dc65a1af:results/paired_acquisition_factorization_frontier_selected_crossbackbone_validation/run_log.txt|git:0e2af24730a0a298fbf0363dfbab7682dc65a1af:results/paired_acquisition_factorization_frontier_selected_crossbackbone_validation/experiment_design.json|git:0e2af24730a0a298fbf0363dfbab7682dc65a1af:experiments/scorpion/run_pathoalign_projection.py,archive_specific_run_id|exact_output_path_binding|exact_fold_seed_condition_variant_record|producing_invocation|verified_run_manifest|historical_archive_output_hash_binding,Locate or create a verified historical run manifest that uniquely links this archive path and invocation identifiers to an output hash; retain the expected value as a proposal until then.,Observed model label conflicts with path-consistent backbone metadata; the proposed model value is not proof of the historical producing backbone.
e619f600df2b3286f8d3e07c312bacedade8808ad37b25aeb9cebc242203fc18,results/paired_acquisition_factorization_frontier_selected_crossbackbone_validation/trained_runs/resnet50/fold_4/runs/acq_dim8_default_seed_701/projected_features.npz,model_backbone_label_conflict,dinov2_pathoalign,resnet50_pathoalign,metadata_json.model versus explicit path-consistent metadata_json.backbone,unresolved,medium,family_level_reconstructed_lineage_evidence|git:0e2af24730a0a298fbf0363dfbab7682dc65a1af:experiments/paired_acquisition/run_frontier_selected_crossbackbone_validation.py|git:0e2af24730a0a298fbf0363dfbab7682dc65a1af:results/paired_acquisition_factorization_frontier_selected_crossbackbone_validation/run_log.txt|git:0e2af24730a0a298fbf0363dfbab7682dc65a1af:results/paired_acquisition_factorization_frontier_selected_crossbackbone_validation/experiment_design.json|git:0e2af24730a0a298fbf0363dfbab7682dc65a1af:experiments/scorpion/run_pathoalign_projection.py,archive_specific_run_id|exact_output_path_binding|exact_fold_seed_condition_variant_record|producing_invocation|verified_run_manifest|historical_archive_output_hash_binding,Locate or create a verified historical run manifest that uniquely links this archive path and invocation identifiers to an output hash; retain the expected value as a proposal until then.,Observed model label conflicts with path-consistent backbone metadata; the proposed model value is not proof of the historical producing backbone.
73b3beb466188800783e0a14ab7d08a3e82e5429e78d5496ccd4c22d99d5cd5b,results/paired_acquisition_factorization_frontier_selected_crossbackbone_validation/trained_runs/resnet50/fold_4/runs/acq_dim8_default_seed_702/projected_features.npz,model_backbone_label_conflict,dinov2_pathoalign,resnet50_pathoalign,metadata_json.model versus explicit path-consistent metadata_json.backbone,unresolved,medium,family_level_reconstructed_lineage_evidence|git:0e2af24730a0a298fbf0363dfbab7682dc65a1af:experiments/paired_acquisition/run_frontier_selected_crossbackbone_validation.py|git:0e2af24730a0a298fbf0363dfbab7682dc65a1af:results/paired_acquisition_factorization_frontier_selected_crossbackbone_validation/run_log.txt|git:0e2af24730a0a298fbf0363dfbab7682dc65a1af:results/paired_acquisition_factorization_frontier_selected_crossbackbone_validation/experiment_design.json|git:0e2af24730a0a298fbf0363dfbab7682dc65a1af:experiments/scorpion/run_pathoalign_projection.py,archive_specific_run_id|exact_output_path_binding|exact_fold_seed_condition_variant_record|producing_invocation|verified_run_manifest|historical_archive_output_hash_binding,Locate or create a verified historical run manifest that uniquely links this archive path and invocation identifiers to an output hash; retain the expected value as a proposal until then.,Observed model label conflicts with path-consistent backbone metadata; the proposed model value is not proof of the historical producing backbone.
632e21f4a5106030dd078908bbac4baf7b0f7515170f238b9ae2976cb952226c,results/paired_acquisition_factorization_frontier_selected_crossbackbone_validation/trained_runs/resnet50/fold_4/runs/acq_dim8_default_seed_703/projected_features.npz,model_backbone_label_conflict,dinov2_pathoalign,resnet50_pathoalign,metadata_json.model versus explicit path-consistent metadata_json.backbone,unresolved,medium,family_level_reconstructed_lineage_evidence|git:0e2af24730a0a298fbf0363dfbab7682dc65a1af:experiments/paired_acquisition/run_frontier_selected_crossbackbone_validation.py|git:0e2af24730a0a298fbf0363dfbab7682dc65a1af:results/paired_acquisition_factorization_frontier_selected_crossbackbone_validation/run_log.txt|git:0e2af24730a0a298fbf0363dfbab7682dc65a1af:results/paired_acquisition_factorization_frontier_selected_crossbackbone_validation/experiment_design.json|git:0e2af24730a0a298fbf0363dfbab7682dc65a1af:experiments/scorpion/run_pathoalign_projection.py,archive_specific_run_id|exact_output_path_binding|exact_fold_seed_condition_variant_record|producing_invocation|verified_run_manifest|historical_archive_output_hash_binding,Locate or create a verified historical run manifest that uniquely links this archive path and invocation identifiers to an output hash; retain the expected value as a proposal until then.,Observed model label conflicts with path-consistent backbone metadata; the proposed model value is not proof of the historical producing backbone.
760ed387b5efa1024b475ebd78e2e99011ea235d2ee00c685415cdaddfedf370,results/paired_acquisition_factorization_frontier_selected_crossbackbone_validation/trained_runs/resnet50/fold_4/runs/acq_dim8_default_seed_704/projected_features.npz,model_backbone_label_conflict,dinov2_pathoalign,resnet50_pathoalign,metadata_json.model versus explicit path-consistent metadata_json.backbone,unresolved,medium,family_level_reconstructed_lineage_evidence|git:0e2af24730a0a298fbf0363dfbab7682dc65a1af:experiments/paired_acquisition/run_frontier_selected_crossbackbone_validation.py|git:0e2af24730a0a298fbf0363dfbab7682dc65a1af:results/paired_acquisition_factorization_frontier_selected_crossbackbone_validation/run_log.txt|git:0e2af24730a0a298fbf0363dfbab7682dc65a1af:results/paired_acquisition_factorization_frontier_selected_crossbackbone_validation/experiment_design.json|git:0e2af24730a0a298fbf0363dfbab7682dc65a1af:experiments/scorpion/run_pathoalign_projection.py,archive_specific_run_id|exact_output_path_binding|exact_fold_seed_condition_variant_record|producing_invocation|verified_run_manifest|historical_archive_output_hash_binding,Locate or create a verified historical run manifest that uniquely links this archive path and invocation identifiers to an output hash; retain the expected value as a proposal until then.,Observed model label conflicts with path-consistent backbone metadata; the proposed model value is not proof of the historical producing backbone.
80eb158700f987f52855d2f6395356bc4a6f3f26778ea73affbde1414a11e357,results/paired_acquisition_factorization_frontier_selected_crossbackbone_validation/trained_runs/resnet50/fold_4/runs/acq_dim8_default_seed_705/projected_features.npz,model_backbone_label_conflict,dinov2_pathoalign,resnet50_pathoalign,metadata_json.model versus explicit path-consistent metadata_json.backbone,unresolved,medium,family_level_reconstructed_lineage_evidence|git:0e2af24730a0a298fbf0363dfbab7682dc65a1af:experiments/paired_acquisition/run_frontier_selected_crossbackbone_validation.py|git:0e2af24730a0a298fbf0363dfbab7682dc65a1af:results/paired_acquisition_factorization_frontier_selected_crossbackbone_validation/run_log.txt|git:0e2af24730a0a298fbf0363dfbab7682dc65a1af:results/paired_acquisition_factorization_frontier_selected_crossbackbone_validation/experiment_design.json|git:0e2af24730a0a298fbf0363dfbab7682dc65a1af:experiments/scorpion/run_pathoalign_projection.py,archive_specific_run_id|exact_output_path_binding|exact_fold_seed_condition_variant_record|producing_invocation|verified_run_manifest|historical_archive_output_hash_binding,Locate or create a verified historical run manifest that uniquely links this archive path and invocation identifiers to an output hash; retain the expected value as a proposal until then.,Observed model label conflicts with path-consistent backbone metadata; the proposed model value is not proof of the historical producing backbone.
0e0bfe24cd1d8e2d74712a0137d5f60c8512fc746c98eea470f9869bf9ef91cb,results/paired_acquisition_factorization_pair_integrity_caninescc/fold_0/runs/shuffled_region_pairs_seed_911/projected_features.npz,source_label_conflict,SCORPION DINOv2 projection experiment,external_multiscanner_caninescc,metadata_json.source versus family/path-expected dataset token,unresolved,medium,family_level_reconstructed_lineage_evidence|git:43520b86210d0bfed8a2869d514639af6ce8e15a:experiments/canine/run_pair_integrity_falsification_caninescc.py|git:43520b86210d0bfed8a2869d514639af6ce8e15a:results/paired_acquisition_factorization_pair_integrity_caninescc/run_log.txt|git:43520b86210d0bfed8a2869d514639af6ce8e15a:experiments/scorpion/run_pathoalign_projection.py,archive_specific_run_id|exact_output_path_binding|exact_fold_seed_condition_variant_record|producing_invocation|verified_run_manifest|historical_archive_output_hash_binding,Locate or create a verified historical run manifest that uniquely links this archive path and invocation identifiers to an output hash; retain the expected value as a proposal until then.,Metadata-lineage inconsistency only; the proposed source value is not an adjudicated correction and does not imply that training or metrics are invalid.
0bf23ee771910d380b484b7eb37002b4583e8c05cae98cfcaadfbcc97e0ebcb6,results/paired_acquisition_factorization_pair_integrity_caninescc/fold_0/runs/shuffled_region_pairs_seed_912/projected_features.npz,source_label_conflict,SCORPION DINOv2 projection experiment,external_multiscanner_caninescc,metadata_json.source versus family/path-expected dataset token,unresolved,medium,family_level_reconstructed_lineage_evidence|git:43520b86210d0bfed8a2869d514639af6ce8e15a:experiments/canine/run_pair_integrity_falsification_caninescc.py|git:43520b86210d0bfed8a2869d514639af6ce8e15a:results/paired_acquisition_factorization_pair_integrity_caninescc/run_log.txt|git:43520b86210d0bfed8a2869d514639af6ce8e15a:experiments/scorpion/run_pathoalign_projection.py,archive_specific_run_id|exact_output_path_binding|exact_fold_seed_condition_variant_record|producing_invocation|verified_run_manifest|historical_archive_output_hash_binding,Locate or create a verified historical run manifest that uniquely links this archive path and invocation identifiers to an output hash; retain the expected value as a proposal until then.,Metadata-lineage inconsistency only; the proposed source value is not an adjudicated correction and does not imply that training or metrics are invalid.
1eb55b8e3f24b1516105a25bd87edad4bb8c3a7465bbbfe719f522c828bb2f75,results/paired_acquisition_factorization_pair_integrity_caninescc/fold_0/runs/shuffled_region_pairs_seed_913/projected_features.npz,source_label_conflict,SCORPION DINOv2 projection experiment,external_multiscanner_caninescc,metadata_json.source versus family/path-expected dataset token,unresolved,medium,family_level_reconstructed_lineage_evidence|git:43520b86210d0bfed8a2869d514639af6ce8e15a:experiments/canine/run_pair_integrity_falsification_caninescc.py|git:43520b86210d0bfed8a2869d514639af6ce8e15a:results/paired_acquisition_factorization_pair_integrity_caninescc/run_log.txt|git:43520b86210d0bfed8a2869d514639af6ce8e15a:experiments/scorpion/run_pathoalign_projection.py,archive_specific_run_id|exact_output_path_binding|exact_fold_seed_condition_variant_record|producing_invocation|verified_run_manifest|historical_archive_output_hash_binding,Locate or create a verified historical run manifest that uniquely links this archive path and invocation identifiers to an output hash; retain the expected value as a proposal until then.,Metadata-lineage inconsistency only; the proposed source value is not an adjudicated correction and does not imply that training or metrics are invalid.
16750357219341e7a07fe924c7d89000531537087d72e803054290b6d330d67e,results/paired_acquisition_factorization_pair_integrity_caninescc/fold_0/runs/shuffled_region_pairs_seed_914/projected_features.npz,source_label_conflict,SCORPION DINOv2 projection experiment,external_multiscanner_caninescc,metadata_json.source versus family/path-expected dataset token,unresolved,medium,family_level_reconstructed_lineage_evidence|git:43520b86210d0bfed8a2869d514639af6ce8e15a:experiments/canine/run_pair_integrity_falsification_caninescc.py|git:43520b86210d0bfed8a2869d514639af6ce8e15a:results/paired_acquisition_factorization_pair_integrity_caninescc/run_log.txt|git:43520b86210d0bfed8a2869d514639af6ce8e15a:experiments/scorpion/run_pathoalign_projection.py,archive_specific_run_id|exact_output_path_binding|exact_fold_seed_condition_variant_record|producing_invocation|verified_run_manifest|historical_archive_output_hash_binding,Locate or create a verified historical run manifest that uniquely links this archive path and invocation identifiers to an output hash; retain the expected value as a proposal until then.,Metadata-lineage inconsistency only; the proposed source value is not an adjudicated correction and does not imply that training or metrics are invalid.
4a321768fc71001364b64b5ab976f46ce1461f3d9493d8e78340e76adf1450de,results/paired_acquisition_factorization_pair_integrity_caninescc/fold_0/runs/shuffled_region_pairs_seed_915/projected_features.npz,source_label_conflict,SCORPION DINOv2 projection experiment,external_multiscanner_caninescc,metadata_json.source versus family/path-expected dataset token,unresolved,medium,family_level_reconstructed_lineage_evidence|git:43520b86210d0bfed8a2869d514639af6ce8e15a:experiments/canine/run_pair_integrity_falsification_caninescc.py|git:43520b86210d0bfed8a2869d514639af6ce8e15a:results/paired_acquisition_factorization_pair_integrity_caninescc/run_log.txt|git:43520b86210d0bfed8a2869d514639af6ce8e15a:experiments/scorpion/run_pathoalign_projection.py,archive_specific_run_id|exact_output_path_binding|exact_fold_seed_condition_variant_record|producing_invocation|verified_run_manifest|historical_archive_output_hash_binding,Locate or create a verified historical run manifest that uniquely links this archive path and invocation identifiers to an output hash; retain the expected value as a proposal until then.,Metadata-lineage inconsistency only; the proposed source value is not an adjudicated correction and does not imply that training or metrics are invalid.
e5d77ea1c6c7d879482eaa06f2c2c787a141b9b083768b5c5a1edbdf78aa39b1,results/paired_acquisition_factorization_pair_integrity_caninescc/fold_0/runs/shuffled_sample_pairs_seed_911/projected_features.npz,source_label_conflict,SCORPION DINOv2 projection experiment,external_multiscanner_caninescc,metadata_json.source versus family/path-expected dataset token,unresolved,medium,family_level_reconstructed_lineage_evidence|git:43520b86210d0bfed8a2869d514639af6ce8e15a:experiments/canine/run_pair_integrity_falsification_caninescc.py|git:43520b86210d0bfed8a2869d514639af6ce8e15a:results/paired_acquisition_factorization_pair_integrity_caninescc/run_log.txt|git:43520b86210d0bfed8a2869d514639af6ce8e15a:experiments/scorpion/run_pathoalign_projection.py,archive_specific_run_id|exact_output_path_binding|exact_fold_seed_condition_variant_record|producing_invocation|verified_run_manifest|historical_archive_output_hash_binding,Locate or create a verified historical run manifest that uniquely links this archive path and invocation identifiers to an output hash; retain the expected value as a proposal until then.,Metadata-lineage inconsistency only; the proposed source value is not an adjudicated correction and does not imply that training or metrics are invalid.
b189106b477c9c91d1c9bef0b84924486cfe75a7b6c38ab56307a0bc72b370c2,results/paired_acquisition_factorization_pair_integrity_caninescc/fold_0/runs/shuffled_sample_pairs_seed_912/projected_features.npz,source_label_conflict,SCORPION DINOv2 projection experiment,external_multiscanner_caninescc,metadata_json.source versus family/path-expected dataset token,unresolved,medium,family_level_reconstructed_lineage_evidence|git:43520b86210d0bfed8a2869d514639af6ce8e15a:experiments/canine/run_pair_integrity_falsification_caninescc.py|git:43520b86210d0bfed8a2869d514639af6ce8e15a:results/paired_acquisition_factorization_pair_integrity_caninescc/run_log.txt|git:43520b86210d0bfed8a2869d514639af6ce8e15a:experiments/scorpion/run_pathoalign_projection.py,archive_specific_run_id|exact_output_path_binding|exact_fold_seed_condition_variant_record|producing_invocation|verified_run_manifest|historical_archive_output_hash_binding,Locate or create a verified historical run manifest that uniquely links this archive path and invocation identifiers to an output hash; retain the expected value as a proposal until then.,Metadata-lineage inconsistency only; the proposed source value is not an adjudicated correction and does not imply that training or metrics are invalid.
dcb291f2efc2ec7f25ca4b64efe474c7a3e958071701fd5edad4e69120d825c4,results/paired_acquisition_factorization_pair_integrity_caninescc/fold_0/runs/shuffled_sample_pairs_seed_913/projected_features.npz,source_label_conflict,SCORPION DINOv2 projection experiment,external_multiscanner_caninescc,metadata_json.source versus family/path-expected dataset token,unresolved,medium,family_level_reconstructed_lineage_evidence|git:43520b86210d0bfed8a2869d514639af6ce8e15a:experiments/canine/run_pair_integrity_falsification_caninescc.py|git:43520b86210d0bfed8a2869d514639af6ce8e15a:results/paired_acquisition_factorization_pair_integrity_caninescc/run_log.txt|git:43520b86210d0bfed8a2869d514639af6ce8e15a:experiments/scorpion/run_pathoalign_projection.py,archive_specific_run_id|exact_output_path_binding|exact_fold_seed_condition_variant_record|producing_invocation|verified_run_manifest|historical_archive_output_hash_binding,Locate or create a verified historical run manifest that uniquely links this archive path and invocation identifiers to an output hash; retain the expected value as a proposal until then.,Metadata-lineage inconsistency only; the proposed source value is not an adjudicated correction and does not imply that training or metrics are invalid.
3ecc220068413329c7ca016585b76311a3e047ff7d37c55a158bb88beff9437f,results/paired_acquisition_factorization_pair_integrity_caninescc/fold_0/runs/shuffled_sample_pairs_seed_914/projected_features.npz,source_label_conflict,SCORPION DINOv2 projection experiment,external_multiscanner_caninescc,metadata_json.source versus family/path-expected dataset token,unresolved,medium,family_level_reconstructed_lineage_evidence|git:43520b86210d0bfed8a2869d514639af6ce8e15a:experiments/canine/run_pair_integrity_falsification_caninescc.py|git:43520b86210d0bfed8a2869d514639af6ce8e15a:results/paired_acquisition_factorization_pair_integrity_caninescc/run_log.txt|git:43520b86210d0bfed8a2869d514639af6ce8e15a:experiments/scorpion/run_pathoalign_projection.py,archive_specific_run_id|exact_output_path_binding|exact_fold_seed_condition_variant_record|producing_invocation|verified_run_manifest|historical_archive_output_hash_binding,Locate or create a verified historical run manifest that uniquely links this archive path and invocation identifiers to an output hash; retain the expected value as a proposal until then.,Metadata-lineage inconsistency only; the proposed source value is not an adjudicated correction and does not imply that training or metrics are invalid.
7726f64057fa2f3c4bff2254ccb7dda1f00655ed1d279cee7acb0a2b7abc8ad4,results/paired_acquisition_factorization_pair_integrity_caninescc/fold_0/runs/shuffled_sample_pairs_seed_915/projected_features.npz,source_label_conflict,SCORPION DINOv2 projection experiment,external_multiscanner_caninescc,metadata_json.source versus family/path-expected dataset token,unresolved,medium,family_level_reconstructed_lineage_evidence|git:43520b86210d0bfed8a2869d514639af6ce8e15a:experiments/canine/run_pair_integrity_falsification_caninescc.py|git:43520b86210d0bfed8a2869d514639af6ce8e15a:results/paired_acquisition_factorization_pair_integrity_caninescc/run_log.txt|git:43520b86210d0bfed8a2869d514639af6ce8e15a:experiments/scorpion/run_pathoalign_projection.py,archive_specific_run_id|exact_output_path_binding|exact_fold_seed_condition_variant_record|producing_invocation|verified_run_manifest|historical_archive_output_hash_binding,Locate or create a verified historical run manifest that uniquely links this archive path and invocation identifiers to an output hash; retain the expected value as a proposal until then.,Metadata-lineage inconsistency only; the proposed source value is not an adjudicated correction and does not imply that training or metrics are invalid.
c923d9ff776ad8af8a9a0b95582db9de6c6b693c3109872a7b4eb267692f470d,results/paired_acquisition_factorization_pair_integrity_caninescc/fold_0/runs/true_pairs_seed_911/projected_features.npz,source_label_conflict,SCORPION DINOv2 projection experiment,external_multiscanner_caninescc,metadata_json.source versus family/path-expected dataset token,unresolved,medium,family_level_reconstructed_lineage_evidence|git:43520b86210d0bfed8a2869d514639af6ce8e15a:experiments/canine/run_pair_integrity_falsification_caninescc.py|git:43520b86210d0bfed8a2869d514639af6ce8e15a:results/paired_acquisition_factorization_pair_integrity_caninescc/run_log.txt|git:43520b86210d0bfed8a2869d514639af6ce8e15a:experiments/scorpion/run_pathoalign_projection.py,archive_specific_run_id|exact_output_path_binding|exact_fold_seed_condition_variant_record|producing_invocation|verified_run_manifest|historical_archive_output_hash_binding,Locate or create a verified historical run manifest that uniquely links this archive path and invocation identifiers to an output hash; retain the expected value as a proposal until then.,Metadata-lineage inconsistency only; the proposed source value is not an adjudicated correction and does not imply that training or metrics are invalid.
2b11eb9af9d460ed5c35edfbf57d2a90503765843de09c9aef00a2b731703411,results/paired_acquisition_factorization_pair_integrity_caninescc/fold_0/runs/true_pairs_seed_912/projected_features.npz,source_label_conflict,SCORPION DINOv2 projection experiment,external_multiscanner_caninescc,metadata_json.source versus family/path-expected dataset token,unresolved,medium,family_level_reconstructed_lineage_evidence|git:43520b86210d0bfed8a2869d514639af6ce8e15a:experiments/canine/run_pair_integrity_falsification_caninescc.py|git:43520b86210d0bfed8a2869d514639af6ce8e15a:results/paired_acquisition_factorization_pair_integrity_caninescc/run_log.txt|git:43520b86210d0bfed8a2869d514639af6ce8e15a:experiments/scorpion/run_pathoalign_projection.py,archive_specific_run_id|exact_output_path_binding|exact_fold_seed_condition_variant_record|producing_invocation|verified_run_manifest|historical_archive_output_hash_binding,Locate or create a verified historical run manifest that uniquely links this archive path and invocation identifiers to an output hash; retain the expected value as a proposal until then.,Metadata-lineage inconsistency only; the proposed source value is not an adjudicated correction and does not imply that training or metrics are invalid.
3349d4e00940e61abd43b5351ba2781a6b838e6712d34262f0eedcf55dddc1ac,results/paired_acquisition_factorization_pair_integrity_caninescc/fold_0/runs/true_pairs_seed_913/projected_features.npz,source_label_conflict,SCORPION DINOv2 projection experiment,external_multiscanner_caninescc,metadata_json.source versus family/path-expected dataset token,unresolved,medium,family_level_reconstructed_lineage_evidence|git:43520b86210d0bfed8a2869d514639af6ce8e15a:experiments/canine/run_pair_integrity_falsification_caninescc.py|git:43520b86210d0bfed8a2869d514639af6ce8e15a:results/paired_acquisition_factorization_pair_integrity_caninescc/run_log.txt|git:43520b86210d0bfed8a2869d514639af6ce8e15a:experiments/scorpion/run_pathoalign_projection.py,archive_specific_run_id|exact_output_path_binding|exact_fold_seed_condition_variant_record|producing_invocation|verified_run_manifest|historical_archive_output_hash_binding,Locate or create a verified historical run manifest that uniquely links this archive path and invocation identifiers to an output hash; retain the expected value as a proposal until then.,Metadata-lineage inconsistency only; the proposed source value is not an adjudicated correction and does not imply that training or metrics are invalid.
234f6bd56cae928cf4ea6709256a6a5fe062ceb19cbaed7d47009c9889382cfc,results/paired_acquisition_factorization_pair_integrity_caninescc/fold_0/runs/true_pairs_seed_914/projected_features.npz,source_label_conflict,SCORPION DINOv2 projection experiment,external_multiscanner_caninescc,metadata_json.source versus family/path-expected dataset token,unresolved,medium,family_level_reconstructed_lineage_evidence|git:43520b86210d0bfed8a2869d514639af6ce8e15a:experiments/canine/run_pair_integrity_falsification_caninescc.py|git:43520b86210d0bfed8a2869d514639af6ce8e15a:results/paired_acquisition_factorization_pair_integrity_caninescc/run_log.txt|git:43520b86210d0bfed8a2869d514639af6ce8e15a:experiments/scorpion/run_pathoalign_projection.py,archive_specific_run_id|exact_output_path_binding|exact_fold_seed_condition_variant_record|producing_invocation|verified_run_manifest|historical_archive_output_hash_binding,Locate or create a verified historical run manifest that uniquely links this archive path and invocation identifiers to an output hash; retain the expected value as a proposal until then.,Metadata-lineage inconsistency only; the proposed source value is not an adjudicated correction and does not imply that training or metrics are invalid.
a4cafdab7e4e7f1b95f3a2e8c5c6a3ef93ee5496328153af7c571eaa33dc2591,results/paired_acquisition_factorization_pair_integrity_caninescc/fold_0/runs/true_pairs_seed_915/projected_features.npz,source_label_conflict,SCORPION DINOv2 projection experiment,external_multiscanner_caninescc,metadata_json.source versus family/path-expected dataset token,unresolved,medium,family_level_reconstructed_lineage_evidence|git:43520b86210d0bfed8a2869d514639af6ce8e15a:experiments/canine/run_pair_integrity_falsification_caninescc.py|git:43520b86210d0bfed8a2869d514639af6ce8e15a:results/paired_acquisition_factorization_pair_integrity_caninescc/run_log.txt|git:43520b86210d0bfed8a2869d514639af6ce8e15a:experiments/scorpion/run_pathoalign_projection.py,archive_specific_run_id|exact_output_path_binding|exact_fold_seed_condition_variant_record|producing_invocation|verified_run_manifest|historical_archive_output_hash_binding,Locate or create a verified historical run manifest that uniquely links this archive path and invocation identifiers to an output hash; retain the expected value as a proposal until then.,Metadata-lineage inconsistency only; the proposed source value is not an adjudicated correction and does not imply that training or metrics are invalid.
1eceec7b023357688c70f506e898dc006ca247fdded9b6fa42c075002ef5e462,results/paired_acquisition_factorization_pair_integrity_caninescc/fold_1/runs/shuffled_region_pairs_seed_911/projected_features.npz,source_label_conflict,SCORPION DINOv2 projection experiment,external_multiscanner_caninescc,metadata_json.source versus family/path-expected dataset token,unresolved,medium,family_level_reconstructed_lineage_evidence|git:43520b86210d0bfed8a2869d514639af6ce8e15a:experiments/canine/run_pair_integrity_falsification_caninescc.py|git:43520b86210d0bfed8a2869d514639af6ce8e15a:results/paired_acquisition_factorization_pair_integrity_caninescc/run_log.txt|git:43520b86210d0bfed8a2869d514639af6ce8e15a:experiments/scorpion/run_pathoalign_projection.py,archive_specific_run_id|exact_output_path_binding|exact_fold_seed_condition_variant_record|producing_invocation|verified_run_manifest|historical_archive_output_hash_binding,Locate or create a verified historical run manifest that uniquely links this archive path and invocation identifiers to an output hash; retain the expected value as a proposal until then.,Metadata-lineage inconsistency only; the proposed source value is not an adjudicated correction and does not imply that training or metrics are invalid.
a2828a6bee41ed4eb6e411abb8a5e66fcd13d2c784fd66dffac0735332baf287,results/paired_acquisition_factorization_pair_integrity_caninescc/fold_1/runs/shuffled_region_pairs_seed_912/projected_features.npz,source_label_conflict,SCORPION DINOv2 projection experiment,external_multiscanner_caninescc,metadata_json.source versus family/path-expected dataset token,unresolved,medium,family_level_reconstructed_lineage_evidence|git:43520b86210d0bfed8a2869d514639af6ce8e15a:experiments/canine/run_pair_integrity_falsification_caninescc.py|git:43520b86210d0bfed8a2869d514639af6ce8e15a:results/paired_acquisition_factorization_pair_integrity_caninescc/run_log.txt|git:43520b86210d0bfed8a2869d514639af6ce8e15a:experiments/scorpion/run_pathoalign_projection.py,archive_specific_run_id|exact_output_path_binding|exact_fold_seed_condition_variant_record|producing_invocation|verified_run_manifest|historical_archive_output_hash_binding,Locate or create a verified historical run manifest that uniquely links this archive path and invocation identifiers to an output hash; retain the expected value as a proposal until then.,Metadata-lineage inconsistency only; the proposed source value is not an adjudicated correction and does not imply that training or metrics are invalid.
52c605806807c2a54e38dc600311ae7947f889adc48a3439896660d07286de64,results/paired_acquisition_factorization_pair_integrity_caninescc/fold_1/runs/shuffled_region_pairs_seed_913/projected_features.npz,source_label_conflict,SCORPION DINOv2 projection experiment,external_multiscanner_caninescc,metadata_json.source versus family/path-expected dataset token,unresolved,medium,family_level_reconstructed_lineage_evidence|git:43520b86210d0bfed8a2869d514639af6ce8e15a:experiments/canine/run_pair_integrity_falsification_caninescc.py|git:43520b86210d0bfed8a2869d514639af6ce8e15a:results/paired_acquisition_factorization_pair_integrity_caninescc/run_log.txt|git:43520b86210d0bfed8a2869d514639af6ce8e15a:experiments/scorpion/run_pathoalign_projection.py,archive_specific_run_id|exact_output_path_binding|exact_fold_seed_condition_variant_record|producing_invocation|verified_run_manifest|historical_archive_output_hash_binding,Locate or create a verified historical run manifest that uniquely links this archive path and invocation identifiers to an output hash; retain the expected value as a proposal until then.,Metadata-lineage inconsistency only; the proposed source value is not an adjudicated correction and does not imply that training or metrics are invalid.
95202c6839385d2604ac61b578f3d6eb87535ef96e2e6ce2370a9a17a5de8309,results/paired_acquisition_factorization_pair_integrity_caninescc/fold_1/runs/shuffled_region_pairs_seed_914/projected_features.npz,source_label_conflict,SCORPION DINOv2 projection experiment,external_multiscanner_caninescc,metadata_json.source versus family/path-expected dataset token,unresolved,medium,family_level_reconstructed_lineage_evidence|git:43520b86210d0bfed8a2869d514639af6ce8e15a:experiments/canine/run_pair_integrity_falsification_caninescc.py|git:43520b86210d0bfed8a2869d514639af6ce8e15a:results/paired_acquisition_factorization_pair_integrity_caninescc/run_log.txt|git:43520b86210d0bfed8a2869d514639af6ce8e15a:experiments/scorpion/run_pathoalign_projection.py,archive_specific_run_id|exact_output_path_binding|exact_fold_seed_condition_variant_record|producing_invocation|verified_run_manifest|historical_archive_output_hash_binding,Locate or create a verified historical run manifest that uniquely links this archive path and invocation identifiers to an output hash; retain the expected value as a proposal until then.,Metadata-lineage inconsistency only; the proposed source value is not an adjudicated correction and does not imply that training or metrics are invalid.
035d13eab7da328b22632aca0b2db1c606e2fc87b05e7ef6894e901ec92b5a7d,results/paired_acquisition_factorization_pair_integrity_caninescc/fold_1/runs/shuffled_region_pairs_seed_915/projected_features.npz,source_label_conflict,SCORPION DINOv2 projection experiment,external_multiscanner_caninescc,metadata_json.source versus family/path-expected dataset token,unresolved,medium,family_level_reconstructed_lineage_evidence|git:43520b86210d0bfed8a2869d514639af6ce8e15a:experiments/canine/run_pair_integrity_falsification_caninescc.py|git:43520b86210d0bfed8a2869d514639af6ce8e15a:results/paired_acquisition_factorization_pair_integrity_caninescc/run_log.txt|git:43520b86210d0bfed8a2869d514639af6ce8e15a:experiments/scorpion/run_pathoalign_projection.py,archive_specific_run_id|exact_output_path_binding|exact_fold_seed_condition_variant_record|producing_invocation|verified_run_manifest|historical_archive_output_hash_binding,Locate or create a verified historical run manifest that uniquely links this archive path and invocation identifiers to an output hash; retain the expected value as a proposal until then.,Metadata-lineage inconsistency only; the proposed source value is not an adjudicated correction and does not imply that training or metrics are invalid.
30dabbab6a2eff8c3e3ce6f3accefc6e82d3c148eea43f50d368fa71f1d4d191,results/paired_acquisition_factorization_pair_integrity_caninescc/fold_1/runs/shuffled_sample_pairs_seed_911/projected_features.npz,source_label_conflict,SCORPION DINOv2 projection experiment,external_multiscanner_caninescc,metadata_json.source versus family/path-expected dataset token,unresolved,medium,family_level_reconstructed_lineage_evidence|git:43520b86210d0bfed8a2869d514639af6ce8e15a:experiments/canine/run_pair_integrity_falsification_caninescc.py|git:43520b86210d0bfed8a2869d514639af6ce8e15a:results/paired_acquisition_factorization_pair_integrity_caninescc/run_log.txt|git:43520b86210d0bfed8a2869d514639af6ce8e15a:experiments/scorpion/run_pathoalign_projection.py,archive_specific_run_id|exact_output_path_binding|exact_fold_seed_condition_variant_record|producing_invocation|verified_run_manifest|historical_archive_output_hash_binding,Locate or create a verified historical run manifest that uniquely links this archive path and invocation identifiers to an output hash; retain the expected value as a proposal until then.,Metadata-lineage inconsistency only; the proposed source value is not an adjudicated correction and does not imply that training or metrics are invalid.
9c8a9cc1aa5cad1df3680596ca50462342313a4fbd993e6b1f346d3259a34a56,results/paired_acquisition_factorization_pair_integrity_caninescc/fold_1/runs/shuffled_sample_pairs_seed_912/projected_features.npz,source_label_conflict,SCORPION DINOv2 projection experiment,external_multiscanner_caninescc,metadata_json.source versus family/path-expected dataset token,unresolved,medium,family_level_reconstructed_lineage_evidence|git:43520b86210d0bfed8a2869d514639af6ce8e15a:experiments/canine/run_pair_integrity_falsification_caninescc.py|git:43520b86210d0bfed8a2869d514639af6ce8e15a:results/paired_acquisition_factorization_pair_integrity_caninescc/run_log.txt|git:43520b86210d0bfed8a2869d514639af6ce8e15a:experiments/scorpion/run_pathoalign_projection.py,archive_specific_run_id|exact_output_path_binding|exact_fold_seed_condition_variant_record|producing_invocation|verified_run_manifest|historical_archive_output_hash_binding,Locate or create a verified historical run manifest that uniquely links this archive path and invocation identifiers to an output hash; retain the expected value as a proposal until then.,Metadata-lineage inconsistency only; the proposed source value is not an adjudicated correction and does not imply that training or metrics are invalid.
c01d6a47db61857bea08888e216156fdacec56b5c16b98a319179a0290adbf16,results/paired_acquisition_factorization_pair_integrity_caninescc/fold_1/runs/shuffled_sample_pairs_seed_913/projected_features.npz,source_label_conflict,SCORPION DINOv2 projection experiment,external_multiscanner_caninescc,metadata_json.source versus family/path-expected dataset token,unresolved,medium,family_level_reconstructed_lineage_evidence|git:43520b86210d0bfed8a2869d514639af6ce8e15a:experiments/canine/run_pair_integrity_falsification_caninescc.py|git:43520b86210d0bfed8a2869d514639af6ce8e15a:results/paired_acquisition_factorization_pair_integrity_caninescc/run_log.txt|git:43520b86210d0bfed8a2869d514639af6ce8e15a:experiments/scorpion/run_pathoalign_projection.py,archive_specific_run_id|exact_output_path_binding|exact_fold_seed_condition_variant_record|producing_invocation|verified_run_manifest|historical_archive_output_hash_binding,Locate or create a verified historical run manifest that uniquely links this archive path and invocation identifiers to an output hash; retain the expected value as a proposal until then.,Metadata-lineage inconsistency only; the proposed source value is not an adjudicated correction and does not imply that training or metrics are invalid.
f16957f80d65663d00dfb29f9b8a86efbd23254c06f2429c9642f07a2640a884,results/paired_acquisition_factorization_pair_integrity_caninescc/fold_1/runs/shuffled_sample_pairs_seed_914/projected_features.npz,source_label_conflict,SCORPION DINOv2 projection experiment,external_multiscanner_caninescc,metadata_json.source versus family/path-expected dataset token,unresolved,medium,family_level_reconstructed_lineage_evidence|git:43520b86210d0bfed8a2869d514639af6ce8e15a:experiments/canine/run_pair_integrity_falsification_caninescc.py|git:43520b86210d0bfed8a2869d514639af6ce8e15a:results/paired_acquisition_factorization_pair_integrity_caninescc/run_log.txt|git:43520b86210d0bfed8a2869d514639af6ce8e15a:experiments/scorpion/run_pathoalign_projection.py,archive_specific_run_id|exact_output_path_binding|exact_fold_seed_condition_variant_record|producing_invocation|verified_run_manifest|historical_archive_output_hash_binding,Locate or create a verified historical run manifest that uniquely links this archive path and invocation identifiers to an output hash; retain the expected value as a proposal until then.,Metadata-lineage inconsistency only; the proposed source value is not an adjudicated correction and does not imply that training or metrics are invalid.
4558417ec4a024b6fd9a68d3c5dc80f386a28b199647639bf4f804618a88f861,results/paired_acquisition_factorization_pair_integrity_caninescc/fold_1/runs/shuffled_sample_pairs_seed_915/projected_features.npz,source_label_conflict,SCORPION DINOv2 projection experiment,external_multiscanner_caninescc,metadata_json.source versus family/path-expected dataset token,unresolved,medium,family_level_reconstructed_lineage_evidence|git:43520b86210d0bfed8a2869d514639af6ce8e15a:experiments/canine/run_pair_integrity_falsification_caninescc.py|git:43520b86210d0bfed8a2869d514639af6ce8e15a:results/paired_acquisition_factorization_pair_integrity_caninescc/run_log.txt|git:43520b86210d0bfed8a2869d514639af6ce8e15a:experiments/scorpion/run_pathoalign_projection.py,archive_specific_run_id|exact_output_path_binding|exact_fold_seed_condition_variant_record|producing_invocation|verified_run_manifest|historical_archive_output_hash_binding,Locate or create a verified historical run manifest that uniquely links this archive path and invocation identifiers to an output hash; retain the expected value as a proposal until then.,Metadata-lineage inconsistency only; the proposed source value is not an adjudicated correction and does not imply that training or metrics are invalid.
f0991432dcb690482639192e549114cac588926841245dfe09ff9f9d2d00bfd2,results/paired_acquisition_factorization_pair_integrity_caninescc/fold_1/runs/true_pairs_seed_911/projected_features.npz,source_label_conflict,SCORPION DINOv2 projection experiment,external_multiscanner_caninescc,metadata_json.source versus family/path-expected dataset token,unresolved,medium,family_level_reconstructed_lineage_evidence|git:43520b86210d0bfed8a2869d514639af6ce8e15a:experiments/canine/run_pair_integrity_falsification_caninescc.py|git:43520b86210d0bfed8a2869d514639af6ce8e15a:results/paired_acquisition_factorization_pair_integrity_caninescc/run_log.txt|git:43520b86210d0bfed8a2869d514639af6ce8e15a:experiments/scorpion/run_pathoalign_projection.py,archive_specific_run_id|exact_output_path_binding|exact_fold_seed_condition_variant_record|producing_invocation|verified_run_manifest|historical_archive_output_hash_binding,Locate or create a verified historical run manifest that uniquely links this archive path and invocation identifiers to an output hash; retain the expected value as a proposal until then.,Metadata-lineage inconsistency only; the proposed source value is not an adjudicated correction and does not imply that training or metrics are invalid.
bce0c7f01f30ec481f1f1f2b2594fa4073ae4029cf03ed9e80334dcc791b989d,results/paired_acquisition_factorization_pair_integrity_caninescc/fold_1/runs/true_pairs_seed_912/projected_features.npz,source_label_conflict,SCORPION DINOv2 projection experiment,external_multiscanner_caninescc,metadata_json.source versus family/path-expected dataset token,unresolved,medium,family_level_reconstructed_lineage_evidence|git:43520b86210d0bfed8a2869d514639af6ce8e15a:experiments/canine/run_pair_integrity_falsification_caninescc.py|git:43520b86210d0bfed8a2869d514639af6ce8e15a:results/paired_acquisition_factorization_pair_integrity_caninescc/run_log.txt|git:43520b86210d0bfed8a2869d514639af6ce8e15a:experiments/scorpion/run_pathoalign_projection.py,archive_specific_run_id|exact_output_path_binding|exact_fold_seed_condition_variant_record|producing_invocation|verified_run_manifest|historical_archive_output_hash_binding,Locate or create a verified historical run manifest that uniquely links this archive path and invocation identifiers to an output hash; retain the expected value as a proposal until then.,Metadata-lineage inconsistency only; the proposed source value is not an adjudicated correction and does not imply that training or metrics are invalid.
bca8f9c498189587fb22b67b2c28bc4e1797662c9577e7d16d2a460c790b7b32,results/paired_acquisition_factorization_pair_integrity_caninescc/fold_1/runs/true_pairs_seed_913/projected_features.npz,source_label_conflict,SCORPION DINOv2 projection experiment,external_multiscanner_caninescc,metadata_json.source versus family/path-expected dataset token,unresolved,medium,family_level_reconstructed_lineage_evidence|git:43520b86210d0bfed8a2869d514639af6ce8e15a:experiments/canine/run_pair_integrity_falsification_caninescc.py|git:43520b86210d0bfed8a2869d514639af6ce8e15a:results/paired_acquisition_factorization_pair_integrity_caninescc/run_log.txt|git:43520b86210d0bfed8a2869d514639af6ce8e15a:experiments/scorpion/run_pathoalign_projection.py,archive_specific_run_id|exact_output_path_binding|exact_fold_seed_condition_variant_record|producing_invocation|verified_run_manifest|historical_archive_output_hash_binding,Locate or create a verified historical run manifest that uniquely links this archive path and invocation identifiers to an output hash; retain the expected value as a proposal until then.,Metadata-lineage inconsistency only; the proposed source value is not an adjudicated correction and does not imply that training or metrics are invalid.
0a692bed2e893612889f03de6e59074cc2788ba1c011807256feb6d08dd5c952,results/paired_acquisition_factorization_pair_integrity_caninescc/fold_1/runs/true_pairs_seed_914/projected_features.npz,source_label_conflict,SCORPION DINOv2 projection experiment,external_multiscanner_caninescc,metadata_json.source versus family/path-expected dataset token,unresolved,medium,family_level_reconstructed_lineage_evidence|git:43520b86210d0bfed8a2869d514639af6ce8e15a:experiments/canine/run_pair_integrity_falsification_caninescc.py|git:43520b86210d0bfed8a2869d514639af6ce8e15a:results/paired_acquisition_factorization_pair_integrity_caninescc/run_log.txt|git:43520b86210d0bfed8a2869d514639af6ce8e15a:experiments/scorpion/run_pathoalign_projection.py,archive_specific_run_id|exact_output_path_binding|exact_fold_seed_condition_variant_record|producing_invocation|verified_run_manifest|historical_archive_output_hash_binding,Locate or create a verified historical run manifest that uniquely links this archive path and invocation identifiers to an output hash; retain the expected value as a proposal until then.,Metadata-lineage inconsistency only; the proposed source value is not an adjudicated correction and does not imply that training or metrics are invalid.
afdaf6a876373ae8c9b952dbf1fb5dc8462c2ff81394a253dc7e9d0ad09609d8,results/paired_acquisition_factorization_pair_integrity_caninescc/fold_1/runs/true_pairs_seed_915/projected_features.npz,source_label_conflict,SCORPION DINOv2 projection experiment,external_multiscanner_caninescc,metadata_json.source versus family/path-expected dataset token,unresolved,medium,family_level_reconstructed_lineage_evidence|git:43520b86210d0bfed8a2869d514639af6ce8e15a:experiments/canine/run_pair_integrity_falsification_caninescc.py|git:43520b86210d0bfed8a2869d514639af6ce8e15a:results/paired_acquisition_factorization_pair_integrity_caninescc/run_log.txt|git:43520b86210d0bfed8a2869d514639af6ce8e15a:experiments/scorpion/run_pathoalign_projection.py,archive_specific_run_id|exact_output_path_binding|exact_fold_seed_condition_variant_record|producing_invocation|verified_run_manifest|historical_archive_output_hash_binding,Locate or create a verified historical run manifest that uniquely links this archive path and invocation identifiers to an output hash; retain the expected value as a proposal until then.,Metadata-lineage inconsistency only; the proposed source value is not an adjudicated correction and does not imply that training or metrics are invalid.
415bc0baedc60ca2fa162447404f8bc684157bdf50c98c7eec7c392cb523f433,results/paired_acquisition_factorization_pair_integrity_caninescc/fold_2/runs/shuffled_region_pairs_seed_911/projected_features.npz,source_label_conflict,SCORPION DINOv2 projection experiment,external_multiscanner_caninescc,metadata_json.source versus family/path-expected dataset token,unresolved,medium,family_level_reconstructed_lineage_evidence|git:43520b86210d0bfed8a2869d514639af6ce8e15a:experiments/canine/run_pair_integrity_falsification_caninescc.py|git:43520b86210d0bfed8a2869d514639af6ce8e15a:results/paired_acquisition_factorization_pair_integrity_caninescc/run_log.txt|git:43520b86210d0bfed8a2869d514639af6ce8e15a:experiments/scorpion/run_pathoalign_projection.py,archive_specific_run_id|exact_output_path_binding|exact_fold_seed_condition_variant_record|producing_invocation|verified_run_manifest|historical_archive_output_hash_binding,Locate or create a verified historical run manifest that uniquely links this archive path and invocation identifiers to an output hash; retain the expected value as a proposal until then.,Metadata-lineage inconsistency only; the proposed source value is not an adjudicated correction and does not imply that training or metrics are invalid.
ea2b8470070b99b247640b85fb4789e34547f8e3f4db9c4478f33782bf5f993b,results/paired_acquisition_factorization_pair_integrity_caninescc/fold_2/runs/shuffled_region_pairs_seed_912/projected_features.npz,source_label_conflict,SCORPION DINOv2 projection experiment,external_multiscanner_caninescc,metadata_json.source versus family/path-expected dataset token,unresolved,medium,family_level_reconstructed_lineage_evidence|git:43520b86210d0bfed8a2869d514639af6ce8e15a:experiments/canine/run_pair_integrity_falsification_caninescc.py|git:43520b86210d0bfed8a2869d514639af6ce8e15a:results/paired_acquisition_factorization_pair_integrity_caninescc/run_log.txt|git:43520b86210d0bfed8a2869d514639af6ce8e15a:experiments/scorpion/run_pathoalign_projection.py,archive_specific_run_id|exact_output_path_binding|exact_fold_seed_condition_variant_record|producing_invocation|verified_run_manifest|historical_archive_output_hash_binding,Locate or create a verified historical run manifest that uniquely links this archive path and invocation identifiers to an output hash; retain the expected value as a proposal until then.,Metadata-lineage inconsistency only; the proposed source value is not an adjudicated correction and does not imply that training or metrics are invalid.
11f16c2af2db8db1e73da73e707b79b37465fc0c055f33345d0f05b7dd8bd1fb,results/paired_acquisition_factorization_pair_integrity_caninescc/fold_2/runs/shuffled_region_pairs_seed_913/projected_features.npz,source_label_conflict,SCORPION DINOv2 projection experiment,external_multiscanner_caninescc,metadata_json.source versus family/path-expected dataset token,unresolved,medium,family_level_reconstructed_lineage_evidence|git:43520b86210d0bfed8a2869d514639af6ce8e15a:experiments/canine/run_pair_integrity_falsification_caninescc.py|git:43520b86210d0bfed8a2869d514639af6ce8e15a:results/paired_acquisition_factorization_pair_integrity_caninescc/run_log.txt|git:43520b86210d0bfed8a2869d514639af6ce8e15a:experiments/scorpion/run_pathoalign_projection.py,archive_specific_run_id|exact_output_path_binding|exact_fold_seed_condition_variant_record|producing_invocation|verified_run_manifest|historical_archive_output_hash_binding,Locate or create a verified historical run manifest that uniquely links this archive path and invocation identifiers to an output hash; retain the expected value as a proposal until then.,Metadata-lineage inconsistency only; the proposed source value is not an adjudicated correction and does not imply that training or metrics are invalid.
a2246ce4e475664bbe95954ca460e155c5d4b775fca5170e6441880293cd2e1d,results/paired_acquisition_factorization_pair_integrity_caninescc/fold_2/runs/shuffled_region_pairs_seed_914/projected_features.npz,source_label_conflict,SCORPION DINOv2 projection experiment,external_multiscanner_caninescc,metadata_json.source versus family/path-expected dataset token,unresolved,medium,family_level_reconstructed_lineage_evidence|git:43520b86210d0bfed8a2869d514639af6ce8e15a:experiments/canine/run_pair_integrity_falsification_caninescc.py|git:43520b86210d0bfed8a2869d514639af6ce8e15a:results/paired_acquisition_factorization_pair_integrity_caninescc/run_log.txt|git:43520b86210d0bfed8a2869d514639af6ce8e15a:experiments/scorpion/run_pathoalign_projection.py,archive_specific_run_id|exact_output_path_binding|exact_fold_seed_condition_variant_record|producing_invocation|verified_run_manifest|historical_archive_output_hash_binding,Locate or create a verified historical run manifest that uniquely links this archive path and invocation identifiers to an output hash; retain the expected value as a proposal until then.,Metadata-lineage inconsistency only; the proposed source value is not an adjudicated correction and does not imply that training or metrics are invalid.
bd8747347e9f1f77923545d0746c23b0cab9b159b184e907bee2110d91167e4f,results/paired_acquisition_factorization_pair_integrity_caninescc/fold_2/runs/shuffled_region_pairs_seed_915/projected_features.npz,source_label_conflict,SCORPION DINOv2 projection experiment,external_multiscanner_caninescc,metadata_json.source versus family/path-expected dataset token,unresolved,medium,family_level_reconstructed_lineage_evidence|git:43520b86210d0bfed8a2869d514639af6ce8e15a:experiments/canine/run_pair_integrity_falsification_caninescc.py|git:43520b86210d0bfed8a2869d514639af6ce8e15a:results/paired_acquisition_factorization_pair_integrity_caninescc/run_log.txt|git:43520b86210d0bfed8a2869d514639af6ce8e15a:experiments/scorpion/run_pathoalign_projection.py,archive_specific_run_id|exact_output_path_binding|exact_fold_seed_condition_variant_record|producing_invocation|verified_run_manifest|historical_archive_output_hash_binding,Locate or create a verified historical run manifest that uniquely links this archive path and invocation identifiers to an output hash; retain the expected value as a proposal until then.,Metadata-lineage inconsistency only; the proposed source value is not an adjudicated correction and does not imply that training or metrics are invalid.
684826908caa46f1b916427f242004f909be8db14645bce733312bca0bc51549,results/paired_acquisition_factorization_pair_integrity_caninescc/fold_2/runs/shuffled_sample_pairs_seed_911/projected_features.npz,source_label_conflict,SCORPION DINOv2 projection experiment,external_multiscanner_caninescc,metadata_json.source versus family/path-expected dataset token,unresolved,medium,family_level_reconstructed_lineage_evidence|git:43520b86210d0bfed8a2869d514639af6ce8e15a:experiments/canine/run_pair_integrity_falsification_caninescc.py|git:43520b86210d0bfed8a2869d514639af6ce8e15a:results/paired_acquisition_factorization_pair_integrity_caninescc/run_log.txt|git:43520b86210d0bfed8a2869d514639af6ce8e15a:experiments/scorpion/run_pathoalign_projection.py,archive_specific_run_id|exact_output_path_binding|exact_fold_seed_condition_variant_record|producing_invocation|verified_run_manifest|historical_archive_output_hash_binding,Locate or create a verified historical run manifest that uniquely links this archive path and invocation identifiers to an output hash; retain the expected value as a proposal until then.,Metadata-lineage inconsistency only; the proposed source value is not an adjudicated correction and does not imply that training or metrics are invalid.
97ccf000c4a8efc7d73c9804bf6afca21a5f3096bd1ae44c6cf954ee8625ba0c,results/paired_acquisition_factorization_pair_integrity_caninescc/fold_2/runs/shuffled_sample_pairs_seed_912/projected_features.npz,source_label_conflict,SCORPION DINOv2 projection experiment,external_multiscanner_caninescc,metadata_json.source versus family/path-expected dataset token,unresolved,medium,family_level_reconstructed_lineage_evidence|git:43520b86210d0bfed8a2869d514639af6ce8e15a:experiments/canine/run_pair_integrity_falsification_caninescc.py|git:43520b86210d0bfed8a2869d514639af6ce8e15a:results/paired_acquisition_factorization_pair_integrity_caninescc/run_log.txt|git:43520b86210d0bfed8a2869d514639af6ce8e15a:experiments/scorpion/run_pathoalign_projection.py,archive_specific_run_id|exact_output_path_binding|exact_fold_seed_condition_variant_record|producing_invocation|verified_run_manifest|historical_archive_output_hash_binding,Locate or create a verified historical run manifest that uniquely links this archive path and invocation identifiers to an output hash; retain the expected value as a proposal until then.,Metadata-lineage inconsistency only; the proposed source value is not an adjudicated correction and does not imply that training or metrics are invalid.
1c76436922ad2a7f70c813b98546840bb8a75715ecb54df1d8957a9d1d87a090,results/paired_acquisition_factorization_pair_integrity_caninescc/fold_2/runs/shuffled_sample_pairs_seed_913/projected_features.npz,source_label_conflict,SCORPION DINOv2 projection experiment,external_multiscanner_caninescc,metadata_json.source versus family/path-expected dataset token,unresolved,medium,family_level_reconstructed_lineage_evidence|git:43520b86210d0bfed8a2869d514639af6ce8e15a:experiments/canine/run_pair_integrity_falsification_caninescc.py|git:43520b86210d0bfed8a2869d514639af6ce8e15a:results/paired_acquisition_factorization_pair_integrity_caninescc/run_log.txt|git:43520b86210d0bfed8a2869d514639af6ce8e15a:experiments/scorpion/run_pathoalign_projection.py,archive_specific_run_id|exact_output_path_binding|exact_fold_seed_condition_variant_record|producing_invocation|verified_run_manifest|historical_archive_output_hash_binding,Locate or create a verified historical run manifest that uniquely links this archive path and invocation identifiers to an output hash; retain the expected value as a proposal until then.,Metadata-lineage inconsistency only; the proposed source value is not an adjudicated correction and does not imply that training or metrics are invalid.
4af1286de17b5f13ee943485145a1c19fd38e52c9e48e27b454d2216d30b68f2,results/paired_acquisition_factorization_pair_integrity_caninescc/fold_2/runs/shuffled_sample_pairs_seed_914/projected_features.npz,source_label_conflict,SCORPION DINOv2 projection experiment,external_multiscanner_caninescc,metadata_json.source versus family/path-expected dataset token,unresolved,medium,family_level_reconstructed_lineage_evidence|git:43520b86210d0bfed8a2869d514639af6ce8e15a:experiments/canine/run_pair_integrity_falsification_caninescc.py|git:43520b86210d0bfed8a2869d514639af6ce8e15a:results/paired_acquisition_factorization_pair_integrity_caninescc/run_log.txt|git:43520b86210d0bfed8a2869d514639af6ce8e15a:experiments/scorpion/run_pathoalign_projection.py,archive_specific_run_id|exact_output_path_binding|exact_fold_seed_condition_variant_record|producing_invocation|verified_run_manifest|historical_archive_output_hash_binding,Locate or create a verified historical run manifest that uniquely links this archive path and invocation identifiers to an output hash; retain the expected value as a proposal until then.,Metadata-lineage inconsistency only; the proposed source value is not an adjudicated correction and does not imply that training or metrics are invalid.
bc86bf6458b225932724151a36adb9b9bf2cd9603fa2bf1b75baae17f0767b58,results/paired_acquisition_factorization_pair_integrity_caninescc/fold_2/runs/shuffled_sample_pairs_seed_915/projected_features.npz,source_label_conflict,SCORPION DINOv2 projection experiment,external_multiscanner_caninescc,metadata_json.source versus family/path-expected dataset token,unresolved,medium,family_level_reconstructed_lineage_evidence|git:43520b86210d0bfed8a2869d514639af6ce8e15a:experiments/canine/run_pair_integrity_falsification_caninescc.py|git:43520b86210d0bfed8a2869d514639af6ce8e15a:results/paired_acquisition_factorization_pair_integrity_caninescc/run_log.txt|git:43520b86210d0bfed8a2869d514639af6ce8e15a:experiments/scorpion/run_pathoalign_projection.py,archive_specific_run_id|exact_output_path_binding|exact_fold_seed_condition_variant_record|producing_invocation|verified_run_manifest|historical_archive_output_hash_binding,Locate or create a verified historical run manifest that uniquely links this archive path and invocation identifiers to an output hash; retain the expected value as a proposal until then.,Metadata-lineage inconsistency only; the proposed source value is not an adjudicated correction and does not imply that training or metrics are invalid.
103e77456fd091af372bbbada38a3352247e0e3fdf418d5c32ed4a6911286097,results/paired_acquisition_factorization_pair_integrity_caninescc/fold_2/runs/true_pairs_seed_911/projected_features.npz,source_label_conflict,SCORPION DINOv2 projection experiment,external_multiscanner_caninescc,metadata_json.source versus family/path-expected dataset token,unresolved,medium,family_level_reconstructed_lineage_evidence|git:43520b86210d0bfed8a2869d514639af6ce8e15a:experiments/canine/run_pair_integrity_falsification_caninescc.py|git:43520b86210d0bfed8a2869d514639af6ce8e15a:results/paired_acquisition_factorization_pair_integrity_caninescc/run_log.txt|git:43520b86210d0bfed8a2869d514639af6ce8e15a:experiments/scorpion/run_pathoalign_projection.py,archive_specific_run_id|exact_output_path_binding|exact_fold_seed_condition_variant_record|producing_invocation|verified_run_manifest|historical_archive_output_hash_binding,Locate or create a verified historical run manifest that uniquely links this archive path and invocation identifiers to an output hash; retain the expected value as a proposal until then.,Metadata-lineage inconsistency only; the proposed source value is not an adjudicated correction and does not imply that training or metrics are invalid.
a909ac1280473bbc9197ddc986fbf6db9e52507fafc899888bfb17c8145bab91,results/paired_acquisition_factorization_pair_integrity_caninescc/fold_2/runs/true_pairs_seed_912/projected_features.npz,source_label_conflict,SCORPION DINOv2 projection experiment,external_multiscanner_caninescc,metadata_json.source versus family/path-expected dataset token,unresolved,medium,family_level_reconstructed_lineage_evidence|git:43520b86210d0bfed8a2869d514639af6ce8e15a:experiments/canine/run_pair_integrity_falsification_caninescc.py|git:43520b86210d0bfed8a2869d514639af6ce8e15a:results/paired_acquisition_factorization_pair_integrity_caninescc/run_log.txt|git:43520b86210d0bfed8a2869d514639af6ce8e15a:experiments/scorpion/run_pathoalign_projection.py,archive_specific_run_id|exact_output_path_binding|exact_fold_seed_condition_variant_record|producing_invocation|verified_run_manifest|historical_archive_output_hash_binding,Locate or create a verified historical run manifest that uniquely links this archive path and invocation identifiers to an output hash; retain the expected value as a proposal until then.,Metadata-lineage inconsistency only; the proposed source value is not an adjudicated correction and does not imply that training or metrics are invalid.
952d2884a3619d6cf348fd6f352b95867e1d95c3bf89ac9f2506cf2508aac053,results/paired_acquisition_factorization_pair_integrity_caninescc/fold_2/runs/true_pairs_seed_913/projected_features.npz,source_label_conflict,SCORPION DINOv2 projection experiment,external_multiscanner_caninescc,metadata_json.source versus family/path-expected dataset token,unresolved,medium,family_level_reconstructed_lineage_evidence|git:43520b86210d0bfed8a2869d514639af6ce8e15a:experiments/canine/run_pair_integrity_falsification_caninescc.py|git:43520b86210d0bfed8a2869d514639af6ce8e15a:results/paired_acquisition_factorization_pair_integrity_caninescc/run_log.txt|git:43520b86210d0bfed8a2869d514639af6ce8e15a:experiments/scorpion/run_pathoalign_projection.py,archive_specific_run_id|exact_output_path_binding|exact_fold_seed_condition_variant_record|producing_invocation|verified_run_manifest|historical_archive_output_hash_binding,Locate or create a verified historical run manifest that uniquely links this archive path and invocation identifiers to an output hash; retain the expected value as a proposal until then.,Metadata-lineage inconsistency only; the proposed source value is not an adjudicated correction and does not imply that training or metrics are invalid.
baf570cb7ec81ba8a37462c4d1f0ebbca2220bee499e15eea3992a9080f0e53e,results/paired_acquisition_factorization_pair_integrity_caninescc/fold_2/runs/true_pairs_seed_914/projected_features.npz,source_label_conflict,SCORPION DINOv2 projection experiment,external_multiscanner_caninescc,metadata_json.source versus family/path-expected dataset token,unresolved,medium,family_level_reconstructed_lineage_evidence|git:43520b86210d0bfed8a2869d514639af6ce8e15a:experiments/canine/run_pair_integrity_falsification_caninescc.py|git:43520b86210d0bfed8a2869d514639af6ce8e15a:results/paired_acquisition_factorization_pair_integrity_caninescc/run_log.txt|git:43520b86210d0bfed8a2869d514639af6ce8e15a:experiments/scorpion/run_pathoalign_projection.py,archive_specific_run_id|exact_output_path_binding|exact_fold_seed_condition_variant_record|producing_invocation|verified_run_manifest|historical_archive_output_hash_binding,Locate or create a verified historical run manifest that uniquely links this archive path and invocation identifiers to an output hash; retain the expected value as a proposal until then.,Metadata-lineage inconsistency only; the proposed source value is not an adjudicated correction and does not imply that training or metrics are invalid.
4773996fd0da377aac31f53c5bce9da17dd92930ade611e4d235a5aeef2531e3,results/paired_acquisition_factorization_pair_integrity_caninescc/fold_2/runs/true_pairs_seed_915/projected_features.npz,source_label_conflict,SCORPION DINOv2 projection experiment,external_multiscanner_caninescc,metadata_json.source versus family/path-expected dataset token,unresolved,medium,family_level_reconstructed_lineage_evidence|git:43520b86210d0bfed8a2869d514639af6ce8e15a:experiments/canine/run_pair_integrity_falsification_caninescc.py|git:43520b86210d0bfed8a2869d514639af6ce8e15a:results/paired_acquisition_factorization_pair_integrity_caninescc/run_log.txt|git:43520b86210d0bfed8a2869d514639af6ce8e15a:experiments/scorpion/run_pathoalign_projection.py,archive_specific_run_id|exact_output_path_binding|exact_fold_seed_condition_variant_record|producing_invocation|verified_run_manifest|historical_archive_output_hash_binding,Locate or create a verified historical run manifest that uniquely links this archive path and invocation identifiers to an output hash; retain the expected value as a proposal until then.,Metadata-lineage inconsistency only; the proposed source value is not an adjudicated correction and does not imply that training or metrics are invalid.
35ee2e69f2ab1d16d25b195e9000520e5e0230782eec54cf8254a8d46a918858,results/paired_acquisition_factorization_pair_integrity_caninescc/fold_3/runs/shuffled_region_pairs_seed_911/projected_features.npz,source_label_conflict,SCORPION DINOv2 projection experiment,external_multiscanner_caninescc,metadata_json.source versus family/path-expected dataset token,unresolved,medium,family_level_reconstructed_lineage_evidence|git:43520b86210d0bfed8a2869d514639af6ce8e15a:experiments/canine/run_pair_integrity_falsification_caninescc.py|git:43520b86210d0bfed8a2869d514639af6ce8e15a:results/paired_acquisition_factorization_pair_integrity_caninescc/run_log.txt|git:43520b86210d0bfed8a2869d514639af6ce8e15a:experiments/scorpion/run_pathoalign_projection.py,archive_specific_run_id|exact_output_path_binding|exact_fold_seed_condition_variant_record|producing_invocation|verified_run_manifest|historical_archive_output_hash_binding,Locate or create a verified historical run manifest that uniquely links this archive path and invocation identifiers to an output hash; retain the expected value as a proposal until then.,Metadata-lineage inconsistency only; the proposed source value is not an adjudicated correction and does not imply that training or metrics are invalid.
67cbc708a8f3bd1fe05c6cf956939dcacca6600a6b2ede60fb3619df0f2d488c,results/paired_acquisition_factorization_pair_integrity_caninescc/fold_3/runs/shuffled_region_pairs_seed_912/projected_features.npz,source_label_conflict,SCORPION DINOv2 projection experiment,external_multiscanner_caninescc,metadata_json.source versus family/path-expected dataset token,unresolved,medium,family_level_reconstructed_lineage_evidence|git:43520b86210d0bfed8a2869d514639af6ce8e15a:experiments/canine/run_pair_integrity_falsification_caninescc.py|git:43520b86210d0bfed8a2869d514639af6ce8e15a:results/paired_acquisition_factorization_pair_integrity_caninescc/run_log.txt|git:43520b86210d0bfed8a2869d514639af6ce8e15a:experiments/scorpion/run_pathoalign_projection.py,archive_specific_run_id|exact_output_path_binding|exact_fold_seed_condition_variant_record|producing_invocation|verified_run_manifest|historical_archive_output_hash_binding,Locate or create a verified historical run manifest that uniquely links this archive path and invocation identifiers to an output hash; retain the expected value as a proposal until then.,Metadata-lineage inconsistency only; the proposed source value is not an adjudicated correction and does not imply that training or metrics are invalid.
1cda71ba660bda7ebe8c8b46d423bbc13fa4d4d2679b41fbe693d05c1509ec52,results/paired_acquisition_factorization_pair_integrity_caninescc/fold_3/runs/shuffled_region_pairs_seed_913/projected_features.npz,source_label_conflict,SCORPION DINOv2 projection experiment,external_multiscanner_caninescc,metadata_json.source versus family/path-expected dataset token,unresolved,medium,family_level_reconstructed_lineage_evidence|git:43520b86210d0bfed8a2869d514639af6ce8e15a:experiments/canine/run_pair_integrity_falsification_caninescc.py|git:43520b86210d0bfed8a2869d514639af6ce8e15a:results/paired_acquisition_factorization_pair_integrity_caninescc/run_log.txt|git:43520b86210d0bfed8a2869d514639af6ce8e15a:experiments/scorpion/run_pathoalign_projection.py,archive_specific_run_id|exact_output_path_binding|exact_fold_seed_condition_variant_record|producing_invocation|verified_run_manifest|historical_archive_output_hash_binding,Locate or create a verified historical run manifest that uniquely links this archive path and invocation identifiers to an output hash; retain the expected value as a proposal until then.,Metadata-lineage inconsistency only; the proposed source value is not an adjudicated correction and does not imply that training or metrics are invalid.
c22454a28fede25f4f22263b970ba0eb8309cd5d66041f3137ac5ceef5d27001,results/paired_acquisition_factorization_pair_integrity_caninescc/fold_3/runs/shuffled_region_pairs_seed_914/projected_features.npz,source_label_conflict,SCORPION DINOv2 projection experiment,external_multiscanner_caninescc,metadata_json.source versus family/path-expected dataset token,unresolved,medium,family_level_reconstructed_lineage_evidence|git:43520b86210d0bfed8a2869d514639af6ce8e15a:experiments/canine/run_pair_integrity_falsification_caninescc.py|git:43520b86210d0bfed8a2869d514639af6ce8e15a:results/paired_acquisition_factorization_pair_integrity_caninescc/run_log.txt|git:43520b86210d0bfed8a2869d514639af6ce8e15a:experiments/scorpion/run_pathoalign_projection.py,archive_specific_run_id|exact_output_path_binding|exact_fold_seed_condition_variant_record|producing_invocation|verified_run_manifest|historical_archive_output_hash_binding,Locate or create a verified historical run manifest that uniquely links this archive path and invocation identifiers to an output hash; retain the expected value as a proposal until then.,Metadata-lineage inconsistency only; the proposed source value is not an adjudicated correction and does not imply that training or metrics are invalid.
b9d6bbcc5bd707fcbda500966999d807fbcae025444a3f951e9cb2f2e7873b1d,results/paired_acquisition_factorization_pair_integrity_caninescc/fold_3/runs/shuffled_region_pairs_seed_915/projected_features.npz,source_label_conflict,SCORPION DINOv2 projection experiment,external_multiscanner_caninescc,metadata_json.source versus family/path-expected dataset token,unresolved,medium,family_level_reconstructed_lineage_evidence|git:43520b86210d0bfed8a2869d514639af6ce8e15a:experiments/canine/run_pair_integrity_falsification_caninescc.py|git:43520b86210d0bfed8a2869d514639af6ce8e15a:results/paired_acquisition_factorization_pair_integrity_caninescc/run_log.txt|git:43520b86210d0bfed8a2869d514639af6ce8e15a:experiments/scorpion/run_pathoalign_projection.py,archive_specific_run_id|exact_output_path_binding|exact_fold_seed_condition_variant_record|producing_invocation|verified_run_manifest|historical_archive_output_hash_binding,Locate or create a verified historical run manifest that uniquely links this archive path and invocation identifiers to an output hash; retain the expected value as a proposal until then.,Metadata-lineage inconsistency only; the proposed source value is not an adjudicated correction and does not imply that training or metrics are invalid.
35fa37781fcba5ff994e794f6a428a7877958bfa7d96ff1db45dc75edea3db99,results/paired_acquisition_factorization_pair_integrity_caninescc/fold_3/runs/shuffled_sample_pairs_seed_911/projected_features.npz,source_label_conflict,SCORPION DINOv2 projection experiment,external_multiscanner_caninescc,metadata_json.source versus family/path-expected dataset token,unresolved,medium,family_level_reconstructed_lineage_evidence|git:43520b86210d0bfed8a2869d514639af6ce8e15a:experiments/canine/run_pair_integrity_falsification_caninescc.py|git:43520b86210d0bfed8a2869d514639af6ce8e15a:results/paired_acquisition_factorization_pair_integrity_caninescc/run_log.txt|git:43520b86210d0bfed8a2869d514639af6ce8e15a:experiments/scorpion/run_pathoalign_projection.py,archive_specific_run_id|exact_output_path_binding|exact_fold_seed_condition_variant_record|producing_invocation|verified_run_manifest|historical_archive_output_hash_binding,Locate or create a verified historical run manifest that uniquely links this archive path and invocation identifiers to an output hash; retain the expected value as a proposal until then.,Metadata-lineage inconsistency only; the proposed source value is not an adjudicated correction and does not imply that training or metrics are invalid.
9dbb6062c7f04b2ca1e721a27843e8161f647e14c5a59a98f2521c57001d1a1f,results/paired_acquisition_factorization_pair_integrity_caninescc/fold_3/runs/shuffled_sample_pairs_seed_912/projected_features.npz,source_label_conflict,SCORPION DINOv2 projection experiment,external_multiscanner_caninescc,metadata_json.source versus family/path-expected dataset token,unresolved,medium,family_level_reconstructed_lineage_evidence|git:43520b86210d0bfed8a2869d514639af6ce8e15a:experiments/canine/run_pair_integrity_falsification_caninescc.py|git:43520b86210d0bfed8a2869d514639af6ce8e15a:results/paired_acquisition_factorization_pair_integrity_caninescc/run_log.txt|git:43520b86210d0bfed8a2869d514639af6ce8e15a:experiments/scorpion/run_pathoalign_projection.py,archive_specific_run_id|exact_output_path_binding|exact_fold_seed_condition_variant_record|producing_invocation|verified_run_manifest|historical_archive_output_hash_binding,Locate or create a verified historical run manifest that uniquely links this archive path and invocation identifiers to an output hash; retain the expected value as a proposal until then.,Metadata-lineage inconsistency only; the proposed source value is not an adjudicated correction and does not imply that training or metrics are invalid.
13c5a16aba4389c888e8fa89445b9f8545cf0ce250bb99e09d965cc7d5fbda86,results/paired_acquisition_factorization_pair_integrity_caninescc/fold_3/runs/shuffled_sample_pairs_seed_913/projected_features.npz,source_label_conflict,SCORPION DINOv2 projection experiment,external_multiscanner_caninescc,metadata_json.source versus family/path-expected dataset token,unresolved,medium,family_level_reconstructed_lineage_evidence|git:43520b86210d0bfed8a2869d514639af6ce8e15a:experiments/canine/run_pair_integrity_falsification_caninescc.py|git:43520b86210d0bfed8a2869d514639af6ce8e15a:results/paired_acquisition_factorization_pair_integrity_caninescc/run_log.txt|git:43520b86210d0bfed8a2869d514639af6ce8e15a:experiments/scorpion/run_pathoalign_projection.py,archive_specific_run_id|exact_output_path_binding|exact_fold_seed_condition_variant_record|producing_invocation|verified_run_manifest|historical_archive_output_hash_binding,Locate or create a verified historical run manifest that uniquely links this archive path and invocation identifiers to an output hash; retain the expected value as a proposal until then.,Metadata-lineage inconsistency only; the proposed source value is not an adjudicated correction and does not imply that training or metrics are invalid.
b3952fe3e515c351aca2785ba1f5c76c9ac028d7a4f7aeaa2faaaf93282fbecb,results/paired_acquisition_factorization_pair_integrity_caninescc/fold_3/runs/shuffled_sample_pairs_seed_914/projected_features.npz,source_label_conflict,SCORPION DINOv2 projection experiment,external_multiscanner_caninescc,metadata_json.source versus family/path-expected dataset token,unresolved,medium,family_level_reconstructed_lineage_evidence|git:43520b86210d0bfed8a2869d514639af6ce8e15a:experiments/canine/run_pair_integrity_falsification_caninescc.py|git:43520b86210d0bfed8a2869d514639af6ce8e15a:results/paired_acquisition_factorization_pair_integrity_caninescc/run_log.txt|git:43520b86210d0bfed8a2869d514639af6ce8e15a:experiments/scorpion/run_pathoalign_projection.py,archive_specific_run_id|exact_output_path_binding|exact_fold_seed_condition_variant_record|producing_invocation|verified_run_manifest|historical_archive_output_hash_binding,Locate or create a verified historical run manifest that uniquely links this archive path and invocation identifiers to an output hash; retain the expected value as a proposal until then.,Metadata-lineage inconsistency only; the proposed source value is not an adjudicated correction and does not imply that training or metrics are invalid.
f669f213dbb6ee42f463a915475b48ed904b31ad8043709693755efae8e905c0,results/paired_acquisition_factorization_pair_integrity_caninescc/fold_3/runs/shuffled_sample_pairs_seed_915/projected_features.npz,source_label_conflict,SCORPION DINOv2 projection experiment,external_multiscanner_caninescc,metadata_json.source versus family/path-expected dataset token,unresolved,medium,family_level_reconstructed_lineage_evidence|git:43520b86210d0bfed8a2869d514639af6ce8e15a:experiments/canine/run_pair_integrity_falsification_caninescc.py|git:43520b86210d0bfed8a2869d514639af6ce8e15a:results/paired_acquisition_factorization_pair_integrity_caninescc/run_log.txt|git:43520b86210d0bfed8a2869d514639af6ce8e15a:experiments/scorpion/run_pathoalign_projection.py,archive_specific_run_id|exact_output_path_binding|exact_fold_seed_condition_variant_record|producing_invocation|verified_run_manifest|historical_archive_output_hash_binding,Locate or create a verified historical run manifest that uniquely links this archive path and invocation identifiers to an output hash; retain the expected value as a proposal until then.,Metadata-lineage inconsistency only; the proposed source value is not an adjudicated correction and does not imply that training or metrics are invalid.
f4adc2c417cbc8bd7edd7f36653949b0503105891bcce86b8e32c5f3f92816eb,results/paired_acquisition_factorization_pair_integrity_caninescc/fold_3/runs/true_pairs_seed_911/projected_features.npz,source_label_conflict,SCORPION DINOv2 projection experiment,external_multiscanner_caninescc,metadata_json.source versus family/path-expected dataset token,unresolved,medium,family_level_reconstructed_lineage_evidence|git:43520b86210d0bfed8a2869d514639af6ce8e15a:experiments/canine/run_pair_integrity_falsification_caninescc.py|git:43520b86210d0bfed8a2869d514639af6ce8e15a:results/paired_acquisition_factorization_pair_integrity_caninescc/run_log.txt|git:43520b86210d0bfed8a2869d514639af6ce8e15a:experiments/scorpion/run_pathoalign_projection.py,archive_specific_run_id|exact_output_path_binding|exact_fold_seed_condition_variant_record|producing_invocation|verified_run_manifest|historical_archive_output_hash_binding,Locate or create a verified historical run manifest that uniquely links this archive path and invocation identifiers to an output hash; retain the expected value as a proposal until then.,Metadata-lineage inconsistency only; the proposed source value is not an adjudicated correction and does not imply that training or metrics are invalid.
d4f2c21748d074bbbc654d7faaa93d168c748594f33c889242339faac0eedf02,results/paired_acquisition_factorization_pair_integrity_caninescc/fold_3/runs/true_pairs_seed_912/projected_features.npz,source_label_conflict,SCORPION DINOv2 projection experiment,external_multiscanner_caninescc,metadata_json.source versus family/path-expected dataset token,unresolved,medium,family_level_reconstructed_lineage_evidence|git:43520b86210d0bfed8a2869d514639af6ce8e15a:experiments/canine/run_pair_integrity_falsification_caninescc.py|git:43520b86210d0bfed8a2869d514639af6ce8e15a:results/paired_acquisition_factorization_pair_integrity_caninescc/run_log.txt|git:43520b86210d0bfed8a2869d514639af6ce8e15a:experiments/scorpion/run_pathoalign_projection.py,archive_specific_run_id|exact_output_path_binding|exact_fold_seed_condition_variant_record|producing_invocation|verified_run_manifest|historical_archive_output_hash_binding,Locate or create a verified historical run manifest that uniquely links this archive path and invocation identifiers to an output hash; retain the expected value as a proposal until then.,Metadata-lineage inconsistency only; the proposed source value is not an adjudicated correction and does not imply that training or metrics are invalid.
aee5513422239976db8525ee867e4b659c491bf40e1e6505189267b2855c8931,results/paired_acquisition_factorization_pair_integrity_caninescc/fold_3/runs/true_pairs_seed_913/projected_features.npz,source_label_conflict,SCORPION DINOv2 projection experiment,external_multiscanner_caninescc,metadata_json.source versus family/path-expected dataset token,unresolved,medium,family_level_reconstructed_lineage_evidence|git:43520b86210d0bfed8a2869d514639af6ce8e15a:experiments/canine/run_pair_integrity_falsification_caninescc.py|git:43520b86210d0bfed8a2869d514639af6ce8e15a:results/paired_acquisition_factorization_pair_integrity_caninescc/run_log.txt|git:43520b86210d0bfed8a2869d514639af6ce8e15a:experiments/scorpion/run_pathoalign_projection.py,archive_specific_run_id|exact_output_path_binding|exact_fold_seed_condition_variant_record|producing_invocation|verified_run_manifest|historical_archive_output_hash_binding,Locate or create a verified historical run manifest that uniquely links this archive path and invocation identifiers to an output hash; retain the expected value as a proposal until then.,Metadata-lineage inconsistency only; the proposed source value is not an adjudicated correction and does not imply that training or metrics are invalid.
dfd6b878b5d317e0da96d4c37448f9c10e1f91da1362d6aeed7cb52b3c500303,results/paired_acquisition_factorization_pair_integrity_caninescc/fold_3/runs/true_pairs_seed_914/projected_features.npz,source_label_conflict,SCORPION DINOv2 projection experiment,external_multiscanner_caninescc,metadata_json.source versus family/path-expected dataset token,unresolved,medium,family_level_reconstructed_lineage_evidence|git:43520b86210d0bfed8a2869d514639af6ce8e15a:experiments/canine/run_pair_integrity_falsification_caninescc.py|git:43520b86210d0bfed8a2869d514639af6ce8e15a:results/paired_acquisition_factorization_pair_integrity_caninescc/run_log.txt|git:43520b86210d0bfed8a2869d514639af6ce8e15a:experiments/scorpion/run_pathoalign_projection.py,archive_specific_run_id|exact_output_path_binding|exact_fold_seed_condition_variant_record|producing_invocation|verified_run_manifest|historical_archive_output_hash_binding,Locate or create a verified historical run manifest that uniquely links this archive path and invocation identifiers to an output hash; retain the expected value as a proposal until then.,Metadata-lineage inconsistency only; the proposed source value is not an adjudicated correction and does not imply that training or metrics are invalid.
46cba2b6f05f25d53df5fb97dae24b316025094ea49e7986a50406759cee2467,results/paired_acquisition_factorization_pair_integrity_caninescc/fold_3/runs/true_pairs_seed_915/projected_features.npz,source_label_conflict,SCORPION DINOv2 projection experiment,external_multiscanner_caninescc,metadata_json.source versus family/path-expected dataset token,unresolved,medium,family_level_reconstructed_lineage_evidence|git:43520b86210d0bfed8a2869d514639af6ce8e15a:experiments/canine/run_pair_integrity_falsification_caninescc.py|git:43520b86210d0bfed8a2869d514639af6ce8e15a:results/paired_acquisition_factorization_pair_integrity_caninescc/run_log.txt|git:43520b86210d0bfed8a2869d514639af6ce8e15a:experiments/scorpion/run_pathoalign_projection.py,archive_specific_run_id|exact_output_path_binding|exact_fold_seed_condition_variant_record|producing_invocation|verified_run_manifest|historical_archive_output_hash_binding,Locate or create a verified historical run manifest that uniquely links this archive path and invocation identifiers to an output hash; retain the expected value as a proposal until then.,Metadata-lineage inconsistency only; the proposed source value is not an adjudicated correction and does not imply that training or metrics are invalid.
e174303ee7acfbe032b86231779249c4c906503a1051e4998cb3cfca23d5faf7,results/paired_acquisition_factorization_pair_integrity_caninescc/fold_4/runs/shuffled_region_pairs_seed_911/projected_features.npz,source_label_conflict,SCORPION DINOv2 projection experiment,external_multiscanner_caninescc,metadata_json.source versus family/path-expected dataset token,unresolved,medium,family_level_reconstructed_lineage_evidence|git:43520b86210d0bfed8a2869d514639af6ce8e15a:experiments/canine/run_pair_integrity_falsification_caninescc.py|git:43520b86210d0bfed8a2869d514639af6ce8e15a:results/paired_acquisition_factorization_pair_integrity_caninescc/run_log.txt|git:43520b86210d0bfed8a2869d514639af6ce8e15a:experiments/scorpion/run_pathoalign_projection.py,archive_specific_run_id|exact_output_path_binding|exact_fold_seed_condition_variant_record|producing_invocation|verified_run_manifest|historical_archive_output_hash_binding,Locate or create a verified historical run manifest that uniquely links this archive path and invocation identifiers to an output hash; retain the expected value as a proposal until then.,Metadata-lineage inconsistency only; the proposed source value is not an adjudicated correction and does not imply that training or metrics are invalid.
96b52c904804f8bc822882d09ad02f24c3dd78c4d71a161a858bc9c4b453070a,results/paired_acquisition_factorization_pair_integrity_caninescc/fold_4/runs/shuffled_region_pairs_seed_912/projected_features.npz,source_label_conflict,SCORPION DINOv2 projection experiment,external_multiscanner_caninescc,metadata_json.source versus family/path-expected dataset token,unresolved,medium,family_level_reconstructed_lineage_evidence|git:43520b86210d0bfed8a2869d514639af6ce8e15a:experiments/canine/run_pair_integrity_falsification_caninescc.py|git:43520b86210d0bfed8a2869d514639af6ce8e15a:results/paired_acquisition_factorization_pair_integrity_caninescc/run_log.txt|git:43520b86210d0bfed8a2869d514639af6ce8e15a:experiments/scorpion/run_pathoalign_projection.py,archive_specific_run_id|exact_output_path_binding|exact_fold_seed_condition_variant_record|producing_invocation|verified_run_manifest|historical_archive_output_hash_binding,Locate or create a verified historical run manifest that uniquely links this archive path and invocation identifiers to an output hash; retain the expected value as a proposal until then.,Metadata-lineage inconsistency only; the proposed source value is not an adjudicated correction and does not imply that training or metrics are invalid.
090321f9e4a132a309a1928e35890231ae7ba5c7b7208d8a4bc24802202701d2,results/paired_acquisition_factorization_pair_integrity_caninescc/fold_4/runs/shuffled_region_pairs_seed_913/projected_features.npz,source_label_conflict,SCORPION DINOv2 projection experiment,external_multiscanner_caninescc,metadata_json.source versus family/path-expected dataset token,unresolved,medium,family_level_reconstructed_lineage_evidence|git:43520b86210d0bfed8a2869d514639af6ce8e15a:experiments/canine/run_pair_integrity_falsification_caninescc.py|git:43520b86210d0bfed8a2869d514639af6ce8e15a:results/paired_acquisition_factorization_pair_integrity_caninescc/run_log.txt|git:43520b86210d0bfed8a2869d514639af6ce8e15a:experiments/scorpion/run_pathoalign_projection.py,archive_specific_run_id|exact_output_path_binding|exact_fold_seed_condition_variant_record|producing_invocation|verified_run_manifest|historical_archive_output_hash_binding,Locate or create a verified historical run manifest that uniquely links this archive path and invocation identifiers to an output hash; retain the expected value as a proposal until then.,Metadata-lineage inconsistency only; the proposed source value is not an adjudicated correction and does not imply that training or metrics are invalid.
7a05a1d33b13d08b1637451654f47368b0ffd492a96e257355af5cec0d8064c9,results/paired_acquisition_factorization_pair_integrity_caninescc/fold_4/runs/shuffled_region_pairs_seed_914/projected_features.npz,source_label_conflict,SCORPION DINOv2 projection experiment,external_multiscanner_caninescc,metadata_json.source versus family/path-expected dataset token,unresolved,medium,family_level_reconstructed_lineage_evidence|git:43520b86210d0bfed8a2869d514639af6ce8e15a:experiments/canine/run_pair_integrity_falsification_caninescc.py|git:43520b86210d0bfed8a2869d514639af6ce8e15a:results/paired_acquisition_factorization_pair_integrity_caninescc/run_log.txt|git:43520b86210d0bfed8a2869d514639af6ce8e15a:experiments/scorpion/run_pathoalign_projection.py,archive_specific_run_id|exact_output_path_binding|exact_fold_seed_condition_variant_record|producing_invocation|verified_run_manifest|historical_archive_output_hash_binding,Locate or create a verified historical run manifest that uniquely links this archive path and invocation identifiers to an output hash; retain the expected value as a proposal until then.,Metadata-lineage inconsistency only; the proposed source value is not an adjudicated correction and does not imply that training or metrics are invalid.
d265d2ce5459851840f18e690243be9a67d6592aa571309166056084bd6fa1c0,results/paired_acquisition_factorization_pair_integrity_caninescc/fold_4/runs/shuffled_region_pairs_seed_915/projected_features.npz,source_label_conflict,SCORPION DINOv2 projection experiment,external_multiscanner_caninescc,metadata_json.source versus family/path-expected dataset token,unresolved,medium,family_level_reconstructed_lineage_evidence|git:43520b86210d0bfed8a2869d514639af6ce8e15a:experiments/canine/run_pair_integrity_falsification_caninescc.py|git:43520b86210d0bfed8a2869d514639af6ce8e15a:results/paired_acquisition_factorization_pair_integrity_caninescc/run_log.txt|git:43520b86210d0bfed8a2869d514639af6ce8e15a:experiments/scorpion/run_pathoalign_projection.py,archive_specific_run_id|exact_output_path_binding|exact_fold_seed_condition_variant_record|producing_invocation|verified_run_manifest|historical_archive_output_hash_binding,Locate or create a verified historical run manifest that uniquely links this archive path and invocation identifiers to an output hash; retain the expected value as a proposal until then.,Metadata-lineage inconsistency only; the proposed source value is not an adjudicated correction and does not imply that training or metrics are invalid.
f67b46598e79aeb2b0f995dca762c5d50b308f5344992313746956bff6c0d1ac,results/paired_acquisition_factorization_pair_integrity_caninescc/fold_4/runs/shuffled_sample_pairs_seed_911/projected_features.npz,source_label_conflict,SCORPION DINOv2 projection experiment,external_multiscanner_caninescc,metadata_json.source versus family/path-expected dataset token,unresolved,medium,family_level_reconstructed_lineage_evidence|git:43520b86210d0bfed8a2869d514639af6ce8e15a:experiments/canine/run_pair_integrity_falsification_caninescc.py|git:43520b86210d0bfed8a2869d514639af6ce8e15a:results/paired_acquisition_factorization_pair_integrity_caninescc/run_log.txt|git:43520b86210d0bfed8a2869d514639af6ce8e15a:experiments/scorpion/run_pathoalign_projection.py,archive_specific_run_id|exact_output_path_binding|exact_fold_seed_condition_variant_record|producing_invocation|verified_run_manifest|historical_archive_output_hash_binding,Locate or create a verified historical run manifest that uniquely links this archive path and invocation identifiers to an output hash; retain the expected value as a proposal until then.,Metadata-lineage inconsistency only; the proposed source value is not an adjudicated correction and does not imply that training or metrics are invalid.
98540a0dd9ea8ccc5d07cb7602c8694f2524024cc4a78684cc71187243e0a9c9,results/paired_acquisition_factorization_pair_integrity_caninescc/fold_4/runs/shuffled_sample_pairs_seed_912/projected_features.npz,source_label_conflict,SCORPION DINOv2 projection experiment,external_multiscanner_caninescc,metadata_json.source versus family/path-expected dataset token,unresolved,medium,family_level_reconstructed_lineage_evidence|git:43520b86210d0bfed8a2869d514639af6ce8e15a:experiments/canine/run_pair_integrity_falsification_caninescc.py|git:43520b86210d0bfed8a2869d514639af6ce8e15a:results/paired_acquisition_factorization_pair_integrity_caninescc/run_log.txt|git:43520b86210d0bfed8a2869d514639af6ce8e15a:experiments/scorpion/run_pathoalign_projection.py,archive_specific_run_id|exact_output_path_binding|exact_fold_seed_condition_variant_record|producing_invocation|verified_run_manifest|historical_archive_output_hash_binding,Locate or create a verified historical run manifest that uniquely links this archive path and invocation identifiers to an output hash; retain the expected value as a proposal until then.,Metadata-lineage inconsistency only; the proposed source value is not an adjudicated correction and does not imply that training or metrics are invalid.
7b44e8ce3eda031890acf9df1a04561ed2c787c4cf35566b1425549030572e06,results/paired_acquisition_factorization_pair_integrity_caninescc/fold_4/runs/shuffled_sample_pairs_seed_913/projected_features.npz,source_label_conflict,SCORPION DINOv2 projection experiment,external_multiscanner_caninescc,metadata_json.source versus family/path-expected dataset token,unresolved,medium,family_level_reconstructed_lineage_evidence|git:43520b86210d0bfed8a2869d514639af6ce8e15a:experiments/canine/run_pair_integrity_falsification_caninescc.py|git:43520b86210d0bfed8a2869d514639af6ce8e15a:results/paired_acquisition_factorization_pair_integrity_caninescc/run_log.txt|git:43520b86210d0bfed8a2869d514639af6ce8e15a:experiments/scorpion/run_pathoalign_projection.py,archive_specific_run_id|exact_output_path_binding|exact_fold_seed_condition_variant_record|producing_invocation|verified_run_manifest|historical_archive_output_hash_binding,Locate or create a verified historical run manifest that uniquely links this archive path and invocation identifiers to an output hash; retain the expected value as a proposal until then.,Metadata-lineage inconsistency only; the proposed source value is not an adjudicated correction and does not imply that training or metrics are invalid.
ac64ea515d65776b708900f93c799a79bce0e01f20c33f0366937d1b5e07d246,results/paired_acquisition_factorization_pair_integrity_caninescc/fold_4/runs/shuffled_sample_pairs_seed_914/projected_features.npz,source_label_conflict,SCORPION DINOv2 projection experiment,external_multiscanner_caninescc,metadata_json.source versus family/path-expected dataset token,unresolved,medium,family_level_reconstructed_lineage_evidence|git:43520b86210d0bfed8a2869d514639af6ce8e15a:experiments/canine/run_pair_integrity_falsification_caninescc.py|git:43520b86210d0bfed8a2869d514639af6ce8e15a:results/paired_acquisition_factorization_pair_integrity_caninescc/run_log.txt|git:43520b86210d0bfed8a2869d514639af6ce8e15a:experiments/scorpion/run_pathoalign_projection.py,archive_specific_run_id|exact_output_path_binding|exact_fold_seed_condition_variant_record|producing_invocation|verified_run_manifest|historical_archive_output_hash_binding,Locate or create a verified historical run manifest that uniquely links this archive path and invocation identifiers to an output hash; retain the expected value as a proposal until then.,Metadata-lineage inconsistency only; the proposed source value is not an adjudicated correction and does not imply that training or metrics are invalid.
c582ffe41ec6869f92d4e63eb17590fe8f413612fe0399858740f88bae912e07,results/paired_acquisition_factorization_pair_integrity_caninescc/fold_4/runs/shuffled_sample_pairs_seed_915/projected_features.npz,source_label_conflict,SCORPION DINOv2 projection experiment,external_multiscanner_caninescc,metadata_json.source versus family/path-expected dataset token,unresolved,medium,family_level_reconstructed_lineage_evidence|git:43520b86210d0bfed8a2869d514639af6ce8e15a:experiments/canine/run_pair_integrity_falsification_caninescc.py|git:43520b86210d0bfed8a2869d514639af6ce8e15a:results/paired_acquisition_factorization_pair_integrity_caninescc/run_log.txt|git:43520b86210d0bfed8a2869d514639af6ce8e15a:experiments/scorpion/run_pathoalign_projection.py,archive_specific_run_id|exact_output_path_binding|exact_fold_seed_condition_variant_record|producing_invocation|verified_run_manifest|historical_archive_output_hash_binding,Locate or create a verified historical run manifest that uniquely links this archive path and invocation identifiers to an output hash; retain the expected value as a proposal until then.,Metadata-lineage inconsistency only; the proposed source value is not an adjudicated correction and does not imply that training or metrics are invalid.
c95950e5ddf8f222e7e03a4bd80138268eefa2c404a070b41ed7bea4c3102974,results/paired_acquisition_factorization_pair_integrity_caninescc/fold_4/runs/true_pairs_seed_911/projected_features.npz,source_label_conflict,SCORPION DINOv2 projection experiment,external_multiscanner_caninescc,metadata_json.source versus family/path-expected dataset token,unresolved,medium,family_level_reconstructed_lineage_evidence|git:43520b86210d0bfed8a2869d514639af6ce8e15a:experiments/canine/run_pair_integrity_falsification_caninescc.py|git:43520b86210d0bfed8a2869d514639af6ce8e15a:results/paired_acquisition_factorization_pair_integrity_caninescc/run_log.txt|git:43520b86210d0bfed8a2869d514639af6ce8e15a:experiments/scorpion/run_pathoalign_projection.py,archive_specific_run_id|exact_output_path_binding|exact_fold_seed_condition_variant_record|producing_invocation|verified_run_manifest|historical_archive_output_hash_binding,Locate or create a verified historical run manifest that uniquely links this archive path and invocation identifiers to an output hash; retain the expected value as a proposal until then.,Metadata-lineage inconsistency only; the proposed source value is not an adjudicated correction and does not imply that training or metrics are invalid.
23fc5b577e81ef5823bc2709cbdd36588000dceb845093413f26cc3df3bf5757,results/paired_acquisition_factorization_pair_integrity_caninescc/fold_4/runs/true_pairs_seed_912/projected_features.npz,source_label_conflict,SCORPION DINOv2 projection experiment,external_multiscanner_caninescc,metadata_json.source versus family/path-expected dataset token,unresolved,medium,family_level_reconstructed_lineage_evidence|git:43520b86210d0bfed8a2869d514639af6ce8e15a:experiments/canine/run_pair_integrity_falsification_caninescc.py|git:43520b86210d0bfed8a2869d514639af6ce8e15a:results/paired_acquisition_factorization_pair_integrity_caninescc/run_log.txt|git:43520b86210d0bfed8a2869d514639af6ce8e15a:experiments/scorpion/run_pathoalign_projection.py,archive_specific_run_id|exact_output_path_binding|exact_fold_seed_condition_variant_record|producing_invocation|verified_run_manifest|historical_archive_output_hash_binding,Locate or create a verified historical run manifest that uniquely links this archive path and invocation identifiers to an output hash; retain the expected value as a proposal until then.,Metadata-lineage inconsistency only; the proposed source value is not an adjudicated correction and does not imply that training or metrics are invalid.
ed39d51595e5670a1f4366eb84d833be7f21a7c7f412ee12ab39b52203101928,results/paired_acquisition_factorization_pair_integrity_caninescc/fold_4/runs/true_pairs_seed_913/projected_features.npz,source_label_conflict,SCORPION DINOv2 projection experiment,external_multiscanner_caninescc,metadata_json.source versus family/path-expected dataset token,unresolved,medium,family_level_reconstructed_lineage_evidence|git:43520b86210d0bfed8a2869d514639af6ce8e15a:experiments/canine/run_pair_integrity_falsification_caninescc.py|git:43520b86210d0bfed8a2869d514639af6ce8e15a:results/paired_acquisition_factorization_pair_integrity_caninescc/run_log.txt|git:43520b86210d0bfed8a2869d514639af6ce8e15a:experiments/scorpion/run_pathoalign_projection.py,archive_specific_run_id|exact_output_path_binding|exact_fold_seed_condition_variant_record|producing_invocation|verified_run_manifest|historical_archive_output_hash_binding,Locate or create a verified historical run manifest that uniquely links this archive path and invocation identifiers to an output hash; retain the expected value as a proposal until then.,Metadata-lineage inconsistency only; the proposed source value is not an adjudicated correction and does not imply that training or metrics are invalid.
7b8eb8cb1f0ed37f58ff4467a500b5a7115e7f8b564c5e4aed6fc35d92249b2f,results/paired_acquisition_factorization_pair_integrity_caninescc/fold_4/runs/true_pairs_seed_914/projected_features.npz,source_label_conflict,SCORPION DINOv2 projection experiment,external_multiscanner_caninescc,metadata_json.source versus family/path-expected dataset token,unresolved,medium,family_level_reconstructed_lineage_evidence|git:43520b86210d0bfed8a2869d514639af6ce8e15a:experiments/canine/run_pair_integrity_falsification_caninescc.py|git:43520b86210d0bfed8a2869d514639af6ce8e15a:results/paired_acquisition_factorization_pair_integrity_caninescc/run_log.txt|git:43520b86210d0bfed8a2869d514639af6ce8e15a:experiments/scorpion/run_pathoalign_projection.py,archive_specific_run_id|exact_output_path_binding|exact_fold_seed_condition_variant_record|producing_invocation|verified_run_manifest|historical_archive_output_hash_binding,Locate or create a verified historical run manifest that uniquely links this archive path and invocation identifiers to an output hash; retain the expected value as a proposal until then.,Metadata-lineage inconsistency only; the proposed source value is not an adjudicated correction and does not imply that training or metrics are invalid.
930dbf93af486c93205ff1b72bf4d927e631934ee559fc16890be445555b8361,results/paired_acquisition_factorization_pair_integrity_caninescc/fold_4/runs/true_pairs_seed_915/projected_features.npz,source_label_conflict,SCORPION DINOv2 projection experiment,external_multiscanner_caninescc,metadata_json.source versus family/path-expected dataset token,unresolved,medium,family_level_reconstructed_lineage_evidence|git:43520b86210d0bfed8a2869d514639af6ce8e15a:experiments/canine/run_pair_integrity_falsification_caninescc.py|git:43520b86210d0bfed8a2869d514639af6ce8e15a:results/paired_acquisition_factorization_pair_integrity_caninescc/run_log.txt|git:43520b86210d0bfed8a2869d514639af6ce8e15a:experiments/scorpion/run_pathoalign_projection.py,archive_specific_run_id|exact_output_path_binding|exact_fold_seed_condition_variant_record|producing_invocation|verified_run_manifest|historical_archive_output_hash_binding,Locate or create a verified historical run manifest that uniquely links this archive path and invocation identifiers to an output hash; retain the expected value as a proposal until then.,Metadata-lineage inconsistency only; the proposed source value is not an adjudicated correction and does not imply that training or metrics are invalid.
0a682cc708c58c7b3e9b8e0e0ec4149f9944bafc0b992bc4be96fab9719b5f22,results/paired_acquisition_factorization_pair_integrity_scorpion_phikon/fold_0/runs/true_pairs_seed_701/projected_features.npz,model_backbone_label_conflict,dinov2_pathoalign,phikon_pathoalign,metadata_json.model versus explicit path-consistent metadata_json.backbone,unresolved,medium,family_level_reconstructed_lineage_evidence|git:14726b13e7c0f23f9fe494399bab9fd902fecd7a:experiments/scorpion/run_pair_integrity_falsification_crossbackbone.py|git:14726b13e7c0f23f9fe494399bab9fd902fecd7a:results/paired_acquisition_factorization_pair_integrity_scorpion_phikon/run_log.txt|git:14726b13e7c0f23f9fe494399bab9fd902fecd7a:experiments/scorpion/run_pathoalign_projection.py,archive_specific_run_id|exact_output_path_binding|exact_fold_seed_condition_variant_record|producing_invocation|verified_run_manifest|historical_archive_output_hash_binding,Locate or create a verified historical run manifest that uniquely links this archive path and invocation identifiers to an output hash; retain the expected value as a proposal until then.,Observed model label conflicts with path-consistent backbone metadata; the proposed model value is not proof of the historical producing backbone.
b8428ac65db61972fb478ce1fbdbefb0206cc84e7068d3c384a55001e2f173dd,results/paired_acquisition_factorization_pair_integrity_scorpion_phikon/fold_0/runs/true_pairs_seed_702/projected_features.npz,model_backbone_label_conflict,dinov2_pathoalign,phikon_pathoalign,metadata_json.model versus explicit path-consistent metadata_json.backbone,unresolved,medium,family_level_reconstructed_lineage_evidence|git:14726b13e7c0f23f9fe494399bab9fd902fecd7a:experiments/scorpion/run_pair_integrity_falsification_crossbackbone.py|git:14726b13e7c0f23f9fe494399bab9fd902fecd7a:results/paired_acquisition_factorization_pair_integrity_scorpion_phikon/run_log.txt|git:14726b13e7c0f23f9fe494399bab9fd902fecd7a:experiments/scorpion/run_pathoalign_projection.py,archive_specific_run_id|exact_output_path_binding|exact_fold_seed_condition_variant_record|producing_invocation|verified_run_manifest|historical_archive_output_hash_binding,Locate or create a verified historical run manifest that uniquely links this archive path and invocation identifiers to an output hash; retain the expected value as a proposal until then.,Observed model label conflicts with path-consistent backbone metadata; the proposed model value is not proof of the historical producing backbone.
ff5c37b114649b8f8ee14a2c2f4a2fcddb44c264d577a696c0f20dda73133f15,results/paired_acquisition_factorization_pair_integrity_scorpion_phikon/fold_0/runs/true_pairs_seed_703/projected_features.npz,model_backbone_label_conflict,dinov2_pathoalign,phikon_pathoalign,metadata_json.model versus explicit path-consistent metadata_json.backbone,unresolved,medium,family_level_reconstructed_lineage_evidence|git:14726b13e7c0f23f9fe494399bab9fd902fecd7a:experiments/scorpion/run_pair_integrity_falsification_crossbackbone.py|git:14726b13e7c0f23f9fe494399bab9fd902fecd7a:results/paired_acquisition_factorization_pair_integrity_scorpion_phikon/run_log.txt|git:14726b13e7c0f23f9fe494399bab9fd902fecd7a:experiments/scorpion/run_pathoalign_projection.py,archive_specific_run_id|exact_output_path_binding|exact_fold_seed_condition_variant_record|producing_invocation|verified_run_manifest|historical_archive_output_hash_binding,Locate or create a verified historical run manifest that uniquely links this archive path and invocation identifiers to an output hash; retain the expected value as a proposal until then.,Observed model label conflicts with path-consistent backbone metadata; the proposed model value is not proof of the historical producing backbone.
5af59ca52dbc07749f0b522a8b6cac1e5219c64d7b0ab35953c2b75a17fbaf48,results/paired_acquisition_factorization_pair_integrity_scorpion_phikon/fold_0/runs/true_pairs_seed_704/projected_features.npz,model_backbone_label_conflict,dinov2_pathoalign,phikon_pathoalign,metadata_json.model versus explicit path-consistent metadata_json.backbone,unresolved,medium,family_level_reconstructed_lineage_evidence|git:14726b13e7c0f23f9fe494399bab9fd902fecd7a:experiments/scorpion/run_pair_integrity_falsification_crossbackbone.py|git:14726b13e7c0f23f9fe494399bab9fd902fecd7a:results/paired_acquisition_factorization_pair_integrity_scorpion_phikon/run_log.txt|git:14726b13e7c0f23f9fe494399bab9fd902fecd7a:experiments/scorpion/run_pathoalign_projection.py,archive_specific_run_id|exact_output_path_binding|exact_fold_seed_condition_variant_record|producing_invocation|verified_run_manifest|historical_archive_output_hash_binding,Locate or create a verified historical run manifest that uniquely links this archive path and invocation identifiers to an output hash; retain the expected value as a proposal until then.,Observed model label conflicts with path-consistent backbone metadata; the proposed model value is not proof of the historical producing backbone.
878398fe5e23eef1d5d398e876e467c0411279752740e6aec0836f2b553d1557,results/paired_acquisition_factorization_pair_integrity_scorpion_phikon/fold_0/runs/true_pairs_seed_705/projected_features.npz,model_backbone_label_conflict,dinov2_pathoalign,phikon_pathoalign,metadata_json.model versus explicit path-consistent metadata_json.backbone,unresolved,medium,family_level_reconstructed_lineage_evidence|git:14726b13e7c0f23f9fe494399bab9fd902fecd7a:experiments/scorpion/run_pair_integrity_falsification_crossbackbone.py|git:14726b13e7c0f23f9fe494399bab9fd902fecd7a:results/paired_acquisition_factorization_pair_integrity_scorpion_phikon/run_log.txt|git:14726b13e7c0f23f9fe494399bab9fd902fecd7a:experiments/scorpion/run_pathoalign_projection.py,archive_specific_run_id|exact_output_path_binding|exact_fold_seed_condition_variant_record|producing_invocation|verified_run_manifest|historical_archive_output_hash_binding,Locate or create a verified historical run manifest that uniquely links this archive path and invocation identifiers to an output hash; retain the expected value as a proposal until then.,Observed model label conflicts with path-consistent backbone metadata; the proposed model value is not proof of the historical producing backbone.
3cd1e203f9f39fa98502105516d78953b9163d3815b597cfc9a5908b931eda8f,results/paired_acquisition_factorization_pair_integrity_scorpion_phikon/fold_1/runs/true_pairs_seed_701/projected_features.npz,model_backbone_label_conflict,dinov2_pathoalign,phikon_pathoalign,metadata_json.model versus explicit path-consistent metadata_json.backbone,unresolved,medium,family_level_reconstructed_lineage_evidence|git:14726b13e7c0f23f9fe494399bab9fd902fecd7a:experiments/scorpion/run_pair_integrity_falsification_crossbackbone.py|git:14726b13e7c0f23f9fe494399bab9fd902fecd7a:results/paired_acquisition_factorization_pair_integrity_scorpion_phikon/run_log.txt|git:14726b13e7c0f23f9fe494399bab9fd902fecd7a:experiments/scorpion/run_pathoalign_projection.py,archive_specific_run_id|exact_output_path_binding|exact_fold_seed_condition_variant_record|producing_invocation|verified_run_manifest|historical_archive_output_hash_binding,Locate or create a verified historical run manifest that uniquely links this archive path and invocation identifiers to an output hash; retain the expected value as a proposal until then.,Observed model label conflicts with path-consistent backbone metadata; the proposed model value is not proof of the historical producing backbone.
4400dd876030e241f00bb80ae1337a0c599f3493ac291ca2feaed05583e54fdc,results/paired_acquisition_factorization_pair_integrity_scorpion_phikon/fold_1/runs/true_pairs_seed_702/projected_features.npz,model_backbone_label_conflict,dinov2_pathoalign,phikon_pathoalign,metadata_json.model versus explicit path-consistent metadata_json.backbone,unresolved,medium,family_level_reconstructed_lineage_evidence|git:14726b13e7c0f23f9fe494399bab9fd902fecd7a:experiments/scorpion/run_pair_integrity_falsification_crossbackbone.py|git:14726b13e7c0f23f9fe494399bab9fd902fecd7a:results/paired_acquisition_factorization_pair_integrity_scorpion_phikon/run_log.txt|git:14726b13e7c0f23f9fe494399bab9fd902fecd7a:experiments/scorpion/run_pathoalign_projection.py,archive_specific_run_id|exact_output_path_binding|exact_fold_seed_condition_variant_record|producing_invocation|verified_run_manifest|historical_archive_output_hash_binding,Locate or create a verified historical run manifest that uniquely links this archive path and invocation identifiers to an output hash; retain the expected value as a proposal until then.,Observed model label conflicts with path-consistent backbone metadata; the proposed model value is not proof of the historical producing backbone.
f92bb3b4687cc2a18cfcd3f2b16326341cb6be1d9ff53f1529dd82078f762728,results/paired_acquisition_factorization_pair_integrity_scorpion_phikon/fold_1/runs/true_pairs_seed_703/projected_features.npz,model_backbone_label_conflict,dinov2_pathoalign,phikon_pathoalign,metadata_json.model versus explicit path-consistent metadata_json.backbone,unresolved,medium,family_level_reconstructed_lineage_evidence|git:14726b13e7c0f23f9fe494399bab9fd902fecd7a:experiments/scorpion/run_pair_integrity_falsification_crossbackbone.py|git:14726b13e7c0f23f9fe494399bab9fd902fecd7a:results/paired_acquisition_factorization_pair_integrity_scorpion_phikon/run_log.txt|git:14726b13e7c0f23f9fe494399bab9fd902fecd7a:experiments/scorpion/run_pathoalign_projection.py,archive_specific_run_id|exact_output_path_binding|exact_fold_seed_condition_variant_record|producing_invocation|verified_run_manifest|historical_archive_output_hash_binding,Locate or create a verified historical run manifest that uniquely links this archive path and invocation identifiers to an output hash; retain the expected value as a proposal until then.,Observed model label conflicts with path-consistent backbone metadata; the proposed model value is not proof of the historical producing backbone.
d976735ea50d4ab90dc1be491a3ad0b6cc7b5b6b567337cc478609fa4b8f55a2,results/paired_acquisition_factorization_pair_integrity_scorpion_phikon/fold_1/runs/true_pairs_seed_704/projected_features.npz,model_backbone_label_conflict,dinov2_pathoalign,phikon_pathoalign,metadata_json.model versus explicit path-consistent metadata_json.backbone,unresolved,medium,family_level_reconstructed_lineage_evidence|git:14726b13e7c0f23f9fe494399bab9fd902fecd7a:experiments/scorpion/run_pair_integrity_falsification_crossbackbone.py|git:14726b13e7c0f23f9fe494399bab9fd902fecd7a:results/paired_acquisition_factorization_pair_integrity_scorpion_phikon/run_log.txt|git:14726b13e7c0f23f9fe494399bab9fd902fecd7a:experiments/scorpion/run_pathoalign_projection.py,archive_specific_run_id|exact_output_path_binding|exact_fold_seed_condition_variant_record|producing_invocation|verified_run_manifest|historical_archive_output_hash_binding,Locate or create a verified historical run manifest that uniquely links this archive path and invocation identifiers to an output hash; retain the expected value as a proposal until then.,Observed model label conflicts with path-consistent backbone metadata; the proposed model value is not proof of the historical producing backbone.
263c4787d97ac6d77d9f150a776fc95a323d0c85bb0f1602d0c1a34f96c8f06c,results/paired_acquisition_factorization_pair_integrity_scorpion_phikon/fold_1/runs/true_pairs_seed_705/projected_features.npz,model_backbone_label_conflict,dinov2_pathoalign,phikon_pathoalign,metadata_json.model versus explicit path-consistent metadata_json.backbone,unresolved,medium,family_level_reconstructed_lineage_evidence|git:14726b13e7c0f23f9fe494399bab9fd902fecd7a:experiments/scorpion/run_pair_integrity_falsification_crossbackbone.py|git:14726b13e7c0f23f9fe494399bab9fd902fecd7a:results/paired_acquisition_factorization_pair_integrity_scorpion_phikon/run_log.txt|git:14726b13e7c0f23f9fe494399bab9fd902fecd7a:experiments/scorpion/run_pathoalign_projection.py,archive_specific_run_id|exact_output_path_binding|exact_fold_seed_condition_variant_record|producing_invocation|verified_run_manifest|historical_archive_output_hash_binding,Locate or create a verified historical run manifest that uniquely links this archive path and invocation identifiers to an output hash; retain the expected value as a proposal until then.,Observed model label conflicts with path-consistent backbone metadata; the proposed model value is not proof of the historical producing backbone.
d987074e01093d1b26056b740f3504ebfb5baef8cbf2add8381185347dc31897,results/paired_acquisition_factorization_pair_integrity_scorpion_phikon/fold_2/runs/true_pairs_seed_701/projected_features.npz,model_backbone_label_conflict,dinov2_pathoalign,phikon_pathoalign,metadata_json.model versus explicit path-consistent metadata_json.backbone,unresolved,medium,family_level_reconstructed_lineage_evidence|git:14726b13e7c0f23f9fe494399bab9fd902fecd7a:experiments/scorpion/run_pair_integrity_falsification_crossbackbone.py|git:14726b13e7c0f23f9fe494399bab9fd902fecd7a:results/paired_acquisition_factorization_pair_integrity_scorpion_phikon/run_log.txt|git:14726b13e7c0f23f9fe494399bab9fd902fecd7a:experiments/scorpion/run_pathoalign_projection.py,archive_specific_run_id|exact_output_path_binding|exact_fold_seed_condition_variant_record|producing_invocation|verified_run_manifest|historical_archive_output_hash_binding,Locate or create a verified historical run manifest that uniquely links this archive path and invocation identifiers to an output hash; retain the expected value as a proposal until then.,Observed model label conflicts with path-consistent backbone metadata; the proposed model value is not proof of the historical producing backbone.
c0cda8ada296797116764fd7510fc87e7c5d49e603b328ee0dcbdcfda290f27c,results/paired_acquisition_factorization_pair_integrity_scorpion_phikon/fold_2/runs/true_pairs_seed_702/projected_features.npz,model_backbone_label_conflict,dinov2_pathoalign,phikon_pathoalign,metadata_json.model versus explicit path-consistent metadata_json.backbone,unresolved,medium,family_level_reconstructed_lineage_evidence|git:14726b13e7c0f23f9fe494399bab9fd902fecd7a:experiments/scorpion/run_pair_integrity_falsification_crossbackbone.py|git:14726b13e7c0f23f9fe494399bab9fd902fecd7a:results/paired_acquisition_factorization_pair_integrity_scorpion_phikon/run_log.txt|git:14726b13e7c0f23f9fe494399bab9fd902fecd7a:experiments/scorpion/run_pathoalign_projection.py,archive_specific_run_id|exact_output_path_binding|exact_fold_seed_condition_variant_record|producing_invocation|verified_run_manifest|historical_archive_output_hash_binding,Locate or create a verified historical run manifest that uniquely links this archive path and invocation identifiers to an output hash; retain the expected value as a proposal until then.,Observed model label conflicts with path-consistent backbone metadata; the proposed model value is not proof of the historical producing backbone.
d3bc6c8e5ea813f5dd27756c62aaf607fd564aee000bf6eb5f8cbdd5392eebc8,results/paired_acquisition_factorization_pair_integrity_scorpion_phikon/fold_2/runs/true_pairs_seed_703/projected_features.npz,model_backbone_label_conflict,dinov2_pathoalign,phikon_pathoalign,metadata_json.model versus explicit path-consistent metadata_json.backbone,unresolved,medium,family_level_reconstructed_lineage_evidence|git:14726b13e7c0f23f9fe494399bab9fd902fecd7a:experiments/scorpion/run_pair_integrity_falsification_crossbackbone.py|git:14726b13e7c0f23f9fe494399bab9fd902fecd7a:results/paired_acquisition_factorization_pair_integrity_scorpion_phikon/run_log.txt|git:14726b13e7c0f23f9fe494399bab9fd902fecd7a:experiments/scorpion/run_pathoalign_projection.py,archive_specific_run_id|exact_output_path_binding|exact_fold_seed_condition_variant_record|producing_invocation|verified_run_manifest|historical_archive_output_hash_binding,Locate or create a verified historical run manifest that uniquely links this archive path and invocation identifiers to an output hash; retain the expected value as a proposal until then.,Observed model label conflicts with path-consistent backbone metadata; the proposed model value is not proof of the historical producing backbone.
cd05aa81c7c9539d0543b3e5f3fd2d91630ec9f9cc35220458079a362b9a51fd,results/paired_acquisition_factorization_pair_integrity_scorpion_phikon/fold_2/runs/true_pairs_seed_704/projected_features.npz,model_backbone_label_conflict,dinov2_pathoalign,phikon_pathoalign,metadata_json.model versus explicit path-consistent metadata_json.backbone,unresolved,medium,family_level_reconstructed_lineage_evidence|git:14726b13e7c0f23f9fe494399bab9fd902fecd7a:experiments/scorpion/run_pair_integrity_falsification_crossbackbone.py|git:14726b13e7c0f23f9fe494399bab9fd902fecd7a:results/paired_acquisition_factorization_pair_integrity_scorpion_phikon/run_log.txt|git:14726b13e7c0f23f9fe494399bab9fd902fecd7a:experiments/scorpion/run_pathoalign_projection.py,archive_specific_run_id|exact_output_path_binding|exact_fold_seed_condition_variant_record|producing_invocation|verified_run_manifest|historical_archive_output_hash_binding,Locate or create a verified historical run manifest that uniquely links this archive path and invocation identifiers to an output hash; retain the expected value as a proposal until then.,Observed model label conflicts with path-consistent backbone metadata; the proposed model value is not proof of the historical producing backbone.
7da988f595f0ba944a840607cd17e0f38b7c81419c6b3f707d62c25b2e26b21c,results/paired_acquisition_factorization_pair_integrity_scorpion_phikon/fold_2/runs/true_pairs_seed_705/projected_features.npz,model_backbone_label_conflict,dinov2_pathoalign,phikon_pathoalign,metadata_json.model versus explicit path-consistent metadata_json.backbone,unresolved,medium,family_level_reconstructed_lineage_evidence|git:14726b13e7c0f23f9fe494399bab9fd902fecd7a:experiments/scorpion/run_pair_integrity_falsification_crossbackbone.py|git:14726b13e7c0f23f9fe494399bab9fd902fecd7a:results/paired_acquisition_factorization_pair_integrity_scorpion_phikon/run_log.txt|git:14726b13e7c0f23f9fe494399bab9fd902fecd7a:experiments/scorpion/run_pathoalign_projection.py,archive_specific_run_id|exact_output_path_binding|exact_fold_seed_condition_variant_record|producing_invocation|verified_run_manifest|historical_archive_output_hash_binding,Locate or create a verified historical run manifest that uniquely links this archive path and invocation identifiers to an output hash; retain the expected value as a proposal until then.,Observed model label conflicts with path-consistent backbone metadata; the proposed model value is not proof of the historical producing backbone.
e24eb0cd9116a23686cd351a6b049fd0d2b896c36076c34e23d01ffcff708d03,results/paired_acquisition_factorization_pair_integrity_scorpion_phikon/fold_3/runs/true_pairs_seed_701/projected_features.npz,model_backbone_label_conflict,dinov2_pathoalign,phikon_pathoalign,metadata_json.model versus explicit path-consistent metadata_json.backbone,unresolved,medium,family_level_reconstructed_lineage_evidence|git:14726b13e7c0f23f9fe494399bab9fd902fecd7a:experiments/scorpion/run_pair_integrity_falsification_crossbackbone.py|git:14726b13e7c0f23f9fe494399bab9fd902fecd7a:results/paired_acquisition_factorization_pair_integrity_scorpion_phikon/run_log.txt|git:14726b13e7c0f23f9fe494399bab9fd902fecd7a:experiments/scorpion/run_pathoalign_projection.py,archive_specific_run_id|exact_output_path_binding|exact_fold_seed_condition_variant_record|producing_invocation|verified_run_manifest|historical_archive_output_hash_binding,Locate or create a verified historical run manifest that uniquely links this archive path and invocation identifiers to an output hash; retain the expected value as a proposal until then.,Observed model label conflicts with path-consistent backbone metadata; the proposed model value is not proof of the historical producing backbone.
43b1abbe9ef975673347b5e915f9e4db589700ff7e4313613a917bbdbe1f595b,results/paired_acquisition_factorization_pair_integrity_scorpion_phikon/fold_3/runs/true_pairs_seed_702/projected_features.npz,model_backbone_label_conflict,dinov2_pathoalign,phikon_pathoalign,metadata_json.model versus explicit path-consistent metadata_json.backbone,unresolved,medium,family_level_reconstructed_lineage_evidence|git:14726b13e7c0f23f9fe494399bab9fd902fecd7a:experiments/scorpion/run_pair_integrity_falsification_crossbackbone.py|git:14726b13e7c0f23f9fe494399bab9fd902fecd7a:results/paired_acquisition_factorization_pair_integrity_scorpion_phikon/run_log.txt|git:14726b13e7c0f23f9fe494399bab9fd902fecd7a:experiments/scorpion/run_pathoalign_projection.py,archive_specific_run_id|exact_output_path_binding|exact_fold_seed_condition_variant_record|producing_invocation|verified_run_manifest|historical_archive_output_hash_binding,Locate or create a verified historical run manifest that uniquely links this archive path and invocation identifiers to an output hash; retain the expected value as a proposal until then.,Observed model label conflicts with path-consistent backbone metadata; the proposed model value is not proof of the historical producing backbone.
4e1dd7b7f2d8e6af96341bc6cb4816faf0e52dbb676f79ec0168d9bdd469cbda,results/paired_acquisition_factorization_pair_integrity_scorpion_phikon/fold_3/runs/true_pairs_seed_703/projected_features.npz,model_backbone_label_conflict,dinov2_pathoalign,phikon_pathoalign,metadata_json.model versus explicit path-consistent metadata_json.backbone,unresolved,medium,family_level_reconstructed_lineage_evidence|git:14726b13e7c0f23f9fe494399bab9fd902fecd7a:experiments/scorpion/run_pair_integrity_falsification_crossbackbone.py|git:14726b13e7c0f23f9fe494399bab9fd902fecd7a:results/paired_acquisition_factorization_pair_integrity_scorpion_phikon/run_log.txt|git:14726b13e7c0f23f9fe494399bab9fd902fecd7a:experiments/scorpion/run_pathoalign_projection.py,archive_specific_run_id|exact_output_path_binding|exact_fold_seed_condition_variant_record|producing_invocation|verified_run_manifest|historical_archive_output_hash_binding,Locate or create a verified historical run manifest that uniquely links this archive path and invocation identifiers to an output hash; retain the expected value as a proposal until then.,Observed model label conflicts with path-consistent backbone metadata; the proposed model value is not proof of the historical producing backbone.
67c932b8683948fc22affc7cd41d51152b791bec5d2c4a8b23b1935ccb373517,results/paired_acquisition_factorization_pair_integrity_scorpion_phikon/fold_3/runs/true_pairs_seed_704/projected_features.npz,model_backbone_label_conflict,dinov2_pathoalign,phikon_pathoalign,metadata_json.model versus explicit path-consistent metadata_json.backbone,unresolved,medium,family_level_reconstructed_lineage_evidence|git:14726b13e7c0f23f9fe494399bab9fd902fecd7a:experiments/scorpion/run_pair_integrity_falsification_crossbackbone.py|git:14726b13e7c0f23f9fe494399bab9fd902fecd7a:results/paired_acquisition_factorization_pair_integrity_scorpion_phikon/run_log.txt|git:14726b13e7c0f23f9fe494399bab9fd902fecd7a:experiments/scorpion/run_pathoalign_projection.py,archive_specific_run_id|exact_output_path_binding|exact_fold_seed_condition_variant_record|producing_invocation|verified_run_manifest|historical_archive_output_hash_binding,Locate or create a verified historical run manifest that uniquely links this archive path and invocation identifiers to an output hash; retain the expected value as a proposal until then.,Observed model label conflicts with path-consistent backbone metadata; the proposed model value is not proof of the historical producing backbone.
00ded39166019dfc04b5f313af7b0519880d34008518d9909d76227a3c3003dd,results/paired_acquisition_factorization_pair_integrity_scorpion_phikon/fold_3/runs/true_pairs_seed_705/projected_features.npz,model_backbone_label_conflict,dinov2_pathoalign,phikon_pathoalign,metadata_json.model versus explicit path-consistent metadata_json.backbone,unresolved,medium,family_level_reconstructed_lineage_evidence|git:14726b13e7c0f23f9fe494399bab9fd902fecd7a:experiments/scorpion/run_pair_integrity_falsification_crossbackbone.py|git:14726b13e7c0f23f9fe494399bab9fd902fecd7a:results/paired_acquisition_factorization_pair_integrity_scorpion_phikon/run_log.txt|git:14726b13e7c0f23f9fe494399bab9fd902fecd7a:experiments/scorpion/run_pathoalign_projection.py,archive_specific_run_id|exact_output_path_binding|exact_fold_seed_condition_variant_record|producing_invocation|verified_run_manifest|historical_archive_output_hash_binding,Locate or create a verified historical run manifest that uniquely links this archive path and invocation identifiers to an output hash; retain the expected value as a proposal until then.,Observed model label conflicts with path-consistent backbone metadata; the proposed model value is not proof of the historical producing backbone.
328ac5376e466a0654e13ce6d926f14d567735ece1300e72553ecb1eb1c61fdd,results/paired_acquisition_factorization_pair_integrity_scorpion_phikon/fold_4/runs/true_pairs_seed_701/projected_features.npz,model_backbone_label_conflict,dinov2_pathoalign,phikon_pathoalign,metadata_json.model versus explicit path-consistent metadata_json.backbone,unresolved,medium,family_level_reconstructed_lineage_evidence|git:14726b13e7c0f23f9fe494399bab9fd902fecd7a:experiments/scorpion/run_pair_integrity_falsification_crossbackbone.py|git:14726b13e7c0f23f9fe494399bab9fd902fecd7a:results/paired_acquisition_factorization_pair_integrity_scorpion_phikon/run_log.txt|git:14726b13e7c0f23f9fe494399bab9fd902fecd7a:experiments/scorpion/run_pathoalign_projection.py,archive_specific_run_id|exact_output_path_binding|exact_fold_seed_condition_variant_record|producing_invocation|verified_run_manifest|historical_archive_output_hash_binding,Locate or create a verified historical run manifest that uniquely links this archive path and invocation identifiers to an output hash; retain the expected value as a proposal until then.,Observed model label conflicts with path-consistent backbone metadata; the proposed model value is not proof of the historical producing backbone.
5bfbb484ea3ad42ce83eb87007592a524ba5597dfa6b13db2b7d2cc4908ff29b,results/paired_acquisition_factorization_pair_integrity_scorpion_phikon/fold_4/runs/true_pairs_seed_702/projected_features.npz,model_backbone_label_conflict,dinov2_pathoalign,phikon_pathoalign,metadata_json.model versus explicit path-consistent metadata_json.backbone,unresolved,medium,family_level_reconstructed_lineage_evidence|git:14726b13e7c0f23f9fe494399bab9fd902fecd7a:experiments/scorpion/run_pair_integrity_falsification_crossbackbone.py|git:14726b13e7c0f23f9fe494399bab9fd902fecd7a:results/paired_acquisition_factorization_pair_integrity_scorpion_phikon/run_log.txt|git:14726b13e7c0f23f9fe494399bab9fd902fecd7a:experiments/scorpion/run_pathoalign_projection.py,archive_specific_run_id|exact_output_path_binding|exact_fold_seed_condition_variant_record|producing_invocation|verified_run_manifest|historical_archive_output_hash_binding,Locate or create a verified historical run manifest that uniquely links this archive path and invocation identifiers to an output hash; retain the expected value as a proposal until then.,Observed model label conflicts with path-consistent backbone metadata; the proposed model value is not proof of the historical producing backbone.
1a5be40b11fa0b2940530bd32d37b8172930f93029ffe5f6ff8ef56227a99bf2,results/paired_acquisition_factorization_pair_integrity_scorpion_phikon/fold_4/runs/true_pairs_seed_703/projected_features.npz,model_backbone_label_conflict,dinov2_pathoalign,phikon_pathoalign,metadata_json.model versus explicit path-consistent metadata_json.backbone,unresolved,medium,family_level_reconstructed_lineage_evidence|git:14726b13e7c0f23f9fe494399bab9fd902fecd7a:experiments/scorpion/run_pair_integrity_falsification_crossbackbone.py|git:14726b13e7c0f23f9fe494399bab9fd902fecd7a:results/paired_acquisition_factorization_pair_integrity_scorpion_phikon/run_log.txt|git:14726b13e7c0f23f9fe494399bab9fd902fecd7a:experiments/scorpion/run_pathoalign_projection.py,archive_specific_run_id|exact_output_path_binding|exact_fold_seed_condition_variant_record|producing_invocation|verified_run_manifest|historical_archive_output_hash_binding,Locate or create a verified historical run manifest that uniquely links this archive path and invocation identifiers to an output hash; retain the expected value as a proposal until then.,Observed model label conflicts with path-consistent backbone metadata; the proposed model value is not proof of the historical producing backbone.
e466b94c78220bc095ecc1d61fd684f835aca9ca8bc7ba7f652889d718d38717,results/paired_acquisition_factorization_pair_integrity_scorpion_phikon/fold_4/runs/true_pairs_seed_704/projected_features.npz,model_backbone_label_conflict,dinov2_pathoalign,phikon_pathoalign,metadata_json.model versus explicit path-consistent metadata_json.backbone,unresolved,medium,family_level_reconstructed_lineage_evidence|git:14726b13e7c0f23f9fe494399bab9fd902fecd7a:experiments/scorpion/run_pair_integrity_falsification_crossbackbone.py|git:14726b13e7c0f23f9fe494399bab9fd902fecd7a:results/paired_acquisition_factorization_pair_integrity_scorpion_phikon/run_log.txt|git:14726b13e7c0f23f9fe494399bab9fd902fecd7a:experiments/scorpion/run_pathoalign_projection.py,archive_specific_run_id|exact_output_path_binding|exact_fold_seed_condition_variant_record|producing_invocation|verified_run_manifest|historical_archive_output_hash_binding,Locate or create a verified historical run manifest that uniquely links this archive path and invocation identifiers to an output hash; retain the expected value as a proposal until then.,Observed model label conflicts with path-consistent backbone metadata; the proposed model value is not proof of the historical producing backbone.
42d7178f0ac5b277fb960d23314ce0e7bbe61ab4e156afd56e60aef9d3e1d2a6,results/paired_acquisition_factorization_pair_integrity_scorpion_phikon/fold_4/runs/true_pairs_seed_705/projected_features.npz,model_backbone_label_conflict,dinov2_pathoalign,phikon_pathoalign,metadata_json.model versus explicit path-consistent metadata_json.backbone,unresolved,medium,family_level_reconstructed_lineage_evidence|git:14726b13e7c0f23f9fe494399bab9fd902fecd7a:experiments/scorpion/run_pair_integrity_falsification_crossbackbone.py|git:14726b13e7c0f23f9fe494399bab9fd902fecd7a:results/paired_acquisition_factorization_pair_integrity_scorpion_phikon/run_log.txt|git:14726b13e7c0f23f9fe494399bab9fd902fecd7a:experiments/scorpion/run_pathoalign_projection.py,archive_specific_run_id|exact_output_path_binding|exact_fold_seed_condition_variant_record|producing_invocation|verified_run_manifest|historical_archive_output_hash_binding,Locate or create a verified historical run manifest that uniquely links this archive path and invocation identifiers to an output hash; retain the expected value as a proposal until then.,Observed model label conflicts with path-consistent backbone metadata; the proposed model value is not proof of the historical producing backbone.
a1aad6ceb12fb2be47aebf301700764c146b72963f913edb0edff9bdb805d309,results/paired_acquisition_factorization_pair_integrity_scorpion_resnet50/fold_0/runs/true_pairs_seed_701/projected_features.npz,model_backbone_label_conflict,dinov2_pathoalign,resnet50_pathoalign,metadata_json.model versus explicit path-consistent metadata_json.backbone,unresolved,medium,family_level_reconstructed_lineage_evidence|git:14726b13e7c0f23f9fe494399bab9fd902fecd7a:experiments/scorpion/run_pair_integrity_falsification_crossbackbone.py|git:14726b13e7c0f23f9fe494399bab9fd902fecd7a:results/paired_acquisition_factorization_pair_integrity_scorpion_resnet50/run_log.txt|git:14726b13e7c0f23f9fe494399bab9fd902fecd7a:experiments/scorpion/run_pathoalign_projection.py,archive_specific_run_id|exact_output_path_binding|exact_fold_seed_condition_variant_record|producing_invocation|verified_run_manifest|historical_archive_output_hash_binding,Locate or create a verified historical run manifest that uniquely links this archive path and invocation identifiers to an output hash; retain the expected value as a proposal until then.,Observed model label conflicts with path-consistent backbone metadata; the proposed model value is not proof of the historical producing backbone.
3d199098c2b46f9089a6c91d7aa7081dfdf997e72f9d53654ae65aef15d6620c,results/paired_acquisition_factorization_pair_integrity_scorpion_resnet50/fold_0/runs/true_pairs_seed_702/projected_features.npz,model_backbone_label_conflict,dinov2_pathoalign,resnet50_pathoalign,metadata_json.model versus explicit path-consistent metadata_json.backbone,unresolved,medium,family_level_reconstructed_lineage_evidence|git:14726b13e7c0f23f9fe494399bab9fd902fecd7a:experiments/scorpion/run_pair_integrity_falsification_crossbackbone.py|git:14726b13e7c0f23f9fe494399bab9fd902fecd7a:results/paired_acquisition_factorization_pair_integrity_scorpion_resnet50/run_log.txt|git:14726b13e7c0f23f9fe494399bab9fd902fecd7a:experiments/scorpion/run_pathoalign_projection.py,archive_specific_run_id|exact_output_path_binding|exact_fold_seed_condition_variant_record|producing_invocation|verified_run_manifest|historical_archive_output_hash_binding,Locate or create a verified historical run manifest that uniquely links this archive path and invocation identifiers to an output hash; retain the expected value as a proposal until then.,Observed model label conflicts with path-consistent backbone metadata; the proposed model value is not proof of the historical producing backbone.
130e1053214f9544c4449ef5f634dff714666b009cb5cb7acde9d36930d73914,results/paired_acquisition_factorization_pair_integrity_scorpion_resnet50/fold_0/runs/true_pairs_seed_703/projected_features.npz,model_backbone_label_conflict,dinov2_pathoalign,resnet50_pathoalign,metadata_json.model versus explicit path-consistent metadata_json.backbone,unresolved,medium,family_level_reconstructed_lineage_evidence|git:14726b13e7c0f23f9fe494399bab9fd902fecd7a:experiments/scorpion/run_pair_integrity_falsification_crossbackbone.py|git:14726b13e7c0f23f9fe494399bab9fd902fecd7a:results/paired_acquisition_factorization_pair_integrity_scorpion_resnet50/run_log.txt|git:14726b13e7c0f23f9fe494399bab9fd902fecd7a:experiments/scorpion/run_pathoalign_projection.py,archive_specific_run_id|exact_output_path_binding|exact_fold_seed_condition_variant_record|producing_invocation|verified_run_manifest|historical_archive_output_hash_binding,Locate or create a verified historical run manifest that uniquely links this archive path and invocation identifiers to an output hash; retain the expected value as a proposal until then.,Observed model label conflicts with path-consistent backbone metadata; the proposed model value is not proof of the historical producing backbone.
04dc4c09a99435db5ec796eb9ec7627e6c7bfefe4eec26c5605db0adda96fa0e,results/paired_acquisition_factorization_pair_integrity_scorpion_resnet50/fold_0/runs/true_pairs_seed_704/projected_features.npz,model_backbone_label_conflict,dinov2_pathoalign,resnet50_pathoalign,metadata_json.model versus explicit path-consistent metadata_json.backbone,unresolved,medium,family_level_reconstructed_lineage_evidence|git:14726b13e7c0f23f9fe494399bab9fd902fecd7a:experiments/scorpion/run_pair_integrity_falsification_crossbackbone.py|git:14726b13e7c0f23f9fe494399bab9fd902fecd7a:results/paired_acquisition_factorization_pair_integrity_scorpion_resnet50/run_log.txt|git:14726b13e7c0f23f9fe494399bab9fd902fecd7a:experiments/scorpion/run_pathoalign_projection.py,archive_specific_run_id|exact_output_path_binding|exact_fold_seed_condition_variant_record|producing_invocation|verified_run_manifest|historical_archive_output_hash_binding,Locate or create a verified historical run manifest that uniquely links this archive path and invocation identifiers to an output hash; retain the expected value as a proposal until then.,Observed model label conflicts with path-consistent backbone metadata; the proposed model value is not proof of the historical producing backbone.
a78df6aa687173486208c771d6f36fd403f0d7fce86ab883a4a6d53a98fb7bdc,results/paired_acquisition_factorization_pair_integrity_scorpion_resnet50/fold_0/runs/true_pairs_seed_705/projected_features.npz,model_backbone_label_conflict,dinov2_pathoalign,resnet50_pathoalign,metadata_json.model versus explicit path-consistent metadata_json.backbone,unresolved,medium,family_level_reconstructed_lineage_evidence|git:14726b13e7c0f23f9fe494399bab9fd902fecd7a:experiments/scorpion/run_pair_integrity_falsification_crossbackbone.py|git:14726b13e7c0f23f9fe494399bab9fd902fecd7a:results/paired_acquisition_factorization_pair_integrity_scorpion_resnet50/run_log.txt|git:14726b13e7c0f23f9fe494399bab9fd902fecd7a:experiments/scorpion/run_pathoalign_projection.py,archive_specific_run_id|exact_output_path_binding|exact_fold_seed_condition_variant_record|producing_invocation|verified_run_manifest|historical_archive_output_hash_binding,Locate or create a verified historical run manifest that uniquely links this archive path and invocation identifiers to an output hash; retain the expected value as a proposal until then.,Observed model label conflicts with path-consistent backbone metadata; the proposed model value is not proof of the historical producing backbone.
3cf439dd2fec02d6321471b87f74d2e158cd7479c594336cb97c78637fea9a31,results/paired_acquisition_factorization_pair_integrity_scorpion_resnet50/fold_1/runs/true_pairs_seed_701/projected_features.npz,model_backbone_label_conflict,dinov2_pathoalign,resnet50_pathoalign,metadata_json.model versus explicit path-consistent metadata_json.backbone,unresolved,medium,family_level_reconstructed_lineage_evidence|git:14726b13e7c0f23f9fe494399bab9fd902fecd7a:experiments/scorpion/run_pair_integrity_falsification_crossbackbone.py|git:14726b13e7c0f23f9fe494399bab9fd902fecd7a:results/paired_acquisition_factorization_pair_integrity_scorpion_resnet50/run_log.txt|git:14726b13e7c0f23f9fe494399bab9fd902fecd7a:experiments/scorpion/run_pathoalign_projection.py,archive_specific_run_id|exact_output_path_binding|exact_fold_seed_condition_variant_record|producing_invocation|verified_run_manifest|historical_archive_output_hash_binding,Locate or create a verified historical run manifest that uniquely links this archive path and invocation identifiers to an output hash; retain the expected value as a proposal until then.,Observed model label conflicts with path-consistent backbone metadata; the proposed model value is not proof of the historical producing backbone.
e2f6aec16899e49754b424438a174ad6171e7363ab3755231acb3effda23c3ec,results/paired_acquisition_factorization_pair_integrity_scorpion_resnet50/fold_1/runs/true_pairs_seed_702/projected_features.npz,model_backbone_label_conflict,dinov2_pathoalign,resnet50_pathoalign,metadata_json.model versus explicit path-consistent metadata_json.backbone,unresolved,medium,family_level_reconstructed_lineage_evidence|git:14726b13e7c0f23f9fe494399bab9fd902fecd7a:experiments/scorpion/run_pair_integrity_falsification_crossbackbone.py|git:14726b13e7c0f23f9fe494399bab9fd902fecd7a:results/paired_acquisition_factorization_pair_integrity_scorpion_resnet50/run_log.txt|git:14726b13e7c0f23f9fe494399bab9fd902fecd7a:experiments/scorpion/run_pathoalign_projection.py,archive_specific_run_id|exact_output_path_binding|exact_fold_seed_condition_variant_record|producing_invocation|verified_run_manifest|historical_archive_output_hash_binding,Locate or create a verified historical run manifest that uniquely links this archive path and invocation identifiers to an output hash; retain the expected value as a proposal until then.,Observed model label conflicts with path-consistent backbone metadata; the proposed model value is not proof of the historical producing backbone.
749cecfb49f1b886b26b68af0c0b58cf47a37140ff48cc3c05a66c13035fdf8c,results/paired_acquisition_factorization_pair_integrity_scorpion_resnet50/fold_1/runs/true_pairs_seed_703/projected_features.npz,model_backbone_label_conflict,dinov2_pathoalign,resnet50_pathoalign,metadata_json.model versus explicit path-consistent metadata_json.backbone,unresolved,medium,family_level_reconstructed_lineage_evidence|git:14726b13e7c0f23f9fe494399bab9fd902fecd7a:experiments/scorpion/run_pair_integrity_falsification_crossbackbone.py|git:14726b13e7c0f23f9fe494399bab9fd902fecd7a:results/paired_acquisition_factorization_pair_integrity_scorpion_resnet50/run_log.txt|git:14726b13e7c0f23f9fe494399bab9fd902fecd7a:experiments/scorpion/run_pathoalign_projection.py,archive_specific_run_id|exact_output_path_binding|exact_fold_seed_condition_variant_record|producing_invocation|verified_run_manifest|historical_archive_output_hash_binding,Locate or create a verified historical run manifest that uniquely links this archive path and invocation identifiers to an output hash; retain the expected value as a proposal until then.,Observed model label conflicts with path-consistent backbone metadata; the proposed model value is not proof of the historical producing backbone.
2cc8731240586dfd662c2b7b5cc092e56c6cb4d67d08bc8a754afdb9c9cc4c98,results/paired_acquisition_factorization_pair_integrity_scorpion_resnet50/fold_1/runs/true_pairs_seed_704/projected_features.npz,model_backbone_label_conflict,dinov2_pathoalign,resnet50_pathoalign,metadata_json.model versus explicit path-consistent metadata_json.backbone,unresolved,medium,family_level_reconstructed_lineage_evidence|git:14726b13e7c0f23f9fe494399bab9fd902fecd7a:experiments/scorpion/run_pair_integrity_falsification_crossbackbone.py|git:14726b13e7c0f23f9fe494399bab9fd902fecd7a:results/paired_acquisition_factorization_pair_integrity_scorpion_resnet50/run_log.txt|git:14726b13e7c0f23f9fe494399bab9fd902fecd7a:experiments/scorpion/run_pathoalign_projection.py,archive_specific_run_id|exact_output_path_binding|exact_fold_seed_condition_variant_record|producing_invocation|verified_run_manifest|historical_archive_output_hash_binding,Locate or create a verified historical run manifest that uniquely links this archive path and invocation identifiers to an output hash; retain the expected value as a proposal until then.,Observed model label conflicts with path-consistent backbone metadata; the proposed model value is not proof of the historical producing backbone.
1a3cd2ac23187c4956558e0b163c2244ddea6b7a5d8a7f53eb4aff74243a673e,results/paired_acquisition_factorization_pair_integrity_scorpion_resnet50/fold_1/runs/true_pairs_seed_705/projected_features.npz,model_backbone_label_conflict,dinov2_pathoalign,resnet50_pathoalign,metadata_json.model versus explicit path-consistent metadata_json.backbone,unresolved,medium,family_level_reconstructed_lineage_evidence|git:14726b13e7c0f23f9fe494399bab9fd902fecd7a:experiments/scorpion/run_pair_integrity_falsification_crossbackbone.py|git:14726b13e7c0f23f9fe494399bab9fd902fecd7a:results/paired_acquisition_factorization_pair_integrity_scorpion_resnet50/run_log.txt|git:14726b13e7c0f23f9fe494399bab9fd902fecd7a:experiments/scorpion/run_pathoalign_projection.py,archive_specific_run_id|exact_output_path_binding|exact_fold_seed_condition_variant_record|producing_invocation|verified_run_manifest|historical_archive_output_hash_binding,Locate or create a verified historical run manifest that uniquely links this archive path and invocation identifiers to an output hash; retain the expected value as a proposal until then.,Observed model label conflicts with path-consistent backbone metadata; the proposed model value is not proof of the historical producing backbone.
7bc6111460cf3c661b645b0e5c3d7e936a2a6061529cc8d8c33af7e0d4cd5e55,results/paired_acquisition_factorization_pair_integrity_scorpion_resnet50/fold_2/runs/true_pairs_seed_701/projected_features.npz,model_backbone_label_conflict,dinov2_pathoalign,resnet50_pathoalign,metadata_json.model versus explicit path-consistent metadata_json.backbone,unresolved,medium,family_level_reconstructed_lineage_evidence|git:14726b13e7c0f23f9fe494399bab9fd902fecd7a:experiments/scorpion/run_pair_integrity_falsification_crossbackbone.py|git:14726b13e7c0f23f9fe494399bab9fd902fecd7a:results/paired_acquisition_factorization_pair_integrity_scorpion_resnet50/run_log.txt|git:14726b13e7c0f23f9fe494399bab9fd902fecd7a:experiments/scorpion/run_pathoalign_projection.py,archive_specific_run_id|exact_output_path_binding|exact_fold_seed_condition_variant_record|producing_invocation|verified_run_manifest|historical_archive_output_hash_binding,Locate or create a verified historical run manifest that uniquely links this archive path and invocation identifiers to an output hash; retain the expected value as a proposal until then.,Observed model label conflicts with path-consistent backbone metadata; the proposed model value is not proof of the historical producing backbone.
3418205b51534bb688f78bb4479f68ae554f94d623be6447163bae0ff51a27d9,results/paired_acquisition_factorization_pair_integrity_scorpion_resnet50/fold_2/runs/true_pairs_seed_702/projected_features.npz,model_backbone_label_conflict,dinov2_pathoalign,resnet50_pathoalign,metadata_json.model versus explicit path-consistent metadata_json.backbone,unresolved,medium,family_level_reconstructed_lineage_evidence|git:14726b13e7c0f23f9fe494399bab9fd902fecd7a:experiments/scorpion/run_pair_integrity_falsification_crossbackbone.py|git:14726b13e7c0f23f9fe494399bab9fd902fecd7a:results/paired_acquisition_factorization_pair_integrity_scorpion_resnet50/run_log.txt|git:14726b13e7c0f23f9fe494399bab9fd902fecd7a:experiments/scorpion/run_pathoalign_projection.py,archive_specific_run_id|exact_output_path_binding|exact_fold_seed_condition_variant_record|producing_invocation|verified_run_manifest|historical_archive_output_hash_binding,Locate or create a verified historical run manifest that uniquely links this archive path and invocation identifiers to an output hash; retain the expected value as a proposal until then.,Observed model label conflicts with path-consistent backbone metadata; the proposed model value is not proof of the historical producing backbone.
92cb52bd25c558d150393dc024cb172edb99a07167ee7f6c1afcb5c30c948969,results/paired_acquisition_factorization_pair_integrity_scorpion_resnet50/fold_2/runs/true_pairs_seed_703/projected_features.npz,model_backbone_label_conflict,dinov2_pathoalign,resnet50_pathoalign,metadata_json.model versus explicit path-consistent metadata_json.backbone,unresolved,medium,family_level_reconstructed_lineage_evidence|git:14726b13e7c0f23f9fe494399bab9fd902fecd7a:experiments/scorpion/run_pair_integrity_falsification_crossbackbone.py|git:14726b13e7c0f23f9fe494399bab9fd902fecd7a:results/paired_acquisition_factorization_pair_integrity_scorpion_resnet50/run_log.txt|git:14726b13e7c0f23f9fe494399bab9fd902fecd7a:experiments/scorpion/run_pathoalign_projection.py,archive_specific_run_id|exact_output_path_binding|exact_fold_seed_condition_variant_record|producing_invocation|verified_run_manifest|historical_archive_output_hash_binding,Locate or create a verified historical run manifest that uniquely links this archive path and invocation identifiers to an output hash; retain the expected value as a proposal until then.,Observed model label conflicts with path-consistent backbone metadata; the proposed model value is not proof of the historical producing backbone.
291c5e0a942814c67459ddd3dd073b930beb46984da3caea86a3369dc92b9c2f,results/paired_acquisition_factorization_pair_integrity_scorpion_resnet50/fold_2/runs/true_pairs_seed_704/projected_features.npz,model_backbone_label_conflict,dinov2_pathoalign,resnet50_pathoalign,metadata_json.model versus explicit path-consistent metadata_json.backbone,unresolved,medium,family_level_reconstructed_lineage_evidence|git:14726b13e7c0f23f9fe494399bab9fd902fecd7a:experiments/scorpion/run_pair_integrity_falsification_crossbackbone.py|git:14726b13e7c0f23f9fe494399bab9fd902fecd7a:results/paired_acquisition_factorization_pair_integrity_scorpion_resnet50/run_log.txt|git:14726b13e7c0f23f9fe494399bab9fd902fecd7a:experiments/scorpion/run_pathoalign_projection.py,archive_specific_run_id|exact_output_path_binding|exact_fold_seed_condition_variant_record|producing_invocation|verified_run_manifest|historical_archive_output_hash_binding,Locate or create a verified historical run manifest that uniquely links this archive path and invocation identifiers to an output hash; retain the expected value as a proposal until then.,Observed model label conflicts with path-consistent backbone metadata; the proposed model value is not proof of the historical producing backbone.
268d8c5c5dccdd97409709471b29ab951a6bc22e47223ebff83aeedbfab1ebeb,results/paired_acquisition_factorization_pair_integrity_scorpion_resnet50/fold_2/runs/true_pairs_seed_705/projected_features.npz,model_backbone_label_conflict,dinov2_pathoalign,resnet50_pathoalign,metadata_json.model versus explicit path-consistent metadata_json.backbone,unresolved,medium,family_level_reconstructed_lineage_evidence|git:14726b13e7c0f23f9fe494399bab9fd902fecd7a:experiments/scorpion/run_pair_integrity_falsification_crossbackbone.py|git:14726b13e7c0f23f9fe494399bab9fd902fecd7a:results/paired_acquisition_factorization_pair_integrity_scorpion_resnet50/run_log.txt|git:14726b13e7c0f23f9fe494399bab9fd902fecd7a:experiments/scorpion/run_pathoalign_projection.py,archive_specific_run_id|exact_output_path_binding|exact_fold_seed_condition_variant_record|producing_invocation|verified_run_manifest|historical_archive_output_hash_binding,Locate or create a verified historical run manifest that uniquely links this archive path and invocation identifiers to an output hash; retain the expected value as a proposal until then.,Observed model label conflicts with path-consistent backbone metadata; the proposed model value is not proof of the historical producing backbone.
e095e31741d93744a82bd2ee3c3410ac394378ced8aa971b72d0712116eafdad,results/paired_acquisition_factorization_pair_integrity_scorpion_resnet50/fold_3/runs/true_pairs_seed_701/projected_features.npz,model_backbone_label_conflict,dinov2_pathoalign,resnet50_pathoalign,metadata_json.model versus explicit path-consistent metadata_json.backbone,unresolved,medium,family_level_reconstructed_lineage_evidence|git:14726b13e7c0f23f9fe494399bab9fd902fecd7a:experiments/scorpion/run_pair_integrity_falsification_crossbackbone.py|git:14726b13e7c0f23f9fe494399bab9fd902fecd7a:results/paired_acquisition_factorization_pair_integrity_scorpion_resnet50/run_log.txt|git:14726b13e7c0f23f9fe494399bab9fd902fecd7a:experiments/scorpion/run_pathoalign_projection.py,archive_specific_run_id|exact_output_path_binding|exact_fold_seed_condition_variant_record|producing_invocation|verified_run_manifest|historical_archive_output_hash_binding,Locate or create a verified historical run manifest that uniquely links this archive path and invocation identifiers to an output hash; retain the expected value as a proposal until then.,Observed model label conflicts with path-consistent backbone metadata; the proposed model value is not proof of the historical producing backbone.
d7353678005e8058327ddb638bc7a194130d7f176b07fc3e4fb41f11363dc8b6,results/paired_acquisition_factorization_pair_integrity_scorpion_resnet50/fold_3/runs/true_pairs_seed_702/projected_features.npz,model_backbone_label_conflict,dinov2_pathoalign,resnet50_pathoalign,metadata_json.model versus explicit path-consistent metadata_json.backbone,unresolved,medium,family_level_reconstructed_lineage_evidence|git:14726b13e7c0f23f9fe494399bab9fd902fecd7a:experiments/scorpion/run_pair_integrity_falsification_crossbackbone.py|git:14726b13e7c0f23f9fe494399bab9fd902fecd7a:results/paired_acquisition_factorization_pair_integrity_scorpion_resnet50/run_log.txt|git:14726b13e7c0f23f9fe494399bab9fd902fecd7a:experiments/scorpion/run_pathoalign_projection.py,archive_specific_run_id|exact_output_path_binding|exact_fold_seed_condition_variant_record|producing_invocation|verified_run_manifest|historical_archive_output_hash_binding,Locate or create a verified historical run manifest that uniquely links this archive path and invocation identifiers to an output hash; retain the expected value as a proposal until then.,Observed model label conflicts with path-consistent backbone metadata; the proposed model value is not proof of the historical producing backbone.
cecc69653ec57affe8161456b06ef8078c35181855b92b735e464a05af10bcb6,results/paired_acquisition_factorization_pair_integrity_scorpion_resnet50/fold_3/runs/true_pairs_seed_703/projected_features.npz,model_backbone_label_conflict,dinov2_pathoalign,resnet50_pathoalign,metadata_json.model versus explicit path-consistent metadata_json.backbone,unresolved,medium,family_level_reconstructed_lineage_evidence|git:14726b13e7c0f23f9fe494399bab9fd902fecd7a:experiments/scorpion/run_pair_integrity_falsification_crossbackbone.py|git:14726b13e7c0f23f9fe494399bab9fd902fecd7a:results/paired_acquisition_factorization_pair_integrity_scorpion_resnet50/run_log.txt|git:14726b13e7c0f23f9fe494399bab9fd902fecd7a:experiments/scorpion/run_pathoalign_projection.py,archive_specific_run_id|exact_output_path_binding|exact_fold_seed_condition_variant_record|producing_invocation|verified_run_manifest|historical_archive_output_hash_binding,Locate or create a verified historical run manifest that uniquely links this archive path and invocation identifiers to an output hash; retain the expected value as a proposal until then.,Observed model label conflicts with path-consistent backbone metadata; the proposed model value is not proof of the historical producing backbone.
7057047422a93a9aaebad4a5d4afe0125f77975efaffa1b709abcb7546568bcd,results/paired_acquisition_factorization_pair_integrity_scorpion_resnet50/fold_3/runs/true_pairs_seed_704/projected_features.npz,model_backbone_label_conflict,dinov2_pathoalign,resnet50_pathoalign,metadata_json.model versus explicit path-consistent metadata_json.backbone,unresolved,medium,family_level_reconstructed_lineage_evidence|git:14726b13e7c0f23f9fe494399bab9fd902fecd7a:experiments/scorpion/run_pair_integrity_falsification_crossbackbone.py|git:14726b13e7c0f23f9fe494399bab9fd902fecd7a:results/paired_acquisition_factorization_pair_integrity_scorpion_resnet50/run_log.txt|git:14726b13e7c0f23f9fe494399bab9fd902fecd7a:experiments/scorpion/run_pathoalign_projection.py,archive_specific_run_id|exact_output_path_binding|exact_fold_seed_condition_variant_record|producing_invocation|verified_run_manifest|historical_archive_output_hash_binding,Locate or create a verified historical run manifest that uniquely links this archive path and invocation identifiers to an output hash; retain the expected value as a proposal until then.,Observed model label conflicts with path-consistent backbone metadata; the proposed model value is not proof of the historical producing backbone.
cc3ebda7fddc69dff18adf9d596942a7a47a3f5bb396d6bebe89e89dd7dda770,results/paired_acquisition_factorization_pair_integrity_scorpion_resnet50/fold_3/runs/true_pairs_seed_705/projected_features.npz,model_backbone_label_conflict,dinov2_pathoalign,resnet50_pathoalign,metadata_json.model versus explicit path-consistent metadata_json.backbone,unresolved,medium,family_level_reconstructed_lineage_evidence|git:14726b13e7c0f23f9fe494399bab9fd902fecd7a:experiments/scorpion/run_pair_integrity_falsification_crossbackbone.py|git:14726b13e7c0f23f9fe494399bab9fd902fecd7a:results/paired_acquisition_factorization_pair_integrity_scorpion_resnet50/run_log.txt|git:14726b13e7c0f23f9fe494399bab9fd902fecd7a:experiments/scorpion/run_pathoalign_projection.py,archive_specific_run_id|exact_output_path_binding|exact_fold_seed_condition_variant_record|producing_invocation|verified_run_manifest|historical_archive_output_hash_binding,Locate or create a verified historical run manifest that uniquely links this archive path and invocation identifiers to an output hash; retain the expected value as a proposal until then.,Observed model label conflicts with path-consistent backbone metadata; the proposed model value is not proof of the historical producing backbone.
0db43c8f80aad12a9d7611ed1d89b7c7f8e884cfd5651162dde3df0cc7e2cd5b,results/paired_acquisition_factorization_pair_integrity_scorpion_resnet50/fold_4/runs/true_pairs_seed_701/projected_features.npz,model_backbone_label_conflict,dinov2_pathoalign,resnet50_pathoalign,metadata_json.model versus explicit path-consistent metadata_json.backbone,unresolved,medium,family_level_reconstructed_lineage_evidence|git:14726b13e7c0f23f9fe494399bab9fd902fecd7a:experiments/scorpion/run_pair_integrity_falsification_crossbackbone.py|git:14726b13e7c0f23f9fe494399bab9fd902fecd7a:results/paired_acquisition_factorization_pair_integrity_scorpion_resnet50/run_log.txt|git:14726b13e7c0f23f9fe494399bab9fd902fecd7a:experiments/scorpion/run_pathoalign_projection.py,archive_specific_run_id|exact_output_path_binding|exact_fold_seed_condition_variant_record|producing_invocation|verified_run_manifest|historical_archive_output_hash_binding,Locate or create a verified historical run manifest that uniquely links this archive path and invocation identifiers to an output hash; retain the expected value as a proposal until then.,Observed model label conflicts with path-consistent backbone metadata; the proposed model value is not proof of the historical producing backbone.
f797d7698d92baab91f3fe6c436e6ab58ebf6cfcc41e7a03852d2d2c1da6f131,results/paired_acquisition_factorization_pair_integrity_scorpion_resnet50/fold_4/runs/true_pairs_seed_702/projected_features.npz,model_backbone_label_conflict,dinov2_pathoalign,resnet50_pathoalign,metadata_json.model versus explicit path-consistent metadata_json.backbone,unresolved,medium,family_level_reconstructed_lineage_evidence|git:14726b13e7c0f23f9fe494399bab9fd902fecd7a:experiments/scorpion/run_pair_integrity_falsification_crossbackbone.py|git:14726b13e7c0f23f9fe494399bab9fd902fecd7a:results/paired_acquisition_factorization_pair_integrity_scorpion_resnet50/run_log.txt|git:14726b13e7c0f23f9fe494399bab9fd902fecd7a:experiments/scorpion/run_pathoalign_projection.py,archive_specific_run_id|exact_output_path_binding|exact_fold_seed_condition_variant_record|producing_invocation|verified_run_manifest|historical_archive_output_hash_binding,Locate or create a verified historical run manifest that uniquely links this archive path and invocation identifiers to an output hash; retain the expected value as a proposal until then.,Observed model label conflicts with path-consistent backbone metadata; the proposed model value is not proof of the historical producing backbone.
2a072e880eed483d847d1f04504c2d9fa29d158dcbdf4eb0272e50d05c8c5b38,results/paired_acquisition_factorization_pair_integrity_scorpion_resnet50/fold_4/runs/true_pairs_seed_703/projected_features.npz,model_backbone_label_conflict,dinov2_pathoalign,resnet50_pathoalign,metadata_json.model versus explicit path-consistent metadata_json.backbone,unresolved,medium,family_level_reconstructed_lineage_evidence|git:14726b13e7c0f23f9fe494399bab9fd902fecd7a:experiments/scorpion/run_pair_integrity_falsification_crossbackbone.py|git:14726b13e7c0f23f9fe494399bab9fd902fecd7a:results/paired_acquisition_factorization_pair_integrity_scorpion_resnet50/run_log.txt|git:14726b13e7c0f23f9fe494399bab9fd902fecd7a:experiments/scorpion/run_pathoalign_projection.py,archive_specific_run_id|exact_output_path_binding|exact_fold_seed_condition_variant_record|producing_invocation|verified_run_manifest|historical_archive_output_hash_binding,Locate or create a verified historical run manifest that uniquely links this archive path and invocation identifiers to an output hash; retain the expected value as a proposal until then.,Observed model label conflicts with path-consistent backbone metadata; the proposed model value is not proof of the historical producing backbone.
f661175fd5e57a4066c87b0cfc4c465273017289a808d287ca5bd01d8f85ce89,results/paired_acquisition_factorization_pair_integrity_scorpion_resnet50/fold_4/runs/true_pairs_seed_704/projected_features.npz,model_backbone_label_conflict,dinov2_pathoalign,resnet50_pathoalign,metadata_json.model versus explicit path-consistent metadata_json.backbone,unresolved,medium,family_level_reconstructed_lineage_evidence|git:14726b13e7c0f23f9fe494399bab9fd902fecd7a:experiments/scorpion/run_pair_integrity_falsification_crossbackbone.py|git:14726b13e7c0f23f9fe494399bab9fd902fecd7a:results/paired_acquisition_factorization_pair_integrity_scorpion_resnet50/run_log.txt|git:14726b13e7c0f23f9fe494399bab9fd902fecd7a:experiments/scorpion/run_pathoalign_projection.py,archive_specific_run_id|exact_output_path_binding|exact_fold_seed_condition_variant_record|producing_invocation|verified_run_manifest|historical_archive_output_hash_binding,Locate or create a verified historical run manifest that uniquely links this archive path and invocation identifiers to an output hash; retain the expected value as a proposal until then.,Observed model label conflicts with path-consistent backbone metadata; the proposed model value is not proof of the historical producing backbone.
1bd6ace976315b03f44fe6b68624139e62a4f24b1799a10d1da3817dfa67d303,results/paired_acquisition_factorization_pair_integrity_scorpion_resnet50/fold_4/runs/true_pairs_seed_705/projected_features.npz,model_backbone_label_conflict,dinov2_pathoalign,resnet50_pathoalign,metadata_json.model versus explicit path-consistent metadata_json.backbone,unresolved,medium,family_level_reconstructed_lineage_evidence|git:14726b13e7c0f23f9fe494399bab9fd902fecd7a:experiments/scorpion/run_pair_integrity_falsification_crossbackbone.py|git:14726b13e7c0f23f9fe494399bab9fd902fecd7a:results/paired_acquisition_factorization_pair_integrity_scorpion_resnet50/run_log.txt|git:14726b13e7c0f23f9fe494399bab9fd902fecd7a:experiments/scorpion/run_pathoalign_projection.py,archive_specific_run_id|exact_output_path_binding|exact_fold_seed_condition_variant_record|producing_invocation|verified_run_manifest|historical_archive_output_hash_binding,Locate or create a verified historical run manifest that uniquely links this archive path and invocation identifiers to an output hash; retain the expected value as a proposal until then.,Observed model label conflicts with path-consistent backbone metadata; the proposed model value is not proof of the historical producing backbone.
1b2b138af07d7d41fa957d2d542d1e45576f55333ce4cecaf78b00f9a475b5b4,results/paired_acquisition_factorization_pair_structure_boundary_test/canineSCC_DINOv2/fold_0/runs/fully_random_pairs_seed_911/projected_features.npz,source_label_conflict,SCORPION DINOv2 projection experiment,external_multiscanner_caninescc,metadata_json.source versus family/path-expected dataset token,unresolved,medium,family_level_reconstructed_lineage_evidence|git:e4819c42e49f9c4a1e7a652fc8bf8651a2f6b628:experiments/paired_acquisition/run_pair_structure_boundary_test.py|git:e4819c42e49f9c4a1e7a652fc8bf8651a2f6b628:results/paired_acquisition_factorization_pair_structure_boundary_test/run_log.txt|git:e4819c42e49f9c4a1e7a652fc8bf8651a2f6b628:results/paired_acquisition_factorization_pair_structure_boundary_test/experiment_design.json|git:e4819c42e49f9c4a1e7a652fc8bf8651a2f6b628:experiments/scorpion/run_pathoalign_projection.py,archive_specific_run_id|exact_output_path_binding|exact_fold_seed_condition_variant_record|producing_invocation|verified_run_manifest|historical_archive_output_hash_binding,Locate or create a verified historical run manifest that uniquely links this archive path and invocation identifiers to an output hash; retain the expected value as a proposal until then.,Metadata-lineage inconsistency only; the proposed source value is not an adjudicated correction and does not imply that training or metrics are invalid.
1c96ac54412bfe5db1c71ba4e233d05f973bb8fb7d4a6185ab12660e4fc6ee23,results/paired_acquisition_factorization_pair_structure_boundary_test/canineSCC_DINOv2/fold_0/runs/fully_random_pairs_seed_912/projected_features.npz,source_label_conflict,SCORPION DINOv2 projection experiment,external_multiscanner_caninescc,metadata_json.source versus family/path-expected dataset token,unresolved,medium,family_level_reconstructed_lineage_evidence|git:e4819c42e49f9c4a1e7a652fc8bf8651a2f6b628:experiments/paired_acquisition/run_pair_structure_boundary_test.py|git:e4819c42e49f9c4a1e7a652fc8bf8651a2f6b628:results/paired_acquisition_factorization_pair_structure_boundary_test/run_log.txt|git:e4819c42e49f9c4a1e7a652fc8bf8651a2f6b628:results/paired_acquisition_factorization_pair_structure_boundary_test/experiment_design.json|git:e4819c42e49f9c4a1e7a652fc8bf8651a2f6b628:experiments/scorpion/run_pathoalign_projection.py,archive_specific_run_id|exact_output_path_binding|exact_fold_seed_condition_variant_record|producing_invocation|verified_run_manifest|historical_archive_output_hash_binding,Locate or create a verified historical run manifest that uniquely links this archive path and invocation identifiers to an output hash; retain the expected value as a proposal until then.,Metadata-lineage inconsistency only; the proposed source value is not an adjudicated correction and does not imply that training or metrics are invalid.
e62d0d89682fcd9dd21f3d040a9e0ef339432ca4c3678497eae23fa995af9b72,results/paired_acquisition_factorization_pair_structure_boundary_test/canineSCC_DINOv2/fold_0/runs/fully_random_pairs_seed_913/projected_features.npz,source_label_conflict,SCORPION DINOv2 projection experiment,external_multiscanner_caninescc,metadata_json.source versus family/path-expected dataset token,unresolved,medium,family_level_reconstructed_lineage_evidence|git:e4819c42e49f9c4a1e7a652fc8bf8651a2f6b628:experiments/paired_acquisition/run_pair_structure_boundary_test.py|git:e4819c42e49f9c4a1e7a652fc8bf8651a2f6b628:results/paired_acquisition_factorization_pair_structure_boundary_test/run_log.txt|git:e4819c42e49f9c4a1e7a652fc8bf8651a2f6b628:results/paired_acquisition_factorization_pair_structure_boundary_test/experiment_design.json|git:e4819c42e49f9c4a1e7a652fc8bf8651a2f6b628:experiments/scorpion/run_pathoalign_projection.py,archive_specific_run_id|exact_output_path_binding|exact_fold_seed_condition_variant_record|producing_invocation|verified_run_manifest|historical_archive_output_hash_binding,Locate or create a verified historical run manifest that uniquely links this archive path and invocation identifiers to an output hash; retain the expected value as a proposal until then.,Metadata-lineage inconsistency only; the proposed source value is not an adjudicated correction and does not imply that training or metrics are invalid.
1004f2847ab282643064824b694bdaa4c3e41f6d36c74be8c8ad38357f354408,results/paired_acquisition_factorization_pair_structure_boundary_test/canineSCC_DINOv2/fold_0/runs/fully_random_pairs_seed_914/projected_features.npz,source_label_conflict,SCORPION DINOv2 projection experiment,external_multiscanner_caninescc,metadata_json.source versus family/path-expected dataset token,unresolved,medium,family_level_reconstructed_lineage_evidence|git:e4819c42e49f9c4a1e7a652fc8bf8651a2f6b628:experiments/paired_acquisition/run_pair_structure_boundary_test.py|git:e4819c42e49f9c4a1e7a652fc8bf8651a2f6b628:results/paired_acquisition_factorization_pair_structure_boundary_test/run_log.txt|git:e4819c42e49f9c4a1e7a652fc8bf8651a2f6b628:results/paired_acquisition_factorization_pair_structure_boundary_test/experiment_design.json|git:e4819c42e49f9c4a1e7a652fc8bf8651a2f6b628:experiments/scorpion/run_pathoalign_projection.py,archive_specific_run_id|exact_output_path_binding|exact_fold_seed_condition_variant_record|producing_invocation|verified_run_manifest|historical_archive_output_hash_binding,Locate or create a verified historical run manifest that uniquely links this archive path and invocation identifiers to an output hash; retain the expected value as a proposal until then.,Metadata-lineage inconsistency only; the proposed source value is not an adjudicated correction and does not imply that training or metrics are invalid.
13bd362b9430f2d115fc837d119f27a21a8954f19e0d0f8d0806205b0bf1a2ab,results/paired_acquisition_factorization_pair_structure_boundary_test/canineSCC_DINOv2/fold_0/runs/fully_random_pairs_seed_915/projected_features.npz,source_label_conflict,SCORPION DINOv2 projection experiment,external_multiscanner_caninescc,metadata_json.source versus family/path-expected dataset token,unresolved,medium,family_level_reconstructed_lineage_evidence|git:e4819c42e49f9c4a1e7a652fc8bf8651a2f6b628:experiments/paired_acquisition/run_pair_structure_boundary_test.py|git:e4819c42e49f9c4a1e7a652fc8bf8651a2f6b628:results/paired_acquisition_factorization_pair_structure_boundary_test/run_log.txt|git:e4819c42e49f9c4a1e7a652fc8bf8651a2f6b628:results/paired_acquisition_factorization_pair_structure_boundary_test/experiment_design.json|git:e4819c42e49f9c4a1e7a652fc8bf8651a2f6b628:experiments/scorpion/run_pathoalign_projection.py,archive_specific_run_id|exact_output_path_binding|exact_fold_seed_condition_variant_record|producing_invocation|verified_run_manifest|historical_archive_output_hash_binding,Locate or create a verified historical run manifest that uniquely links this archive path and invocation identifiers to an output hash; retain the expected value as a proposal until then.,Metadata-lineage inconsistency only; the proposed source value is not an adjudicated correction and does not imply that training or metrics are invalid.
78d789a9dd87e3a5e5f40468fc7d3e5145eb9c548e0cdfd9edd55b5210798f1e,results/paired_acquisition_factorization_pair_structure_boundary_test/canineSCC_DINOv2/fold_0/runs/same_category_different_sample_pairs_seed_911/projected_features.npz,source_label_conflict,SCORPION DINOv2 projection experiment,external_multiscanner_caninescc,metadata_json.source versus family/path-expected dataset token,unresolved,medium,family_level_reconstructed_lineage_evidence|git:e4819c42e49f9c4a1e7a652fc8bf8651a2f6b628:experiments/paired_acquisition/run_pair_structure_boundary_test.py|git:e4819c42e49f9c4a1e7a652fc8bf8651a2f6b628:results/paired_acquisition_factorization_pair_structure_boundary_test/run_log.txt|git:e4819c42e49f9c4a1e7a652fc8bf8651a2f6b628:results/paired_acquisition_factorization_pair_structure_boundary_test/experiment_design.json|git:e4819c42e49f9c4a1e7a652fc8bf8651a2f6b628:experiments/scorpion/run_pathoalign_projection.py,archive_specific_run_id|exact_output_path_binding|exact_fold_seed_condition_variant_record|producing_invocation|verified_run_manifest|historical_archive_output_hash_binding,Locate or create a verified historical run manifest that uniquely links this archive path and invocation identifiers to an output hash; retain the expected value as a proposal until then.,Metadata-lineage inconsistency only; the proposed source value is not an adjudicated correction and does not imply that training or metrics are invalid.
a49f8d145858fd610e6ee98ea52fda389419a2d47f37291d07944deb75128838,results/paired_acquisition_factorization_pair_structure_boundary_test/canineSCC_DINOv2/fold_0/runs/same_category_different_sample_pairs_seed_912/projected_features.npz,source_label_conflict,SCORPION DINOv2 projection experiment,external_multiscanner_caninescc,metadata_json.source versus family/path-expected dataset token,unresolved,medium,family_level_reconstructed_lineage_evidence|git:e4819c42e49f9c4a1e7a652fc8bf8651a2f6b628:experiments/paired_acquisition/run_pair_structure_boundary_test.py|git:e4819c42e49f9c4a1e7a652fc8bf8651a2f6b628:results/paired_acquisition_factorization_pair_structure_boundary_test/run_log.txt|git:e4819c42e49f9c4a1e7a652fc8bf8651a2f6b628:results/paired_acquisition_factorization_pair_structure_boundary_test/experiment_design.json|git:e4819c42e49f9c4a1e7a652fc8bf8651a2f6b628:experiments/scorpion/run_pathoalign_projection.py,archive_specific_run_id|exact_output_path_binding|exact_fold_seed_condition_variant_record|producing_invocation|verified_run_manifest|historical_archive_output_hash_binding,Locate or create a verified historical run manifest that uniquely links this archive path and invocation identifiers to an output hash; retain the expected value as a proposal until then.,Metadata-lineage inconsistency only; the proposed source value is not an adjudicated correction and does not imply that training or metrics are invalid.
b84d63b9489695d855aa70f27183c7b61a48d46d467b46b2cef70d05f3185a8d,results/paired_acquisition_factorization_pair_structure_boundary_test/canineSCC_DINOv2/fold_0/runs/same_category_different_sample_pairs_seed_913/projected_features.npz,source_label_conflict,SCORPION DINOv2 projection experiment,external_multiscanner_caninescc,metadata_json.source versus family/path-expected dataset token,unresolved,medium,family_level_reconstructed_lineage_evidence|git:e4819c42e49f9c4a1e7a652fc8bf8651a2f6b628:experiments/paired_acquisition/run_pair_structure_boundary_test.py|git:e4819c42e49f9c4a1e7a652fc8bf8651a2f6b628:results/paired_acquisition_factorization_pair_structure_boundary_test/run_log.txt|git:e4819c42e49f9c4a1e7a652fc8bf8651a2f6b628:results/paired_acquisition_factorization_pair_structure_boundary_test/experiment_design.json|git:e4819c42e49f9c4a1e7a652fc8bf8651a2f6b628:experiments/scorpion/run_pathoalign_projection.py,archive_specific_run_id|exact_output_path_binding|exact_fold_seed_condition_variant_record|producing_invocation|verified_run_manifest|historical_archive_output_hash_binding,Locate or create a verified historical run manifest that uniquely links this archive path and invocation identifiers to an output hash; retain the expected value as a proposal until then.,Metadata-lineage inconsistency only; the proposed source value is not an adjudicated correction and does not imply that training or metrics are invalid.
32615d516c87ba0d2e342f59987d261a815d5307895b5da38c8246b7885922ba,results/paired_acquisition_factorization_pair_structure_boundary_test/canineSCC_DINOv2/fold_0/runs/same_category_different_sample_pairs_seed_914/projected_features.npz,source_label_conflict,SCORPION DINOv2 projection experiment,external_multiscanner_caninescc,metadata_json.source versus family/path-expected dataset token,unresolved,medium,family_level_reconstructed_lineage_evidence|git:e4819c42e49f9c4a1e7a652fc8bf8651a2f6b628:experiments/paired_acquisition/run_pair_structure_boundary_test.py|git:e4819c42e49f9c4a1e7a652fc8bf8651a2f6b628:results/paired_acquisition_factorization_pair_structure_boundary_test/run_log.txt|git:e4819c42e49f9c4a1e7a652fc8bf8651a2f6b628:results/paired_acquisition_factorization_pair_structure_boundary_test/experiment_design.json|git:e4819c42e49f9c4a1e7a652fc8bf8651a2f6b628:experiments/scorpion/run_pathoalign_projection.py,archive_specific_run_id|exact_output_path_binding|exact_fold_seed_condition_variant_record|producing_invocation|verified_run_manifest|historical_archive_output_hash_binding,Locate or create a verified historical run manifest that uniquely links this archive path and invocation identifiers to an output hash; retain the expected value as a proposal until then.,Metadata-lineage inconsistency only; the proposed source value is not an adjudicated correction and does not imply that training or metrics are invalid.
5fc0f81d90cf4d8b0c401e190f358798213a479aa42cdb71a3a09595e9f29e0d,results/paired_acquisition_factorization_pair_structure_boundary_test/canineSCC_DINOv2/fold_0/runs/same_category_different_sample_pairs_seed_915/projected_features.npz,source_label_conflict,SCORPION DINOv2 projection experiment,external_multiscanner_caninescc,metadata_json.source versus family/path-expected dataset token,unresolved,medium,family_level_reconstructed_lineage_evidence|git:e4819c42e49f9c4a1e7a652fc8bf8651a2f6b628:experiments/paired_acquisition/run_pair_structure_boundary_test.py|git:e4819c42e49f9c4a1e7a652fc8bf8651a2f6b628:results/paired_acquisition_factorization_pair_structure_boundary_test/run_log.txt|git:e4819c42e49f9c4a1e7a652fc8bf8651a2f6b628:results/paired_acquisition_factorization_pair_structure_boundary_test/experiment_design.json|git:e4819c42e49f9c4a1e7a652fc8bf8651a2f6b628:experiments/scorpion/run_pathoalign_projection.py,archive_specific_run_id|exact_output_path_binding|exact_fold_seed_condition_variant_record|producing_invocation|verified_run_manifest|historical_archive_output_hash_binding,Locate or create a verified historical run manifest that uniquely links this archive path and invocation identifiers to an output hash; retain the expected value as a proposal until then.,Metadata-lineage inconsistency only; the proposed source value is not an adjudicated correction and does not imply that training or metrics are invalid.
bb257c96167a749c64f9238d2b0b10cbf73dc6d2b382db0bbd6072a1a09121cf,results/paired_acquisition_factorization_pair_structure_boundary_test/canineSCC_DINOv2/fold_0/runs/scanner_balanced_random_pairs_seed_911/projected_features.npz,source_label_conflict,SCORPION DINOv2 projection experiment,external_multiscanner_caninescc,metadata_json.source versus family/path-expected dataset token,unresolved,medium,family_level_reconstructed_lineage_evidence|git:e4819c42e49f9c4a1e7a652fc8bf8651a2f6b628:experiments/paired_acquisition/run_pair_structure_boundary_test.py|git:e4819c42e49f9c4a1e7a652fc8bf8651a2f6b628:results/paired_acquisition_factorization_pair_structure_boundary_test/run_log.txt|git:e4819c42e49f9c4a1e7a652fc8bf8651a2f6b628:results/paired_acquisition_factorization_pair_structure_boundary_test/experiment_design.json|git:e4819c42e49f9c4a1e7a652fc8bf8651a2f6b628:experiments/scorpion/run_pathoalign_projection.py,archive_specific_run_id|exact_output_path_binding|exact_fold_seed_condition_variant_record|producing_invocation|verified_run_manifest|historical_archive_output_hash_binding,Locate or create a verified historical run manifest that uniquely links this archive path and invocation identifiers to an output hash; retain the expected value as a proposal until then.,Metadata-lineage inconsistency only; the proposed source value is not an adjudicated correction and does not imply that training or metrics are invalid.
5eed428985a34239840cd34426e5ae596edbdeb3e6eb29d8c1390fb34263a6f0,results/paired_acquisition_factorization_pair_structure_boundary_test/canineSCC_DINOv2/fold_0/runs/scanner_balanced_random_pairs_seed_912/projected_features.npz,source_label_conflict,SCORPION DINOv2 projection experiment,external_multiscanner_caninescc,metadata_json.source versus family/path-expected dataset token,unresolved,medium,family_level_reconstructed_lineage_evidence|git:e4819c42e49f9c4a1e7a652fc8bf8651a2f6b628:experiments/paired_acquisition/run_pair_structure_boundary_test.py|git:e4819c42e49f9c4a1e7a652fc8bf8651a2f6b628:results/paired_acquisition_factorization_pair_structure_boundary_test/run_log.txt|git:e4819c42e49f9c4a1e7a652fc8bf8651a2f6b628:results/paired_acquisition_factorization_pair_structure_boundary_test/experiment_design.json|git:e4819c42e49f9c4a1e7a652fc8bf8651a2f6b628:experiments/scorpion/run_pathoalign_projection.py,archive_specific_run_id|exact_output_path_binding|exact_fold_seed_condition_variant_record|producing_invocation|verified_run_manifest|historical_archive_output_hash_binding,Locate or create a verified historical run manifest that uniquely links this archive path and invocation identifiers to an output hash; retain the expected value as a proposal until then.,Metadata-lineage inconsistency only; the proposed source value is not an adjudicated correction and does not imply that training or metrics are invalid.
0a6d44999af513d694c70f8e532e02a7cfcb81360dedb13c19e9e5031af5b689,results/paired_acquisition_factorization_pair_structure_boundary_test/canineSCC_DINOv2/fold_0/runs/scanner_balanced_random_pairs_seed_913/projected_features.npz,source_label_conflict,SCORPION DINOv2 projection experiment,external_multiscanner_caninescc,metadata_json.source versus family/path-expected dataset token,unresolved,medium,family_level_reconstructed_lineage_evidence|git:e4819c42e49f9c4a1e7a652fc8bf8651a2f6b628:experiments/paired_acquisition/run_pair_structure_boundary_test.py|git:e4819c42e49f9c4a1e7a652fc8bf8651a2f6b628:results/paired_acquisition_factorization_pair_structure_boundary_test/run_log.txt|git:e4819c42e49f9c4a1e7a652fc8bf8651a2f6b628:results/paired_acquisition_factorization_pair_structure_boundary_test/experiment_design.json|git:e4819c42e49f9c4a1e7a652fc8bf8651a2f6b628:experiments/scorpion/run_pathoalign_projection.py,archive_specific_run_id|exact_output_path_binding|exact_fold_seed_condition_variant_record|producing_invocation|verified_run_manifest|historical_archive_output_hash_binding,Locate or create a verified historical run manifest that uniquely links this archive path and invocation identifiers to an output hash; retain the expected value as a proposal until then.,Metadata-lineage inconsistency only; the proposed source value is not an adjudicated correction and does not imply that training or metrics are invalid.
b63f9e2b71c2e06b85fb67cc529f71cd4c014d2792225662f11e98b6c71f0fe3,results/paired_acquisition_factorization_pair_structure_boundary_test/canineSCC_DINOv2/fold_0/runs/scanner_balanced_random_pairs_seed_914/projected_features.npz,source_label_conflict,SCORPION DINOv2 projection experiment,external_multiscanner_caninescc,metadata_json.source versus family/path-expected dataset token,unresolved,medium,family_level_reconstructed_lineage_evidence|git:e4819c42e49f9c4a1e7a652fc8bf8651a2f6b628:experiments/paired_acquisition/run_pair_structure_boundary_test.py|git:e4819c42e49f9c4a1e7a652fc8bf8651a2f6b628:results/paired_acquisition_factorization_pair_structure_boundary_test/run_log.txt|git:e4819c42e49f9c4a1e7a652fc8bf8651a2f6b628:results/paired_acquisition_factorization_pair_structure_boundary_test/experiment_design.json|git:e4819c42e49f9c4a1e7a652fc8bf8651a2f6b628:experiments/scorpion/run_pathoalign_projection.py,archive_specific_run_id|exact_output_path_binding|exact_fold_seed_condition_variant_record|producing_invocation|verified_run_manifest|historical_archive_output_hash_binding,Locate or create a verified historical run manifest that uniquely links this archive path and invocation identifiers to an output hash; retain the expected value as a proposal until then.,Metadata-lineage inconsistency only; the proposed source value is not an adjudicated correction and does not imply that training or metrics are invalid.
c8fdd1d981b319fe2205dde342aa089f97ff1083bdb382957d6ab27dace0f7a2,results/paired_acquisition_factorization_pair_structure_boundary_test/canineSCC_DINOv2/fold_0/runs/scanner_balanced_random_pairs_seed_915/projected_features.npz,source_label_conflict,SCORPION DINOv2 projection experiment,external_multiscanner_caninescc,metadata_json.source versus family/path-expected dataset token,unresolved,medium,family_level_reconstructed_lineage_evidence|git:e4819c42e49f9c4a1e7a652fc8bf8651a2f6b628:experiments/paired_acquisition/run_pair_structure_boundary_test.py|git:e4819c42e49f9c4a1e7a652fc8bf8651a2f6b628:results/paired_acquisition_factorization_pair_structure_boundary_test/run_log.txt|git:e4819c42e49f9c4a1e7a652fc8bf8651a2f6b628:results/paired_acquisition_factorization_pair_structure_boundary_test/experiment_design.json|git:e4819c42e49f9c4a1e7a652fc8bf8651a2f6b628:experiments/scorpion/run_pathoalign_projection.py,archive_specific_run_id|exact_output_path_binding|exact_fold_seed_condition_variant_record|producing_invocation|verified_run_manifest|historical_archive_output_hash_binding,Locate or create a verified historical run manifest that uniquely links this archive path and invocation identifiers to an output hash; retain the expected value as a proposal until then.,Metadata-lineage inconsistency only; the proposed source value is not an adjudicated correction and does not imply that training or metrics are invalid.
9eadbcd06ca689ba0a1db507a319ff334248969720034c6cdd93fed8a9cf7458,results/paired_acquisition_factorization_pair_structure_boundary_test/canineSCC_DINOv2/fold_1/runs/fully_random_pairs_seed_911/projected_features.npz,source_label_conflict,SCORPION DINOv2 projection experiment,external_multiscanner_caninescc,metadata_json.source versus family/path-expected dataset token,unresolved,medium,family_level_reconstructed_lineage_evidence|git:e4819c42e49f9c4a1e7a652fc8bf8651a2f6b628:experiments/paired_acquisition/run_pair_structure_boundary_test.py|git:e4819c42e49f9c4a1e7a652fc8bf8651a2f6b628:results/paired_acquisition_factorization_pair_structure_boundary_test/run_log.txt|git:e4819c42e49f9c4a1e7a652fc8bf8651a2f6b628:results/paired_acquisition_factorization_pair_structure_boundary_test/experiment_design.json|git:e4819c42e49f9c4a1e7a652fc8bf8651a2f6b628:experiments/scorpion/run_pathoalign_projection.py,archive_specific_run_id|exact_output_path_binding|exact_fold_seed_condition_variant_record|producing_invocation|verified_run_manifest|historical_archive_output_hash_binding,Locate or create a verified historical run manifest that uniquely links this archive path and invocation identifiers to an output hash; retain the expected value as a proposal until then.,Metadata-lineage inconsistency only; the proposed source value is not an adjudicated correction and does not imply that training or metrics are invalid.
a9cf58806266ba8c1f6e6020981fa19e05af8ba15c71e376136b0fc57428f9e8,results/paired_acquisition_factorization_pair_structure_boundary_test/canineSCC_DINOv2/fold_1/runs/fully_random_pairs_seed_912/projected_features.npz,source_label_conflict,SCORPION DINOv2 projection experiment,external_multiscanner_caninescc,metadata_json.source versus family/path-expected dataset token,unresolved,medium,family_level_reconstructed_lineage_evidence|git:e4819c42e49f9c4a1e7a652fc8bf8651a2f6b628:experiments/paired_acquisition/run_pair_structure_boundary_test.py|git:e4819c42e49f9c4a1e7a652fc8bf8651a2f6b628:results/paired_acquisition_factorization_pair_structure_boundary_test/run_log.txt|git:e4819c42e49f9c4a1e7a652fc8bf8651a2f6b628:results/paired_acquisition_factorization_pair_structure_boundary_test/experiment_design.json|git:e4819c42e49f9c4a1e7a652fc8bf8651a2f6b628:experiments/scorpion/run_pathoalign_projection.py,archive_specific_run_id|exact_output_path_binding|exact_fold_seed_condition_variant_record|producing_invocation|verified_run_manifest|historical_archive_output_hash_binding,Locate or create a verified historical run manifest that uniquely links this archive path and invocation identifiers to an output hash; retain the expected value as a proposal until then.,Metadata-lineage inconsistency only; the proposed source value is not an adjudicated correction and does not imply that training or metrics are invalid.
f392296fa630c37fcf3e4112d1d9f87b3efd552f2c1546e2eafcab9202425fb2,results/paired_acquisition_factorization_pair_structure_boundary_test/canineSCC_DINOv2/fold_1/runs/fully_random_pairs_seed_913/projected_features.npz,source_label_conflict,SCORPION DINOv2 projection experiment,external_multiscanner_caninescc,metadata_json.source versus family/path-expected dataset token,unresolved,medium,family_level_reconstructed_lineage_evidence|git:e4819c42e49f9c4a1e7a652fc8bf8651a2f6b628:experiments/paired_acquisition/run_pair_structure_boundary_test.py|git:e4819c42e49f9c4a1e7a652fc8bf8651a2f6b628:results/paired_acquisition_factorization_pair_structure_boundary_test/run_log.txt|git:e4819c42e49f9c4a1e7a652fc8bf8651a2f6b628:results/paired_acquisition_factorization_pair_structure_boundary_test/experiment_design.json|git:e4819c42e49f9c4a1e7a652fc8bf8651a2f6b628:experiments/scorpion/run_pathoalign_projection.py,archive_specific_run_id|exact_output_path_binding|exact_fold_seed_condition_variant_record|producing_invocation|verified_run_manifest|historical_archive_output_hash_binding,Locate or create a verified historical run manifest that uniquely links this archive path and invocation identifiers to an output hash; retain the expected value as a proposal until then.,Metadata-lineage inconsistency only; the proposed source value is not an adjudicated correction and does not imply that training or metrics are invalid.
7a2b05713f67aaaedf5b6c1a19ce8f5b8210ef41b71b9188c01494ac5d429951,results/paired_acquisition_factorization_pair_structure_boundary_test/canineSCC_DINOv2/fold_1/runs/fully_random_pairs_seed_914/projected_features.npz,source_label_conflict,SCORPION DINOv2 projection experiment,external_multiscanner_caninescc,metadata_json.source versus family/path-expected dataset token,unresolved,medium,family_level_reconstructed_lineage_evidence|git:e4819c42e49f9c4a1e7a652fc8bf8651a2f6b628:experiments/paired_acquisition/run_pair_structure_boundary_test.py|git:e4819c42e49f9c4a1e7a652fc8bf8651a2f6b628:results/paired_acquisition_factorization_pair_structure_boundary_test/run_log.txt|git:e4819c42e49f9c4a1e7a652fc8bf8651a2f6b628:results/paired_acquisition_factorization_pair_structure_boundary_test/experiment_design.json|git:e4819c42e49f9c4a1e7a652fc8bf8651a2f6b628:experiments/scorpion/run_pathoalign_projection.py,archive_specific_run_id|exact_output_path_binding|exact_fold_seed_condition_variant_record|producing_invocation|verified_run_manifest|historical_archive_output_hash_binding,Locate or create a verified historical run manifest that uniquely links this archive path and invocation identifiers to an output hash; retain the expected value as a proposal until then.,Metadata-lineage inconsistency only; the proposed source value is not an adjudicated correction and does not imply that training or metrics are invalid.
62ab2372ff150bf7b9a63c145f54be373ce4f9c49704820b42c3e3a05a919e0c,results/paired_acquisition_factorization_pair_structure_boundary_test/canineSCC_DINOv2/fold_1/runs/fully_random_pairs_seed_915/projected_features.npz,source_label_conflict,SCORPION DINOv2 projection experiment,external_multiscanner_caninescc,metadata_json.source versus family/path-expected dataset token,unresolved,medium,family_level_reconstructed_lineage_evidence|git:e4819c42e49f9c4a1e7a652fc8bf8651a2f6b628:experiments/paired_acquisition/run_pair_structure_boundary_test.py|git:e4819c42e49f9c4a1e7a652fc8bf8651a2f6b628:results/paired_acquisition_factorization_pair_structure_boundary_test/run_log.txt|git:e4819c42e49f9c4a1e7a652fc8bf8651a2f6b628:results/paired_acquisition_factorization_pair_structure_boundary_test/experiment_design.json|git:e4819c42e49f9c4a1e7a652fc8bf8651a2f6b628:experiments/scorpion/run_pathoalign_projection.py,archive_specific_run_id|exact_output_path_binding|exact_fold_seed_condition_variant_record|producing_invocation|verified_run_manifest|historical_archive_output_hash_binding,Locate or create a verified historical run manifest that uniquely links this archive path and invocation identifiers to an output hash; retain the expected value as a proposal until then.,Metadata-lineage inconsistency only; the proposed source value is not an adjudicated correction and does not imply that training or metrics are invalid.
61114bf04f9ac129e1aafd7918104e0e2616230821dfc04c5d7130f7f147d816,results/paired_acquisition_factorization_pair_structure_boundary_test/canineSCC_DINOv2/fold_1/runs/same_category_different_sample_pairs_seed_911/projected_features.npz,source_label_conflict,SCORPION DINOv2 projection experiment,external_multiscanner_caninescc,metadata_json.source versus family/path-expected dataset token,unresolved,medium,family_level_reconstructed_lineage_evidence|git:e4819c42e49f9c4a1e7a652fc8bf8651a2f6b628:experiments/paired_acquisition/run_pair_structure_boundary_test.py|git:e4819c42e49f9c4a1e7a652fc8bf8651a2f6b628:results/paired_acquisition_factorization_pair_structure_boundary_test/run_log.txt|git:e4819c42e49f9c4a1e7a652fc8bf8651a2f6b628:results/paired_acquisition_factorization_pair_structure_boundary_test/experiment_design.json|git:e4819c42e49f9c4a1e7a652fc8bf8651a2f6b628:experiments/scorpion/run_pathoalign_projection.py,archive_specific_run_id|exact_output_path_binding|exact_fold_seed_condition_variant_record|producing_invocation|verified_run_manifest|historical_archive_output_hash_binding,Locate or create a verified historical run manifest that uniquely links this archive path and invocation identifiers to an output hash; retain the expected value as a proposal until then.,Metadata-lineage inconsistency only; the proposed source value is not an adjudicated correction and does not imply that training or metrics are invalid.
b3f1adab903af1b5f44ad4606e366e979f84d4fb1e8742d5049ea323789b4d4e,results/paired_acquisition_factorization_pair_structure_boundary_test/canineSCC_DINOv2/fold_1/runs/same_category_different_sample_pairs_seed_912/projected_features.npz,source_label_conflict,SCORPION DINOv2 projection experiment,external_multiscanner_caninescc,metadata_json.source versus family/path-expected dataset token,unresolved,medium,family_level_reconstructed_lineage_evidence|git:e4819c42e49f9c4a1e7a652fc8bf8651a2f6b628:experiments/paired_acquisition/run_pair_structure_boundary_test.py|git:e4819c42e49f9c4a1e7a652fc8bf8651a2f6b628:results/paired_acquisition_factorization_pair_structure_boundary_test/run_log.txt|git:e4819c42e49f9c4a1e7a652fc8bf8651a2f6b628:results/paired_acquisition_factorization_pair_structure_boundary_test/experiment_design.json|git:e4819c42e49f9c4a1e7a652fc8bf8651a2f6b628:experiments/scorpion/run_pathoalign_projection.py,archive_specific_run_id|exact_output_path_binding|exact_fold_seed_condition_variant_record|producing_invocation|verified_run_manifest|historical_archive_output_hash_binding,Locate or create a verified historical run manifest that uniquely links this archive path and invocation identifiers to an output hash; retain the expected value as a proposal until then.,Metadata-lineage inconsistency only; the proposed source value is not an adjudicated correction and does not imply that training or metrics are invalid.
d4c1e10a910a416ba92ab95de87cef9c662c4c2373578dea6d6e0420e5bd1dc8,results/paired_acquisition_factorization_pair_structure_boundary_test/canineSCC_DINOv2/fold_1/runs/same_category_different_sample_pairs_seed_913/projected_features.npz,source_label_conflict,SCORPION DINOv2 projection experiment,external_multiscanner_caninescc,metadata_json.source versus family/path-expected dataset token,unresolved,medium,family_level_reconstructed_lineage_evidence|git:e4819c42e49f9c4a1e7a652fc8bf8651a2f6b628:experiments/paired_acquisition/run_pair_structure_boundary_test.py|git:e4819c42e49f9c4a1e7a652fc8bf8651a2f6b628:results/paired_acquisition_factorization_pair_structure_boundary_test/run_log.txt|git:e4819c42e49f9c4a1e7a652fc8bf8651a2f6b628:results/paired_acquisition_factorization_pair_structure_boundary_test/experiment_design.json|git:e4819c42e49f9c4a1e7a652fc8bf8651a2f6b628:experiments/scorpion/run_pathoalign_projection.py,archive_specific_run_id|exact_output_path_binding|exact_fold_seed_condition_variant_record|producing_invocation|verified_run_manifest|historical_archive_output_hash_binding,Locate or create a verified historical run manifest that uniquely links this archive path and invocation identifiers to an output hash; retain the expected value as a proposal until then.,Metadata-lineage inconsistency only; the proposed source value is not an adjudicated correction and does not imply that training or metrics are invalid.
90b89691858eba87630c712ffbb3ff031c829058d7ae5595bdb99c257f3dd1b2,results/paired_acquisition_factorization_pair_structure_boundary_test/canineSCC_DINOv2/fold_1/runs/same_category_different_sample_pairs_seed_914/projected_features.npz,source_label_conflict,SCORPION DINOv2 projection experiment,external_multiscanner_caninescc,metadata_json.source versus family/path-expected dataset token,unresolved,medium,family_level_reconstructed_lineage_evidence|git:e4819c42e49f9c4a1e7a652fc8bf8651a2f6b628:experiments/paired_acquisition/run_pair_structure_boundary_test.py|git:e4819c42e49f9c4a1e7a652fc8bf8651a2f6b628:results/paired_acquisition_factorization_pair_structure_boundary_test/run_log.txt|git:e4819c42e49f9c4a1e7a652fc8bf8651a2f6b628:results/paired_acquisition_factorization_pair_structure_boundary_test/experiment_design.json|git:e4819c42e49f9c4a1e7a652fc8bf8651a2f6b628:experiments/scorpion/run_pathoalign_projection.py,archive_specific_run_id|exact_output_path_binding|exact_fold_seed_condition_variant_record|producing_invocation|verified_run_manifest|historical_archive_output_hash_binding,Locate or create a verified historical run manifest that uniquely links this archive path and invocation identifiers to an output hash; retain the expected value as a proposal until then.,Metadata-lineage inconsistency only; the proposed source value is not an adjudicated correction and does not imply that training or metrics are invalid.
74783d907bc07b0f0d8caec0acb3514f40cf780eca96d269c4b48f04e17f6292,results/paired_acquisition_factorization_pair_structure_boundary_test/canineSCC_DINOv2/fold_1/runs/same_category_different_sample_pairs_seed_915/projected_features.npz,source_label_conflict,SCORPION DINOv2 projection experiment,external_multiscanner_caninescc,metadata_json.source versus family/path-expected dataset token,unresolved,medium,family_level_reconstructed_lineage_evidence|git:e4819c42e49f9c4a1e7a652fc8bf8651a2f6b628:experiments/paired_acquisition/run_pair_structure_boundary_test.py|git:e4819c42e49f9c4a1e7a652fc8bf8651a2f6b628:results/paired_acquisition_factorization_pair_structure_boundary_test/run_log.txt|git:e4819c42e49f9c4a1e7a652fc8bf8651a2f6b628:results/paired_acquisition_factorization_pair_structure_boundary_test/experiment_design.json|git:e4819c42e49f9c4a1e7a652fc8bf8651a2f6b628:experiments/scorpion/run_pathoalign_projection.py,archive_specific_run_id|exact_output_path_binding|exact_fold_seed_condition_variant_record|producing_invocation|verified_run_manifest|historical_archive_output_hash_binding,Locate or create a verified historical run manifest that uniquely links this archive path and invocation identifiers to an output hash; retain the expected value as a proposal until then.,Metadata-lineage inconsistency only; the proposed source value is not an adjudicated correction and does not imply that training or metrics are invalid.
af2678beaed6863004780a95b6f740e5e253d03172add51137046916a12430e8,results/paired_acquisition_factorization_pair_structure_boundary_test/canineSCC_DINOv2/fold_1/runs/scanner_balanced_random_pairs_seed_911/projected_features.npz,source_label_conflict,SCORPION DINOv2 projection experiment,external_multiscanner_caninescc,metadata_json.source versus family/path-expected dataset token,unresolved,medium,family_level_reconstructed_lineage_evidence|git:e4819c42e49f9c4a1e7a652fc8bf8651a2f6b628:experiments/paired_acquisition/run_pair_structure_boundary_test.py|git:e4819c42e49f9c4a1e7a652fc8bf8651a2f6b628:results/paired_acquisition_factorization_pair_structure_boundary_test/run_log.txt|git:e4819c42e49f9c4a1e7a652fc8bf8651a2f6b628:results/paired_acquisition_factorization_pair_structure_boundary_test/experiment_design.json|git:e4819c42e49f9c4a1e7a652fc8bf8651a2f6b628:experiments/scorpion/run_pathoalign_projection.py,archive_specific_run_id|exact_output_path_binding|exact_fold_seed_condition_variant_record|producing_invocation|verified_run_manifest|historical_archive_output_hash_binding,Locate or create a verified historical run manifest that uniquely links this archive path and invocation identifiers to an output hash; retain the expected value as a proposal until then.,Metadata-lineage inconsistency only; the proposed source value is not an adjudicated correction and does not imply that training or metrics are invalid.
55a8fc7f3e42ec52d318e8827393387b4625947f658bb71b237c39a2ed558293,results/paired_acquisition_factorization_pair_structure_boundary_test/canineSCC_DINOv2/fold_1/runs/scanner_balanced_random_pairs_seed_912/projected_features.npz,source_label_conflict,SCORPION DINOv2 projection experiment,external_multiscanner_caninescc,metadata_json.source versus family/path-expected dataset token,unresolved,medium,family_level_reconstructed_lineage_evidence|git:e4819c42e49f9c4a1e7a652fc8bf8651a2f6b628:experiments/paired_acquisition/run_pair_structure_boundary_test.py|git:e4819c42e49f9c4a1e7a652fc8bf8651a2f6b628:results/paired_acquisition_factorization_pair_structure_boundary_test/run_log.txt|git:e4819c42e49f9c4a1e7a652fc8bf8651a2f6b628:results/paired_acquisition_factorization_pair_structure_boundary_test/experiment_design.json|git:e4819c42e49f9c4a1e7a652fc8bf8651a2f6b628:experiments/scorpion/run_pathoalign_projection.py,archive_specific_run_id|exact_output_path_binding|exact_fold_seed_condition_variant_record|producing_invocation|verified_run_manifest|historical_archive_output_hash_binding,Locate or create a verified historical run manifest that uniquely links this archive path and invocation identifiers to an output hash; retain the expected value as a proposal until then.,Metadata-lineage inconsistency only; the proposed source value is not an adjudicated correction and does not imply that training or metrics are invalid.
f0908b70d281929d1a08ea834e04220f852cafc5b60027e420889f9165c7a0c8,results/paired_acquisition_factorization_pair_structure_boundary_test/canineSCC_DINOv2/fold_1/runs/scanner_balanced_random_pairs_seed_913/projected_features.npz,source_label_conflict,SCORPION DINOv2 projection experiment,external_multiscanner_caninescc,metadata_json.source versus family/path-expected dataset token,unresolved,medium,family_level_reconstructed_lineage_evidence|git:e4819c42e49f9c4a1e7a652fc8bf8651a2f6b628:experiments/paired_acquisition/run_pair_structure_boundary_test.py|git:e4819c42e49f9c4a1e7a652fc8bf8651a2f6b628:results/paired_acquisition_factorization_pair_structure_boundary_test/run_log.txt|git:e4819c42e49f9c4a1e7a652fc8bf8651a2f6b628:results/paired_acquisition_factorization_pair_structure_boundary_test/experiment_design.json|git:e4819c42e49f9c4a1e7a652fc8bf8651a2f6b628:experiments/scorpion/run_pathoalign_projection.py,archive_specific_run_id|exact_output_path_binding|exact_fold_seed_condition_variant_record|producing_invocation|verified_run_manifest|historical_archive_output_hash_binding,Locate or create a verified historical run manifest that uniquely links this archive path and invocation identifiers to an output hash; retain the expected value as a proposal until then.,Metadata-lineage inconsistency only; the proposed source value is not an adjudicated correction and does not imply that training or metrics are invalid.
3360a5e7f4eed157c5805c04bfba1cfd2c746972af011f41aba8bc426e690d67,results/paired_acquisition_factorization_pair_structure_boundary_test/canineSCC_DINOv2/fold_1/runs/scanner_balanced_random_pairs_seed_914/projected_features.npz,source_label_conflict,SCORPION DINOv2 projection experiment,external_multiscanner_caninescc,metadata_json.source versus family/path-expected dataset token,unresolved,medium,family_level_reconstructed_lineage_evidence|git:e4819c42e49f9c4a1e7a652fc8bf8651a2f6b628:experiments/paired_acquisition/run_pair_structure_boundary_test.py|git:e4819c42e49f9c4a1e7a652fc8bf8651a2f6b628:results/paired_acquisition_factorization_pair_structure_boundary_test/run_log.txt|git:e4819c42e49f9c4a1e7a652fc8bf8651a2f6b628:results/paired_acquisition_factorization_pair_structure_boundary_test/experiment_design.json|git:e4819c42e49f9c4a1e7a652fc8bf8651a2f6b628:experiments/scorpion/run_pathoalign_projection.py,archive_specific_run_id|exact_output_path_binding|exact_fold_seed_condition_variant_record|producing_invocation|verified_run_manifest|historical_archive_output_hash_binding,Locate or create a verified historical run manifest that uniquely links this archive path and invocation identifiers to an output hash; retain the expected value as a proposal until then.,Metadata-lineage inconsistency only; the proposed source value is not an adjudicated correction and does not imply that training or metrics are invalid.
32cfb6bf2a0e8fad47e9af243d1f6e862bc6b00bd6505e1f1a11bc3bf7534d15,results/paired_acquisition_factorization_pair_structure_boundary_test/canineSCC_DINOv2/fold_1/runs/scanner_balanced_random_pairs_seed_915/projected_features.npz,source_label_conflict,SCORPION DINOv2 projection experiment,external_multiscanner_caninescc,metadata_json.source versus family/path-expected dataset token,unresolved,medium,family_level_reconstructed_lineage_evidence|git:e4819c42e49f9c4a1e7a652fc8bf8651a2f6b628:experiments/paired_acquisition/run_pair_structure_boundary_test.py|git:e4819c42e49f9c4a1e7a652fc8bf8651a2f6b628:results/paired_acquisition_factorization_pair_structure_boundary_test/run_log.txt|git:e4819c42e49f9c4a1e7a652fc8bf8651a2f6b628:results/paired_acquisition_factorization_pair_structure_boundary_test/experiment_design.json|git:e4819c42e49f9c4a1e7a652fc8bf8651a2f6b628:experiments/scorpion/run_pathoalign_projection.py,archive_specific_run_id|exact_output_path_binding|exact_fold_seed_condition_variant_record|producing_invocation|verified_run_manifest|historical_archive_output_hash_binding,Locate or create a verified historical run manifest that uniquely links this archive path and invocation identifiers to an output hash; retain the expected value as a proposal until then.,Metadata-lineage inconsistency only; the proposed source value is not an adjudicated correction and does not imply that training or metrics are invalid.
6fddbd860373c4b93a07fcb183fd925674727f85a57ad9952b54cc49f6eb78cf,results/paired_acquisition_factorization_pair_structure_boundary_test/canineSCC_DINOv2/fold_2/runs/fully_random_pairs_seed_911/projected_features.npz,source_label_conflict,SCORPION DINOv2 projection experiment,external_multiscanner_caninescc,metadata_json.source versus family/path-expected dataset token,unresolved,medium,family_level_reconstructed_lineage_evidence|git:e4819c42e49f9c4a1e7a652fc8bf8651a2f6b628:experiments/paired_acquisition/run_pair_structure_boundary_test.py|git:e4819c42e49f9c4a1e7a652fc8bf8651a2f6b628:results/paired_acquisition_factorization_pair_structure_boundary_test/run_log.txt|git:e4819c42e49f9c4a1e7a652fc8bf8651a2f6b628:results/paired_acquisition_factorization_pair_structure_boundary_test/experiment_design.json|git:e4819c42e49f9c4a1e7a652fc8bf8651a2f6b628:experiments/scorpion/run_pathoalign_projection.py,archive_specific_run_id|exact_output_path_binding|exact_fold_seed_condition_variant_record|producing_invocation|verified_run_manifest|historical_archive_output_hash_binding,Locate or create a verified historical run manifest that uniquely links this archive path and invocation identifiers to an output hash; retain the expected value as a proposal until then.,Metadata-lineage inconsistency only; the proposed source value is not an adjudicated correction and does not imply that training or metrics are invalid.
168ee6a08bce910e9c0b733e106c729b23b7a8c2a68deb1e75de4960cd4b9bd4,results/paired_acquisition_factorization_pair_structure_boundary_test/canineSCC_DINOv2/fold_2/runs/fully_random_pairs_seed_912/projected_features.npz,source_label_conflict,SCORPION DINOv2 projection experiment,external_multiscanner_caninescc,metadata_json.source versus family/path-expected dataset token,unresolved,medium,family_level_reconstructed_lineage_evidence|git:e4819c42e49f9c4a1e7a652fc8bf8651a2f6b628:experiments/paired_acquisition/run_pair_structure_boundary_test.py|git:e4819c42e49f9c4a1e7a652fc8bf8651a2f6b628:results/paired_acquisition_factorization_pair_structure_boundary_test/run_log.txt|git:e4819c42e49f9c4a1e7a652fc8bf8651a2f6b628:results/paired_acquisition_factorization_pair_structure_boundary_test/experiment_design.json|git:e4819c42e49f9c4a1e7a652fc8bf8651a2f6b628:experiments/scorpion/run_pathoalign_projection.py,archive_specific_run_id|exact_output_path_binding|exact_fold_seed_condition_variant_record|producing_invocation|verified_run_manifest|historical_archive_output_hash_binding,Locate or create a verified historical run manifest that uniquely links this archive path and invocation identifiers to an output hash; retain the expected value as a proposal until then.,Metadata-lineage inconsistency only; the proposed source value is not an adjudicated correction and does not imply that training or metrics are invalid.
510062ffb9e65cc4515dafcab7d3cc3d523259c13a09f208b8c6607040e91f9f,results/paired_acquisition_factorization_pair_structure_boundary_test/canineSCC_DINOv2/fold_2/runs/fully_random_pairs_seed_913/projected_features.npz,source_label_conflict,SCORPION DINOv2 projection experiment,external_multiscanner_caninescc,metadata_json.source versus family/path-expected dataset token,unresolved,medium,family_level_reconstructed_lineage_evidence|git:e4819c42e49f9c4a1e7a652fc8bf8651a2f6b628:experiments/paired_acquisition/run_pair_structure_boundary_test.py|git:e4819c42e49f9c4a1e7a652fc8bf8651a2f6b628:results/paired_acquisition_factorization_pair_structure_boundary_test/run_log.txt|git:e4819c42e49f9c4a1e7a652fc8bf8651a2f6b628:results/paired_acquisition_factorization_pair_structure_boundary_test/experiment_design.json|git:e4819c42e49f9c4a1e7a652fc8bf8651a2f6b628:experiments/scorpion/run_pathoalign_projection.py,archive_specific_run_id|exact_output_path_binding|exact_fold_seed_condition_variant_record|producing_invocation|verified_run_manifest|historical_archive_output_hash_binding,Locate or create a verified historical run manifest that uniquely links this archive path and invocation identifiers to an output hash; retain the expected value as a proposal until then.,Metadata-lineage inconsistency only; the proposed source value is not an adjudicated correction and does not imply that training or metrics are invalid.
53788c0d680228b4b698f54d9e8283f5fc6a78092469cddef798a47fc5acb68a,results/paired_acquisition_factorization_pair_structure_boundary_test/canineSCC_DINOv2/fold_2/runs/fully_random_pairs_seed_914/projected_features.npz,source_label_conflict,SCORPION DINOv2 projection experiment,external_multiscanner_caninescc,metadata_json.source versus family/path-expected dataset token,unresolved,medium,family_level_reconstructed_lineage_evidence|git:e4819c42e49f9c4a1e7a652fc8bf8651a2f6b628:experiments/paired_acquisition/run_pair_structure_boundary_test.py|git:e4819c42e49f9c4a1e7a652fc8bf8651a2f6b628:results/paired_acquisition_factorization_pair_structure_boundary_test/run_log.txt|git:e4819c42e49f9c4a1e7a652fc8bf8651a2f6b628:results/paired_acquisition_factorization_pair_structure_boundary_test/experiment_design.json|git:e4819c42e49f9c4a1e7a652fc8bf8651a2f6b628:experiments/scorpion/run_pathoalign_projection.py,archive_specific_run_id|exact_output_path_binding|exact_fold_seed_condition_variant_record|producing_invocation|verified_run_manifest|historical_archive_output_hash_binding,Locate or create a verified historical run manifest that uniquely links this archive path and invocation identifiers to an output hash; retain the expected value as a proposal until then.,Metadata-lineage inconsistency only; the proposed source value is not an adjudicated correction and does not imply that training or metrics are invalid.
8697eec302e154616023a75ae58dc968f8da40169fd9799f03b8b306b7ee86e6,results/paired_acquisition_factorization_pair_structure_boundary_test/canineSCC_DINOv2/fold_2/runs/fully_random_pairs_seed_915/projected_features.npz,source_label_conflict,SCORPION DINOv2 projection experiment,external_multiscanner_caninescc,metadata_json.source versus family/path-expected dataset token,unresolved,medium,family_level_reconstructed_lineage_evidence|git:e4819c42e49f9c4a1e7a652fc8bf8651a2f6b628:experiments/paired_acquisition/run_pair_structure_boundary_test.py|git:e4819c42e49f9c4a1e7a652fc8bf8651a2f6b628:results/paired_acquisition_factorization_pair_structure_boundary_test/run_log.txt|git:e4819c42e49f9c4a1e7a652fc8bf8651a2f6b628:results/paired_acquisition_factorization_pair_structure_boundary_test/experiment_design.json|git:e4819c42e49f9c4a1e7a652fc8bf8651a2f6b628:experiments/scorpion/run_pathoalign_projection.py,archive_specific_run_id|exact_output_path_binding|exact_fold_seed_condition_variant_record|producing_invocation|verified_run_manifest|historical_archive_output_hash_binding,Locate or create a verified historical run manifest that uniquely links this archive path and invocation identifiers to an output hash; retain the expected value as a proposal until then.,Metadata-lineage inconsistency only; the proposed source value is not an adjudicated correction and does not imply that training or metrics are invalid.
06dfa3f042c35a5a6ed92e8d16f9455fb37c678c6d782544db2dbbd415700264,results/paired_acquisition_factorization_pair_structure_boundary_test/canineSCC_DINOv2/fold_2/runs/same_category_different_sample_pairs_seed_911/projected_features.npz,source_label_conflict,SCORPION DINOv2 projection experiment,external_multiscanner_caninescc,metadata_json.source versus family/path-expected dataset token,unresolved,medium,family_level_reconstructed_lineage_evidence|git:e4819c42e49f9c4a1e7a652fc8bf8651a2f6b628:experiments/paired_acquisition/run_pair_structure_boundary_test.py|git:e4819c42e49f9c4a1e7a652fc8bf8651a2f6b628:results/paired_acquisition_factorization_pair_structure_boundary_test/run_log.txt|git:e4819c42e49f9c4a1e7a652fc8bf8651a2f6b628:results/paired_acquisition_factorization_pair_structure_boundary_test/experiment_design.json|git:e4819c42e49f9c4a1e7a652fc8bf8651a2f6b628:experiments/scorpion/run_pathoalign_projection.py,archive_specific_run_id|exact_output_path_binding|exact_fold_seed_condition_variant_record|producing_invocation|verified_run_manifest|historical_archive_output_hash_binding,Locate or create a verified historical run manifest that uniquely links this archive path and invocation identifiers to an output hash; retain the expected value as a proposal until then.,Metadata-lineage inconsistency only; the proposed source value is not an adjudicated correction and does not imply that training or metrics are invalid.
a3ffc93a3fed3ba2e29cf091d0d732703aea1849f3b276d20792d19d4b506614,results/paired_acquisition_factorization_pair_structure_boundary_test/canineSCC_DINOv2/fold_2/runs/same_category_different_sample_pairs_seed_912/projected_features.npz,source_label_conflict,SCORPION DINOv2 projection experiment,external_multiscanner_caninescc,metadata_json.source versus family/path-expected dataset token,unresolved,medium,family_level_reconstructed_lineage_evidence|git:e4819c42e49f9c4a1e7a652fc8bf8651a2f6b628:experiments/paired_acquisition/run_pair_structure_boundary_test.py|git:e4819c42e49f9c4a1e7a652fc8bf8651a2f6b628:results/paired_acquisition_factorization_pair_structure_boundary_test/run_log.txt|git:e4819c42e49f9c4a1e7a652fc8bf8651a2f6b628:results/paired_acquisition_factorization_pair_structure_boundary_test/experiment_design.json|git:e4819c42e49f9c4a1e7a652fc8bf8651a2f6b628:experiments/scorpion/run_pathoalign_projection.py,archive_specific_run_id|exact_output_path_binding|exact_fold_seed_condition_variant_record|producing_invocation|verified_run_manifest|historical_archive_output_hash_binding,Locate or create a verified historical run manifest that uniquely links this archive path and invocation identifiers to an output hash; retain the expected value as a proposal until then.,Metadata-lineage inconsistency only; the proposed source value is not an adjudicated correction and does not imply that training or metrics are invalid.
133ca3e193e0f4344fe10654298cdb34ead3b575e63ab48197c3ec5b7141049b,results/paired_acquisition_factorization_pair_structure_boundary_test/canineSCC_DINOv2/fold_2/runs/same_category_different_sample_pairs_seed_913/projected_features.npz,source_label_conflict,SCORPION DINOv2 projection experiment,external_multiscanner_caninescc,metadata_json.source versus family/path-expected dataset token,unresolved,medium,family_level_reconstructed_lineage_evidence|git:e4819c42e49f9c4a1e7a652fc8bf8651a2f6b628:experiments/paired_acquisition/run_pair_structure_boundary_test.py|git:e4819c42e49f9c4a1e7a652fc8bf8651a2f6b628:results/paired_acquisition_factorization_pair_structure_boundary_test/run_log.txt|git:e4819c42e49f9c4a1e7a652fc8bf8651a2f6b628:results/paired_acquisition_factorization_pair_structure_boundary_test/experiment_design.json|git:e4819c42e49f9c4a1e7a652fc8bf8651a2f6b628:experiments/scorpion/run_pathoalign_projection.py,archive_specific_run_id|exact_output_path_binding|exact_fold_seed_condition_variant_record|producing_invocation|verified_run_manifest|historical_archive_output_hash_binding,Locate or create a verified historical run manifest that uniquely links this archive path and invocation identifiers to an output hash; retain the expected value as a proposal until then.,Metadata-lineage inconsistency only; the proposed source value is not an adjudicated correction and does not imply that training or metrics are invalid.
910a7eff4f366ab9c0b893bfb13d3101258cb8c3331e3e5da10483706bce0621,results/paired_acquisition_factorization_pair_structure_boundary_test/canineSCC_DINOv2/fold_2/runs/same_category_different_sample_pairs_seed_914/projected_features.npz,source_label_conflict,SCORPION DINOv2 projection experiment,external_multiscanner_caninescc,metadata_json.source versus family/path-expected dataset token,unresolved,medium,family_level_reconstructed_lineage_evidence|git:e4819c42e49f9c4a1e7a652fc8bf8651a2f6b628:experiments/paired_acquisition/run_pair_structure_boundary_test.py|git:e4819c42e49f9c4a1e7a652fc8bf8651a2f6b628:results/paired_acquisition_factorization_pair_structure_boundary_test/run_log.txt|git:e4819c42e49f9c4a1e7a652fc8bf8651a2f6b628:results/paired_acquisition_factorization_pair_structure_boundary_test/experiment_design.json|git:e4819c42e49f9c4a1e7a652fc8bf8651a2f6b628:experiments/scorpion/run_pathoalign_projection.py,archive_specific_run_id|exact_output_path_binding|exact_fold_seed_condition_variant_record|producing_invocation|verified_run_manifest|historical_archive_output_hash_binding,Locate or create a verified historical run manifest that uniquely links this archive path and invocation identifiers to an output hash; retain the expected value as a proposal until then.,Metadata-lineage inconsistency only; the proposed source value is not an adjudicated correction and does not imply that training or metrics are invalid.
d1316219874e64806c5d38caec0f304f13b41eee96b7f1b66f6613d9fb692f00,results/paired_acquisition_factorization_pair_structure_boundary_test/canineSCC_DINOv2/fold_2/runs/same_category_different_sample_pairs_seed_915/projected_features.npz,source_label_conflict,SCORPION DINOv2 projection experiment,external_multiscanner_caninescc,metadata_json.source versus family/path-expected dataset token,unresolved,medium,family_level_reconstructed_lineage_evidence|git:e4819c42e49f9c4a1e7a652fc8bf8651a2f6b628:experiments/paired_acquisition/run_pair_structure_boundary_test.py|git:e4819c42e49f9c4a1e7a652fc8bf8651a2f6b628:results/paired_acquisition_factorization_pair_structure_boundary_test/run_log.txt|git:e4819c42e49f9c4a1e7a652fc8bf8651a2f6b628:results/paired_acquisition_factorization_pair_structure_boundary_test/experiment_design.json|git:e4819c42e49f9c4a1e7a652fc8bf8651a2f6b628:experiments/scorpion/run_pathoalign_projection.py,archive_specific_run_id|exact_output_path_binding|exact_fold_seed_condition_variant_record|producing_invocation|verified_run_manifest|historical_archive_output_hash_binding,Locate or create a verified historical run manifest that uniquely links this archive path and invocation identifiers to an output hash; retain the expected value as a proposal until then.,Metadata-lineage inconsistency only; the proposed source value is not an adjudicated correction and does not imply that training or metrics are invalid.
040074d94bcfec0b99d95b2c1c6106c446b3c9f1be5efd69c01b44adb74971b3,results/paired_acquisition_factorization_pair_structure_boundary_test/canineSCC_DINOv2/fold_2/runs/scanner_balanced_random_pairs_seed_911/projected_features.npz,source_label_conflict,SCORPION DINOv2 projection experiment,external_multiscanner_caninescc,metadata_json.source versus family/path-expected dataset token,unresolved,medium,family_level_reconstructed_lineage_evidence|git:e4819c42e49f9c4a1e7a652fc8bf8651a2f6b628:experiments/paired_acquisition/run_pair_structure_boundary_test.py|git:e4819c42e49f9c4a1e7a652fc8bf8651a2f6b628:results/paired_acquisition_factorization_pair_structure_boundary_test/run_log.txt|git:e4819c42e49f9c4a1e7a652fc8bf8651a2f6b628:results/paired_acquisition_factorization_pair_structure_boundary_test/experiment_design.json|git:e4819c42e49f9c4a1e7a652fc8bf8651a2f6b628:experiments/scorpion/run_pathoalign_projection.py,archive_specific_run_id|exact_output_path_binding|exact_fold_seed_condition_variant_record|producing_invocation|verified_run_manifest|historical_archive_output_hash_binding,Locate or create a verified historical run manifest that uniquely links this archive path and invocation identifiers to an output hash; retain the expected value as a proposal until then.,Metadata-lineage inconsistency only; the proposed source value is not an adjudicated correction and does not imply that training or metrics are invalid.
63b40e2b3b93e66ee3a43f0bff9e97050f07848f4f34fede3d55211748a86e04,results/paired_acquisition_factorization_pair_structure_boundary_test/canineSCC_DINOv2/fold_2/runs/scanner_balanced_random_pairs_seed_912/projected_features.npz,source_label_conflict,SCORPION DINOv2 projection experiment,external_multiscanner_caninescc,metadata_json.source versus family/path-expected dataset token,unresolved,medium,family_level_reconstructed_lineage_evidence|git:e4819c42e49f9c4a1e7a652fc8bf8651a2f6b628:experiments/paired_acquisition/run_pair_structure_boundary_test.py|git:e4819c42e49f9c4a1e7a652fc8bf8651a2f6b628:results/paired_acquisition_factorization_pair_structure_boundary_test/run_log.txt|git:e4819c42e49f9c4a1e7a652fc8bf8651a2f6b628:results/paired_acquisition_factorization_pair_structure_boundary_test/experiment_design.json|git:e4819c42e49f9c4a1e7a652fc8bf8651a2f6b628:experiments/scorpion/run_pathoalign_projection.py,archive_specific_run_id|exact_output_path_binding|exact_fold_seed_condition_variant_record|producing_invocation|verified_run_manifest|historical_archive_output_hash_binding,Locate or create a verified historical run manifest that uniquely links this archive path and invocation identifiers to an output hash; retain the expected value as a proposal until then.,Metadata-lineage inconsistency only; the proposed source value is not an adjudicated correction and does not imply that training or metrics are invalid.
fdd86fffb3c60bf7097d879357f0f60ec6f34b40c0cc94b200ed4b71d2a040e6,results/paired_acquisition_factorization_pair_structure_boundary_test/canineSCC_DINOv2/fold_2/runs/scanner_balanced_random_pairs_seed_913/projected_features.npz,source_label_conflict,SCORPION DINOv2 projection experiment,external_multiscanner_caninescc,metadata_json.source versus family/path-expected dataset token,unresolved,medium,family_level_reconstructed_lineage_evidence|git:e4819c42e49f9c4a1e7a652fc8bf8651a2f6b628:experiments/paired_acquisition/run_pair_structure_boundary_test.py|git:e4819c42e49f9c4a1e7a652fc8bf8651a2f6b628:results/paired_acquisition_factorization_pair_structure_boundary_test/run_log.txt|git:e4819c42e49f9c4a1e7a652fc8bf8651a2f6b628:results/paired_acquisition_factorization_pair_structure_boundary_test/experiment_design.json|git:e4819c42e49f9c4a1e7a652fc8bf8651a2f6b628:experiments/scorpion/run_pathoalign_projection.py,archive_specific_run_id|exact_output_path_binding|exact_fold_seed_condition_variant_record|producing_invocation|verified_run_manifest|historical_archive_output_hash_binding,Locate or create a verified historical run manifest that uniquely links this archive path and invocation identifiers to an output hash; retain the expected value as a proposal until then.,Metadata-lineage inconsistency only; the proposed source value is not an adjudicated correction and does not imply that training or metrics are invalid.
554a0b5a547f0b844d2674c6ae7b00c4d3654302a521da9d3e974ccd5533d97d,results/paired_acquisition_factorization_pair_structure_boundary_test/canineSCC_DINOv2/fold_2/runs/scanner_balanced_random_pairs_seed_914/projected_features.npz,source_label_conflict,SCORPION DINOv2 projection experiment,external_multiscanner_caninescc,metadata_json.source versus family/path-expected dataset token,unresolved,medium,family_level_reconstructed_lineage_evidence|git:e4819c42e49f9c4a1e7a652fc8bf8651a2f6b628:experiments/paired_acquisition/run_pair_structure_boundary_test.py|git:e4819c42e49f9c4a1e7a652fc8bf8651a2f6b628:results/paired_acquisition_factorization_pair_structure_boundary_test/run_log.txt|git:e4819c42e49f9c4a1e7a652fc8bf8651a2f6b628:results/paired_acquisition_factorization_pair_structure_boundary_test/experiment_design.json|git:e4819c42e49f9c4a1e7a652fc8bf8651a2f6b628:experiments/scorpion/run_pathoalign_projection.py,archive_specific_run_id|exact_output_path_binding|exact_fold_seed_condition_variant_record|producing_invocation|verified_run_manifest|historical_archive_output_hash_binding,Locate or create a verified historical run manifest that uniquely links this archive path and invocation identifiers to an output hash; retain the expected value as a proposal until then.,Metadata-lineage inconsistency only; the proposed source value is not an adjudicated correction and does not imply that training or metrics are invalid.
f0b6e38cb262791794fe3ac2e188c27c07275e8b7a23357ae9cb9fac25476700,results/paired_acquisition_factorization_pair_structure_boundary_test/canineSCC_DINOv2/fold_2/runs/scanner_balanced_random_pairs_seed_915/projected_features.npz,source_label_conflict,SCORPION DINOv2 projection experiment,external_multiscanner_caninescc,metadata_json.source versus family/path-expected dataset token,unresolved,medium,family_level_reconstructed_lineage_evidence|git:e4819c42e49f9c4a1e7a652fc8bf8651a2f6b628:experiments/paired_acquisition/run_pair_structure_boundary_test.py|git:e4819c42e49f9c4a1e7a652fc8bf8651a2f6b628:results/paired_acquisition_factorization_pair_structure_boundary_test/run_log.txt|git:e4819c42e49f9c4a1e7a652fc8bf8651a2f6b628:results/paired_acquisition_factorization_pair_structure_boundary_test/experiment_design.json|git:e4819c42e49f9c4a1e7a652fc8bf8651a2f6b628:experiments/scorpion/run_pathoalign_projection.py,archive_specific_run_id|exact_output_path_binding|exact_fold_seed_condition_variant_record|producing_invocation|verified_run_manifest|historical_archive_output_hash_binding,Locate or create a verified historical run manifest that uniquely links this archive path and invocation identifiers to an output hash; retain the expected value as a proposal until then.,Metadata-lineage inconsistency only; the proposed source value is not an adjudicated correction and does not imply that training or metrics are invalid.
30e410f3b1cf5d4a8fce93683104b8a94f390d3c1d0e861734d91d49da774a14,results/paired_acquisition_factorization_pair_structure_boundary_test/canineSCC_DINOv2/fold_3/runs/fully_random_pairs_seed_911/projected_features.npz,source_label_conflict,SCORPION DINOv2 projection experiment,external_multiscanner_caninescc,metadata_json.source versus family/path-expected dataset token,unresolved,medium,family_level_reconstructed_lineage_evidence|git:e4819c42e49f9c4a1e7a652fc8bf8651a2f6b628:experiments/paired_acquisition/run_pair_structure_boundary_test.py|git:e4819c42e49f9c4a1e7a652fc8bf8651a2f6b628:results/paired_acquisition_factorization_pair_structure_boundary_test/run_log.txt|git:e4819c42e49f9c4a1e7a652fc8bf8651a2f6b628:results/paired_acquisition_factorization_pair_structure_boundary_test/experiment_design.json|git:e4819c42e49f9c4a1e7a652fc8bf8651a2f6b628:experiments/scorpion/run_pathoalign_projection.py,archive_specific_run_id|exact_output_path_binding|exact_fold_seed_condition_variant_record|producing_invocation|verified_run_manifest|historical_archive_output_hash_binding,Locate or create a verified historical run manifest that uniquely links this archive path and invocation identifiers to an output hash; retain the expected value as a proposal until then.,Metadata-lineage inconsistency only; the proposed source value is not an adjudicated correction and does not imply that training or metrics are invalid.
4c94aa445acbcf9af69cf0d602b60deb5a8e5fc9ea84e9b3e83b195df03a9ec8,results/paired_acquisition_factorization_pair_structure_boundary_test/canineSCC_DINOv2/fold_3/runs/fully_random_pairs_seed_912/projected_features.npz,source_label_conflict,SCORPION DINOv2 projection experiment,external_multiscanner_caninescc,metadata_json.source versus family/path-expected dataset token,unresolved,medium,family_level_reconstructed_lineage_evidence|git:e4819c42e49f9c4a1e7a652fc8bf8651a2f6b628:experiments/paired_acquisition/run_pair_structure_boundary_test.py|git:e4819c42e49f9c4a1e7a652fc8bf8651a2f6b628:results/paired_acquisition_factorization_pair_structure_boundary_test/run_log.txt|git:e4819c42e49f9c4a1e7a652fc8bf8651a2f6b628:results/paired_acquisition_factorization_pair_structure_boundary_test/experiment_design.json|git:e4819c42e49f9c4a1e7a652fc8bf8651a2f6b628:experiments/scorpion/run_pathoalign_projection.py,archive_specific_run_id|exact_output_path_binding|exact_fold_seed_condition_variant_record|producing_invocation|verified_run_manifest|historical_archive_output_hash_binding,Locate or create a verified historical run manifest that uniquely links this archive path and invocation identifiers to an output hash; retain the expected value as a proposal until then.,Metadata-lineage inconsistency only; the proposed source value is not an adjudicated correction and does not imply that training or metrics are invalid.
bc064f02e96f1df6585f5b7a38d94662f5e6c9752e6cca8a4bd62abe72fa74d8,results/paired_acquisition_factorization_pair_structure_boundary_test/canineSCC_DINOv2/fold_3/runs/fully_random_pairs_seed_913/projected_features.npz,source_label_conflict,SCORPION DINOv2 projection experiment,external_multiscanner_caninescc,metadata_json.source versus family/path-expected dataset token,unresolved,medium,family_level_reconstructed_lineage_evidence|git:e4819c42e49f9c4a1e7a652fc8bf8651a2f6b628:experiments/paired_acquisition/run_pair_structure_boundary_test.py|git:e4819c42e49f9c4a1e7a652fc8bf8651a2f6b628:results/paired_acquisition_factorization_pair_structure_boundary_test/run_log.txt|git:e4819c42e49f9c4a1e7a652fc8bf8651a2f6b628:results/paired_acquisition_factorization_pair_structure_boundary_test/experiment_design.json|git:e4819c42e49f9c4a1e7a652fc8bf8651a2f6b628:experiments/scorpion/run_pathoalign_projection.py,archive_specific_run_id|exact_output_path_binding|exact_fold_seed_condition_variant_record|producing_invocation|verified_run_manifest|historical_archive_output_hash_binding,Locate or create a verified historical run manifest that uniquely links this archive path and invocation identifiers to an output hash; retain the expected value as a proposal until then.,Metadata-lineage inconsistency only; the proposed source value is not an adjudicated correction and does not imply that training or metrics are invalid.
634c61b4f24f74dfdf345991677e71fc6ffc31b1d3d4fc9aca62b570bbff43a2,results/paired_acquisition_factorization_pair_structure_boundary_test/canineSCC_DINOv2/fold_3/runs/fully_random_pairs_seed_914/projected_features.npz,source_label_conflict,SCORPION DINOv2 projection experiment,external_multiscanner_caninescc,metadata_json.source versus family/path-expected dataset token,unresolved,medium,family_level_reconstructed_lineage_evidence|git:e4819c42e49f9c4a1e7a652fc8bf8651a2f6b628:experiments/paired_acquisition/run_pair_structure_boundary_test.py|git:e4819c42e49f9c4a1e7a652fc8bf8651a2f6b628:results/paired_acquisition_factorization_pair_structure_boundary_test/run_log.txt|git:e4819c42e49f9c4a1e7a652fc8bf8651a2f6b628:results/paired_acquisition_factorization_pair_structure_boundary_test/experiment_design.json|git:e4819c42e49f9c4a1e7a652fc8bf8651a2f6b628:experiments/scorpion/run_pathoalign_projection.py,archive_specific_run_id|exact_output_path_binding|exact_fold_seed_condition_variant_record|producing_invocation|verified_run_manifest|historical_archive_output_hash_binding,Locate or create a verified historical run manifest that uniquely links this archive path and invocation identifiers to an output hash; retain the expected value as a proposal until then.,Metadata-lineage inconsistency only; the proposed source value is not an adjudicated correction and does not imply that training or metrics are invalid.
15842cd140d819351ea48c66176ddcd5955e715f50d5687c56e68557cf5ad963,results/paired_acquisition_factorization_pair_structure_boundary_test/canineSCC_DINOv2/fold_3/runs/fully_random_pairs_seed_915/projected_features.npz,source_label_conflict,SCORPION DINOv2 projection experiment,external_multiscanner_caninescc,metadata_json.source versus family/path-expected dataset token,unresolved,medium,family_level_reconstructed_lineage_evidence|git:e4819c42e49f9c4a1e7a652fc8bf8651a2f6b628:experiments/paired_acquisition/run_pair_structure_boundary_test.py|git:e4819c42e49f9c4a1e7a652fc8bf8651a2f6b628:results/paired_acquisition_factorization_pair_structure_boundary_test/run_log.txt|git:e4819c42e49f9c4a1e7a652fc8bf8651a2f6b628:results/paired_acquisition_factorization_pair_structure_boundary_test/experiment_design.json|git:e4819c42e49f9c4a1e7a652fc8bf8651a2f6b628:experiments/scorpion/run_pathoalign_projection.py,archive_specific_run_id|exact_output_path_binding|exact_fold_seed_condition_variant_record|producing_invocation|verified_run_manifest|historical_archive_output_hash_binding,Locate or create a verified historical run manifest that uniquely links this archive path and invocation identifiers to an output hash; retain the expected value as a proposal until then.,Metadata-lineage inconsistency only; the proposed source value is not an adjudicated correction and does not imply that training or metrics are invalid.
fd81b772d4349b6a15799f0474d362a4254b901472919a3f1a97102dd8d90731,results/paired_acquisition_factorization_pair_structure_boundary_test/canineSCC_DINOv2/fold_3/runs/same_category_different_sample_pairs_seed_911/projected_features.npz,source_label_conflict,SCORPION DINOv2 projection experiment,external_multiscanner_caninescc,metadata_json.source versus family/path-expected dataset token,unresolved,medium,family_level_reconstructed_lineage_evidence|git:e4819c42e49f9c4a1e7a652fc8bf8651a2f6b628:experiments/paired_acquisition/run_pair_structure_boundary_test.py|git:e4819c42e49f9c4a1e7a652fc8bf8651a2f6b628:results/paired_acquisition_factorization_pair_structure_boundary_test/run_log.txt|git:e4819c42e49f9c4a1e7a652fc8bf8651a2f6b628:results/paired_acquisition_factorization_pair_structure_boundary_test/experiment_design.json|git:e4819c42e49f9c4a1e7a652fc8bf8651a2f6b628:experiments/scorpion/run_pathoalign_projection.py,archive_specific_run_id|exact_output_path_binding|exact_fold_seed_condition_variant_record|producing_invocation|verified_run_manifest|historical_archive_output_hash_binding,Locate or create a verified historical run manifest that uniquely links this archive path and invocation identifiers to an output hash; retain the expected value as a proposal until then.,Metadata-lineage inconsistency only; the proposed source value is not an adjudicated correction and does not imply that training or metrics are invalid.
1506f6b5208b67ca3166ee0ded01b171cbb54485f266dc707c070e20ea91e74c,results/paired_acquisition_factorization_pair_structure_boundary_test/canineSCC_DINOv2/fold_3/runs/same_category_different_sample_pairs_seed_912/projected_features.npz,source_label_conflict,SCORPION DINOv2 projection experiment,external_multiscanner_caninescc,metadata_json.source versus family/path-expected dataset token,unresolved,medium,family_level_reconstructed_lineage_evidence|git:e4819c42e49f9c4a1e7a652fc8bf8651a2f6b628:experiments/paired_acquisition/run_pair_structure_boundary_test.py|git:e4819c42e49f9c4a1e7a652fc8bf8651a2f6b628:results/paired_acquisition_factorization_pair_structure_boundary_test/run_log.txt|git:e4819c42e49f9c4a1e7a652fc8bf8651a2f6b628:results/paired_acquisition_factorization_pair_structure_boundary_test/experiment_design.json|git:e4819c42e49f9c4a1e7a652fc8bf8651a2f6b628:experiments/scorpion/run_pathoalign_projection.py,archive_specific_run_id|exact_output_path_binding|exact_fold_seed_condition_variant_record|producing_invocation|verified_run_manifest|historical_archive_output_hash_binding,Locate or create a verified historical run manifest that uniquely links this archive path and invocation identifiers to an output hash; retain the expected value as a proposal until then.,Metadata-lineage inconsistency only; the proposed source value is not an adjudicated correction and does not imply that training or metrics are invalid.
dd4032ab8a08f3f932bebde0dd84002ae2ab61cb47cc8063412f2b111f59d44a,results/paired_acquisition_factorization_pair_structure_boundary_test/canineSCC_DINOv2/fold_3/runs/same_category_different_sample_pairs_seed_913/projected_features.npz,source_label_conflict,SCORPION DINOv2 projection experiment,external_multiscanner_caninescc,metadata_json.source versus family/path-expected dataset token,unresolved,medium,family_level_reconstructed_lineage_evidence|git:e4819c42e49f9c4a1e7a652fc8bf8651a2f6b628:experiments/paired_acquisition/run_pair_structure_boundary_test.py|git:e4819c42e49f9c4a1e7a652fc8bf8651a2f6b628:results/paired_acquisition_factorization_pair_structure_boundary_test/run_log.txt|git:e4819c42e49f9c4a1e7a652fc8bf8651a2f6b628:results/paired_acquisition_factorization_pair_structure_boundary_test/experiment_design.json|git:e4819c42e49f9c4a1e7a652fc8bf8651a2f6b628:experiments/scorpion/run_pathoalign_projection.py,archive_specific_run_id|exact_output_path_binding|exact_fold_seed_condition_variant_record|producing_invocation|verified_run_manifest|historical_archive_output_hash_binding,Locate or create a verified historical run manifest that uniquely links this archive path and invocation identifiers to an output hash; retain the expected value as a proposal until then.,Metadata-lineage inconsistency only; the proposed source value is not an adjudicated correction and does not imply that training or metrics are invalid.
e5947e80df7d2e471f0bc6ebb3a42895e81ad80e020f8d60e01b9e89deb6e84b,results/paired_acquisition_factorization_pair_structure_boundary_test/canineSCC_DINOv2/fold_3/runs/same_category_different_sample_pairs_seed_914/projected_features.npz,source_label_conflict,SCORPION DINOv2 projection experiment,external_multiscanner_caninescc,metadata_json.source versus family/path-expected dataset token,unresolved,medium,family_level_reconstructed_lineage_evidence|git:e4819c42e49f9c4a1e7a652fc8bf8651a2f6b628:experiments/paired_acquisition/run_pair_structure_boundary_test.py|git:e4819c42e49f9c4a1e7a652fc8bf8651a2f6b628:results/paired_acquisition_factorization_pair_structure_boundary_test/run_log.txt|git:e4819c42e49f9c4a1e7a652fc8bf8651a2f6b628:results/paired_acquisition_factorization_pair_structure_boundary_test/experiment_design.json|git:e4819c42e49f9c4a1e7a652fc8bf8651a2f6b628:experiments/scorpion/run_pathoalign_projection.py,archive_specific_run_id|exact_output_path_binding|exact_fold_seed_condition_variant_record|producing_invocation|verified_run_manifest|historical_archive_output_hash_binding,Locate or create a verified historical run manifest that uniquely links this archive path and invocation identifiers to an output hash; retain the expected value as a proposal until then.,Metadata-lineage inconsistency only; the proposed source value is not an adjudicated correction and does not imply that training or metrics are invalid.
d702a84d0a507cf7b5c814c3602b098ac08bf6c5025fc1b269413e531303bcce,results/paired_acquisition_factorization_pair_structure_boundary_test/canineSCC_DINOv2/fold_3/runs/same_category_different_sample_pairs_seed_915/projected_features.npz,source_label_conflict,SCORPION DINOv2 projection experiment,external_multiscanner_caninescc,metadata_json.source versus family/path-expected dataset token,unresolved,medium,family_level_reconstructed_lineage_evidence|git:e4819c42e49f9c4a1e7a652fc8bf8651a2f6b628:experiments/paired_acquisition/run_pair_structure_boundary_test.py|git:e4819c42e49f9c4a1e7a652fc8bf8651a2f6b628:results/paired_acquisition_factorization_pair_structure_boundary_test/run_log.txt|git:e4819c42e49f9c4a1e7a652fc8bf8651a2f6b628:results/paired_acquisition_factorization_pair_structure_boundary_test/experiment_design.json|git:e4819c42e49f9c4a1e7a652fc8bf8651a2f6b628:experiments/scorpion/run_pathoalign_projection.py,archive_specific_run_id|exact_output_path_binding|exact_fold_seed_condition_variant_record|producing_invocation|verified_run_manifest|historical_archive_output_hash_binding,Locate or create a verified historical run manifest that uniquely links this archive path and invocation identifiers to an output hash; retain the expected value as a proposal until then.,Metadata-lineage inconsistency only; the proposed source value is not an adjudicated correction and does not imply that training or metrics are invalid.
8ae3a36141c597b0efa5fff96c7ee81740267dc8e839f47a7e754d4061d6c67c,results/paired_acquisition_factorization_pair_structure_boundary_test/canineSCC_DINOv2/fold_3/runs/scanner_balanced_random_pairs_seed_911/projected_features.npz,source_label_conflict,SCORPION DINOv2 projection experiment,external_multiscanner_caninescc,metadata_json.source versus family/path-expected dataset token,unresolved,medium,family_level_reconstructed_lineage_evidence|git:e4819c42e49f9c4a1e7a652fc8bf8651a2f6b628:experiments/paired_acquisition/run_pair_structure_boundary_test.py|git:e4819c42e49f9c4a1e7a652fc8bf8651a2f6b628:results/paired_acquisition_factorization_pair_structure_boundary_test/run_log.txt|git:e4819c42e49f9c4a1e7a652fc8bf8651a2f6b628:results/paired_acquisition_factorization_pair_structure_boundary_test/experiment_design.json|git:e4819c42e49f9c4a1e7a652fc8bf8651a2f6b628:experiments/scorpion/run_pathoalign_projection.py,archive_specific_run_id|exact_output_path_binding|exact_fold_seed_condition_variant_record|producing_invocation|verified_run_manifest|historical_archive_output_hash_binding,Locate or create a verified historical run manifest that uniquely links this archive path and invocation identifiers to an output hash; retain the expected value as a proposal until then.,Metadata-lineage inconsistency only; the proposed source value is not an adjudicated correction and does not imply that training or metrics are invalid.
4412c0f28ccc77ae4cb379c9f984a5686f3bc351172046b3b89e7f1b3d2fcbaf,results/paired_acquisition_factorization_pair_structure_boundary_test/canineSCC_DINOv2/fold_3/runs/scanner_balanced_random_pairs_seed_912/projected_features.npz,source_label_conflict,SCORPION DINOv2 projection experiment,external_multiscanner_caninescc,metadata_json.source versus family/path-expected dataset token,unresolved,medium,family_level_reconstructed_lineage_evidence|git:e4819c42e49f9c4a1e7a652fc8bf8651a2f6b628:experiments/paired_acquisition/run_pair_structure_boundary_test.py|git:e4819c42e49f9c4a1e7a652fc8bf8651a2f6b628:results/paired_acquisition_factorization_pair_structure_boundary_test/run_log.txt|git:e4819c42e49f9c4a1e7a652fc8bf8651a2f6b628:results/paired_acquisition_factorization_pair_structure_boundary_test/experiment_design.json|git:e4819c42e49f9c4a1e7a652fc8bf8651a2f6b628:experiments/scorpion/run_pathoalign_projection.py,archive_specific_run_id|exact_output_path_binding|exact_fold_seed_condition_variant_record|producing_invocation|verified_run_manifest|historical_archive_output_hash_binding,Locate or create a verified historical run manifest that uniquely links this archive path and invocation identifiers to an output hash; retain the expected value as a proposal until then.,Metadata-lineage inconsistency only; the proposed source value is not an adjudicated correction and does not imply that training or metrics are invalid.
a62f7f3d1314fab82b59e2f9a2d41abbd6cea07518834033c7ab3645e9e394c6,results/paired_acquisition_factorization_pair_structure_boundary_test/canineSCC_DINOv2/fold_3/runs/scanner_balanced_random_pairs_seed_913/projected_features.npz,source_label_conflict,SCORPION DINOv2 projection experiment,external_multiscanner_caninescc,metadata_json.source versus family/path-expected dataset token,unresolved,medium,family_level_reconstructed_lineage_evidence|git:e4819c42e49f9c4a1e7a652fc8bf8651a2f6b628:experiments/paired_acquisition/run_pair_structure_boundary_test.py|git:e4819c42e49f9c4a1e7a652fc8bf8651a2f6b628:results/paired_acquisition_factorization_pair_structure_boundary_test/run_log.txt|git:e4819c42e49f9c4a1e7a652fc8bf8651a2f6b628:results/paired_acquisition_factorization_pair_structure_boundary_test/experiment_design.json|git:e4819c42e49f9c4a1e7a652fc8bf8651a2f6b628:experiments/scorpion/run_pathoalign_projection.py,archive_specific_run_id|exact_output_path_binding|exact_fold_seed_condition_variant_record|producing_invocation|verified_run_manifest|historical_archive_output_hash_binding,Locate or create a verified historical run manifest that uniquely links this archive path and invocation identifiers to an output hash; retain the expected value as a proposal until then.,Metadata-lineage inconsistency only; the proposed source value is not an adjudicated correction and does not imply that training or metrics are invalid.
1f74c941df82ec5c3c4d6e9341213aebd9dcdad6e3308f65c5862c415e073e43,results/paired_acquisition_factorization_pair_structure_boundary_test/canineSCC_DINOv2/fold_3/runs/scanner_balanced_random_pairs_seed_914/projected_features.npz,source_label_conflict,SCORPION DINOv2 projection experiment,external_multiscanner_caninescc,metadata_json.source versus family/path-expected dataset token,unresolved,medium,family_level_reconstructed_lineage_evidence|git:e4819c42e49f9c4a1e7a652fc8bf8651a2f6b628:experiments/paired_acquisition/run_pair_structure_boundary_test.py|git:e4819c42e49f9c4a1e7a652fc8bf8651a2f6b628:results/paired_acquisition_factorization_pair_structure_boundary_test/run_log.txt|git:e4819c42e49f9c4a1e7a652fc8bf8651a2f6b628:results/paired_acquisition_factorization_pair_structure_boundary_test/experiment_design.json|git:e4819c42e49f9c4a1e7a652fc8bf8651a2f6b628:experiments/scorpion/run_pathoalign_projection.py,archive_specific_run_id|exact_output_path_binding|exact_fold_seed_condition_variant_record|producing_invocation|verified_run_manifest|historical_archive_output_hash_binding,Locate or create a verified historical run manifest that uniquely links this archive path and invocation identifiers to an output hash; retain the expected value as a proposal until then.,Metadata-lineage inconsistency only; the proposed source value is not an adjudicated correction and does not imply that training or metrics are invalid.
e0bf75dd1bf6bec1f7a3e4799536371fd0b12cd641617a2e40a69003217727eb,results/paired_acquisition_factorization_pair_structure_boundary_test/canineSCC_DINOv2/fold_3/runs/scanner_balanced_random_pairs_seed_915/projected_features.npz,source_label_conflict,SCORPION DINOv2 projection experiment,external_multiscanner_caninescc,metadata_json.source versus family/path-expected dataset token,unresolved,medium,family_level_reconstructed_lineage_evidence|git:e4819c42e49f9c4a1e7a652fc8bf8651a2f6b628:experiments/paired_acquisition/run_pair_structure_boundary_test.py|git:e4819c42e49f9c4a1e7a652fc8bf8651a2f6b628:results/paired_acquisition_factorization_pair_structure_boundary_test/run_log.txt|git:e4819c42e49f9c4a1e7a652fc8bf8651a2f6b628:results/paired_acquisition_factorization_pair_structure_boundary_test/experiment_design.json|git:e4819c42e49f9c4a1e7a652fc8bf8651a2f6b628:experiments/scorpion/run_pathoalign_projection.py,archive_specific_run_id|exact_output_path_binding|exact_fold_seed_condition_variant_record|producing_invocation|verified_run_manifest|historical_archive_output_hash_binding,Locate or create a verified historical run manifest that uniquely links this archive path and invocation identifiers to an output hash; retain the expected value as a proposal until then.,Metadata-lineage inconsistency only; the proposed source value is not an adjudicated correction and does not imply that training or metrics are invalid.
2fa01eb97d0b60415ce7b518c7afb524c1cd9a8c752f5e3bed4016a6a4279855,results/paired_acquisition_factorization_pair_structure_boundary_test/canineSCC_DINOv2/fold_4/runs/fully_random_pairs_seed_911/projected_features.npz,source_label_conflict,SCORPION DINOv2 projection experiment,external_multiscanner_caninescc,metadata_json.source versus family/path-expected dataset token,unresolved,medium,family_level_reconstructed_lineage_evidence|git:e4819c42e49f9c4a1e7a652fc8bf8651a2f6b628:experiments/paired_acquisition/run_pair_structure_boundary_test.py|git:e4819c42e49f9c4a1e7a652fc8bf8651a2f6b628:results/paired_acquisition_factorization_pair_structure_boundary_test/run_log.txt|git:e4819c42e49f9c4a1e7a652fc8bf8651a2f6b628:results/paired_acquisition_factorization_pair_structure_boundary_test/experiment_design.json|git:e4819c42e49f9c4a1e7a652fc8bf8651a2f6b628:experiments/scorpion/run_pathoalign_projection.py,archive_specific_run_id|exact_output_path_binding|exact_fold_seed_condition_variant_record|producing_invocation|verified_run_manifest|historical_archive_output_hash_binding,Locate or create a verified historical run manifest that uniquely links this archive path and invocation identifiers to an output hash; retain the expected value as a proposal until then.,Metadata-lineage inconsistency only; the proposed source value is not an adjudicated correction and does not imply that training or metrics are invalid.
0cb2d607a4598e84535fa3007029e33ff75a2156a9388a26ce5ad1da1996daa0,results/paired_acquisition_factorization_pair_structure_boundary_test/canineSCC_DINOv2/fold_4/runs/fully_random_pairs_seed_912/projected_features.npz,source_label_conflict,SCORPION DINOv2 projection experiment,external_multiscanner_caninescc,metadata_json.source versus family/path-expected dataset token,unresolved,medium,family_level_reconstructed_lineage_evidence|git:e4819c42e49f9c4a1e7a652fc8bf8651a2f6b628:experiments/paired_acquisition/run_pair_structure_boundary_test.py|git:e4819c42e49f9c4a1e7a652fc8bf8651a2f6b628:results/paired_acquisition_factorization_pair_structure_boundary_test/run_log.txt|git:e4819c42e49f9c4a1e7a652fc8bf8651a2f6b628:results/paired_acquisition_factorization_pair_structure_boundary_test/experiment_design.json|git:e4819c42e49f9c4a1e7a652fc8bf8651a2f6b628:experiments/scorpion/run_pathoalign_projection.py,archive_specific_run_id|exact_output_path_binding|exact_fold_seed_condition_variant_record|producing_invocation|verified_run_manifest|historical_archive_output_hash_binding,Locate or create a verified historical run manifest that uniquely links this archive path and invocation identifiers to an output hash; retain the expected value as a proposal until then.,Metadata-lineage inconsistency only; the proposed source value is not an adjudicated correction and does not imply that training or metrics are invalid.
adfceabcec81c3aaddff98c10fb8916f2913c06177cd238f32f9c7ec273f557b,results/paired_acquisition_factorization_pair_structure_boundary_test/canineSCC_DINOv2/fold_4/runs/fully_random_pairs_seed_913/projected_features.npz,source_label_conflict,SCORPION DINOv2 projection experiment,external_multiscanner_caninescc,metadata_json.source versus family/path-expected dataset token,unresolved,medium,family_level_reconstructed_lineage_evidence|git:e4819c42e49f9c4a1e7a652fc8bf8651a2f6b628:experiments/paired_acquisition/run_pair_structure_boundary_test.py|git:e4819c42e49f9c4a1e7a652fc8bf8651a2f6b628:results/paired_acquisition_factorization_pair_structure_boundary_test/run_log.txt|git:e4819c42e49f9c4a1e7a652fc8bf8651a2f6b628:results/paired_acquisition_factorization_pair_structure_boundary_test/experiment_design.json|git:e4819c42e49f9c4a1e7a652fc8bf8651a2f6b628:experiments/scorpion/run_pathoalign_projection.py,archive_specific_run_id|exact_output_path_binding|exact_fold_seed_condition_variant_record|producing_invocation|verified_run_manifest|historical_archive_output_hash_binding,Locate or create a verified historical run manifest that uniquely links this archive path and invocation identifiers to an output hash; retain the expected value as a proposal until then.,Metadata-lineage inconsistency only; the proposed source value is not an adjudicated correction and does not imply that training or metrics are invalid.
80065d911e415dd3009f8938917c39b2310223665eef7d20287a2d49fb16857b,results/paired_acquisition_factorization_pair_structure_boundary_test/canineSCC_DINOv2/fold_4/runs/fully_random_pairs_seed_914/projected_features.npz,source_label_conflict,SCORPION DINOv2 projection experiment,external_multiscanner_caninescc,metadata_json.source versus family/path-expected dataset token,unresolved,medium,family_level_reconstructed_lineage_evidence|git:e4819c42e49f9c4a1e7a652fc8bf8651a2f6b628:experiments/paired_acquisition/run_pair_structure_boundary_test.py|git:e4819c42e49f9c4a1e7a652fc8bf8651a2f6b628:results/paired_acquisition_factorization_pair_structure_boundary_test/run_log.txt|git:e4819c42e49f9c4a1e7a652fc8bf8651a2f6b628:results/paired_acquisition_factorization_pair_structure_boundary_test/experiment_design.json|git:e4819c42e49f9c4a1e7a652fc8bf8651a2f6b628:experiments/scorpion/run_pathoalign_projection.py,archive_specific_run_id|exact_output_path_binding|exact_fold_seed_condition_variant_record|producing_invocation|verified_run_manifest|historical_archive_output_hash_binding,Locate or create a verified historical run manifest that uniquely links this archive path and invocation identifiers to an output hash; retain the expected value as a proposal until then.,Metadata-lineage inconsistency only; the proposed source value is not an adjudicated correction and does not imply that training or metrics are invalid.
1a48f1e724d4e2a34c5a17ba5297023f41265cca1466068d3f323347006b17f5,results/paired_acquisition_factorization_pair_structure_boundary_test/canineSCC_DINOv2/fold_4/runs/fully_random_pairs_seed_915/projected_features.npz,source_label_conflict,SCORPION DINOv2 projection experiment,external_multiscanner_caninescc,metadata_json.source versus family/path-expected dataset token,unresolved,medium,family_level_reconstructed_lineage_evidence|git:e4819c42e49f9c4a1e7a652fc8bf8651a2f6b628:experiments/paired_acquisition/run_pair_structure_boundary_test.py|git:e4819c42e49f9c4a1e7a652fc8bf8651a2f6b628:results/paired_acquisition_factorization_pair_structure_boundary_test/run_log.txt|git:e4819c42e49f9c4a1e7a652fc8bf8651a2f6b628:results/paired_acquisition_factorization_pair_structure_boundary_test/experiment_design.json|git:e4819c42e49f9c4a1e7a652fc8bf8651a2f6b628:experiments/scorpion/run_pathoalign_projection.py,archive_specific_run_id|exact_output_path_binding|exact_fold_seed_condition_variant_record|producing_invocation|verified_run_manifest|historical_archive_output_hash_binding,Locate or create a verified historical run manifest that uniquely links this archive path and invocation identifiers to an output hash; retain the expected value as a proposal until then.,Metadata-lineage inconsistency only; the proposed source value is not an adjudicated correction and does not imply that training or metrics are invalid.
dde094ad2d7249266a8a5f354a6f1e98c4c344108a49dd2a54c0c3a0616ecd88,results/paired_acquisition_factorization_pair_structure_boundary_test/canineSCC_DINOv2/fold_4/runs/same_category_different_sample_pairs_seed_911/projected_features.npz,source_label_conflict,SCORPION DINOv2 projection experiment,external_multiscanner_caninescc,metadata_json.source versus family/path-expected dataset token,unresolved,medium,family_level_reconstructed_lineage_evidence|git:e4819c42e49f9c4a1e7a652fc8bf8651a2f6b628:experiments/paired_acquisition/run_pair_structure_boundary_test.py|git:e4819c42e49f9c4a1e7a652fc8bf8651a2f6b628:results/paired_acquisition_factorization_pair_structure_boundary_test/run_log.txt|git:e4819c42e49f9c4a1e7a652fc8bf8651a2f6b628:results/paired_acquisition_factorization_pair_structure_boundary_test/experiment_design.json|git:e4819c42e49f9c4a1e7a652fc8bf8651a2f6b628:experiments/scorpion/run_pathoalign_projection.py,archive_specific_run_id|exact_output_path_binding|exact_fold_seed_condition_variant_record|producing_invocation|verified_run_manifest|historical_archive_output_hash_binding,Locate or create a verified historical run manifest that uniquely links this archive path and invocation identifiers to an output hash; retain the expected value as a proposal until then.,Metadata-lineage inconsistency only; the proposed source value is not an adjudicated correction and does not imply that training or metrics are invalid.
aae351e18bee734b5136e1805c63208de221607e325e0905daf2b973a2dfed2d,results/paired_acquisition_factorization_pair_structure_boundary_test/canineSCC_DINOv2/fold_4/runs/same_category_different_sample_pairs_seed_912/projected_features.npz,source_label_conflict,SCORPION DINOv2 projection experiment,external_multiscanner_caninescc,metadata_json.source versus family/path-expected dataset token,unresolved,medium,family_level_reconstructed_lineage_evidence|git:e4819c42e49f9c4a1e7a652fc8bf8651a2f6b628:experiments/paired_acquisition/run_pair_structure_boundary_test.py|git:e4819c42e49f9c4a1e7a652fc8bf8651a2f6b628:results/paired_acquisition_factorization_pair_structure_boundary_test/run_log.txt|git:e4819c42e49f9c4a1e7a652fc8bf8651a2f6b628:results/paired_acquisition_factorization_pair_structure_boundary_test/experiment_design.json|git:e4819c42e49f9c4a1e7a652fc8bf8651a2f6b628:experiments/scorpion/run_pathoalign_projection.py,archive_specific_run_id|exact_output_path_binding|exact_fold_seed_condition_variant_record|producing_invocation|verified_run_manifest|historical_archive_output_hash_binding,Locate or create a verified historical run manifest that uniquely links this archive path and invocation identifiers to an output hash; retain the expected value as a proposal until then.,Metadata-lineage inconsistency only; the proposed source value is not an adjudicated correction and does not imply that training or metrics are invalid.
c366e2da6978bf3a75147ac0134c93cd824494b609eb45bc259ddfc7daa6f429,results/paired_acquisition_factorization_pair_structure_boundary_test/canineSCC_DINOv2/fold_4/runs/same_category_different_sample_pairs_seed_913/projected_features.npz,source_label_conflict,SCORPION DINOv2 projection experiment,external_multiscanner_caninescc,metadata_json.source versus family/path-expected dataset token,unresolved,medium,family_level_reconstructed_lineage_evidence|git:e4819c42e49f9c4a1e7a652fc8bf8651a2f6b628:experiments/paired_acquisition/run_pair_structure_boundary_test.py|git:e4819c42e49f9c4a1e7a652fc8bf8651a2f6b628:results/paired_acquisition_factorization_pair_structure_boundary_test/run_log.txt|git:e4819c42e49f9c4a1e7a652fc8bf8651a2f6b628:results/paired_acquisition_factorization_pair_structure_boundary_test/experiment_design.json|git:e4819c42e49f9c4a1e7a652fc8bf8651a2f6b628:experiments/scorpion/run_pathoalign_projection.py,archive_specific_run_id|exact_output_path_binding|exact_fold_seed_condition_variant_record|producing_invocation|verified_run_manifest|historical_archive_output_hash_binding,Locate or create a verified historical run manifest that uniquely links this archive path and invocation identifiers to an output hash; retain the expected value as a proposal until then.,Metadata-lineage inconsistency only; the proposed source value is not an adjudicated correction and does not imply that training or metrics are invalid.
26504262b35f0ee8097a35b457067b9ec2c2e0fdb6016e078b430a687a3d9175,results/paired_acquisition_factorization_pair_structure_boundary_test/canineSCC_DINOv2/fold_4/runs/same_category_different_sample_pairs_seed_914/projected_features.npz,source_label_conflict,SCORPION DINOv2 projection experiment,external_multiscanner_caninescc,metadata_json.source versus family/path-expected dataset token,unresolved,medium,family_level_reconstructed_lineage_evidence|git:e4819c42e49f9c4a1e7a652fc8bf8651a2f6b628:experiments/paired_acquisition/run_pair_structure_boundary_test.py|git:e4819c42e49f9c4a1e7a652fc8bf8651a2f6b628:results/paired_acquisition_factorization_pair_structure_boundary_test/run_log.txt|git:e4819c42e49f9c4a1e7a652fc8bf8651a2f6b628:results/paired_acquisition_factorization_pair_structure_boundary_test/experiment_design.json|git:e4819c42e49f9c4a1e7a652fc8bf8651a2f6b628:experiments/scorpion/run_pathoalign_projection.py,archive_specific_run_id|exact_output_path_binding|exact_fold_seed_condition_variant_record|producing_invocation|verified_run_manifest|historical_archive_output_hash_binding,Locate or create a verified historical run manifest that uniquely links this archive path and invocation identifiers to an output hash; retain the expected value as a proposal until then.,Metadata-lineage inconsistency only; the proposed source value is not an adjudicated correction and does not imply that training or metrics are invalid.
50be28fbfa36eea7a8d8346e63113a11340bd7da3f6dcaa32b85da2950784acf,results/paired_acquisition_factorization_pair_structure_boundary_test/canineSCC_DINOv2/fold_4/runs/same_category_different_sample_pairs_seed_915/projected_features.npz,source_label_conflict,SCORPION DINOv2 projection experiment,external_multiscanner_caninescc,metadata_json.source versus family/path-expected dataset token,unresolved,medium,family_level_reconstructed_lineage_evidence|git:e4819c42e49f9c4a1e7a652fc8bf8651a2f6b628:experiments/paired_acquisition/run_pair_structure_boundary_test.py|git:e4819c42e49f9c4a1e7a652fc8bf8651a2f6b628:results/paired_acquisition_factorization_pair_structure_boundary_test/run_log.txt|git:e4819c42e49f9c4a1e7a652fc8bf8651a2f6b628:results/paired_acquisition_factorization_pair_structure_boundary_test/experiment_design.json|git:e4819c42e49f9c4a1e7a652fc8bf8651a2f6b628:experiments/scorpion/run_pathoalign_projection.py,archive_specific_run_id|exact_output_path_binding|exact_fold_seed_condition_variant_record|producing_invocation|verified_run_manifest|historical_archive_output_hash_binding,Locate or create a verified historical run manifest that uniquely links this archive path and invocation identifiers to an output hash; retain the expected value as a proposal until then.,Metadata-lineage inconsistency only; the proposed source value is not an adjudicated correction and does not imply that training or metrics are invalid.
69e70325e2dcd2c67250812f730949a7af4ef0e6edc8186cb48b3286db074499,results/paired_acquisition_factorization_pair_structure_boundary_test/canineSCC_DINOv2/fold_4/runs/scanner_balanced_random_pairs_seed_911/projected_features.npz,source_label_conflict,SCORPION DINOv2 projection experiment,external_multiscanner_caninescc,metadata_json.source versus family/path-expected dataset token,unresolved,medium,family_level_reconstructed_lineage_evidence|git:e4819c42e49f9c4a1e7a652fc8bf8651a2f6b628:experiments/paired_acquisition/run_pair_structure_boundary_test.py|git:e4819c42e49f9c4a1e7a652fc8bf8651a2f6b628:results/paired_acquisition_factorization_pair_structure_boundary_test/run_log.txt|git:e4819c42e49f9c4a1e7a652fc8bf8651a2f6b628:results/paired_acquisition_factorization_pair_structure_boundary_test/experiment_design.json|git:e4819c42e49f9c4a1e7a652fc8bf8651a2f6b628:experiments/scorpion/run_pathoalign_projection.py,archive_specific_run_id|exact_output_path_binding|exact_fold_seed_condition_variant_record|producing_invocation|verified_run_manifest|historical_archive_output_hash_binding,Locate or create a verified historical run manifest that uniquely links this archive path and invocation identifiers to an output hash; retain the expected value as a proposal until then.,Metadata-lineage inconsistency only; the proposed source value is not an adjudicated correction and does not imply that training or metrics are invalid.
6c3619e4feb003f0629788ea66559521431fa9823c8a420ed85148ad993c4889,results/paired_acquisition_factorization_pair_structure_boundary_test/canineSCC_DINOv2/fold_4/runs/scanner_balanced_random_pairs_seed_912/projected_features.npz,source_label_conflict,SCORPION DINOv2 projection experiment,external_multiscanner_caninescc,metadata_json.source versus family/path-expected dataset token,unresolved,medium,family_level_reconstructed_lineage_evidence|git:e4819c42e49f9c4a1e7a652fc8bf8651a2f6b628:experiments/paired_acquisition/run_pair_structure_boundary_test.py|git:e4819c42e49f9c4a1e7a652fc8bf8651a2f6b628:results/paired_acquisition_factorization_pair_structure_boundary_test/run_log.txt|git:e4819c42e49f9c4a1e7a652fc8bf8651a2f6b628:results/paired_acquisition_factorization_pair_structure_boundary_test/experiment_design.json|git:e4819c42e49f9c4a1e7a652fc8bf8651a2f6b628:experiments/scorpion/run_pathoalign_projection.py,archive_specific_run_id|exact_output_path_binding|exact_fold_seed_condition_variant_record|producing_invocation|verified_run_manifest|historical_archive_output_hash_binding,Locate or create a verified historical run manifest that uniquely links this archive path and invocation identifiers to an output hash; retain the expected value as a proposal until then.,Metadata-lineage inconsistency only; the proposed source value is not an adjudicated correction and does not imply that training or metrics are invalid.
9c50ced71a934e47d1b85390ccb89a25064b069114c7c9971ca3b489bfed04ee,results/paired_acquisition_factorization_pair_structure_boundary_test/canineSCC_DINOv2/fold_4/runs/scanner_balanced_random_pairs_seed_913/projected_features.npz,source_label_conflict,SCORPION DINOv2 projection experiment,external_multiscanner_caninescc,metadata_json.source versus family/path-expected dataset token,unresolved,medium,family_level_reconstructed_lineage_evidence|git:e4819c42e49f9c4a1e7a652fc8bf8651a2f6b628:experiments/paired_acquisition/run_pair_structure_boundary_test.py|git:e4819c42e49f9c4a1e7a652fc8bf8651a2f6b628:results/paired_acquisition_factorization_pair_structure_boundary_test/run_log.txt|git:e4819c42e49f9c4a1e7a652fc8bf8651a2f6b628:results/paired_acquisition_factorization_pair_structure_boundary_test/experiment_design.json|git:e4819c42e49f9c4a1e7a652fc8bf8651a2f6b628:experiments/scorpion/run_pathoalign_projection.py,archive_specific_run_id|exact_output_path_binding|exact_fold_seed_condition_variant_record|producing_invocation|verified_run_manifest|historical_archive_output_hash_binding,Locate or create a verified historical run manifest that uniquely links this archive path and invocation identifiers to an output hash; retain the expected value as a proposal until then.,Metadata-lineage inconsistency only; the proposed source value is not an adjudicated correction and does not imply that training or metrics are invalid.
94334b12661acdda69ed47282a36d54dd18becfe7103328758cd3aa80740691a,results/paired_acquisition_factorization_pair_structure_boundary_test/canineSCC_DINOv2/fold_4/runs/scanner_balanced_random_pairs_seed_914/projected_features.npz,source_label_conflict,SCORPION DINOv2 projection experiment,external_multiscanner_caninescc,metadata_json.source versus family/path-expected dataset token,unresolved,medium,family_level_reconstructed_lineage_evidence|git:e4819c42e49f9c4a1e7a652fc8bf8651a2f6b628:experiments/paired_acquisition/run_pair_structure_boundary_test.py|git:e4819c42e49f9c4a1e7a652fc8bf8651a2f6b628:results/paired_acquisition_factorization_pair_structure_boundary_test/run_log.txt|git:e4819c42e49f9c4a1e7a652fc8bf8651a2f6b628:results/paired_acquisition_factorization_pair_structure_boundary_test/experiment_design.json|git:e4819c42e49f9c4a1e7a652fc8bf8651a2f6b628:experiments/scorpion/run_pathoalign_projection.py,archive_specific_run_id|exact_output_path_binding|exact_fold_seed_condition_variant_record|producing_invocation|verified_run_manifest|historical_archive_output_hash_binding,Locate or create a verified historical run manifest that uniquely links this archive path and invocation identifiers to an output hash; retain the expected value as a proposal until then.,Metadata-lineage inconsistency only; the proposed source value is not an adjudicated correction and does not imply that training or metrics are invalid.
f7a583354fb532e92146556ab49416f7a464a6162626d719392765eaad6bc9a0,results/paired_acquisition_factorization_pair_structure_boundary_test/canineSCC_DINOv2/fold_4/runs/scanner_balanced_random_pairs_seed_915/projected_features.npz,source_label_conflict,SCORPION DINOv2 projection experiment,external_multiscanner_caninescc,metadata_json.source versus family/path-expected dataset token,unresolved,medium,family_level_reconstructed_lineage_evidence|git:e4819c42e49f9c4a1e7a652fc8bf8651a2f6b628:experiments/paired_acquisition/run_pair_structure_boundary_test.py|git:e4819c42e49f9c4a1e7a652fc8bf8651a2f6b628:results/paired_acquisition_factorization_pair_structure_boundary_test/run_log.txt|git:e4819c42e49f9c4a1e7a652fc8bf8651a2f6b628:results/paired_acquisition_factorization_pair_structure_boundary_test/experiment_design.json|git:e4819c42e49f9c4a1e7a652fc8bf8651a2f6b628:experiments/scorpion/run_pathoalign_projection.py,archive_specific_run_id|exact_output_path_binding|exact_fold_seed_condition_variant_record|producing_invocation|verified_run_manifest|historical_archive_output_hash_binding,Locate or create a verified historical run manifest that uniquely links this archive path and invocation identifiers to an output hash; retain the expected value as a proposal until then.,Metadata-lineage inconsistency only; the proposed source value is not an adjudicated correction and does not imply that training or metrics are invalid.
