category,scanner,is_assigned,n_total_fit,n_kept,retain_fraction_actual,fold,confounding_seed,strength
Bone,cs2,True,30,18,0.6,0,2001,mild
Bone,gt450,False,30,10,0.3333333333333333,0,2001,mild
Bone,nz20,True,30,18,0.6,0,2001,mild
Bone,nz210,False,30,14,0.4666666666666667,0,2001,mild
Bone,p1000,False,30,12,0.4,0,2001,mild
Cartilage,cs2,False,2,0,0.0,0,2001,mild
Cartilage,gt450,False,2,1,0.5,0,2001,mild
Cartilage,nz20,False,2,1,0.5,0,2001,mild
Cartilage,nz210,True,2,1,0.5,0,2001,mild
Cartilage,p1000,True,2,1,0.5,0,2001,mild
Dermis,cs2,True,81,47,0.5802469135802469,0,2001,mild
Dermis,gt450,False,81,37,0.4567901234567901,0,2001,mild
Dermis,nz20,True,81,50,0.6172839506172839,0,2001,mild
Dermis,nz210,False,81,23,0.2839506172839506,0,2001,mild
Dermis,p1000,False,81,37,0.4567901234567901,0,2001,mild
Epidermis,cs2,False,209,88,0.42105263157894735,0,2001,mild
Epidermis,gt450,False,209,81,0.3875598086124402,0,2001,mild
Epidermis,nz20,False,209,81,0.3875598086124402,0,2001,mild
Epidermis,nz210,True,209,126,0.6028708133971292,0,2001,mild
Epidermis,p1000,True,209,124,0.5933014354066986,0,2001,mild
Inflamm/Necrosis,cs2,True,64,36,0.5625,0,2001,mild
Inflamm/Necrosis,gt450,False,64,22,0.34375,0,2001,mild
Inflamm/Necrosis,nz20,False,64,29,0.453125,0,2001,mild
Inflamm/Necrosis,nz210,False,64,25,0.390625,0,2001,mild
Inflamm/Necrosis,p1000,True,64,40,0.625,0,2001,mild
SCC,cs2,True,188,117,0.6223404255319149,0,2001,mild
SCC,gt450,False,188,71,0.3776595744680851,0,2001,mild
SCC,nz20,True,188,108,0.574468085106383,0,2001,mild
SCC,nz210,False,188,75,0.39893617021276595,0,2001,mild
SCC,p1000,False,188,79,0.42021276595744683,0,2001,mild
Subcutis,cs2,False,87,34,0.39080459770114945,0,2001,mild
Subcutis,gt450,False,87,40,0.45977011494252873,0,2001,mild
Subcutis,nz20,True,87,54,0.6206896551724138,0,2001,mild
Subcutis,nz210,True,87,50,0.5747126436781609,0,2001,mild
Subcutis,p1000,False,87,30,0.3448275862068966,0,2001,mild
Bone,cs2,True,30,25,0.8333333333333334,0,2001,moderate
Bone,gt450,False,30,7,0.23333333333333334,0,2001,moderate
Bone,nz20,True,30,23,0.7666666666666667,0,2001,moderate
Bone,nz210,False,30,5,0.16666666666666666,0,2001,moderate
Bone,p1000,False,30,5,0.16666666666666666,0,2001,moderate
Cartilage,cs2,False,2,0,0.0,0,2001,moderate
Cartilage,gt450,False,2,1,0.5,0,2001,moderate
Cartilage,nz20,False,2,0,0.0,0,2001,moderate
Cartilage,nz210,True,2,2,1.0,0,2001,moderate
Cartilage,p1000,True,2,1,0.5,0,2001,moderate
Dermis,cs2,True,81,61,0.7530864197530864,0,2001,moderate
Dermis,gt450,False,81,13,0.16049382716049382,0,2001,moderate
Dermis,nz20,False,81,16,0.19753086419753085,0,2001,moderate
Dermis,nz210,False,81,19,0.2345679012345679,0,2001,moderate
Dermis,p1000,True,81,68,0.8395061728395061,0,2001,moderate
Epidermis,cs2,True,209,163,0.7799043062200957,0,2001,moderate
Epidermis,gt450,False,209,49,0.23444976076555024,0,2001,moderate
Epidermis,nz20,False,209,39,0.18660287081339713,0,2001,moderate
Epidermis,nz210,False,209,37,0.17703349282296652,0,2001,moderate
Epidermis,p1000,True,209,171,0.8181818181818182,0,2001,moderate
Inflamm/Necrosis,cs2,False,64,10,0.15625,0,2001,moderate
Inflamm/Necrosis,gt450,True,64,52,0.8125,0,2001,moderate
Inflamm/Necrosis,nz20,False,64,13,0.203125,0,2001,moderate
Inflamm/Necrosis,nz210,True,64,50,0.78125,0,2001,moderate
Inflamm/Necrosis,p1000,False,64,15,0.234375,0,2001,moderate
SCC,cs2,False,188,34,0.18085106382978725,0,2001,moderate
SCC,gt450,False,188,42,0.22340425531914893,0,2001,moderate
SCC,nz20,True,188,144,0.7659574468085106,0,2001,moderate
SCC,nz210,True,188,156,0.8297872340425532,0,2001,moderate
SCC,p1000,False,188,36,0.19148936170212766,0,2001,moderate
Subcutis,cs2,True,87,70,0.8045977011494253,0,2001,moderate
Subcutis,gt450,False,87,18,0.20689655172413793,0,2001,moderate
Subcutis,nz20,False,87,12,0.13793103448275862,0,2001,moderate
Subcutis,nz210,True,87,69,0.7931034482758621,0,2001,moderate
Subcutis,p1000,False,87,22,0.25287356321839083,0,2001,moderate
Bone,cs2,True,30,27,0.9,0,2001,severe
Bone,gt450,False,30,4,0.13333333333333333,0,2001,severe
Bone,nz20,True,30,30,1.0,0,2001,severe
Bone,nz210,False,30,0,0.0,0,2001,severe
Bone,p1000,False,30,0,0.0,0,2001,severe
Cartilage,cs2,False,2,0,0.0,0,2001,severe
Cartilage,gt450,True,2,1,0.5,0,2001,severe
Cartilage,nz20,False,2,0,0.0,0,2001,severe
Cartilage,nz210,False,2,1,0.5,0,2001,severe
Cartilage,p1000,True,2,2,1.0,0,2001,severe
Dermis,cs2,False,81,3,0.037037037037037035,0,2001,severe
Dermis,gt450,False,81,5,0.06172839506172839,0,2001,severe
Dermis,nz20,False,81,4,0.04938271604938271,0,2001,severe
Dermis,nz210,True,81,77,0.9506172839506173,0,2001,severe
Dermis,p1000,True,81,76,0.9382716049382716,0,2001,severe
Epidermis,cs2,False,209,14,0.06698564593301436,0,2001,severe
Epidermis,gt450,True,209,197,0.9425837320574163,0,2001,severe
Epidermis,nz20,True,209,200,0.9569377990430622,0,2001,severe
Epidermis,nz210,False,209,8,0.03827751196172249,0,2001,severe
Epidermis,p1000,False,209,9,0.0430622009569378,0,2001,severe
Inflamm/Necrosis,cs2,False,64,2,0.03125,0,2001,severe
Inflamm/Necrosis,gt450,True,64,63,0.984375,0,2001,severe
Inflamm/Necrosis,nz20,True,64,58,0.90625,0,2001,severe
Inflamm/Necrosis,nz210,False,64,5,0.078125,0,2001,severe
Inflamm/Necrosis,p1000,False,64,2,0.03125,0,2001,severe
SCC,cs2,False,188,8,0.0425531914893617,0,2001,severe
SCC,gt450,False,188,12,0.06382978723404255,0,2001,severe
SCC,nz20,True,188,179,0.9521276595744681,0,2001,severe
SCC,nz210,True,188,178,0.9468085106382979,0,2001,severe
SCC,p1000,False,188,8,0.0425531914893617,0,2001,severe
Subcutis,cs2,False,87,4,0.04597701149425287,0,2001,severe
Subcutis,gt450,True,87,83,0.9540229885057471,0,2001,severe
Subcutis,nz20,True,87,82,0.9425287356321839,0,2001,severe
Subcutis,nz210,False,87,3,0.034482758620689655,0,2001,severe
Subcutis,p1000,False,87,6,0.06896551724137931,0,2001,severe
Bone,cs2,False,30,13,0.43333333333333335,0,2002,mild
Bone,gt450,False,30,11,0.36666666666666664,0,2002,mild
Bone,nz20,False,30,12,0.4,0,2002,mild
Bone,nz210,True,30,18,0.6,0,2002,mild
Bone,p1000,True,30,18,0.6,0,2002,mild
Cartilage,cs2,False,2,1,0.5,0,2002,mild
Cartilage,gt450,False,2,0,0.0,0,2002,mild
Cartilage,nz20,True,2,2,1.0,0,2002,mild
Cartilage,nz210,False,2,1,0.5,0,2002,mild
Cartilage,p1000,True,2,0,0.0,0,2002,mild
Dermis,cs2,False,81,28,0.345679012345679,0,2002,mild
Dermis,gt450,True,81,45,0.5555555555555556,0,2002,mild
Dermis,nz20,False,81,36,0.4444444444444444,0,2002,mild
Dermis,nz210,False,81,33,0.4074074074074074,0,2002,mild
Dermis,p1000,True,81,52,0.6419753086419753,0,2002,mild
Epidermis,cs2,True,209,126,0.6028708133971292,0,2002,mild
Epidermis,gt450,False,209,71,0.3397129186602871,0,2002,mild
Epidermis,nz20,False,209,86,0.41148325358851673,0,2002,mild
Epidermis,nz210,False,209,93,0.4449760765550239,0,2002,mild
Epidermis,p1000,True,209,124,0.5933014354066986,0,2002,mild
Inflamm/Necrosis,cs2,True,64,42,0.65625,0,2002,mild
Inflamm/Necrosis,gt450,False,64,25,0.390625,0,2002,mild
Inflamm/Necrosis,nz20,False,64,22,0.34375,0,2002,mild
Inflamm/Necrosis,nz210,True,64,34,0.53125,0,2002,mild
Inflamm/Necrosis,p1000,False,64,29,0.453125,0,2002,mild
SCC,cs2,True,188,115,0.6117021276595744,0,2002,mild
SCC,gt450,False,188,80,0.425531914893617,0,2002,mild
SCC,nz20,False,188,67,0.35638297872340424,0,2002,mild
SCC,nz210,True,188,110,0.5851063829787234,0,2002,mild
SCC,p1000,False,188,78,0.4148936170212766,0,2002,mild
Subcutis,cs2,True,87,49,0.5632183908045977,0,2002,mild
Subcutis,gt450,False,87,31,0.3563218390804598,0,2002,mild
Subcutis,nz20,True,87,55,0.632183908045977,0,2002,mild
Subcutis,nz210,False,87,38,0.4367816091954023,0,2002,mild
Subcutis,p1000,False,87,35,0.40229885057471265,0,2002,mild
Bone,cs2,False,30,6,0.2,0,2002,moderate
Bone,gt450,False,30,5,0.16666666666666666,0,2002,moderate
Bone,nz20,False,30,6,0.2,0,2002,moderate
Bone,nz210,True,30,24,0.8,0,2002,moderate
Bone,p1000,True,30,24,0.8,0,2002,moderate
Cartilage,cs2,False,2,0,0.0,0,2002,moderate
Cartilage,gt450,True,2,2,1.0,0,2002,moderate
Cartilage,nz20,True,2,1,0.5,0,2002,moderate
Cartilage,nz210,False,2,0,0.0,0,2002,moderate
Cartilage,p1000,False,2,1,0.5,0,2002,moderate
Dermis,cs2,False,81,14,0.1728395061728395,0,2002,moderate
Dermis,gt450,False,81,16,0.19753086419753085,0,2002,moderate
Dermis,nz20,True,81,65,0.8024691358024691,0,2002,moderate
Dermis,nz210,True,81,64,0.7901234567901234,0,2002,moderate
Dermis,p1000,False,81,18,0.2222222222222222,0,2002,moderate
Epidermis,cs2,False,209,43,0.20574162679425836,0,2002,moderate
Epidermis,gt450,False,209,45,0.215311004784689,0,2002,moderate
Epidermis,nz20,False,209,37,0.17703349282296652,0,2002,moderate
Epidermis,nz210,True,209,169,0.8086124401913876,0,2002,moderate
Epidermis,p1000,True,209,165,0.7894736842105263,0,2002,moderate
Inflamm/Necrosis,cs2,False,64,14,0.21875,0,2002,moderate
Inflamm/Necrosis,gt450,True,64,54,0.84375,0,2002,moderate
Inflamm/Necrosis,nz20,True,64,48,0.75,0,2002,moderate
Inflamm/Necrosis,nz210,False,64,11,0.171875,0,2002,moderate
Inflamm/Necrosis,p1000,False,64,13,0.203125,0,2002,moderate
SCC,cs2,False,188,36,0.19148936170212766,0,2002,moderate
SCC,gt450,False,188,42,0.22340425531914893,0,2002,moderate
SCC,nz20,False,188,34,0.18085106382978725,0,2002,moderate
SCC,nz210,True,188,153,0.8138297872340425,0,2002,moderate
SCC,p1000,True,188,147,0.7819148936170213,0,2002,moderate
Subcutis,cs2,False,87,16,0.1839080459770115,0,2002,moderate
Subcutis,gt450,False,87,20,0.22988505747126436,0,2002,moderate
Subcutis,nz20,True,87,71,0.8160919540229885,0,2002,moderate
Subcutis,nz210,False,87,16,0.1839080459770115,0,2002,moderate
Subcutis,p1000,True,87,68,0.7816091954022989,0,2002,moderate
Bone,cs2,False,30,1,0.03333333333333333,0,2002,severe
Bone,gt450,False,30,1,0.03333333333333333,0,2002,severe
Bone,nz20,False,30,2,0.06666666666666667,0,2002,severe
Bone,nz210,True,30,28,0.9333333333333333,0,2002,severe
Bone,p1000,True,30,29,0.9666666666666667,0,2002,severe
Cartilage,cs2,False,2,0,0.0,0,2002,severe
Cartilage,gt450,False,2,1,0.5,0,2002,severe
Cartilage,nz20,True,2,2,1.0,0,2002,severe
Cartilage,nz210,True,2,1,0.5,0,2002,severe
Cartilage,p1000,False,2,0,0.0,0,2002,severe
Dermis,cs2,False,81,1,0.012345679012345678,0,2002,severe
Dermis,gt450,True,81,76,0.9382716049382716,0,2002,severe
Dermis,nz20,True,81,77,0.9506172839506173,0,2002,severe
Dermis,nz210,False,81,8,0.09876543209876543,0,2002,severe
Dermis,p1000,False,81,3,0.037037037037037035,0,2002,severe
Epidermis,cs2,True,209,199,0.9521531100478469,0,2002,severe
Epidermis,gt450,False,209,8,0.03827751196172249,0,2002,severe
Epidermis,nz20,False,209,12,0.05741626794258373,0,2002,severe
Epidermis,nz210,True,209,198,0.9473684210526315,0,2002,severe
Epidermis,p1000,False,209,11,0.05263157894736842,0,2002,severe
Inflamm/Necrosis,cs2,False,64,3,0.046875,0,2002,severe
Inflamm/Necrosis,gt450,False,64,3,0.046875,0,2002,severe
Inflamm/Necrosis,nz20,True,64,59,0.921875,0,2002,severe
Inflamm/Necrosis,nz210,False,64,3,0.046875,0,2002,severe
Inflamm/Necrosis,p1000,True,64,62,0.96875,0,2002,severe
SCC,cs2,True,188,176,0.9361702127659575,0,2002,severe
SCC,gt450,False,188,7,0.03723404255319149,0,2002,severe
SCC,nz20,True,188,181,0.9627659574468085,0,2002,severe
SCC,nz210,False,188,11,0.05851063829787234,0,2002,severe
SCC,p1000,False,188,10,0.05319148936170213,0,2002,severe
Subcutis,cs2,True,87,81,0.9310344827586207,0,2002,severe
Subcutis,gt450,True,87,84,0.9655172413793104,0,2002,severe
Subcutis,nz20,False,87,6,0.06896551724137931,0,2002,severe
Subcutis,nz210,False,87,1,0.011494252873563218,0,2002,severe
Subcutis,p1000,False,87,6,0.06896551724137931,0,2002,severe
Bone,cs2,False,30,13,0.43333333333333335,0,2003,mild
Bone,gt450,True,30,15,0.5,0,2003,mild
Bone,nz20,False,30,14,0.4666666666666667,0,2003,mild
Bone,nz210,True,30,21,0.7,0,2003,mild
Bone,p1000,False,30,9,0.3,0,2003,mild
Cartilage,cs2,False,2,1,0.5,0,2003,mild
Cartilage,gt450,False,2,0,0.0,0,2003,mild
Cartilage,nz20,False,2,1,0.5,0,2003,mild
Cartilage,nz210,True,2,1,0.5,0,2003,mild
Cartilage,p1000,True,2,1,0.5,0,2003,mild
Dermis,cs2,False,81,36,0.4444444444444444,0,2003,mild
Dermis,gt450,False,81,33,0.4074074074074074,0,2003,mild
Dermis,nz20,False,81,28,0.345679012345679,0,2003,mild
Dermis,nz210,True,81,48,0.5925925925925926,0,2003,mild
Dermis,p1000,True,81,49,0.6049382716049383,0,2003,mild
Epidermis,cs2,True,209,115,0.5502392344497608,0,2003,mild
Epidermis,gt450,True,209,135,0.645933014354067,0,2003,mild
Epidermis,nz20,False,209,69,0.33014354066985646,0,2003,mild
Epidermis,nz210,False,209,89,0.4258373205741627,0,2003,mild
Epidermis,p1000,False,209,92,0.44019138755980863,0,2003,mild
Inflamm/Necrosis,cs2,True,64,39,0.609375,0,2003,mild
Inflamm/Necrosis,gt450,True,64,37,0.578125,0,2003,mild
Inflamm/Necrosis,nz20,False,64,28,0.4375,0,2003,mild
Inflamm/Necrosis,nz210,False,64,28,0.4375,0,2003,mild
Inflamm/Necrosis,p1000,False,64,20,0.3125,0,2003,mild
SCC,cs2,True,188,122,0.648936170212766,0,2003,mild
SCC,gt450,True,188,103,0.5478723404255319,0,2003,mild
SCC,nz20,False,188,78,0.4148936170212766,0,2003,mild
SCC,nz210,False,188,71,0.3776595744680851,0,2003,mild
SCC,p1000,False,188,76,0.40425531914893614,0,2003,mild
Subcutis,cs2,True,87,52,0.5977011494252874,0,2003,mild
Subcutis,gt450,False,87,31,0.3563218390804598,0,2003,mild
Subcutis,nz20,False,87,38,0.4367816091954023,0,2003,mild
Subcutis,nz210,True,87,52,0.5977011494252874,0,2003,mild
Subcutis,p1000,False,87,35,0.40229885057471265,0,2003,mild
Bone,cs2,False,30,4,0.13333333333333333,0,2003,moderate
Bone,gt450,True,30,23,0.7666666666666667,0,2003,moderate
Bone,nz20,False,30,8,0.26666666666666666,0,2003,moderate
Bone,nz210,True,30,25,0.8333333333333334,0,2003,moderate
Bone,p1000,False,30,5,0.16666666666666666,0,2003,moderate
Cartilage,cs2,False,2,0,0.0,0,2003,moderate
Cartilage,gt450,False,2,0,0.0,0,2003,moderate
Cartilage,nz20,True,2,1,0.5,0,2003,moderate
Cartilage,nz210,False,2,1,0.5,0,2003,moderate
Cartilage,p1000,True,2,2,1.0,0,2003,moderate
Dermis,cs2,False,81,15,0.18518518518518517,0,2003,moderate
Dermis,gt450,True,81,66,0.8148148148148148,0,2003,moderate
Dermis,nz20,True,81,63,0.7777777777777778,0,2003,moderate
Dermis,nz210,False,81,20,0.24691358024691357,0,2003,moderate
Dermis,p1000,False,81,13,0.16049382716049382,0,2003,moderate
Epidermis,cs2,False,209,44,0.21052631578947367,0,2003,moderate
Epidermis,gt450,True,209,166,0.7942583732057417,0,2003,moderate
Epidermis,nz20,True,209,168,0.8038277511961722,0,2003,moderate
Epidermis,nz210,False,209,35,0.1674641148325359,0,2003,moderate
Epidermis,p1000,False,209,46,0.22009569377990432,0,2003,moderate
Inflamm/Necrosis,cs2,False,64,16,0.25,0,2003,moderate
Inflamm/Necrosis,gt450,True,64,53,0.828125,0,2003,moderate
Inflamm/Necrosis,nz20,False,64,8,0.125,0,2003,moderate
Inflamm/Necrosis,nz210,False,64,14,0.21875,0,2003,moderate
Inflamm/Necrosis,p1000,True,64,49,0.765625,0,2003,moderate
SCC,cs2,True,188,154,0.8191489361702128,0,2003,moderate
SCC,gt450,True,188,146,0.776595744680851,0,2003,moderate
SCC,nz20,False,188,44,0.23404255319148937,0,2003,moderate
SCC,nz210,False,188,37,0.19680851063829788,0,2003,moderate
SCC,p1000,False,188,31,0.16489361702127658,0,2003,moderate
Subcutis,cs2,True,87,65,0.7471264367816092,0,2003,moderate
Subcutis,gt450,False,87,18,0.20689655172413793,0,2003,moderate
Subcutis,nz20,False,87,19,0.21839080459770116,0,2003,moderate
Subcutis,nz210,False,87,15,0.1724137931034483,0,2003,moderate
Subcutis,p1000,True,87,74,0.8505747126436781,0,2003,moderate
Bone,cs2,False,30,0,0.0,0,2003,severe
Bone,gt450,True,30,30,1.0,0,2003,severe
Bone,nz20,False,30,3,0.1,0,2003,severe
Bone,nz210,True,30,27,0.9,0,2003,severe
Bone,p1000,False,30,1,0.03333333333333333,0,2003,severe
Cartilage,cs2,False,2,1,0.5,0,2003,severe
Cartilage,gt450,False,2,0,0.0,0,2003,severe
Cartilage,nz20,True,2,1,0.5,0,2003,severe
Cartilage,nz210,True,2,2,1.0,0,2003,severe
Cartilage,p1000,False,2,0,0.0,0,2003,severe
Dermis,cs2,False,81,5,0.06172839506172839,0,2003,severe
Dermis,gt450,True,81,75,0.9259259259259259,0,2003,severe
Dermis,nz20,False,81,5,0.06172839506172839,0,2003,severe
Dermis,nz210,False,81,2,0.024691358024691357,0,2003,severe
Dermis,p1000,True,81,78,0.9629629629629629,0,2003,severe
Epidermis,cs2,False,209,13,0.06220095693779904,0,2003,severe
Epidermis,gt450,True,209,199,0.9521531100478469,0,2003,severe
Epidermis,nz20,False,209,7,0.03349282296650718,0,2003,severe
Epidermis,nz210,False,209,11,0.05263157894736842,0,2003,severe
Epidermis,p1000,True,209,198,0.9473684210526315,0,2003,severe
Inflamm/Necrosis,cs2,False,64,2,0.03125,0,2003,severe
Inflamm/Necrosis,gt450,False,64,3,0.046875,0,2003,severe
Inflamm/Necrosis,nz20,True,64,59,0.921875,0,2003,severe
Inflamm/Necrosis,nz210,True,64,62,0.96875,0,2003,severe
Inflamm/Necrosis,p1000,False,64,4,0.0625,0,2003,severe
SCC,cs2,True,188,179,0.9521276595744681,0,2003,severe
SCC,gt450,False,188,9,0.047872340425531915,0,2003,severe
SCC,nz20,False,188,10,0.05319148936170213,0,2003,severe
SCC,nz210,False,188,9,0.047872340425531915,0,2003,severe
SCC,p1000,True,188,178,0.9468085106382979,0,2003,severe
Subcutis,cs2,False,87,2,0.022988505747126436,0,2003,severe
Subcutis,gt450,True,87,83,0.9540229885057471,0,2003,severe
Subcutis,nz20,False,87,8,0.09195402298850575,0,2003,severe
Subcutis,nz210,False,87,3,0.034482758620689655,0,2003,severe
Subcutis,p1000,True,87,82,0.9425287356321839,0,2003,severe
Bone,cs2,False,30,12,0.4,0,2004,mild
Bone,gt450,False,30,16,0.5333333333333333,0,2004,mild
Bone,nz20,True,30,21,0.7,0,2004,mild
Bone,nz210,True,30,15,0.5,0,2004,mild
Bone,p1000,False,30,8,0.26666666666666666,0,2004,mild
Cartilage,cs2,False,2,0,0.0,0,2004,mild
Cartilage,gt450,False,2,2,1.0,0,2004,mild
Cartilage,nz20,True,2,1,0.5,0,2004,mild
Cartilage,nz210,False,2,0,0.0,0,2004,mild
Cartilage,p1000,True,2,1,0.5,0,2004,mild
Dermis,cs2,False,81,31,0.38271604938271603,0,2004,mild
Dermis,gt450,False,81,32,0.3950617283950617,0,2004,mild
Dermis,nz20,False,81,34,0.41975308641975306,0,2004,mild
Dermis,nz210,True,81,52,0.6419753086419753,0,2004,mild
Dermis,p1000,True,81,45,0.5555555555555556,0,2004,mild
Epidermis,cs2,False,209,90,0.430622009569378,0,2004,mild
Epidermis,gt450,False,209,77,0.3684210526315789,0,2004,mild
Epidermis,nz20,True,209,123,0.5885167464114832,0,2004,mild
Epidermis,nz210,True,209,127,0.6076555023923444,0,2004,mild
Epidermis,p1000,False,209,83,0.39712918660287083,0,2004,mild
Inflamm/Necrosis,cs2,True,64,37,0.578125,0,2004,mild
Inflamm/Necrosis,gt450,False,64,27,0.421875,0,2004,mild
Inflamm/Necrosis,nz20,True,64,39,0.609375,0,2004,mild
Inflamm/Necrosis,nz210,False,64,29,0.453125,0,2004,mild
Inflamm/Necrosis,p1000,False,64,20,0.3125,0,2004,mild
SCC,cs2,True,188,119,0.6329787234042553,0,2004,mild
SCC,gt450,True,188,106,0.5638297872340425,0,2004,mild
SCC,nz20,False,188,70,0.3723404255319149,0,2004,mild
SCC,nz210,False,188,78,0.4148936170212766,0,2004,mild
SCC,p1000,False,188,77,0.4095744680851064,0,2004,mild
Subcutis,cs2,True,87,54,0.6206896551724138,0,2004,mild
Subcutis,gt450,False,87,37,0.42528735632183906,0,2004,mild
Subcutis,nz20,False,87,36,0.41379310344827586,0,2004,mild
Subcutis,nz210,True,87,50,0.5747126436781609,0,2004,mild
Subcutis,p1000,False,87,31,0.3563218390804598,0,2004,mild
Bone,cs2,False,30,6,0.2,0,2004,moderate
Bone,gt450,False,30,4,0.13333333333333333,0,2004,moderate
Bone,nz20,True,30,21,0.7,0,2004,moderate
Bone,nz210,True,30,27,0.9,0,2004,moderate
Bone,p1000,False,30,7,0.23333333333333334,0,2004,moderate
Cartilage,cs2,False,2,1,0.5,0,2004,moderate
Cartilage,gt450,False,2,0,0.0,0,2004,moderate
Cartilage,nz20,True,2,2,1.0,0,2004,moderate
Cartilage,nz210,True,2,1,0.5,0,2004,moderate
Cartilage,p1000,False,2,0,0.0,0,2004,moderate
Dermis,cs2,True,81,66,0.8148148148148148,0,2004,moderate
Dermis,gt450,True,81,63,0.7777777777777778,0,2004,moderate
Dermis,nz20,False,81,14,0.1728395061728395,0,2004,moderate
Dermis,nz210,False,81,20,0.24691358024691357,0,2004,moderate
Dermis,p1000,False,81,14,0.1728395061728395,0,2004,moderate
Epidermis,cs2,False,209,34,0.16267942583732056,0,2004,moderate
Epidermis,gt450,False,209,52,0.24880382775119617,0,2004,moderate
Epidermis,nz20,True,209,166,0.7942583732057417,0,2004,moderate
Epidermis,nz210,False,209,39,0.18660287081339713,0,2004,moderate
Epidermis,p1000,True,209,168,0.8038277511961722,0,2004,moderate
Inflamm/Necrosis,cs2,True,64,55,0.859375,0,2004,moderate
Inflamm/Necrosis,gt450,False,64,11,0.171875,0,2004,moderate
Inflamm/Necrosis,nz20,False,64,15,0.234375,0,2004,moderate
Inflamm/Necrosis,nz210,False,64,12,0.1875,0,2004,moderate
Inflamm/Necrosis,p1000,True,64,47,0.734375,0,2004,moderate
SCC,cs2,True,188,148,0.7872340425531915,0,2004,moderate
SCC,gt450,True,188,152,0.8085106382978723,0,2004,moderate
SCC,nz20,False,188,40,0.2127659574468085,0,2004,moderate
SCC,nz210,False,188,44,0.23404255319148937,0,2004,moderate
SCC,p1000,False,188,28,0.14893617021276595,0,2004,moderate
Subcutis,cs2,True,87,60,0.6896551724137931,0,2004,moderate
Subcutis,gt450,False,87,14,0.16091954022988506,0,2004,moderate
Subcutis,nz20,True,87,79,0.9080459770114943,0,2004,moderate
Subcutis,nz210,False,87,21,0.2413793103448276,0,2004,moderate
Subcutis,p1000,False,87,17,0.19540229885057472,0,2004,moderate
Bone,cs2,False,30,1,0.03333333333333333,0,2004,severe
Bone,gt450,False,30,2,0.06666666666666667,0,2004,severe
Bone,nz20,True,30,28,0.9333333333333333,0,2004,severe
Bone,nz210,True,30,29,0.9666666666666667,0,2004,severe
Bone,p1000,False,30,1,0.03333333333333333,0,2004,severe
Cartilage,cs2,False,2,0,0.0,0,2004,severe
Cartilage,gt450,True,2,2,1.0,0,2004,severe
Cartilage,nz20,True,2,1,0.5,0,2004,severe
Cartilage,nz210,False,2,0,0.0,0,2004,severe
Cartilage,p1000,False,2,1,0.5,0,2004,severe
Dermis,cs2,False,81,2,0.024691358024691357,0,2004,severe
Dermis,gt450,False,81,5,0.06172839506172839,0,2004,severe
Dermis,nz20,True,81,77,0.9506172839506173,0,2004,severe
Dermis,nz210,False,81,5,0.06172839506172839,0,2004,severe
Dermis,p1000,True,81,76,0.9382716049382716,0,2004,severe
Epidermis,cs2,True,209,200,0.9569377990430622,0,2004,severe
Epidermis,gt450,False,209,9,0.0430622009569378,0,2004,severe
Epidermis,nz20,False,209,14,0.06698564593301436,0,2004,severe
Epidermis,nz210,True,209,197,0.9425837320574163,0,2004,severe
Epidermis,p1000,False,209,8,0.03827751196172249,0,2004,severe
Inflamm/Necrosis,cs2,True,64,62,0.96875,0,2004,severe
Inflamm/Necrosis,gt450,True,64,59,0.921875,0,2004,severe
Inflamm/Necrosis,nz20,False,64,2,0.03125,0,2004,severe
Inflamm/Necrosis,nz210,False,64,3,0.046875,0,2004,severe
Inflamm/Necrosis,p1000,False,64,4,0.0625,0,2004,severe
SCC,cs2,True,188,182,0.9680851063829787,0,2004,severe
SCC,gt450,False,188,6,0.031914893617021274,0,2004,severe
SCC,nz20,False,188,10,0.05319148936170213,0,2004,severe
SCC,nz210,True,188,175,0.9308510638297872,0,2004,severe
SCC,p1000,False,188,12,0.06382978723404255,0,2004,severe
Subcutis,cs2,True,87,82,0.9425287356321839,0,2004,severe
Subcutis,gt450,True,87,83,0.9540229885057471,0,2004,severe
Subcutis,nz20,False,87,0,0.0,0,2004,severe
Subcutis,nz210,False,87,9,0.10344827586206896,0,2004,severe
Subcutis,p1000,False,87,4,0.04597701149425287,0,2004,severe
Bone,cs2,False,30,11,0.36666666666666664,0,2005,mild
Bone,gt450,True,30,18,0.6,0,2005,mild
Bone,nz20,False,30,13,0.43333333333333335,0,2005,mild
Bone,nz210,True,30,18,0.6,0,2005,mild
Bone,p1000,False,30,12,0.4,0,2005,mild
Cartilage,cs2,False,2,1,0.5,0,2005,mild
Cartilage,gt450,True,2,1,0.5,0,2005,mild
Cartilage,nz20,False,2,0,0.0,0,2005,mild
Cartilage,nz210,False,2,1,0.5,0,2005,mild
Cartilage,p1000,True,2,1,0.5,0,2005,mild
Dermis,cs2,True,81,53,0.654320987654321,0,2005,mild
Dermis,gt450,False,81,30,0.37037037037037035,0,2005,mild
Dermis,nz20,True,81,44,0.5432098765432098,0,2005,mild
Dermis,nz210,False,81,31,0.38271604938271603,0,2005,mild
Dermis,p1000,False,81,36,0.4444444444444444,0,2005,mild
Epidermis,cs2,False,209,76,0.36363636363636365,0,2005,mild
Epidermis,gt450,False,209,89,0.4258373205741627,0,2005,mild
Epidermis,nz20,False,209,85,0.40669856459330145,0,2005,mild
Epidermis,nz210,True,209,123,0.5885167464114832,0,2005,mild
Epidermis,p1000,True,209,127,0.6076555023923444,0,2005,mild
Inflamm/Necrosis,cs2,False,64,20,0.3125,0,2005,mild
Inflamm/Necrosis,gt450,True,64,38,0.59375,0,2005,mild
Inflamm/Necrosis,nz20,False,64,29,0.453125,0,2005,mild
Inflamm/Necrosis,nz210,True,64,38,0.59375,0,2005,mild
Inflamm/Necrosis,p1000,False,64,27,0.421875,0,2005,mild
SCC,cs2,False,188,74,0.39361702127659576,0,2005,mild
SCC,gt450,True,188,121,0.6436170212765957,0,2005,mild
SCC,nz20,False,188,74,0.39361702127659576,0,2005,mild
SCC,nz210,True,188,104,0.5531914893617021,0,2005,mild
SCC,p1000,False,188,77,0.4095744680851064,0,2005,mild
Subcutis,cs2,False,87,42,0.4827586206896552,0,2005,mild
Subcutis,gt450,False,87,34,0.39080459770114945,0,2005,mild
Subcutis,nz20,True,87,53,0.6091954022988506,0,2005,mild
Subcutis,nz210,True,87,51,0.5862068965517241,0,2005,mild
Subcutis,p1000,False,87,28,0.3218390804597701,0,2005,mild
Bone,cs2,False,30,5,0.16666666666666666,0,2005,moderate
Bone,gt450,True,30,25,0.8333333333333334,0,2005,moderate
Bone,nz20,False,30,7,0.23333333333333334,0,2005,moderate
Bone,nz210,True,30,23,0.7666666666666667,0,2005,moderate
Bone,p1000,False,30,5,0.16666666666666666,0,2005,moderate
Cartilage,cs2,False,2,0,0.0,0,2005,moderate
Cartilage,gt450,False,2,0,0.0,0,2005,moderate
Cartilage,nz20,True,2,2,1.0,0,2005,moderate
Cartilage,nz210,True,2,1,0.5,0,2005,moderate
Cartilage,p1000,False,2,1,0.5,0,2005,moderate
Dermis,cs2,True,81,65,0.8024691358024691,0,2005,moderate
Dermis,gt450,False,81,13,0.16049382716049382,0,2005,moderate
Dermis,nz20,False,81,16,0.19753086419753085,0,2005,moderate
Dermis,nz210,True,81,64,0.7901234567901234,0,2005,moderate
Dermis,p1000,False,81,19,0.2345679012345679,0,2005,moderate
Epidermis,cs2,True,209,164,0.784688995215311,0,2005,moderate
Epidermis,gt450,False,209,55,0.2631578947368421,0,2005,moderate
Epidermis,nz20,False,209,31,0.14832535885167464,0,2005,moderate
Epidermis,nz210,True,209,170,0.8133971291866029,0,2005,moderate
Epidermis,p1000,False,209,39,0.18660287081339713,0,2005,moderate
Inflamm/Necrosis,cs2,False,64,8,0.125,0,2005,moderate
Inflamm/Necrosis,gt450,True,64,48,0.75,0,2005,moderate
Inflamm/Necrosis,nz20,False,64,11,0.171875,0,2005,moderate
Inflamm/Necrosis,nz210,False,64,19,0.296875,0,2005,moderate
Inflamm/Necrosis,p1000,True,64,54,0.84375,0,2005,moderate
SCC,cs2,True,188,144,0.7659574468085106,0,2005,moderate
SCC,gt450,True,188,156,0.8297872340425532,0,2005,moderate
SCC,nz20,False,188,36,0.19148936170212766,0,2005,moderate
SCC,nz210,False,188,34,0.18085106382978725,0,2005,moderate
SCC,p1000,False,188,42,0.22340425531914893,0,2005,moderate
Subcutis,cs2,False,87,19,0.21839080459770116,0,2005,moderate
Subcutis,gt450,True,87,66,0.7586206896551724,0,2005,moderate
Subcutis,nz20,False,87,18,0.20689655172413793,0,2005,moderate
Subcutis,nz210,True,87,73,0.8390804597701149,0,2005,moderate
Subcutis,p1000,False,87,15,0.1724137931034483,0,2005,moderate
Bone,cs2,False,30,1,0.03333333333333333,0,2005,severe
Bone,gt450,True,30,29,0.9666666666666667,0,2005,severe
Bone,nz20,False,30,1,0.03333333333333333,0,2005,severe
Bone,nz210,True,30,28,0.9333333333333333,0,2005,severe
Bone,p1000,False,30,2,0.06666666666666667,0,2005,severe
Cartilage,cs2,False,2,1,0.5,0,2005,severe
Cartilage,gt450,True,2,2,1.0,0,2005,severe
Cartilage,nz20,True,2,1,0.5,0,2005,severe
Cartilage,nz210,False,2,0,0.0,0,2005,severe
Cartilage,p1000,False,2,0,0.0,0,2005,severe
Dermis,cs2,False,81,7,0.08641975308641975,0,2005,severe
Dermis,gt450,False,81,3,0.037037037037037035,0,2005,severe
Dermis,nz20,True,81,78,0.9629629629629629,0,2005,severe
Dermis,nz210,True,81,75,0.9259259259259259,0,2005,severe
Dermis,p1000,False,81,2,0.024691358024691357,0,2005,severe
Epidermis,cs2,True,209,199,0.9521531100478469,0,2005,severe
Epidermis,gt450,True,209,198,0.9473684210526315,0,2005,severe
Epidermis,nz20,False,209,11,0.05263157894736842,0,2005,severe
Epidermis,nz210,False,209,6,0.028708133971291867,0,2005,severe
Epidermis,p1000,False,209,14,0.06698564593301436,0,2005,severe
Inflamm/Necrosis,cs2,True,64,62,0.96875,0,2005,severe
Inflamm/Necrosis,gt450,True,64,59,0.921875,0,2005,severe
Inflamm/Necrosis,nz20,False,64,4,0.0625,0,2005,severe
Inflamm/Necrosis,nz210,False,64,2,0.03125,0,2005,severe
Inflamm/Necrosis,p1000,False,64,3,0.046875,0,2005,severe
SCC,cs2,False,188,15,0.0797872340425532,0,2005,severe
SCC,gt450,False,188,6,0.031914893617021274,0,2005,severe
SCC,nz20,True,188,176,0.9361702127659575,0,2005,severe
SCC,nz210,False,188,7,0.03723404255319149,0,2005,severe
SCC,p1000,True,188,181,0.9627659574468085,0,2005,severe
Subcutis,cs2,False,87,5,0.05747126436781609,0,2005,severe
Subcutis,gt450,True,87,81,0.9310344827586207,0,2005,severe
Subcutis,nz20,False,87,4,0.04597701149425287,0,2005,severe
Subcutis,nz210,True,87,84,0.9655172413793104,0,2005,severe
Subcutis,p1000,False,87,4,0.04597701149425287,0,2005,severe
Bone,cs2,True,34,20,0.5882352941176471,1,2001,mild
Bone,gt450,False,34,11,0.3235294117647059,1,2001,mild
Bone,nz20,True,34,20,0.5882352941176471,1,2001,mild
Bone,nz210,False,34,14,0.4117647058823529,1,2001,mild
Bone,p1000,False,34,15,0.4411764705882353,1,2001,mild
Cartilage,cs2,True,2,0,0.0,1,2001,mild
Cartilage,gt450,False,2,0,0.0,1,2001,mild
Cartilage,nz20,False,2,1,0.5,1,2001,mild
Cartilage,nz210,False,2,1,0.5,1,2001,mild
Cartilage,p1000,True,2,2,1.0,1,2001,mild
Dermis,cs2,False,75,24,0.32,1,2001,mild
Dermis,gt450,False,75,34,0.4533333333333333,1,2001,mild
Dermis,nz20,True,75,40,0.5333333333333333,1,2001,mild
Dermis,nz210,True,75,50,0.6666666666666666,1,2001,mild
Dermis,p1000,False,75,32,0.4266666666666667,1,2001,mild
Epidermis,cs2,True,168,104,0.6190476190476191,1,2001,mild
Epidermis,gt450,False,168,66,0.39285714285714285,1,2001,mild
Epidermis,nz20,True,168,97,0.5773809523809523,1,2001,mild
Epidermis,nz210,False,168,74,0.44047619047619047,1,2001,mild
Epidermis,p1000,False,168,61,0.3630952380952381,1,2001,mild
Inflamm/Necrosis,cs2,False,59,22,0.3728813559322034,1,2001,mild
Inflamm/Necrosis,gt450,False,59,25,0.423728813559322,1,2001,mild
Inflamm/Necrosis,nz20,True,59,37,0.6271186440677966,1,2001,mild
Inflamm/Necrosis,nz210,False,59,23,0.3898305084745763,1,2001,mild
Inflamm/Necrosis,p1000,True,59,33,0.559322033898305,1,2001,mild
SCC,cs2,False,206,82,0.39805825242718446,1,2001,mild
SCC,gt450,True,206,124,0.6019417475728155,1,2001,mild
SCC,nz20,True,206,123,0.5970873786407767,1,2001,mild
SCC,nz210,False,206,80,0.3883495145631068,1,2001,mild
SCC,p1000,False,206,85,0.41262135922330095,1,2001,mild
Subcutis,cs2,True,72,45,0.625,1,2001,mild
Subcutis,gt450,False,72,30,0.4166666666666667,1,2001,mild
Subcutis,nz20,True,72,41,0.5694444444444444,1,2001,mild
Subcutis,nz210,False,72,25,0.3472222222222222,1,2001,mild
Subcutis,p1000,False,72,31,0.4305555555555556,1,2001,mild
Bone,cs2,True,34,30,0.8823529411764706,1,2001,moderate
Bone,gt450,False,34,9,0.2647058823529412,1,2001,moderate
Bone,nz20,True,34,24,0.7058823529411765,1,2001,moderate
Bone,nz210,False,34,5,0.14705882352941177,1,2001,moderate
Bone,p1000,False,34,6,0.17647058823529413,1,2001,moderate
Cartilage,cs2,True,2,2,1.0,1,2001,moderate
Cartilage,gt450,False,2,0,0.0,1,2001,moderate
Cartilage,nz20,False,2,0,0.0,1,2001,moderate
Cartilage,nz210,True,2,1,0.5,1,2001,moderate
Cartilage,p1000,False,2,1,0.5,1,2001,moderate
Dermis,cs2,True,75,61,0.8133333333333334,1,2001,moderate
Dermis,gt450,False,75,15,0.2,1,2001,moderate
Dermis,nz20,False,75,16,0.21333333333333335,1,2001,moderate
Dermis,nz210,True,75,59,0.7866666666666666,1,2001,moderate
Dermis,p1000,False,75,13,0.17333333333333334,1,2001,moderate
Epidermis,cs2,False,168,36,0.21428571428571427,1,2001,moderate
Epidermis,gt450,False,168,34,0.20238095238095238,1,2001,moderate
Epidermis,nz20,True,168,138,0.8214285714285714,1,2001,moderate
Epidermis,nz210,False,168,30,0.17857142857142858,1,2001,moderate
Epidermis,p1000,True,168,130,0.7738095238095238,1,2001,moderate
Inflamm/Necrosis,cs2,False,59,11,0.1864406779661017,1,2001,moderate
Inflamm/Necrosis,gt450,False,59,15,0.2542372881355932,1,2001,moderate
Inflamm/Necrosis,nz20,True,59,51,0.864406779661017,1,2001,moderate
Inflamm/Necrosis,nz210,False,59,9,0.15254237288135594,1,2001,moderate
Inflamm/Necrosis,p1000,True,59,43,0.7288135593220338,1,2001,moderate
SCC,cs2,True,206,164,0.7961165048543689,1,2001,moderate
SCC,gt450,False,206,44,0.21359223300970873,1,2001,moderate
SCC,nz20,True,206,165,0.8009708737864077,1,2001,moderate
SCC,nz210,False,206,37,0.1796116504854369,1,2001,moderate
SCC,p1000,False,206,42,0.20388349514563106,1,2001,moderate
Subcutis,cs2,False,72,14,0.19444444444444445,1,2001,moderate
Subcutis,gt450,True,72,58,0.8055555555555556,1,2001,moderate
Subcutis,nz20,True,72,57,0.7916666666666666,1,2001,moderate
Subcutis,nz210,False,72,19,0.2638888888888889,1,2001,moderate
Subcutis,p1000,False,72,10,0.1388888888888889,1,2001,moderate
Bone,cs2,True,34,32,0.9411764705882353,1,2001,severe
Bone,gt450,False,34,0,0.0,1,2001,severe
Bone,nz20,True,34,32,0.9411764705882353,1,2001,severe
Bone,nz210,False,34,3,0.08823529411764706,1,2001,severe
Bone,p1000,False,34,2,0.058823529411764705,1,2001,severe
Cartilage,cs2,False,2,1,0.5,1,2001,severe
Cartilage,gt450,True,2,1,0.5,1,2001,severe
Cartilage,nz20,False,2,0,0.0,1,2001,severe
Cartilage,nz210,False,2,0,0.0,1,2001,severe
Cartilage,p1000,True,2,2,1.0,1,2001,severe
Dermis,cs2,False,75,4,0.05333333333333334,1,2001,severe
Dermis,gt450,False,75,2,0.02666666666666667,1,2001,severe
Dermis,nz20,False,75,5,0.06666666666666667,1,2001,severe
Dermis,nz210,True,75,71,0.9466666666666667,1,2001,severe
Dermis,p1000,True,75,71,0.9466666666666667,1,2001,severe
Epidermis,cs2,True,168,159,0.9464285714285714,1,2001,severe
Epidermis,gt450,False,168,9,0.05357142857142857,1,2001,severe
Epidermis,nz20,False,168,7,0.041666666666666664,1,2001,severe
Epidermis,nz210,True,168,160,0.9523809523809523,1,2001,severe
Epidermis,p1000,False,168,9,0.05357142857142857,1,2001,severe
Inflamm/Necrosis,cs2,False,59,1,0.01694915254237288,1,2001,severe
Inflamm/Necrosis,gt450,False,59,4,0.06779661016949153,1,2001,severe
Inflamm/Necrosis,nz20,True,59,57,0.9661016949152542,1,2001,severe
Inflamm/Necrosis,nz210,True,59,55,0.9322033898305084,1,2001,severe
Inflamm/Necrosis,p1000,False,59,3,0.05084745762711865,1,2001,severe
SCC,cs2,False,206,13,0.06310679611650485,1,2001,severe
SCC,gt450,True,206,192,0.9320388349514563,1,2001,severe
SCC,nz20,False,206,8,0.038834951456310676,1,2001,severe
SCC,nz210,False,206,9,0.043689320388349516,1,2001,severe
SCC,p1000,True,206,199,0.9660194174757282,1,2001,severe
Subcutis,cs2,True,72,67,0.9305555555555556,1,2001,severe
Subcutis,gt450,False,72,2,0.027777777777777776,1,2001,severe
Subcutis,nz20,False,72,4,0.05555555555555555,1,2001,severe
Subcutis,nz210,True,72,69,0.9583333333333334,1,2001,severe
Subcutis,p1000,False,72,4,0.05555555555555555,1,2001,severe
Bone,cs2,False,34,15,0.4411764705882353,1,2002,mild
Bone,gt450,False,34,14,0.4117647058823529,1,2002,mild
Bone,nz20,False,34,11,0.3235294117647059,1,2002,mild
Bone,nz210,True,34,17,0.5,1,2002,mild
Bone,p1000,True,34,23,0.6764705882352942,1,2002,mild
Cartilage,cs2,True,2,1,0.5,1,2002,mild
Cartilage,gt450,False,2,2,1.0,1,2002,mild
Cartilage,nz20,False,2,0,0.0,1,2002,mild
Cartilage,nz210,True,2,1,0.5,1,2002,mild
Cartilage,p1000,False,2,0,0.0,1,2002,mild
Dermis,cs2,False,75,31,0.41333333333333333,1,2002,mild
Dermis,gt450,True,75,42,0.56,1,2002,mild
Dermis,nz20,False,75,26,0.3466666666666667,1,2002,mild
Dermis,nz210,True,75,48,0.64,1,2002,mild
Dermis,p1000,False,75,33,0.44,1,2002,mild
Epidermis,cs2,False,168,67,0.39880952380952384,1,2002,mild
Epidermis,gt450,True,168,100,0.5952380952380952,1,2002,mild
Epidermis,nz20,True,168,101,0.6011904761904762,1,2002,mild
Epidermis,nz210,False,168,65,0.3869047619047619,1,2002,mild
Epidermis,p1000,False,168,69,0.4107142857142857,1,2002,mild
Inflamm/Necrosis,cs2,True,59,36,0.6101694915254238,1,2002,mild
Inflamm/Necrosis,gt450,True,59,34,0.576271186440678,1,2002,mild
Inflamm/Necrosis,nz20,False,59,22,0.3728813559322034,1,2002,mild
Inflamm/Necrosis,nz210,False,59,23,0.3898305084745763,1,2002,mild
Inflamm/Necrosis,p1000,False,59,25,0.423728813559322,1,2002,mild
SCC,cs2,True,206,124,0.6019417475728155,1,2002,mild
SCC,gt450,False,206,74,0.3592233009708738,1,2002,mild
SCC,nz20,False,206,82,0.39805825242718446,1,2002,mild
SCC,nz210,False,206,91,0.441747572815534,1,2002,mild
SCC,p1000,True,206,123,0.5970873786407767,1,2002,mild
Subcutis,cs2,True,72,44,0.6111111111111112,1,2002,mild
Subcutis,gt450,True,72,42,0.5833333333333334,1,2002,mild
Subcutis,nz20,False,72,30,0.4166666666666667,1,2002,mild
Subcutis,nz210,False,72,27,0.375,1,2002,mild
Subcutis,p1000,False,72,29,0.4027777777777778,1,2002,mild
Bone,cs2,False,34,7,0.20588235294117646,1,2002,moderate
Bone,gt450,False,34,9,0.2647058823529412,1,2002,moderate
Bone,nz20,False,34,4,0.11764705882352941,1,2002,moderate
Bone,nz210,True,34,28,0.8235294117647058,1,2002,moderate
Bone,p1000,True,34,26,0.7647058823529411,1,2002,moderate
Cartilage,cs2,True,2,1,0.5,1,2002,moderate
Cartilage,gt450,False,2,1,0.5,1,2002,moderate
Cartilage,nz20,False,2,0,0.0,1,2002,moderate
Cartilage,nz210,False,2,0,0.0,1,2002,moderate
Cartilage,p1000,True,2,2,1.0,1,2002,moderate
Dermis,cs2,False,75,10,0.13333333333333333,1,2002,moderate
Dermis,gt450,True,75,58,0.7733333333333333,1,2002,moderate
Dermis,nz20,False,75,17,0.22666666666666666,1,2002,moderate
Dermis,nz210,False,75,17,0.22666666666666666,1,2002,moderate
Dermis,p1000,True,75,62,0.8266666666666667,1,2002,moderate
Epidermis,cs2,False,168,34,0.20238095238095238,1,2002,moderate
Epidermis,gt450,True,168,132,0.7857142857142857,1,2002,moderate
Epidermis,nz20,False,168,25,0.1488095238095238,1,2002,moderate
Epidermis,nz210,False,168,41,0.24404761904761904,1,2002,moderate
Epidermis,p1000,True,168,136,0.8095238095238095,1,2002,moderate
Inflamm/Necrosis,cs2,True,59,45,0.7627118644067796,1,2002,moderate
Inflamm/Necrosis,gt450,True,59,49,0.8305084745762712,1,2002,moderate
Inflamm/Necrosis,nz20,False,59,12,0.2033898305084746,1,2002,moderate
Inflamm/Necrosis,nz210,False,59,10,0.1694915254237288,1,2002,moderate
Inflamm/Necrosis,p1000,False,59,13,0.22033898305084745,1,2002,moderate
SCC,cs2,False,206,40,0.1941747572815534,1,2002,moderate
SCC,gt450,False,206,40,0.1941747572815534,1,2002,moderate
SCC,nz20,True,206,165,0.8009708737864077,1,2002,moderate
SCC,nz210,False,206,43,0.2087378640776699,1,2002,moderate
SCC,p1000,True,206,164,0.7961165048543689,1,2002,moderate
Subcutis,cs2,True,72,59,0.8194444444444444,1,2002,moderate
Subcutis,gt450,False,72,16,0.2222222222222222,1,2002,moderate
Subcutis,nz20,False,72,15,0.20833333333333334,1,2002,moderate
Subcutis,nz210,True,72,56,0.7777777777777778,1,2002,moderate
Subcutis,p1000,False,72,12,0.16666666666666666,1,2002,moderate
Bone,cs2,False,34,1,0.029411764705882353,1,2002,severe
Bone,gt450,False,34,3,0.08823529411764706,1,2002,severe
Bone,nz20,False,34,1,0.029411764705882353,1,2002,severe
Bone,nz210,True,34,30,0.8823529411764706,1,2002,severe
Bone,p1000,True,34,34,1.0,1,2002,severe
Cartilage,cs2,False,2,0,0.0,1,2002,severe
Cartilage,gt450,False,2,0,0.0,1,2002,severe
Cartilage,nz20,False,2,1,0.5,1,2002,severe
Cartilage,nz210,True,2,1,0.5,1,2002,severe
Cartilage,p1000,True,2,2,1.0,1,2002,severe
Dermis,cs2,True,75,72,0.96,1,2002,severe
Dermis,gt450,False,75,1,0.013333333333333334,1,2002,severe
Dermis,nz20,False,75,7,0.09333333333333334,1,2002,severe
Dermis,nz210,True,75,70,0.9333333333333333,1,2002,severe
Dermis,p1000,False,75,3,0.04,1,2002,severe
Epidermis,cs2,True,168,161,0.9583333333333334,1,2002,severe
Epidermis,gt450,False,168,8,0.047619047619047616,1,2002,severe
Epidermis,nz20,False,168,9,0.05357142857142857,1,2002,severe
Epidermis,nz210,True,168,158,0.9404761904761905,1,2002,severe
Epidermis,p1000,False,168,8,0.047619047619047616,1,2002,severe
Inflamm/Necrosis,cs2,False,59,0,0.0,1,2002,severe
Inflamm/Necrosis,gt450,True,59,55,0.9322033898305084,1,2002,severe
Inflamm/Necrosis,nz20,True,59,57,0.9661016949152542,1,2002,severe
Inflamm/Necrosis,nz210,False,59,5,0.0847457627118644,1,2002,severe
Inflamm/Necrosis,p1000,False,59,3,0.05084745762711865,1,2002,severe
SCC,cs2,True,206,197,0.9563106796116505,1,2002,severe
SCC,gt450,False,206,8,0.038834951456310676,1,2002,severe
SCC,nz20,False,206,12,0.05825242718446602,1,2002,severe
SCC,nz210,True,206,194,0.941747572815534,1,2002,severe
SCC,p1000,False,206,10,0.04854368932038835,1,2002,severe
Subcutis,cs2,False,72,6,0.08333333333333333,1,2002,severe
Subcutis,gt450,False,72,2,0.027777777777777776,1,2002,severe
Subcutis,nz20,False,72,2,0.027777777777777776,1,2002,severe
Subcutis,nz210,True,72,69,0.9583333333333334,1,2002,severe
Subcutis,p1000,True,72,67,0.9305555555555556,1,2002,severe
Bone,cs2,False,34,12,0.35294117647058826,1,2003,mild
Bone,gt450,True,34,21,0.6176470588235294,1,2003,mild
Bone,nz20,False,34,14,0.4117647058823529,1,2003,mild
Bone,nz210,True,34,19,0.5588235294117647,1,2003,mild
Bone,p1000,False,34,14,0.4117647058823529,1,2003,mild
Cartilage,cs2,True,2,1,0.5,1,2003,mild
Cartilage,gt450,False,2,0,0.0,1,2003,mild
Cartilage,nz20,True,2,1,0.5,1,2003,mild
Cartilage,nz210,False,2,0,0.0,1,2003,mild
Cartilage,p1000,False,2,2,1.0,1,2003,mild
Dermis,cs2,True,75,45,0.6,1,2003,mild
Dermis,gt450,False,75,31,0.41333333333333333,1,2003,mild
Dermis,nz20,False,75,31,0.41333333333333333,1,2003,mild
Dermis,nz210,True,75,45,0.6,1,2003,mild
Dermis,p1000,False,75,28,0.37333333333333335,1,2003,mild
Epidermis,cs2,False,168,65,0.3869047619047619,1,2003,mild
Epidermis,gt450,False,168,56,0.3333333333333333,1,2003,mild
Epidermis,nz20,True,168,96,0.5714285714285714,1,2003,mild
Epidermis,nz210,False,168,80,0.47619047619047616,1,2003,mild
Epidermis,p1000,True,168,105,0.625,1,2003,mild
Inflamm/Necrosis,cs2,True,59,35,0.5932203389830508,1,2003,mild
Inflamm/Necrosis,gt450,True,59,35,0.5932203389830508,1,2003,mild
Inflamm/Necrosis,nz20,False,59,20,0.3389830508474576,1,2003,mild
Inflamm/Necrosis,nz210,False,59,16,0.2711864406779661,1,2003,mild
Inflamm/Necrosis,p1000,False,59,34,0.576271186440678,1,2003,mild
SCC,cs2,True,206,125,0.6067961165048543,1,2003,mild
SCC,gt450,False,206,87,0.4223300970873786,1,2003,mild
SCC,nz20,True,206,122,0.5922330097087378,1,2003,mild
SCC,nz210,False,206,90,0.4368932038834951,1,2003,mild
SCC,p1000,False,206,70,0.33980582524271846,1,2003,mild
Subcutis,cs2,False,72,27,0.375,1,2003,mild
Subcutis,gt450,True,72,40,0.5555555555555556,1,2003,mild
Subcutis,nz20,True,72,46,0.6388888888888888,1,2003,mild
Subcutis,nz210,False,72,26,0.3611111111111111,1,2003,mild
Subcutis,p1000,False,72,33,0.4583333333333333,1,2003,mild
Bone,cs2,False,34,11,0.3235294117647059,1,2003,moderate
Bone,gt450,True,34,30,0.8823529411764706,1,2003,moderate
Bone,nz20,False,34,5,0.14705882352941177,1,2003,moderate
Bone,nz210,True,34,24,0.7058823529411765,1,2003,moderate
Bone,p1000,False,34,4,0.11764705882352941,1,2003,moderate
Cartilage,cs2,True,2,1,0.5,1,2003,moderate
Cartilage,gt450,True,2,2,1.0,1,2003,moderate
Cartilage,nz20,False,2,0,0.0,1,2003,moderate
Cartilage,nz210,False,2,0,0.0,1,2003,moderate
Cartilage,p1000,False,2,1,0.5,1,2003,moderate
Dermis,cs2,False,75,14,0.18666666666666668,1,2003,moderate
Dermis,gt450,True,75,62,0.8266666666666667,1,2003,moderate
Dermis,nz20,False,75,18,0.24,1,2003,moderate
Dermis,nz210,True,75,58,0.7733333333333333,1,2003,moderate
Dermis,p1000,False,75,12,0.16,1,2003,moderate
Epidermis,cs2,False,168,30,0.17857142857142858,1,2003,moderate
Epidermis,gt450,False,168,32,0.19047619047619047,1,2003,moderate
Epidermis,nz20,True,168,134,0.7976190476190477,1,2003,moderate
Epidermis,nz210,True,168,134,0.7976190476190477,1,2003,moderate
Epidermis,p1000,False,168,38,0.2261904761904762,1,2003,moderate
Inflamm/Necrosis,cs2,False,59,11,0.1864406779661017,1,2003,moderate
Inflamm/Necrosis,gt450,True,59,48,0.8135593220338984,1,2003,moderate
Inflamm/Necrosis,nz20,False,59,11,0.1864406779661017,1,2003,moderate
Inflamm/Necrosis,nz210,True,59,46,0.7796610169491526,1,2003,moderate
Inflamm/Necrosis,p1000,False,59,13,0.22033898305084745,1,2003,moderate
SCC,cs2,True,206,166,0.8058252427184466,1,2003,moderate
SCC,gt450,False,206,49,0.23786407766990292,1,2003,moderate
SCC,nz20,False,206,47,0.22815533980582525,1,2003,moderate
SCC,nz210,True,206,163,0.7912621359223301,1,2003,moderate
SCC,p1000,False,206,27,0.13106796116504854,1,2003,moderate
Subcutis,cs2,False,72,16,0.2222222222222222,1,2003,moderate
Subcutis,gt450,False,72,14,0.19444444444444445,1,2003,moderate
Subcutis,nz20,False,72,13,0.18055555555555555,1,2003,moderate
Subcutis,nz210,True,72,58,0.8055555555555556,1,2003,moderate
Subcutis,p1000,True,72,57,0.7916666666666666,1,2003,moderate
Bone,cs2,False,34,3,0.08823529411764706,1,2003,severe
Bone,gt450,True,34,31,0.9117647058823529,1,2003,severe
Bone,nz20,False,34,2,0.058823529411764705,1,2003,severe
Bone,nz210,True,34,33,0.9705882352941176,1,2003,severe
Bone,p1000,False,34,0,0.0,1,2003,severe
Cartilage,cs2,False,2,0,0.0,1,2003,severe
Cartilage,gt450,True,2,2,1.0,1,2003,severe
Cartilage,nz20,True,2,1,0.5,1,2003,severe
Cartilage,nz210,False,2,1,0.5,1,2003,severe
Cartilage,p1000,False,2,0,0.0,1,2003,severe
Dermis,cs2,True,75,71,0.9466666666666667,1,2003,severe
Dermis,gt450,False,75,3,0.04,1,2003,severe
Dermis,nz20,False,75,6,0.08,1,2003,severe
Dermis,nz210,False,75,2,0.02666666666666667,1,2003,severe
Dermis,p1000,True,75,71,0.9466666666666667,1,2003,severe
Epidermis,cs2,False,168,8,0.047619047619047616,1,2003,severe
Epidermis,gt450,False,168,9,0.05357142857142857,1,2003,severe
Epidermis,nz20,True,168,158,0.9404761904761905,1,2003,severe
Epidermis,nz210,False,168,8,0.047619047619047616,1,2003,severe
Epidermis,p1000,True,168,161,0.9583333333333334,1,2003,severe
Inflamm/Necrosis,cs2,True,59,56,0.9491525423728814,1,2003,severe
Inflamm/Necrosis,gt450,True,59,56,0.9491525423728814,1,2003,severe
Inflamm/Necrosis,nz20,False,59,2,0.03389830508474576,1,2003,severe
Inflamm/Necrosis,nz210,False,59,4,0.06779661016949153,1,2003,severe
Inflamm/Necrosis,p1000,False,59,2,0.03389830508474576,1,2003,severe
SCC,cs2,False,206,10,0.04854368932038835,1,2003,severe
SCC,gt450,False,206,11,0.05339805825242718,1,2003,severe
SCC,nz20,False,206,9,0.043689320388349516,1,2003,severe
SCC,nz210,True,206,194,0.941747572815534,1,2003,severe
SCC,p1000,True,206,197,0.9563106796116505,1,2003,severe
Subcutis,cs2,False,72,4,0.05555555555555555,1,2003,severe
Subcutis,gt450,False,72,4,0.05555555555555555,1,2003,severe
Subcutis,nz20,True,72,70,0.9722222222222222,1,2003,severe
Subcutis,nz210,False,72,2,0.027777777777777776,1,2003,severe
Subcutis,p1000,True,72,66,0.9166666666666666,1,2003,severe
Bone,cs2,False,34,14,0.4117647058823529,1,2004,mild
Bone,gt450,False,34,16,0.47058823529411764,1,2004,mild
Bone,nz20,True,34,21,0.6176470588235294,1,2004,mild
Bone,nz210,True,34,19,0.5588235294117647,1,2004,mild
Bone,p1000,False,34,10,0.29411764705882354,1,2004,mild
Cartilage,cs2,True,2,1,0.5,1,2004,mild
Cartilage,gt450,False,2,0,0.0,1,2004,mild
Cartilage,nz20,False,2,1,0.5,1,2004,mild
Cartilage,nz210,False,2,1,0.5,1,2004,mild
Cartilage,p1000,True,2,1,0.5,1,2004,mild
Dermis,cs2,True,75,47,0.6266666666666667,1,2004,mild
Dermis,gt450,False,75,31,0.41333333333333333,1,2004,mild
Dermis,nz20,True,75,43,0.5733333333333334,1,2004,mild
Dermis,nz210,False,75,32,0.4266666666666667,1,2004,mild
Dermis,p1000,False,75,27,0.36,1,2004,mild
Epidermis,cs2,False,168,70,0.4166666666666667,1,2004,mild
Epidermis,gt450,True,168,98,0.5833333333333334,1,2004,mild
Epidermis,nz20,False,168,71,0.4226190476190476,1,2004,mild
Epidermis,nz210,True,168,103,0.6130952380952381,1,2004,mild
Epidermis,p1000,False,168,60,0.35714285714285715,1,2004,mild
Inflamm/Necrosis,cs2,False,59,22,0.3728813559322034,1,2004,mild
Inflamm/Necrosis,gt450,False,59,25,0.423728813559322,1,2004,mild
Inflamm/Necrosis,nz20,False,59,23,0.3898305084745763,1,2004,mild
Inflamm/Necrosis,nz210,True,59,29,0.4915254237288136,1,2004,mild
Inflamm/Necrosis,p1000,True,59,41,0.6949152542372882,1,2004,mild
SCC,cs2,False,206,89,0.4320388349514563,1,2004,mild
SCC,gt450,False,206,73,0.35436893203883496,1,2004,mild
SCC,nz20,False,206,85,0.41262135922330095,1,2004,mild
SCC,nz210,True,206,127,0.616504854368932,1,2004,mild
SCC,p1000,True,206,120,0.5825242718446602,1,2004,mild
Subcutis,cs2,True,72,42,0.5833333333333334,1,2004,mild
Subcutis,gt450,False,72,34,0.4722222222222222,1,2004,mild
Subcutis,nz20,False,72,30,0.4166666666666667,1,2004,mild
Subcutis,nz210,False,72,22,0.3055555555555556,1,2004,mild
Subcutis,p1000,True,72,44,0.6111111111111112,1,2004,mild
Bone,cs2,False,34,8,0.23529411764705882,1,2004,moderate
Bone,gt450,False,34,6,0.17647058823529413,1,2004,moderate
Bone,nz20,True,34,25,0.7352941176470589,1,2004,moderate
Bone,nz210,True,34,29,0.8529411764705882,1,2004,moderate
Bone,p1000,False,34,6,0.17647058823529413,1,2004,moderate
Cartilage,cs2,False,2,1,0.5,1,2004,moderate
Cartilage,gt450,False,2,0,0.0,1,2004,moderate
Cartilage,nz20,True,2,1,0.5,1,2004,moderate
Cartilage,nz210,False,2,0,0.0,1,2004,moderate
Cartilage,p1000,True,2,2,1.0,1,2004,moderate
Dermis,cs2,False,75,13,0.17333333333333334,1,2004,moderate
Dermis,gt450,True,75,60,0.8,1,2004,moderate
Dermis,nz20,False,75,19,0.25333333333333335,1,2004,moderate
Dermis,nz210,True,75,60,0.8,1,2004,moderate
Dermis,p1000,False,75,12,0.16,1,2004,moderate
Epidermis,cs2,False,168,32,0.19047619047619047,1,2004,moderate
Epidermis,gt450,True,168,124,0.7380952380952381,1,2004,moderate
Epidermis,nz20,True,168,144,0.8571428571428571,1,2004,moderate
Epidermis,nz210,False,168,35,0.20833333333333334,1,2004,moderate
Epidermis,p1000,False,168,33,0.19642857142857142,1,2004,moderate
Inflamm/Necrosis,cs2,False,59,13,0.22033898305084745,1,2004,moderate
Inflamm/Necrosis,gt450,False,59,11,0.1864406779661017,1,2004,moderate
Inflamm/Necrosis,nz20,True,59,45,0.7627118644067796,1,2004,moderate
Inflamm/Necrosis,nz210,False,59,11,0.1864406779661017,1,2004,moderate
Inflamm/Necrosis,p1000,True,59,49,0.8305084745762712,1,2004,moderate
SCC,cs2,True,206,164,0.7961165048543689,1,2004,moderate
SCC,gt450,False,206,46,0.22330097087378642,1,2004,moderate
SCC,nz20,False,206,35,0.16990291262135923,1,2004,moderate
SCC,nz210,True,206,165,0.8009708737864077,1,2004,moderate
SCC,p1000,False,206,42,0.20388349514563106,1,2004,moderate
Subcutis,cs2,True,72,54,0.75,1,2004,moderate
Subcutis,gt450,False,72,14,0.19444444444444445,1,2004,moderate
Subcutis,nz20,False,72,14,0.19444444444444445,1,2004,moderate
Subcutis,nz210,False,72,15,0.20833333333333334,1,2004,moderate
Subcutis,p1000,True,72,61,0.8472222222222222,1,2004,moderate
Bone,cs2,False,34,0,0.0,1,2004,severe
Bone,gt450,False,34,4,0.11764705882352941,1,2004,severe
Bone,nz20,True,34,32,0.9411764705882353,1,2004,severe
Bone,nz210,True,34,32,0.9411764705882353,1,2004,severe
Bone,p1000,False,34,1,0.029411764705882353,1,2004,severe
Cartilage,cs2,True,2,1,0.5,1,2004,severe
Cartilage,gt450,False,2,1,0.5,1,2004,severe
Cartilage,nz20,True,2,2,1.0,1,2004,severe
Cartilage,nz210,False,2,0,0.0,1,2004,severe
Cartilage,p1000,False,2,0,0.0,1,2004,severe
Dermis,cs2,False,75,2,0.02666666666666667,1,2004,severe
Dermis,gt450,True,75,71,0.9466666666666667,1,2004,severe
Dermis,nz20,True,75,71,0.9466666666666667,1,2004,severe
Dermis,nz210,False,75,6,0.08,1,2004,severe
Dermis,p1000,False,75,3,0.04,1,2004,severe
Epidermis,cs2,True,168,157,0.9345238095238095,1,2004,severe
Epidermis,gt450,False,168,7,0.041666666666666664,1,2004,severe
Epidermis,nz20,False,168,9,0.05357142857142857,1,2004,severe
Epidermis,nz210,False,168,9,0.05357142857142857,1,2004,severe
Epidermis,p1000,True,168,162,0.9642857142857143,1,2004,severe
Inflamm/Necrosis,cs2,False,59,5,0.0847457627118644,1,2004,severe
Inflamm/Necrosis,gt450,True,59,54,0.9152542372881356,1,2004,severe
Inflamm/Necrosis,nz20,False,59,2,0.03389830508474576,1,2004,severe
Inflamm/Necrosis,nz210,False,59,1,0.01694915254237288,1,2004,severe
Inflamm/Necrosis,p1000,True,59,58,0.9830508474576272,1,2004,severe
SCC,cs2,True,206,194,0.941747572815534,1,2004,severe
SCC,gt450,True,206,197,0.9563106796116505,1,2004,severe
SCC,nz20,False,206,15,0.07281553398058252,1,2004,severe
SCC,nz210,False,206,6,0.02912621359223301,1,2004,severe
SCC,p1000,False,206,9,0.043689320388349516,1,2004,severe
Subcutis,cs2,False,72,3,0.041666666666666664,1,2004,severe
Subcutis,gt450,True,72,69,0.9583333333333334,1,2004,severe
Subcutis,nz20,True,72,67,0.9305555555555556,1,2004,severe
Subcutis,nz210,False,72,3,0.041666666666666664,1,2004,severe
Subcutis,p1000,False,72,4,0.05555555555555555,1,2004,severe
Bone,cs2,False,34,13,0.38235294117647056,1,2005,mild
Bone,gt450,True,34,19,0.5588235294117647,1,2005,mild
Bone,nz20,False,34,12,0.35294117647058826,1,2005,mild
Bone,nz210,True,34,21,0.6176470588235294,1,2005,mild
Bone,p1000,False,34,15,0.4411764705882353,1,2005,mild
Cartilage,cs2,True,2,2,1.0,1,2005,mild
Cartilage,gt450,False,2,0,0.0,1,2005,mild
Cartilage,nz20,False,2,1,0.5,1,2005,mild
Cartilage,nz210,True,2,0,0.0,1,2005,mild
Cartilage,p1000,False,2,1,0.5,1,2005,mild
Dermis,cs2,False,75,25,0.3333333333333333,1,2005,mild
Dermis,gt450,False,75,29,0.38666666666666666,1,2005,mild
Dermis,nz20,False,75,36,0.48,1,2005,mild
Dermis,nz210,True,75,46,0.6133333333333333,1,2005,mild
Dermis,p1000,True,75,44,0.5866666666666667,1,2005,mild
Epidermis,cs2,False,168,71,0.4226190476190476,1,2005,mild
Epidermis,gt450,True,168,101,0.6011904761904762,1,2005,mild
Epidermis,nz20,False,168,64,0.38095238095238093,1,2005,mild
Epidermis,nz210,True,168,100,0.5952380952380952,1,2005,mild
Epidermis,p1000,False,168,66,0.39285714285714285,1,2005,mild
Inflamm/Necrosis,cs2,True,59,34,0.576271186440678,1,2005,mild
Inflamm/Necrosis,gt450,False,59,18,0.3050847457627119,1,2005,mild
Inflamm/Necrosis,nz20,False,59,23,0.3898305084745763,1,2005,mild
Inflamm/Necrosis,nz210,False,59,29,0.4915254237288136,1,2005,mild
Inflamm/Necrosis,p1000,True,59,36,0.6101694915254238,1,2005,mild
SCC,cs2,False,206,88,0.42718446601941745,1,2005,mild
SCC,gt450,True,206,114,0.5533980582524272,1,2005,mild
SCC,nz20,True,206,133,0.6456310679611651,1,2005,mild
SCC,nz210,False,206,79,0.38349514563106796,1,2005,mild
SCC,p1000,False,206,80,0.3883495145631068,1,2005,mild
Subcutis,cs2,False,72,24,0.3333333333333333,1,2005,mild
Subcutis,gt450,False,72,31,0.4305555555555556,1,2005,mild
Subcutis,nz20,False,72,31,0.4305555555555556,1,2005,mild
Subcutis,nz210,True,72,42,0.5833333333333334,1,2005,mild
Subcutis,p1000,True,72,44,0.6111111111111112,1,2005,mild
Bone,cs2,False,34,5,0.14705882352941177,1,2005,moderate
Bone,gt450,True,34,25,0.7352941176470589,1,2005,moderate
Bone,nz20,False,34,9,0.2647058823529412,1,2005,moderate
Bone,nz210,True,34,29,0.8529411764705882,1,2005,moderate
Bone,p1000,False,34,6,0.17647058823529413,1,2005,moderate
Cartilage,cs2,True,2,1,0.5,1,2005,moderate
Cartilage,gt450,False,2,0,0.0,1,2005,moderate
Cartilage,nz20,False,2,1,0.5,1,2005,moderate
Cartilage,nz210,False,2,0,0.0,1,2005,moderate
Cartilage,p1000,True,2,2,1.0,1,2005,moderate
Dermis,cs2,True,75,57,0.76,1,2005,moderate
Dermis,gt450,False,75,18,0.24,1,2005,moderate
Dermis,nz20,False,75,15,0.2,1,2005,moderate
Dermis,nz210,True,75,63,0.84,1,2005,moderate
Dermis,p1000,False,75,11,0.14666666666666667,1,2005,moderate
Epidermis,cs2,False,168,35,0.20833333333333334,1,2005,moderate
Epidermis,gt450,True,168,137,0.8154761904761905,1,2005,moderate
Epidermis,nz20,True,168,131,0.7797619047619048,1,2005,moderate
Epidermis,nz210,False,168,34,0.20238095238095238,1,2005,moderate
Epidermis,p1000,False,168,31,0.18452380952380953,1,2005,moderate
Inflamm/Necrosis,cs2,False,59,13,0.22033898305084745,1,2005,moderate
Inflamm/Necrosis,gt450,True,59,47,0.7966101694915254,1,2005,moderate
Inflamm/Necrosis,nz20,False,59,12,0.2033898305084746,1,2005,moderate
Inflamm/Necrosis,nz210,False,59,10,0.1694915254237288,1,2005,moderate
Inflamm/Necrosis,p1000,True,59,47,0.7966101694915254,1,2005,moderate
SCC,cs2,False,206,41,0.19902912621359223,1,2005,moderate
SCC,gt450,False,206,44,0.21359223300970873,1,2005,moderate
SCC,nz20,True,206,158,0.7669902912621359,1,2005,moderate
SCC,nz210,True,206,171,0.8300970873786407,1,2005,moderate
SCC,p1000,False,206,38,0.18446601941747573,1,2005,moderate
Subcutis,cs2,False,72,15,0.20833333333333334,1,2005,moderate
Subcutis,gt450,False,72,15,0.20833333333333334,1,2005,moderate
Subcutis,nz20,False,72,13,0.18055555555555555,1,2005,moderate
Subcutis,nz210,True,72,57,0.7916666666666666,1,2005,moderate
Subcutis,p1000,True,72,58,0.8055555555555556,1,2005,moderate
Bone,cs2,False,34,2,0.058823529411764705,1,2005,severe
Bone,gt450,True,34,33,0.9705882352941176,1,2005,severe
Bone,nz20,False,34,0,0.0,1,2005,severe
Bone,nz210,True,34,31,0.9117647058823529,1,2005,severe
Bone,p1000,False,34,3,0.08823529411764706,1,2005,severe
Cartilage,cs2,False,2,0,0.0,1,2005,severe
Cartilage,gt450,False,2,0,0.0,1,2005,severe
Cartilage,nz20,False,2,1,0.5,1,2005,severe
Cartilage,nz210,True,2,1,0.5,1,2005,severe
Cartilage,p1000,True,2,2,1.0,1,2005,severe
Dermis,cs2,True,75,69,0.92,1,2005,severe
Dermis,gt450,True,75,73,0.9733333333333334,1,2005,severe
Dermis,nz20,False,75,3,0.04,1,2005,severe
Dermis,nz210,False,75,4,0.05333333333333334,1,2005,severe
Dermis,p1000,False,75,4,0.05333333333333334,1,2005,severe
Epidermis,cs2,False,168,4,0.023809523809523808,1,2005,severe
Epidermis,gt450,False,168,9,0.05357142857142857,1,2005,severe
Epidermis,nz20,True,168,160,0.9523809523809523,1,2005,severe
Epidermis,nz210,False,168,12,0.07142857142857142,1,2005,severe
Epidermis,p1000,True,168,159,0.9464285714285714,1,2005,severe
Inflamm/Necrosis,cs2,True,59,56,0.9491525423728814,1,2005,severe
Inflamm/Necrosis,gt450,True,59,56,0.9491525423728814,1,2005,severe
Inflamm/Necrosis,nz20,False,59,3,0.05084745762711865,1,2005,severe
Inflamm/Necrosis,nz210,False,59,2,0.03389830508474576,1,2005,severe
Inflamm/Necrosis,p1000,False,59,3,0.05084745762711865,1,2005,severe
SCC,cs2,False,206,15,0.07281553398058252,1,2005,severe
SCC,gt450,False,206,9,0.043689320388349516,1,2005,severe
SCC,nz20,True,206,195,0.9466019417475728,1,2005,severe
SCC,nz210,True,206,196,0.9514563106796117,1,2005,severe
SCC,p1000,False,206,6,0.02912621359223301,1,2005,severe
Subcutis,cs2,True,72,68,0.9444444444444444,1,2005,severe
Subcutis,gt450,False,72,3,0.041666666666666664,1,2005,severe
Subcutis,nz20,True,72,68,0.9444444444444444,1,2005,severe
Subcutis,nz210,False,72,1,0.013888888888888888,1,2005,severe
Subcutis,p1000,False,72,6,0.08333333333333333,1,2005,severe
Bone,cs2,True,30,18,0.6,2,2001,mild
Bone,gt450,False,30,10,0.3333333333333333,2,2001,mild
Bone,nz20,True,30,18,0.6,2,2001,mild
Bone,nz210,False,30,14,0.4666666666666667,2,2001,mild
Bone,p1000,False,30,12,0.4,2,2001,mild
Cartilage,cs2,False,2,0,0.0,2,2001,mild
Cartilage,gt450,False,2,1,0.5,2,2001,mild
Cartilage,nz20,False,2,1,0.5,2,2001,mild
Cartilage,nz210,True,2,1,0.5,2,2001,mild
Cartilage,p1000,True,2,1,0.5,2,2001,mild
Dermis,cs2,True,82,49,0.5975609756097561,2,2001,mild
Dermis,gt450,False,82,37,0.45121951219512196,2,2001,mild
Dermis,nz20,True,82,49,0.5975609756097561,2,2001,mild
Dermis,nz210,False,82,23,0.2804878048780488,2,2001,mild
Dermis,p1000,False,82,38,0.4634146341463415,2,2001,mild
Epidermis,cs2,False,197,73,0.37055837563451777,2,2001,mild
Epidermis,gt450,False,197,76,0.38578680203045684,2,2001,mild
Epidermis,nz20,False,197,87,0.4416243654822335,2,2001,mild
Epidermis,nz210,True,197,113,0.5736040609137056,2,2001,mild
Epidermis,p1000,True,197,123,0.6243654822335025,2,2001,mild
Inflamm/Necrosis,cs2,True,60,38,0.6333333333333333,2,2001,mild
Inflamm/Necrosis,gt450,False,60,29,0.48333333333333334,2,2001,mild
Inflamm/Necrosis,nz20,True,60,34,0.5666666666666667,2,2001,mild
Inflamm/Necrosis,nz210,False,60,22,0.36666666666666664,2,2001,mild
Inflamm/Necrosis,p1000,False,60,21,0.35,2,2001,mild
SCC,cs2,False,202,67,0.3316831683168317,2,2001,mild
SCC,gt450,True,202,127,0.6287128712871287,2,2001,mild
SCC,nz20,False,202,89,0.4405940594059406,2,2001,mild
SCC,nz210,True,202,115,0.5693069306930693,2,2001,mild
SCC,p1000,False,202,86,0.42574257425742573,2,2001,mild
Subcutis,cs2,False,87,34,0.39080459770114945,2,2001,mild
Subcutis,gt450,False,87,40,0.45977011494252873,2,2001,mild
Subcutis,nz20,True,87,54,0.6206896551724138,2,2001,mild
Subcutis,nz210,True,87,50,0.5747126436781609,2,2001,mild
Subcutis,p1000,False,87,30,0.3448275862068966,2,2001,mild
Bone,cs2,True,30,25,0.8333333333333334,2,2001,moderate
Bone,gt450,False,30,7,0.23333333333333334,2,2001,moderate
Bone,nz20,True,30,23,0.7666666666666667,2,2001,moderate
Bone,nz210,False,30,5,0.16666666666666666,2,2001,moderate
Bone,p1000,False,30,5,0.16666666666666666,2,2001,moderate
Cartilage,cs2,False,2,0,0.0,2,2001,moderate
Cartilage,gt450,False,2,1,0.5,2,2001,moderate
Cartilage,nz20,False,2,0,0.0,2,2001,moderate
Cartilage,nz210,True,2,2,1.0,2,2001,moderate
Cartilage,p1000,True,2,1,0.5,2,2001,moderate
Dermis,cs2,True,82,62,0.7560975609756098,2,2001,moderate
Dermis,gt450,False,82,14,0.17073170731707318,2,2001,moderate
Dermis,nz20,False,82,18,0.21951219512195122,2,2001,moderate
Dermis,nz210,False,82,17,0.2073170731707317,2,2001,moderate
Dermis,p1000,True,82,69,0.8414634146341463,2,2001,moderate
Epidermis,cs2,False,197,36,0.18274111675126903,2,2001,moderate
Epidermis,gt450,True,197,158,0.8020304568527918,2,2001,moderate
Epidermis,nz20,False,197,45,0.22842639593908629,2,2001,moderate
Epidermis,nz210,False,197,37,0.18781725888324874,2,2001,moderate
Epidermis,p1000,True,197,157,0.7969543147208121,2,2001,moderate
Inflamm/Necrosis,cs2,False,60,9,0.15,2,2001,moderate
Inflamm/Necrosis,gt450,True,60,49,0.8166666666666667,2,2001,moderate
Inflamm/Necrosis,nz20,False,60,16,0.26666666666666666,2,2001,moderate
Inflamm/Necrosis,nz210,True,60,47,0.7833333333333333,2,2001,moderate
Inflamm/Necrosis,p1000,False,60,10,0.16666666666666666,2,2001,moderate
SCC,cs2,False,202,34,0.16831683168316833,2,2001,moderate
SCC,gt450,False,202,47,0.23267326732673269,2,2001,moderate
SCC,nz20,True,202,161,0.7970297029702971,2,2001,moderate
SCC,nz210,True,202,162,0.801980198019802,2,2001,moderate
SCC,p1000,False,202,40,0.19801980198019803,2,2001,moderate
Subcutis,cs2,True,87,70,0.8045977011494253,2,2001,moderate
Subcutis,gt450,False,87,18,0.20689655172413793,2,2001,moderate
Subcutis,nz20,False,87,12,0.13793103448275862,2,2001,moderate
Subcutis,nz210,True,87,69,0.7931034482758621,2,2001,moderate
Subcutis,p1000,False,87,22,0.25287356321839083,2,2001,moderate
Bone,cs2,True,30,27,0.9,2,2001,severe
Bone,gt450,False,30,4,0.13333333333333333,2,2001,severe
Bone,nz20,True,30,30,1.0,2,2001,severe
Bone,nz210,False,30,0,0.0,2,2001,severe
Bone,p1000,False,30,0,0.0,2,2001,severe
Cartilage,cs2,False,2,0,0.0,2,2001,severe
Cartilage,gt450,True,2,1,0.5,2,2001,severe
Cartilage,nz20,False,2,0,0.0,2,2001,severe
Cartilage,nz210,False,2,1,0.5,2,2001,severe
Cartilage,p1000,True,2,2,1.0,2,2001,severe
Dermis,cs2,False,82,2,0.024390243902439025,2,2001,severe
Dermis,gt450,False,82,5,0.06097560975609756,2,2001,severe
Dermis,nz20,False,82,5,0.06097560975609756,2,2001,severe
Dermis,nz210,True,82,78,0.9512195121951219,2,2001,severe
Dermis,p1000,True,82,77,0.9390243902439024,2,2001,severe
Epidermis,cs2,True,197,184,0.934010152284264,2,2001,severe
Epidermis,gt450,False,197,10,0.050761421319796954,2,2001,severe
Epidermis,nz20,True,197,190,0.9644670050761421,2,2001,severe
Epidermis,nz210,False,197,6,0.030456852791878174,2,2001,severe
Epidermis,p1000,False,197,13,0.06598984771573604,2,2001,severe
Inflamm/Necrosis,cs2,False,60,2,0.03333333333333333,2,2001,severe
Inflamm/Necrosis,gt450,False,60,4,0.06666666666666667,2,2001,severe
Inflamm/Necrosis,nz20,True,60,57,0.95,2,2001,severe
Inflamm/Necrosis,nz210,False,60,3,0.05,2,2001,severe
Inflamm/Necrosis,p1000,True,60,57,0.95,2,2001,severe
SCC,cs2,True,202,191,0.9455445544554455,2,2001,severe
SCC,gt450,True,202,192,0.9504950495049505,2,2001,severe
SCC,nz20,False,202,12,0.0594059405940594,2,2001,severe
SCC,nz210,False,202,7,0.034653465346534656,2,2001,severe
SCC,p1000,False,202,11,0.054455445544554455,2,2001,severe
Subcutis,cs2,True,87,81,0.9310344827586207,2,2001,severe
Subcutis,gt450,False,87,3,0.034482758620689655,2,2001,severe
Subcutis,nz20,False,87,6,0.06896551724137931,2,2001,severe
Subcutis,nz210,False,87,4,0.04597701149425287,2,2001,severe
Subcutis,p1000,True,87,84,0.9655172413793104,2,2001,severe
Bone,cs2,False,30,13,0.43333333333333335,2,2002,mild
Bone,gt450,False,30,11,0.36666666666666664,2,2002,mild
Bone,nz20,False,30,12,0.4,2,2002,mild
Bone,nz210,True,30,18,0.6,2,2002,mild
Bone,p1000,True,30,18,0.6,2,2002,mild
Cartilage,cs2,False,2,1,0.5,2,2002,mild
Cartilage,gt450,False,2,0,0.0,2,2002,mild
Cartilage,nz20,True,2,2,1.0,2,2002,mild
Cartilage,nz210,False,2,1,0.5,2,2002,mild
Cartilage,p1000,True,2,0,0.0,2,2002,mild
Dermis,cs2,False,82,29,0.35365853658536583,2,2002,mild
Dermis,gt450,True,82,49,0.5975609756097561,2,2002,mild
Dermis,nz20,False,82,35,0.4268292682926829,2,2002,mild
Dermis,nz210,False,82,34,0.4146341463414634,2,2002,mild
Dermis,p1000,True,82,49,0.5975609756097561,2,2002,mild
Epidermis,cs2,False,197,82,0.41624365482233505,2,2002,mild
Epidermis,gt450,False,197,78,0.39593908629441626,2,2002,mild
Epidermis,nz20,True,197,121,0.6142131979695431,2,2002,mild
Epidermis,nz210,True,197,115,0.583756345177665,2,2002,mild
Epidermis,p1000,False,197,76,0.38578680203045684,2,2002,mild
Inflamm/Necrosis,cs2,False,60,21,0.35,2,2002,mild
Inflamm/Necrosis,gt450,True,60,34,0.5666666666666667,2,2002,mild
Inflamm/Necrosis,nz20,False,60,25,0.4166666666666667,2,2002,mild
Inflamm/Necrosis,nz210,True,60,38,0.6333333333333333,2,2002,mild
Inflamm/Necrosis,p1000,False,60,26,0.43333333333333335,2,2002,mild
SCC,cs2,True,202,116,0.5742574257425742,2,2002,mild
SCC,gt450,False,202,79,0.3910891089108911,2,2002,mild
SCC,nz20,True,202,126,0.6237623762376238,2,2002,mild
SCC,nz210,False,202,79,0.3910891089108911,2,2002,mild
SCC,p1000,False,202,84,0.4158415841584158,2,2002,mild
Subcutis,cs2,True,87,49,0.5632183908045977,2,2002,mild
Subcutis,gt450,False,87,31,0.3563218390804598,2,2002,mild
Subcutis,nz20,True,87,55,0.632183908045977,2,2002,mild
Subcutis,nz210,False,87,38,0.4367816091954023,2,2002,mild
Subcutis,p1000,False,87,35,0.40229885057471265,2,2002,mild
Bone,cs2,False,30,6,0.2,2,2002,moderate
Bone,gt450,False,30,5,0.16666666666666666,2,2002,moderate
Bone,nz20,False,30,6,0.2,2,2002,moderate
Bone,nz210,True,30,24,0.8,2,2002,moderate
Bone,p1000,True,30,24,0.8,2,2002,moderate
Cartilage,cs2,False,2,0,0.0,2,2002,moderate
Cartilage,gt450,True,2,2,1.0,2,2002,moderate
Cartilage,nz20,True,2,1,0.5,2,2002,moderate
Cartilage,nz210,False,2,0,0.0,2,2002,moderate
Cartilage,p1000,False,2,1,0.5,2,2002,moderate
Dermis,cs2,False,82,14,0.17073170731707318,2,2002,moderate
Dermis,gt450,False,82,20,0.24390243902439024,2,2002,moderate
Dermis,nz20,True,82,67,0.8170731707317073,2,2002,moderate
Dermis,nz210,True,82,64,0.7804878048780488,2,2002,moderate
Dermis,p1000,False,82,15,0.18292682926829268,2,2002,moderate
Epidermis,cs2,False,197,36,0.18274111675126903,2,2002,moderate
Epidermis,gt450,True,197,158,0.8020304568527918,2,2002,moderate
Epidermis,nz20,False,197,41,0.20812182741116753,2,2002,moderate
Epidermis,nz210,True,197,157,0.7969543147208121,2,2002,moderate
Epidermis,p1000,False,197,41,0.20812182741116753,2,2002,moderate
Inflamm/Necrosis,cs2,True,60,45,0.75,2,2002,moderate
Inflamm/Necrosis,gt450,False,60,13,0.21666666666666667,2,2002,moderate
Inflamm/Necrosis,nz20,True,60,51,0.85,2,2002,moderate
Inflamm/Necrosis,nz210,False,60,9,0.15,2,2002,moderate
Inflamm/Necrosis,p1000,False,60,13,0.21666666666666667,2,2002,moderate
SCC,cs2,False,202,45,0.22277227722772278,2,2002,moderate
SCC,gt450,True,202,158,0.7821782178217822,2,2002,moderate
SCC,nz20,True,202,165,0.8168316831683168,2,2002,moderate
SCC,nz210,False,202,36,0.1782178217821782,2,2002,moderate
SCC,p1000,False,202,40,0.19801980198019803,2,2002,moderate
Subcutis,cs2,False,87,16,0.1839080459770115,2,2002,moderate
Subcutis,gt450,False,87,20,0.22988505747126436,2,2002,moderate
Subcutis,nz20,True,87,71,0.8160919540229885,2,2002,moderate
Subcutis,nz210,False,87,16,0.1839080459770115,2,2002,moderate
Subcutis,p1000,True,87,68,0.7816091954022989,2,2002,moderate
Bone,cs2,False,30,1,0.03333333333333333,2,2002,severe
Bone,gt450,False,30,1,0.03333333333333333,2,2002,severe
Bone,nz20,False,30,2,0.06666666666666667,2,2002,severe
Bone,nz210,True,30,28,0.9333333333333333,2,2002,severe
Bone,p1000,True,30,29,0.9666666666666667,2,2002,severe
Cartilage,cs2,False,2,0,0.0,2,2002,severe
Cartilage,gt450,False,2,1,0.5,2,2002,severe
Cartilage,nz20,True,2,2,1.0,2,2002,severe
Cartilage,nz210,True,2,1,0.5,2,2002,severe
Cartilage,p1000,False,2,0,0.0,2,2002,severe
Dermis,cs2,False,82,4,0.04878048780487805,2,2002,severe
Dermis,gt450,True,82,77,0.9390243902439024,2,2002,severe
Dermis,nz20,True,82,78,0.9512195121951219,2,2002,severe
Dermis,nz210,False,82,5,0.06097560975609756,2,2002,severe
Dermis,p1000,False,82,3,0.036585365853658534,2,2002,severe
Epidermis,cs2,False,197,8,0.04060913705583756,2,2002,severe
Epidermis,gt450,True,197,188,0.9543147208121827,2,2002,severe
Epidermis,nz20,True,197,186,0.9441624365482234,2,2002,severe
Epidermis,nz210,False,197,11,0.05583756345177665,2,2002,severe
Epidermis,p1000,False,197,10,0.050761421319796954,2,2002,severe
Inflamm/Necrosis,cs2,False,60,2,0.03333333333333333,2,2002,severe
Inflamm/Necrosis,gt450,True,60,56,0.9333333333333333,2,2002,severe
Inflamm/Necrosis,nz20,True,60,58,0.9666666666666667,2,2002,severe
Inflamm/Necrosis,nz210,False,60,4,0.06666666666666667,2,2002,severe
Inflamm/Necrosis,p1000,False,60,3,0.05,2,2002,severe
SCC,cs2,True,202,193,0.9554455445544554,2,2002,severe
SCC,gt450,False,202,9,0.04455445544554455,2,2002,severe
SCC,nz20,False,202,12,0.0594059405940594,2,2002,severe
SCC,nz210,False,202,9,0.04455445544554455,2,2002,severe
SCC,p1000,True,202,190,0.9405940594059405,2,2002,severe
Subcutis,cs2,False,87,4,0.04597701149425287,2,2002,severe
Subcutis,gt450,True,87,80,0.9195402298850575,2,2002,severe
Subcutis,nz20,True,87,85,0.9770114942528736,2,2002,severe
Subcutis,nz210,False,87,4,0.04597701149425287,2,2002,severe
Subcutis,p1000,False,87,5,0.05747126436781609,2,2002,severe
Bone,cs2,False,30,13,0.43333333333333335,2,2003,mild
Bone,gt450,True,30,15,0.5,2,2003,mild
Bone,nz20,False,30,14,0.4666666666666667,2,2003,mild
Bone,nz210,True,30,21,0.7,2,2003,mild
Bone,p1000,False,30,9,0.3,2,2003,mild
Cartilage,cs2,False,2,1,0.5,2,2003,mild
Cartilage,gt450,False,2,0,0.0,2,2003,mild
Cartilage,nz20,False,2,1,0.5,2,2003,mild
Cartilage,nz210,True,2,1,0.5,2,2003,mild
Cartilage,p1000,True,2,1,0.5,2,2003,mild
Dermis,cs2,False,82,36,0.43902439024390244,2,2003,mild
Dermis,gt450,False,82,33,0.4024390243902439,2,2003,mild
Dermis,nz20,False,82,29,0.35365853658536583,2,2003,mild
Dermis,nz210,True,82,45,0.5487804878048781,2,2003,mild
Dermis,p1000,True,82,53,0.6463414634146342,2,2003,mild
Epidermis,cs2,False,197,90,0.45685279187817257,2,2003,mild
Epidermis,gt450,False,197,67,0.3401015228426396,2,2003,mild
Epidermis,nz20,True,197,114,0.5786802030456852,2,2003,mild
Epidermis,nz210,False,197,79,0.4010152284263959,2,2003,mild
Epidermis,p1000,True,197,122,0.6192893401015228,2,2003,mild
Inflamm/Necrosis,cs2,False,60,22,0.36666666666666664,2,2003,mild
Inflamm/Necrosis,gt450,False,60,22,0.36666666666666664,2,2003,mild
Inflamm/Necrosis,nz20,False,60,28,0.4666666666666667,2,2003,mild
Inflamm/Necrosis,nz210,True,60,33,0.55,2,2003,mild
Inflamm/Necrosis,p1000,True,60,39,0.65,2,2003,mild
SCC,cs2,False,202,81,0.400990099009901,2,2003,mild
SCC,gt450,False,202,88,0.43564356435643564,2,2003,mild
SCC,nz20,True,202,122,0.6039603960396039,2,2003,mild
SCC,nz210,True,202,120,0.594059405940594,2,2003,mild
SCC,p1000,False,202,73,0.3613861386138614,2,2003,mild
Subcutis,cs2,True,87,52,0.5977011494252874,2,2003,mild
Subcutis,gt450,False,87,31,0.3563218390804598,2,2003,mild
Subcutis,nz20,False,87,38,0.4367816091954023,2,2003,mild
Subcutis,nz210,True,87,52,0.5977011494252874,2,2003,mild
Subcutis,p1000,False,87,35,0.40229885057471265,2,2003,mild
Bone,cs2,False,30,4,0.13333333333333333,2,2003,moderate
Bone,gt450,True,30,23,0.7666666666666667,2,2003,moderate
Bone,nz20,False,30,8,0.26666666666666666,2,2003,moderate
Bone,nz210,True,30,25,0.8333333333333334,2,2003,moderate
Bone,p1000,False,30,5,0.16666666666666666,2,2003,moderate
Cartilage,cs2,False,2,0,0.0,2,2003,moderate
Cartilage,gt450,False,2,0,0.0,2,2003,moderate
Cartilage,nz20,True,2,1,0.5,2,2003,moderate
Cartilage,nz210,False,2,1,0.5,2,2003,moderate
Cartilage,p1000,True,2,2,1.0,2,2003,moderate
Dermis,cs2,False,82,17,0.2073170731707317,2,2003,moderate
Dermis,gt450,True,82,67,0.8170731707317073,2,2003,moderate
Dermis,nz20,True,82,64,0.7804878048780488,2,2003,moderate
Dermis,nz210,False,82,17,0.2073170731707317,2,2003,moderate
Dermis,p1000,False,82,15,0.18292682926829268,2,2003,moderate
Epidermis,cs2,False,197,35,0.17766497461928935,2,2003,moderate
Epidermis,gt450,True,197,151,0.766497461928934,2,2003,moderate
Epidermis,nz20,False,197,42,0.2131979695431472,2,2003,moderate
Epidermis,nz210,False,197,41,0.20812182741116753,2,2003,moderate
Epidermis,p1000,True,197,164,0.8324873096446701,2,2003,moderate
Inflamm/Necrosis,cs2,True,60,50,0.8333333333333334,2,2003,moderate
Inflamm/Necrosis,gt450,True,60,46,0.7666666666666667,2,2003,moderate
Inflamm/Necrosis,nz20,False,60,12,0.2,2,2003,moderate
Inflamm/Necrosis,nz210,False,60,11,0.18333333333333332,2,2003,moderate
Inflamm/Necrosis,p1000,False,60,12,0.2,2,2003,moderate
SCC,cs2,True,202,159,0.7871287128712872,2,2003,moderate
SCC,gt450,True,202,164,0.8118811881188119,2,2003,moderate
SCC,nz20,False,202,39,0.19306930693069307,2,2003,moderate
SCC,nz210,False,202,42,0.2079207920792079,2,2003,moderate
SCC,p1000,False,202,40,0.19801980198019803,2,2003,moderate
Subcutis,cs2,True,87,65,0.7471264367816092,2,2003,moderate
Subcutis,gt450,False,87,18,0.20689655172413793,2,2003,moderate
Subcutis,nz20,False,87,19,0.21839080459770116,2,2003,moderate
Subcutis,nz210,False,87,15,0.1724137931034483,2,2003,moderate
Subcutis,p1000,True,87,74,0.8505747126436781,2,2003,moderate
Bone,cs2,False,30,0,0.0,2,2003,severe
Bone,gt450,True,30,30,1.0,2,2003,severe
Bone,nz20,False,30,3,0.1,2,2003,severe
Bone,nz210,True,30,27,0.9,2,2003,severe
Bone,p1000,False,30,1,0.03333333333333333,2,2003,severe
Cartilage,cs2,False,2,1,0.5,2,2003,severe
Cartilage,gt450,False,2,0,0.0,2,2003,severe
Cartilage,nz20,True,2,1,0.5,2,2003,severe
Cartilage,nz210,True,2,2,1.0,2,2003,severe
Cartilage,p1000,False,2,0,0.0,2,2003,severe
Dermis,cs2,False,82,7,0.08536585365853659,2,2003,severe
Dermis,gt450,True,82,76,0.926829268292683,2,2003,severe
Dermis,nz20,False,82,1,0.012195121951219513,2,2003,severe
Dermis,nz210,False,82,4,0.04878048780487805,2,2003,severe
Dermis,p1000,True,82,79,0.9634146341463414,2,2003,severe
Epidermis,cs2,False,197,15,0.07614213197969544,2,2003,severe
Epidermis,gt450,False,197,7,0.03553299492385787,2,2003,severe
Epidermis,nz20,True,197,189,0.9593908629441624,2,2003,severe
Epidermis,nz210,True,197,185,0.9390862944162437,2,2003,severe
Epidermis,p1000,False,197,7,0.03553299492385787,2,2003,severe
Inflamm/Necrosis,cs2,False,60,4,0.06666666666666667,2,2003,severe
Inflamm/Necrosis,gt450,True,60,57,0.95,2,2003,severe
Inflamm/Necrosis,nz20,False,60,2,0.03333333333333333,2,2003,severe
Inflamm/Necrosis,nz210,True,60,57,0.95,2,2003,severe
Inflamm/Necrosis,p1000,False,60,3,0.05,2,2003,severe
SCC,cs2,False,202,10,0.04950495049504951,2,2003,severe
SCC,gt450,False,202,9,0.04455445544554455,2,2003,severe
SCC,nz20,False,202,11,0.054455445544554455,2,2003,severe
SCC,nz210,True,202,193,0.9554455445544554,2,2003,severe
SCC,p1000,True,202,190,0.9405940594059405,2,2003,severe
Subcutis,cs2,False,87,4,0.04597701149425287,2,2003,severe
Subcutis,gt450,True,87,82,0.9425287356321839,2,2003,severe
Subcutis,nz20,False,87,3,0.034482758620689655,2,2003,severe
Subcutis,nz210,False,87,6,0.06896551724137931,2,2003,severe
Subcutis,p1000,True,87,83,0.9540229885057471,2,2003,severe
Bone,cs2,False,30,12,0.4,2,2004,mild
Bone,gt450,False,30,16,0.5333333333333333,2,2004,mild
Bone,nz20,True,30,21,0.7,2,2004,mild
Bone,nz210,True,30,15,0.5,2,2004,mild
Bone,p1000,False,30,8,0.26666666666666666,2,2004,mild
Cartilage,cs2,False,2,0,0.0,2,2004,mild
Cartilage,gt450,False,2,2,1.0,2,2004,mild
Cartilage,nz20,True,2,1,0.5,2,2004,mild
Cartilage,nz210,False,2,0,0.0,2,2004,mild
Cartilage,p1000,True,2,1,0.5,2,2004,mild
Dermis,cs2,False,82,32,0.3902439024390244,2,2004,mild
Dermis,gt450,False,82,32,0.3902439024390244,2,2004,mild
Dermis,nz20,False,82,34,0.4146341463414634,2,2004,mild
Dermis,nz210,True,82,53,0.6463414634146342,2,2004,mild
Dermis,p1000,True,82,45,0.5487804878048781,2,2004,mild
Epidermis,cs2,False,197,81,0.41116751269035534,2,2004,mild
Epidermis,gt450,True,197,126,0.6395939086294417,2,2004,mild
Epidermis,nz20,False,197,74,0.3756345177664975,2,2004,mild
Epidermis,nz210,True,197,110,0.5583756345177665,2,2004,mild
Epidermis,p1000,False,197,81,0.41116751269035534,2,2004,mild
Inflamm/Necrosis,cs2,True,60,36,0.6,2,2004,mild
Inflamm/Necrosis,gt450,False,60,28,0.4666666666666667,2,2004,mild
Inflamm/Necrosis,nz20,False,60,26,0.43333333333333335,2,2004,mild
Inflamm/Necrosis,nz210,False,60,18,0.3,2,2004,mild
Inflamm/Necrosis,p1000,True,60,36,0.6,2,2004,mild
SCC,cs2,False,202,81,0.400990099009901,2,2004,mild
SCC,gt450,False,202,81,0.400990099009901,2,2004,mild
SCC,nz20,True,202,122,0.6039603960396039,2,2004,mild
SCC,nz210,True,202,120,0.594059405940594,2,2004,mild
SCC,p1000,False,202,80,0.39603960396039606,2,2004,mild
Subcutis,cs2,True,87,54,0.6206896551724138,2,2004,mild
Subcutis,gt450,False,87,37,0.42528735632183906,2,2004,mild
Subcutis,nz20,False,87,36,0.41379310344827586,2,2004,mild
Subcutis,nz210,True,87,50,0.5747126436781609,2,2004,mild
Subcutis,p1000,False,87,31,0.3563218390804598,2,2004,mild
Bone,cs2,False,30,6,0.2,2,2004,moderate
Bone,gt450,False,30,4,0.13333333333333333,2,2004,moderate
Bone,nz20,True,30,21,0.7,2,2004,moderate
Bone,nz210,True,30,27,0.9,2,2004,moderate
Bone,p1000,False,30,7,0.23333333333333334,2,2004,moderate
Cartilage,cs2,False,2,1,0.5,2,2004,moderate
Cartilage,gt450,False,2,0,0.0,2,2004,moderate
Cartilage,nz20,True,2,2,1.0,2,2004,moderate
Cartilage,nz210,True,2,1,0.5,2,2004,moderate
Cartilage,p1000,False,2,0,0.0,2,2004,moderate
Dermis,cs2,True,82,67,0.8170731707317073,2,2004,moderate
Dermis,gt450,True,82,64,0.7804878048780488,2,2004,moderate
Dermis,nz20,False,82,17,0.2073170731707317,2,2004,moderate
Dermis,nz210,False,82,13,0.15853658536585366,2,2004,moderate
Dermis,p1000,False,82,19,0.23170731707317074,2,2004,moderate
Epidermis,cs2,False,197,37,0.18781725888324874,2,2004,moderate
Epidermis,gt450,False,197,44,0.2233502538071066,2,2004,moderate
Epidermis,nz20,True,197,151,0.766497461928934,2,2004,moderate
Epidermis,nz210,True,197,164,0.8324873096446701,2,2004,moderate
Epidermis,p1000,False,197,37,0.18781725888324874,2,2004,moderate
Inflamm/Necrosis,cs2,True,60,47,0.7833333333333333,2,2004,moderate
Inflamm/Necrosis,gt450,False,60,13,0.21666666666666667,2,2004,moderate
Inflamm/Necrosis,nz20,False,60,14,0.23333333333333334,2,2004,moderate
Inflamm/Necrosis,nz210,False,60,8,0.13333333333333333,2,2004,moderate
Inflamm/Necrosis,p1000,True,60,49,0.8166666666666667,2,2004,moderate
SCC,cs2,True,202,164,0.8118811881188119,2,2004,moderate
SCC,gt450,False,202,45,0.22277227722772278,2,2004,moderate
SCC,nz20,False,202,40,0.19801980198019803,2,2004,moderate
SCC,nz210,False,202,36,0.1782178217821782,2,2004,moderate
SCC,p1000,True,202,159,0.7871287128712872,2,2004,moderate
Subcutis,cs2,True,87,60,0.6896551724137931,2,2004,moderate
Subcutis,gt450,False,87,14,0.16091954022988506,2,2004,moderate
Subcutis,nz20,True,87,79,0.9080459770114943,2,2004,moderate
Subcutis,nz210,False,87,21,0.2413793103448276,2,2004,moderate
Subcutis,p1000,False,87,17,0.19540229885057472,2,2004,moderate
Bone,cs2,False,30,1,0.03333333333333333,2,2004,severe
Bone,gt450,False,30,2,0.06666666666666667,2,2004,severe
Bone,nz20,True,30,28,0.9333333333333333,2,2004,severe
Bone,nz210,True,30,29,0.9666666666666667,2,2004,severe
Bone,p1000,False,30,1,0.03333333333333333,2,2004,severe
Cartilage,cs2,False,2,0,0.0,2,2004,severe
Cartilage,gt450,True,2,2,1.0,2,2004,severe
Cartilage,nz20,True,2,1,0.5,2,2004,severe
Cartilage,nz210,False,2,0,0.0,2,2004,severe
Cartilage,p1000,False,2,1,0.5,2,2004,severe
Dermis,cs2,False,82,4,0.04878048780487805,2,2004,severe
Dermis,gt450,False,82,5,0.06097560975609756,2,2004,severe
Dermis,nz20,True,82,78,0.9512195121951219,2,2004,severe
Dermis,nz210,False,82,3,0.036585365853658534,2,2004,severe
Dermis,p1000,True,82,77,0.9390243902439024,2,2004,severe
Epidermis,cs2,True,197,188,0.9543147208121827,2,2004,severe
Epidermis,gt450,False,197,7,0.03553299492385787,2,2004,severe
Epidermis,nz20,True,197,186,0.9441624365482234,2,2004,severe
Epidermis,nz210,False,197,9,0.04568527918781726,2,2004,severe
Epidermis,p1000,False,197,13,0.06598984771573604,2,2004,severe
Inflamm/Necrosis,cs2,True,60,55,0.9166666666666666,2,2004,severe
Inflamm/Necrosis,gt450,False,60,1,0.016666666666666666,2,2004,severe
Inflamm/Necrosis,nz20,True,60,59,0.9833333333333333,2,2004,severe
Inflamm/Necrosis,nz210,False,60,5,0.08333333333333333,2,2004,severe
Inflamm/Necrosis,p1000,False,60,3,0.05,2,2004,severe
SCC,cs2,False,202,13,0.06435643564356436,2,2004,severe
SCC,gt450,False,202,6,0.0297029702970297,2,2004,severe
SCC,nz20,True,202,190,0.9405940594059405,2,2004,severe
SCC,nz210,False,202,11,0.054455445544554455,2,2004,severe
SCC,p1000,True,202,193,0.9554455445544554,2,2004,severe
Subcutis,cs2,False,87,3,0.034482758620689655,2,2004,severe
Subcutis,gt450,False,87,7,0.08045977011494253,2,2004,severe
Subcutis,nz20,True,87,84,0.9655172413793104,2,2004,severe
Subcutis,nz210,False,87,3,0.034482758620689655,2,2004,severe
Subcutis,p1000,True,87,81,0.9310344827586207,2,2004,severe
Bone,cs2,False,30,11,0.36666666666666664,2,2005,mild
Bone,gt450,True,30,18,0.6,2,2005,mild
Bone,nz20,False,30,13,0.43333333333333335,2,2005,mild
Bone,nz210,True,30,18,0.6,2,2005,mild
Bone,p1000,False,30,12,0.4,2,2005,mild
Cartilage,cs2,False,2,1,0.5,2,2005,mild
Cartilage,gt450,True,2,1,0.5,2,2005,mild
Cartilage,nz20,False,2,0,0.0,2,2005,mild
Cartilage,nz210,False,2,1,0.5,2,2005,mild
Cartilage,p1000,True,2,1,0.5,2,2005,mild
Dermis,cs2,True,82,49,0.5975609756097561,2,2005,mild
Dermis,gt450,False,82,29,0.35365853658536583,2,2005,mild
Dermis,nz20,True,82,49,0.5975609756097561,2,2005,mild
Dermis,nz210,False,82,31,0.3780487804878049,2,2005,mild
Dermis,p1000,False,82,38,0.4634146341463415,2,2005,mild
Epidermis,cs2,True,197,123,0.6243654822335025,2,2005,mild
Epidermis,gt450,False,197,74,0.3756345177664975,2,2005,mild
Epidermis,nz20,True,197,113,0.5736040609137056,2,2005,mild
Epidermis,nz210,False,197,84,0.4263959390862944,2,2005,mild
Epidermis,p1000,False,197,78,0.39593908629441626,2,2005,mild
Inflamm/Necrosis,cs2,False,60,24,0.4,2,2005,mild
Inflamm/Necrosis,gt450,False,60,25,0.4166666666666667,2,2005,mild
Inflamm/Necrosis,nz20,False,60,23,0.38333333333333336,2,2005,mild
Inflamm/Necrosis,nz210,True,60,39,0.65,2,2005,mild
Inflamm/Necrosis,p1000,True,60,33,0.55,2,2005,mild
SCC,cs2,True,202,125,0.6188118811881188,2,2005,mild
SCC,gt450,False,202,77,0.3811881188118812,2,2005,mild
SCC,nz20,True,202,117,0.5792079207920792,2,2005,mild
SCC,nz210,False,202,87,0.4306930693069307,2,2005,mild
SCC,p1000,False,202,78,0.38613861386138615,2,2005,mild
Subcutis,cs2,False,87,42,0.4827586206896552,2,2005,mild
Subcutis,gt450,False,87,34,0.39080459770114945,2,2005,mild
Subcutis,nz20,True,87,53,0.6091954022988506,2,2005,mild
Subcutis,nz210,True,87,51,0.5862068965517241,2,2005,mild
Subcutis,p1000,False,87,28,0.3218390804597701,2,2005,mild
Bone,cs2,False,30,5,0.16666666666666666,2,2005,moderate
Bone,gt450,True,30,25,0.8333333333333334,2,2005,moderate
Bone,nz20,False,30,7,0.23333333333333334,2,2005,moderate
Bone,nz210,True,30,23,0.7666666666666667,2,2005,moderate
Bone,p1000,False,30,5,0.16666666666666666,2,2005,moderate
Cartilage,cs2,False,2,0,0.0,2,2005,moderate
Cartilage,gt450,False,2,0,0.0,2,2005,moderate
Cartilage,nz20,True,2,2,1.0,2,2005,moderate
Cartilage,nz210,True,2,1,0.5,2,2005,moderate
Cartilage,p1000,False,2,1,0.5,2,2005,moderate
Dermis,cs2,True,82,66,0.8048780487804879,2,2005,moderate
Dermis,gt450,False,82,16,0.1951219512195122,2,2005,moderate
Dermis,nz20,False,82,24,0.2926829268292683,2,2005,moderate
Dermis,nz210,True,82,65,0.7926829268292683,2,2005,moderate
Dermis,p1000,False,82,9,0.10975609756097561,2,2005,moderate
Epidermis,cs2,True,197,165,0.8375634517766497,2,2005,moderate
Epidermis,gt450,False,197,44,0.2233502538071066,2,2005,moderate
Epidermis,nz20,False,197,41,0.20812182741116753,2,2005,moderate
Epidermis,nz210,True,197,150,0.7614213197969543,2,2005,moderate
Epidermis,p1000,False,197,33,0.16751269035532995,2,2005,moderate
Inflamm/Necrosis,cs2,False,60,10,0.16666666666666666,2,2005,moderate
Inflamm/Necrosis,gt450,True,60,50,0.8333333333333334,2,2005,moderate
Inflamm/Necrosis,nz20,False,60,13,0.21666666666666667,2,2005,moderate
Inflamm/Necrosis,nz210,True,60,46,0.7666666666666667,2,2005,moderate
Inflamm/Necrosis,p1000,False,60,12,0.2,2,2005,moderate
SCC,cs2,False,202,45,0.22277227722772278,2,2005,moderate
SCC,gt450,False,202,36,0.1782178217821782,2,2005,moderate
SCC,nz20,False,202,40,0.19801980198019803,2,2005,moderate
SCC,nz210,True,202,169,0.8366336633663366,2,2005,moderate
SCC,p1000,True,202,154,0.7623762376237624,2,2005,moderate
Subcutis,cs2,False,87,19,0.21839080459770116,2,2005,moderate
Subcutis,gt450,True,87,66,0.7586206896551724,2,2005,moderate
Subcutis,nz20,False,87,18,0.20689655172413793,2,2005,moderate
Subcutis,nz210,True,87,73,0.8390804597701149,2,2005,moderate
Subcutis,p1000,False,87,15,0.1724137931034483,2,2005,moderate
Bone,cs2,False,30,1,0.03333333333333333,2,2005,severe
Bone,gt450,True,30,29,0.9666666666666667,2,2005,severe
Bone,nz20,False,30,1,0.03333333333333333,2,2005,severe
Bone,nz210,True,30,28,0.9333333333333333,2,2005,severe
Bone,p1000,False,30,2,0.06666666666666667,2,2005,severe
Cartilage,cs2,False,2,1,0.5,2,2005,severe
Cartilage,gt450,True,2,2,1.0,2,2005,severe
Cartilage,nz20,True,2,1,0.5,2,2005,severe
Cartilage,nz210,False,2,0,0.0,2,2005,severe
Cartilage,p1000,False,2,0,0.0,2,2005,severe
Dermis,cs2,False,82,2,0.024390243902439025,2,2005,severe
Dermis,gt450,False,82,4,0.04878048780487805,2,2005,severe
Dermis,nz20,True,82,80,0.975609756097561,2,2005,severe
Dermis,nz210,True,82,75,0.9146341463414634,2,2005,severe
Dermis,p1000,False,82,6,0.07317073170731707,2,2005,severe
Epidermis,cs2,True,197,187,0.949238578680203,2,2005,severe
Epidermis,gt450,False,197,8,0.04060913705583756,2,2005,severe
Epidermis,nz20,False,197,8,0.04060913705583756,2,2005,severe
Epidermis,nz210,True,197,187,0.949238578680203,2,2005,severe
Epidermis,p1000,False,197,13,0.06598984771573604,2,2005,severe
Inflamm/Necrosis,cs2,False,60,3,0.05,2,2005,severe
Inflamm/Necrosis,gt450,False,60,3,0.05,2,2005,severe
Inflamm/Necrosis,nz20,True,60,58,0.9666666666666667,2,2005,severe
Inflamm/Necrosis,nz210,False,60,3,0.05,2,2005,severe
Inflamm/Necrosis,p1000,True,60,56,0.9333333333333333,2,2005,severe
SCC,cs2,False,202,11,0.054455445544554455,2,2005,severe
SCC,gt450,True,202,193,0.9554455445544554,2,2005,severe
SCC,nz20,False,202,7,0.034653465346534656,2,2005,severe
SCC,nz210,False,202,12,0.0594059405940594,2,2005,severe
SCC,p1000,True,202,190,0.9405940594059405,2,2005,severe
Subcutis,cs2,False,87,4,0.04597701149425287,2,2005,severe
Subcutis,gt450,True,87,82,0.9425287356321839,2,2005,severe
Subcutis,nz20,True,87,83,0.9540229885057471,2,2005,severe
Subcutis,nz210,False,87,6,0.06896551724137931,2,2005,severe
Subcutis,p1000,False,87,3,0.034482758620689655,2,2005,severe
Bone,cs2,True,30,18,0.6,3,2001,mild
Bone,gt450,False,30,10,0.3333333333333333,3,2001,mild
Bone,nz20,True,30,18,0.6,3,2001,mild
Bone,nz210,False,30,14,0.4666666666666667,3,2001,mild
Bone,p1000,False,30,12,0.4,3,2001,mild
Cartilage,cs2,False,2,0,0.0,3,2001,mild
Cartilage,gt450,False,2,1,0.5,3,2001,mild
Cartilage,nz20,False,2,1,0.5,3,2001,mild
Cartilage,nz210,True,2,1,0.5,3,2001,mild
Cartilage,p1000,True,2,1,0.5,3,2001,mild
Dermis,cs2,True,92,56,0.6086956521739131,3,2001,mild
Dermis,gt450,False,92,33,0.358695652173913,3,2001,mild
Dermis,nz20,True,92,54,0.5869565217391305,3,2001,mild
Dermis,nz210,False,92,38,0.41304347826086957,3,2001,mild
Dermis,p1000,False,92,39,0.42391304347826086,3,2001,mild
Epidermis,cs2,False,206,83,0.4029126213592233,3,2001,mild
Epidermis,gt450,False,206,75,0.3640776699029126,3,2001,mild
Epidermis,nz20,False,206,89,0.4320388349514563,3,2001,mild
Epidermis,nz210,True,206,125,0.6067961165048543,3,2001,mild
Epidermis,p1000,True,206,122,0.5922330097087378,3,2001,mild
Inflamm/Necrosis,cs2,False,66,29,0.4393939393939394,3,2001,mild
Inflamm/Necrosis,gt450,True,66,39,0.5909090909090909,3,2001,mild
Inflamm/Necrosis,nz20,False,66,22,0.3333333333333333,3,2001,mild
Inflamm/Necrosis,nz210,False,66,28,0.42424242424242425,3,2001,mild
Inflamm/Necrosis,p1000,True,66,40,0.6060606060606061,3,2001,mild
SCC,cs2,False,168,66,0.39285714285714285,3,2001,mild
SCC,gt450,True,168,100,0.5952380952380952,3,2001,mild
SCC,nz20,False,168,70,0.4166666666666667,3,2001,mild
SCC,nz210,True,168,101,0.6011904761904762,3,2001,mild
SCC,p1000,False,168,65,0.3869047619047619,3,2001,mild
Subcutis,cs2,True,85,56,0.6588235294117647,3,2001,mild
Subcutis,gt450,False,85,36,0.4235294117647059,3,2001,mild
Subcutis,nz20,True,85,46,0.5411764705882353,3,2001,mild
Subcutis,nz210,False,85,34,0.4,3,2001,mild
Subcutis,p1000,False,85,32,0.3764705882352941,3,2001,mild
Bone,cs2,True,30,25,0.8333333333333334,3,2001,moderate
Bone,gt450,False,30,7,0.23333333333333334,3,2001,moderate
Bone,nz20,True,30,23,0.7666666666666667,3,2001,moderate
Bone,nz210,False,30,5,0.16666666666666666,3,2001,moderate
Bone,p1000,False,30,5,0.16666666666666666,3,2001,moderate
Cartilage,cs2,False,2,0,0.0,3,2001,moderate
Cartilage,gt450,False,2,1,0.5,3,2001,moderate
Cartilage,nz20,False,2,0,0.0,3,2001,moderate
Cartilage,nz210,True,2,2,1.0,3,2001,moderate
Cartilage,p1000,True,2,1,0.5,3,2001,moderate
Dermis,cs2,True,92,73,0.7934782608695652,3,2001,moderate
Dermis,gt450,False,92,20,0.21739130434782608,3,2001,moderate
Dermis,nz20,False,92,18,0.1956521739130435,3,2001,moderate
Dermis,nz210,False,92,17,0.18478260869565216,3,2001,moderate
Dermis,p1000,True,92,74,0.8043478260869565,3,2001,moderate
Epidermis,cs2,False,206,45,0.21844660194174756,3,2001,moderate
Epidermis,gt450,True,206,168,0.8155339805825242,3,2001,moderate
Epidermis,nz20,True,206,161,0.7815533980582524,3,2001,moderate
Epidermis,nz210,False,206,43,0.2087378640776699,3,2001,moderate
Epidermis,p1000,False,206,35,0.16990291262135923,3,2001,moderate
Inflamm/Necrosis,cs2,True,66,52,0.7878787878787878,3,2001,moderate
Inflamm/Necrosis,gt450,False,66,9,0.13636363636363635,3,2001,moderate
Inflamm/Necrosis,nz20,False,66,11,0.16666666666666666,3,2001,moderate
Inflamm/Necrosis,nz210,False,66,19,0.2878787878787879,3,2001,moderate
Inflamm/Necrosis,p1000,True,66,53,0.803030303030303,3,2001,moderate
SCC,cs2,True,168,135,0.8035714285714286,3,2001,moderate
SCC,gt450,False,168,40,0.23809523809523808,3,2001,moderate
SCC,nz20,False,168,25,0.1488095238095238,3,2001,moderate
SCC,nz210,False,168,35,0.20833333333333334,3,2001,moderate
SCC,p1000,True,168,133,0.7916666666666666,3,2001,moderate
Subcutis,cs2,False,85,11,0.12941176470588237,3,2001,moderate
Subcutis,gt450,True,85,68,0.8,3,2001,moderate
Subcutis,nz20,False,85,17,0.2,3,2001,moderate
Subcutis,nz210,False,85,22,0.25882352941176473,3,2001,moderate
Subcutis,p1000,True,85,68,0.8,3,2001,moderate
Bone,cs2,True,30,27,0.9,3,2001,severe
Bone,gt450,False,30,4,0.13333333333333333,3,2001,severe
Bone,nz20,True,30,30,1.0,3,2001,severe
Bone,nz210,False,30,0,0.0,3,2001,severe
Bone,p1000,False,30,0,0.0,3,2001,severe
Cartilage,cs2,False,2,0,0.0,3,2001,severe
Cartilage,gt450,True,2,1,0.5,3,2001,severe
Cartilage,nz20,False,2,0,0.0,3,2001,severe
Cartilage,nz210,False,2,1,0.5,3,2001,severe
Cartilage,p1000,True,2,2,1.0,3,2001,severe
Dermis,cs2,False,92,6,0.06521739130434782,3,2001,severe
Dermis,gt450,False,92,4,0.043478260869565216,3,2001,severe
Dermis,nz20,False,92,3,0.03260869565217391,3,2001,severe
Dermis,nz210,True,92,89,0.967391304347826,3,2001,severe
Dermis,p1000,True,92,85,0.9239130434782609,3,2001,severe
Epidermis,cs2,False,206,11,0.05339805825242718,3,2001,severe
Epidermis,gt450,True,206,195,0.9466019417475728,3,2001,severe
Epidermis,nz20,False,206,12,0.05825242718446602,3,2001,severe
Epidermis,nz210,True,206,196,0.9514563106796117,3,2001,severe
Epidermis,p1000,False,206,7,0.03398058252427184,3,2001,severe
Inflamm/Necrosis,cs2,True,66,61,0.9242424242424242,3,2001,severe
Inflamm/Necrosis,gt450,False,66,2,0.030303030303030304,3,2001,severe
Inflamm/Necrosis,nz20,True,66,64,0.9696969696969697,3,2001,severe
Inflamm/Necrosis,nz210,False,66,5,0.07575757575757576,3,2001,severe
Inflamm/Necrosis,p1000,False,66,2,0.030303030303030304,3,2001,severe
SCC,cs2,True,168,157,0.9345238095238095,3,2001,severe
SCC,gt450,False,168,10,0.05952380952380952,3,2001,severe
SCC,nz20,False,168,9,0.05357142857142857,3,2001,severe
SCC,nz210,True,168,162,0.9642857142857143,3,2001,severe
SCC,p1000,False,168,6,0.03571428571428571,3,2001,severe
Subcutis,cs2,False,85,5,0.058823529411764705,3,2001,severe
Subcutis,gt450,False,85,5,0.058823529411764705,3,2001,severe
Subcutis,nz20,True,85,80,0.9411764705882353,3,2001,severe
Subcutis,nz210,False,85,2,0.023529411764705882,3,2001,severe
Subcutis,p1000,True,85,81,0.9529411764705882,3,2001,severe
Bone,cs2,False,30,13,0.43333333333333335,3,2002,mild
Bone,gt450,False,30,11,0.36666666666666664,3,2002,mild
Bone,nz20,False,30,12,0.4,3,2002,mild
Bone,nz210,True,30,18,0.6,3,2002,mild
Bone,p1000,True,30,18,0.6,3,2002,mild
Cartilage,cs2,False,2,1,0.5,3,2002,mild
Cartilage,gt450,False,2,0,0.0,3,2002,mild
Cartilage,nz20,True,2,2,1.0,3,2002,mild
Cartilage,nz210,False,2,1,0.5,3,2002,mild
Cartilage,p1000,True,2,0,0.0,3,2002,mild
Dermis,cs2,False,92,37,0.40217391304347827,3,2002,mild
Dermis,gt450,True,92,50,0.5434782608695652,3,2002,mild
Dermis,nz20,False,92,39,0.42391304347826086,3,2002,mild
Dermis,nz210,False,92,34,0.3695652173913043,3,2002,mild
Dermis,p1000,True,92,60,0.6521739130434783,3,2002,mild
Epidermis,cs2,True,206,117,0.5679611650485437,3,2002,mild
Epidermis,gt450,False,206,81,0.3932038834951456,3,2002,mild
Epidermis,nz20,False,206,78,0.3786407766990291,3,2002,mild
Epidermis,nz210,True,206,130,0.6310679611650486,3,2002,mild
Epidermis,p1000,False,206,88,0.42718446601941745,3,2002,mild
Inflamm/Necrosis,cs2,False,66,30,0.45454545454545453,3,2002,mild
Inflamm/Necrosis,gt450,False,66,32,0.48484848484848486,3,2002,mild
Inflamm/Necrosis,nz20,True,66,42,0.6363636363636364,3,2002,mild
Inflamm/Necrosis,nz210,True,66,37,0.5606060606060606,3,2002,mild
Inflamm/Necrosis,p1000,False,66,17,0.25757575757575757,3,2002,mild
SCC,cs2,False,168,61,0.3630952380952381,3,2002,mild
SCC,gt450,False,168,77,0.4583333333333333,3,2002,mild
SCC,nz20,True,168,106,0.6309523809523809,3,2002,mild
SCC,nz210,True,168,95,0.5654761904761905,3,2002,mild
SCC,p1000,False,168,63,0.375,3,2002,mild
Subcutis,cs2,True,85,46,0.5411764705882353,3,2002,mild
Subcutis,gt450,False,85,30,0.35294117647058826,3,2002,mild
Subcutis,nz20,False,85,36,0.4235294117647059,3,2002,mild
Subcutis,nz210,True,85,56,0.6588235294117647,3,2002,mild
Subcutis,p1000,False,85,36,0.4235294117647059,3,2002,mild
Bone,cs2,False,30,6,0.2,3,2002,moderate
Bone,gt450,False,30,5,0.16666666666666666,3,2002,moderate
Bone,nz20,False,30,6,0.2,3,2002,moderate
Bone,nz210,True,30,24,0.8,3,2002,moderate
Bone,p1000,True,30,24,0.8,3,2002,moderate
Cartilage,cs2,False,2,0,0.0,3,2002,moderate
Cartilage,gt450,True,2,2,1.0,3,2002,moderate
Cartilage,nz20,True,2,1,0.5,3,2002,moderate
Cartilage,nz210,False,2,0,0.0,3,2002,moderate
Cartilage,p1000,False,2,1,0.5,3,2002,moderate
Dermis,cs2,False,92,15,0.16304347826086957,3,2002,moderate
Dermis,gt450,False,92,22,0.2391304347826087,3,2002,moderate
Dermis,nz20,True,92,75,0.8152173913043478,3,2002,moderate
Dermis,nz210,True,92,72,0.782608695652174,3,2002,moderate
Dermis,p1000,False,92,18,0.1956521739130435,3,2002,moderate
Epidermis,cs2,True,206,168,0.8155339805825242,3,2002,moderate
Epidermis,gt450,False,206,43,0.2087378640776699,3,2002,moderate
Epidermis,nz20,False,206,48,0.23300970873786409,3,2002,moderate
Epidermis,nz210,True,206,161,0.7815533980582524,3,2002,moderate
Epidermis,p1000,False,206,32,0.1553398058252427,3,2002,moderate
Inflamm/Necrosis,cs2,False,66,15,0.22727272727272727,3,2002,moderate
Inflamm/Necrosis,gt450,False,66,13,0.19696969696969696,3,2002,moderate
Inflamm/Necrosis,nz20,True,66,50,0.7575757575757576,3,2002,moderate
Inflamm/Necrosis,nz210,False,66,11,0.16666666666666666,3,2002,moderate
Inflamm/Necrosis,p1000,True,66,55,0.8333333333333334,3,2002,moderate
SCC,cs2,False,168,24,0.14285714285714285,3,2002,moderate
SCC,gt450,False,168,38,0.2261904761904762,3,2002,moderate
SCC,nz20,True,168,131,0.7797619047619048,3,2002,moderate
SCC,nz210,True,168,137,0.8154761904761905,3,2002,moderate
SCC,p1000,False,168,38,0.2261904761904762,3,2002,moderate
Subcutis,cs2,False,85,17,0.2,3,2002,moderate
Subcutis,gt450,False,85,18,0.21176470588235294,3,2002,moderate
Subcutis,nz20,False,85,15,0.17647058823529413,3,2002,moderate
Subcutis,nz210,True,85,64,0.7529411764705882,3,2002,moderate
Subcutis,p1000,True,85,72,0.8470588235294118,3,2002,moderate
Bone,cs2,False,30,1,0.03333333333333333,3,2002,severe
Bone,gt450,False,30,1,0.03333333333333333,3,2002,severe
Bone,nz20,False,30,2,0.06666666666666667,3,2002,severe
Bone,nz210,True,30,28,0.9333333333333333,3,2002,severe
Bone,p1000,True,30,29,0.9666666666666667,3,2002,severe
Cartilage,cs2,False,2,0,0.0,3,2002,severe
Cartilage,gt450,False,2,1,0.5,3,2002,severe
Cartilage,nz20,True,2,2,1.0,3,2002,severe
Cartilage,nz210,True,2,1,0.5,3,2002,severe
Cartilage,p1000,False,2,0,0.0,3,2002,severe
Dermis,cs2,False,92,5,0.05434782608695652,3,2002,severe
Dermis,gt450,True,92,87,0.9456521739130435,3,2002,severe
Dermis,nz20,True,92,87,0.9456521739130435,3,2002,severe
Dermis,nz210,False,92,4,0.043478260869565216,3,2002,severe
Dermis,p1000,False,92,4,0.043478260869565216,3,2002,severe
Epidermis,cs2,False,206,12,0.05825242718446602,3,2002,severe
Epidermis,gt450,False,206,6,0.02912621359223301,3,2002,severe
Epidermis,nz20,False,206,12,0.05825242718446602,3,2002,severe
Epidermis,nz210,True,206,200,0.970873786407767,3,2002,severe
Epidermis,p1000,True,206,191,0.9271844660194175,3,2002,severe
Inflamm/Necrosis,cs2,True,66,62,0.9393939393939394,3,2002,severe
Inflamm/Necrosis,gt450,False,66,4,0.06060606060606061,3,2002,severe
Inflamm/Necrosis,nz20,False,66,2,0.030303030303030304,3,2002,severe
Inflamm/Necrosis,nz210,True,66,63,0.9545454545454546,3,2002,severe
Inflamm/Necrosis,p1000,False,66,3,0.045454545454545456,3,2002,severe
SCC,cs2,False,168,4,0.023809523809523808,3,2002,severe
SCC,gt450,False,168,10,0.05952380952380952,3,2002,severe
SCC,nz20,True,168,160,0.9523809523809523,3,2002,severe
SCC,nz210,True,168,159,0.9464285714285714,3,2002,severe
SCC,p1000,False,168,11,0.06547619047619048,3,2002,severe
Subcutis,cs2,False,85,3,0.03529411764705882,3,2002,severe
Subcutis,gt450,True,85,81,0.9529411764705882,3,2002,severe
Subcutis,nz20,False,85,6,0.07058823529411765,3,2002,severe
Subcutis,nz210,True,85,80,0.9411764705882353,3,2002,severe
Subcutis,p1000,False,85,3,0.03529411764705882,3,2002,severe
Bone,cs2,False,30,13,0.43333333333333335,3,2003,mild
Bone,gt450,True,30,15,0.5,3,2003,mild
Bone,nz20,False,30,14,0.4666666666666667,3,2003,mild
Bone,nz210,True,30,21,0.7,3,2003,mild
Bone,p1000,False,30,9,0.3,3,2003,mild
Cartilage,cs2,False,2,1,0.5,3,2003,mild
Cartilage,gt450,False,2,0,0.0,3,2003,mild
Cartilage,nz20,False,2,1,0.5,3,2003,mild
Cartilage,nz210,True,2,1,0.5,3,2003,mild
Cartilage,p1000,True,2,1,0.5,3,2003,mild
Dermis,cs2,False,92,39,0.42391304347826086,3,2003,mild
Dermis,gt450,False,92,35,0.3804347826086957,3,2003,mild
Dermis,nz20,False,92,36,0.391304347826087,3,2003,mild
Dermis,nz210,True,92,56,0.6086956521739131,3,2003,mild
Dermis,p1000,True,92,54,0.5869565217391305,3,2003,mild
Epidermis,cs2,False,206,84,0.4077669902912621,3,2003,mild
Epidermis,gt450,False,206,77,0.3737864077669903,3,2003,mild
Epidermis,nz20,True,206,126,0.6116504854368932,3,2003,mild
Epidermis,nz210,True,206,121,0.587378640776699,3,2003,mild
Epidermis,p1000,False,206,86,0.4174757281553398,3,2003,mild
Inflamm/Necrosis,cs2,True,66,40,0.6060606060606061,3,2003,mild
Inflamm/Necrosis,gt450,False,66,26,0.3939393939393939,3,2003,mild
Inflamm/Necrosis,nz20,False,66,29,0.4393939393939394,3,2003,mild
Inflamm/Necrosis,nz210,True,66,39,0.5909090909090909,3,2003,mild
Inflamm/Necrosis,p1000,False,66,24,0.36363636363636365,3,2003,mild
SCC,cs2,True,168,99,0.5892857142857143,3,2003,mild
SCC,gt450,True,168,102,0.6071428571428571,3,2003,mild
SCC,nz20,False,168,68,0.40476190476190477,3,2003,mild
SCC,nz210,False,168,64,0.38095238095238093,3,2003,mild
SCC,p1000,False,168,69,0.4107142857142857,3,2003,mild
Subcutis,cs2,False,85,34,0.4,3,2003,mild
Subcutis,gt450,False,85,29,0.3411764705882353,3,2003,mild
Subcutis,nz20,True,85,45,0.5294117647058824,3,2003,mild
Subcutis,nz210,True,85,57,0.6705882352941176,3,2003,mild
Subcutis,p1000,False,85,39,0.4588235294117647,3,2003,mild
Bone,cs2,False,30,4,0.13333333333333333,3,2003,moderate
Bone,gt450,True,30,23,0.7666666666666667,3,2003,moderate
Bone,nz20,False,30,8,0.26666666666666666,3,2003,moderate
Bone,nz210,True,30,25,0.8333333333333334,3,2003,moderate
Bone,p1000,False,30,5,0.16666666666666666,3,2003,moderate
Cartilage,cs2,False,2,0,0.0,3,2003,moderate
Cartilage,gt450,False,2,0,0.0,3,2003,moderate
Cartilage,nz20,True,2,1,0.5,3,2003,moderate
Cartilage,nz210,False,2,1,0.5,3,2003,moderate
Cartilage,p1000,True,2,2,1.0,3,2003,moderate
Dermis,cs2,False,92,17,0.18478260869565216,3,2003,moderate
Dermis,gt450,True,92,77,0.8369565217391305,3,2003,moderate
Dermis,nz20,True,92,70,0.7608695652173914,3,2003,moderate
Dermis,nz210,False,92,20,0.21739130434782608,3,2003,moderate
Dermis,p1000,False,92,18,0.1956521739130435,3,2003,moderate
Epidermis,cs2,True,206,164,0.7961165048543689,3,2003,moderate
Epidermis,gt450,False,206,43,0.2087378640776699,3,2003,moderate
Epidermis,nz20,False,206,48,0.23300970873786409,3,2003,moderate
Epidermis,nz210,False,206,32,0.1553398058252427,3,2003,moderate
Epidermis,p1000,True,206,165,0.8009708737864077,3,2003,moderate
Inflamm/Necrosis,cs2,False,66,9,0.13636363636363635,3,2003,moderate
Inflamm/Necrosis,gt450,True,66,53,0.803030303030303,3,2003,moderate
Inflamm/Necrosis,nz20,False,66,13,0.19696969696969696,3,2003,moderate
Inflamm/Necrosis,nz210,False,66,17,0.25757575757575757,3,2003,moderate
Inflamm/Necrosis,p1000,True,66,52,0.7878787878787878,3,2003,moderate
SCC,cs2,False,168,27,0.16071428571428573,3,2003,moderate
SCC,gt450,False,168,40,0.23809523809523808,3,2003,moderate
SCC,nz20,True,168,136,0.8095238095238095,3,2003,moderate
SCC,nz210,False,168,33,0.19642857142857142,3,2003,moderate
SCC,p1000,True,168,132,0.7857142857142857,3,2003,moderate
Subcutis,cs2,False,85,16,0.18823529411764706,3,2003,moderate
Subcutis,gt450,True,85,71,0.8352941176470589,3,2003,moderate
Subcutis,nz20,False,85,20,0.23529411764705882,3,2003,moderate
Subcutis,nz210,False,85,14,0.16470588235294117,3,2003,moderate
Subcutis,p1000,True,85,65,0.7647058823529411,3,2003,moderate
Bone,cs2,False,30,0,0.0,3,2003,severe
Bone,gt450,True,30,30,1.0,3,2003,severe
Bone,nz20,False,30,3,0.1,3,2003,severe
Bone,nz210,True,30,27,0.9,3,2003,severe
Bone,p1000,False,30,1,0.03333333333333333,3,2003,severe
Cartilage,cs2,False,2,1,0.5,3,2003,severe
Cartilage,gt450,False,2,0,0.0,3,2003,severe
Cartilage,nz20,True,2,1,0.5,3,2003,severe
Cartilage,nz210,True,2,2,1.0,3,2003,severe
Cartilage,p1000,False,2,0,0.0,3,2003,severe
Dermis,cs2,False,92,6,0.06521739130434782,3,2003,severe
Dermis,gt450,True,92,88,0.9565217391304348,3,2003,severe
Dermis,nz20,False,92,4,0.043478260869565216,3,2003,severe
Dermis,nz210,False,92,3,0.03260869565217391,3,2003,severe
Dermis,p1000,True,92,86,0.9347826086956522,3,2003,severe
Epidermis,cs2,True,206,197,0.9563106796116505,3,2003,severe
Epidermis,gt450,True,206,194,0.941747572815534,3,2003,severe
Epidermis,nz20,False,206,12,0.05825242718446602,3,2003,severe
Epidermis,nz210,False,206,9,0.043689320388349516,3,2003,severe
Epidermis,p1000,False,206,9,0.043689320388349516,3,2003,severe
Inflamm/Necrosis,cs2,False,66,3,0.045454545454545456,3,2003,severe
Inflamm/Necrosis,gt450,False,66,3,0.045454545454545456,3,2003,severe
Inflamm/Necrosis,nz20,True,66,64,0.9696969696969697,3,2003,severe
Inflamm/Necrosis,nz210,True,66,61,0.9242424242424242,3,2003,severe
Inflamm/Necrosis,p1000,False,66,3,0.045454545454545456,3,2003,severe
SCC,cs2,False,168,5,0.02976190476190476,3,2003,severe
SCC,gt450,False,168,6,0.03571428571428571,3,2003,severe
SCC,nz20,True,168,159,0.9464285714285714,3,2003,severe
SCC,nz210,True,168,160,0.9523809523809523,3,2003,severe
SCC,p1000,False,168,14,0.08333333333333333,3,2003,severe
Subcutis,cs2,False,85,6,0.07058823529411765,3,2003,severe
Subcutis,gt450,True,85,79,0.9294117647058824,3,2003,severe
Subcutis,nz20,True,85,82,0.9647058823529412,3,2003,severe
Subcutis,nz210,False,85,3,0.03529411764705882,3,2003,severe
Subcutis,p1000,False,85,3,0.03529411764705882,3,2003,severe
Bone,cs2,False,30,12,0.4,3,2004,mild
Bone,gt450,False,30,16,0.5333333333333333,3,2004,mild
Bone,nz20,True,30,21,0.7,3,2004,mild
Bone,nz210,True,30,15,0.5,3,2004,mild
Bone,p1000,False,30,8,0.26666666666666666,3,2004,mild
Cartilage,cs2,False,2,0,0.0,3,2004,mild
Cartilage,gt450,False,2,2,1.0,3,2004,mild
Cartilage,nz20,True,2,1,0.5,3,2004,mild
Cartilage,nz210,False,2,0,0.0,3,2004,mild
Cartilage,p1000,True,2,1,0.5,3,2004,mild
Dermis,cs2,False,92,44,0.4782608695652174,3,2004,mild
Dermis,gt450,False,92,33,0.358695652173913,3,2004,mild
Dermis,nz20,False,92,33,0.358695652173913,3,2004,mild
Dermis,nz210,True,92,45,0.4891304347826087,3,2004,mild
Dermis,p1000,True,92,65,0.7065217391304348,3,2004,mild
Epidermis,cs2,False,206,77,0.3737864077669903,3,2004,mild
Epidermis,gt450,False,206,85,0.41262135922330095,3,2004,mild
Epidermis,nz20,False,206,85,0.41262135922330095,3,2004,mild
Epidermis,nz210,True,206,126,0.6116504854368932,3,2004,mild
Epidermis,p1000,True,206,121,0.587378640776699,3,2004,mild
Inflamm/Necrosis,cs2,False,66,26,0.3939393939393939,3,2004,mild
Inflamm/Necrosis,gt450,False,66,28,0.42424242424242425,3,2004,mild
Inflamm/Necrosis,nz20,True,66,42,0.6363636363636364,3,2004,mild
Inflamm/Necrosis,nz210,True,66,37,0.5606060606060606,3,2004,mild
Inflamm/Necrosis,p1000,False,66,25,0.3787878787878788,3,2004,mild
SCC,cs2,False,168,67,0.39880952380952384,3,2004,mild
SCC,gt450,True,168,93,0.5535714285714286,3,2004,mild
SCC,nz20,False,168,70,0.4166666666666667,3,2004,mild
SCC,nz210,False,168,64,0.38095238095238093,3,2004,mild
SCC,p1000,True,168,108,0.6428571428571429,3,2004,mild
Subcutis,cs2,False,85,32,0.3764705882352941,3,2004,mild
Subcutis,gt450,False,85,33,0.38823529411764707,3,2004,mild
Subcutis,nz20,True,85,51,0.6,3,2004,mild
Subcutis,nz210,False,85,37,0.43529411764705883,3,2004,mild
Subcutis,p1000,True,85,51,0.6,3,2004,mild
Bone,cs2,False,30,6,0.2,3,2004,moderate
Bone,gt450,False,30,4,0.13333333333333333,3,2004,moderate
Bone,nz20,True,30,21,0.7,3,2004,moderate
Bone,nz210,True,30,27,0.9,3,2004,moderate
Bone,p1000,False,30,7,0.23333333333333334,3,2004,moderate
Cartilage,cs2,False,2,1,0.5,3,2004,moderate
Cartilage,gt450,False,2,0,0.0,3,2004,moderate
Cartilage,nz20,True,2,2,1.0,3,2004,moderate
Cartilage,nz210,True,2,1,0.5,3,2004,moderate
Cartilage,p1000,False,2,0,0.0,3,2004,moderate
Dermis,cs2,True,92,72,0.782608695652174,3,2004,moderate
Dermis,gt450,True,92,75,0.8152173913043478,3,2004,moderate
Dermis,nz20,False,92,16,0.17391304347826086,3,2004,moderate
Dermis,nz210,False,92,23,0.25,3,2004,moderate
Dermis,p1000,False,92,16,0.17391304347826086,3,2004,moderate
Epidermis,cs2,False,206,46,0.22330097087378642,3,2004,moderate
Epidermis,gt450,False,206,36,0.17475728155339806,3,2004,moderate
Epidermis,nz20,False,206,41,0.19902912621359223,3,2004,moderate
Epidermis,nz210,True,206,171,0.8300970873786407,3,2004,moderate
Epidermis,p1000,True,206,158,0.7669902912621359,3,2004,moderate
Inflamm/Necrosis,cs2,False,66,7,0.10606060606060606,3,2004,moderate
Inflamm/Necrosis,gt450,False,66,14,0.21212121212121213,3,2004,moderate
Inflamm/Necrosis,nz20,False,66,18,0.2727272727272727,3,2004,moderate
Inflamm/Necrosis,nz210,True,66,51,0.7727272727272727,3,2004,moderate
Inflamm/Necrosis,p1000,True,66,54,0.8181818181818182,3,2004,moderate
SCC,cs2,False,168,31,0.18452380952380953,3,2004,moderate
SCC,gt450,True,168,135,0.8035714285714286,3,2004,moderate
SCC,nz20,False,168,32,0.19047619047619047,3,2004,moderate
SCC,nz210,False,168,37,0.22023809523809523,3,2004,moderate
SCC,p1000,True,168,133,0.7916666666666666,3,2004,moderate
Subcutis,cs2,True,85,68,0.8,3,2004,moderate
Subcutis,gt450,False,85,14,0.16470588235294117,3,2004,moderate
Subcutis,nz20,False,85,19,0.2235294117647059,3,2004,moderate
Subcutis,nz210,True,85,68,0.8,3,2004,moderate
Subcutis,p1000,False,85,17,0.2,3,2004,moderate
Bone,cs2,False,30,1,0.03333333333333333,3,2004,severe
Bone,gt450,False,30,2,0.06666666666666667,3,2004,severe
Bone,nz20,True,30,28,0.9333333333333333,3,2004,severe
Bone,nz210,True,30,29,0.9666666666666667,3,2004,severe
Bone,p1000,False,30,1,0.03333333333333333,3,2004,severe
Cartilage,cs2,False,2,0,0.0,3,2004,severe
Cartilage,gt450,True,2,2,1.0,3,2004,severe
Cartilage,nz20,True,2,1,0.5,3,2004,severe
Cartilage,nz210,False,2,0,0.0,3,2004,severe
Cartilage,p1000,False,2,1,0.5,3,2004,severe
Dermis,cs2,False,92,2,0.021739130434782608,3,2004,severe
Dermis,gt450,False,92,4,0.043478260869565216,3,2004,severe
Dermis,nz20,True,92,89,0.967391304347826,3,2004,severe
Dermis,nz210,False,92,7,0.07608695652173914,3,2004,severe
Dermis,p1000,True,92,85,0.9239130434782609,3,2004,severe
Epidermis,cs2,False,206,10,0.04854368932038835,3,2004,severe
Epidermis,gt450,True,206,198,0.9611650485436893,3,2004,severe
Epidermis,nz20,False,206,12,0.05825242718446602,3,2004,severe
Epidermis,nz210,True,206,193,0.9368932038834952,3,2004,severe
Epidermis,p1000,False,206,8,0.038834951456310676,3,2004,severe
Inflamm/Necrosis,cs2,False,66,3,0.045454545454545456,3,2004,severe
Inflamm/Necrosis,gt450,True,66,61,0.9242424242424242,3,2004,severe
Inflamm/Necrosis,nz20,True,66,64,0.9696969696969697,3,2004,severe
Inflamm/Necrosis,nz210,False,66,4,0.06060606060606061,3,2004,severe
Inflamm/Necrosis,p1000,False,66,2,0.030303030303030304,3,2004,severe
SCC,cs2,True,168,164,0.9761904761904762,3,2004,severe
SCC,gt450,False,168,7,0.041666666666666664,3,2004,severe
SCC,nz20,True,168,155,0.9226190476190477,3,2004,severe
SCC,nz210,False,168,10,0.05952380952380952,3,2004,severe
SCC,p1000,False,168,8,0.047619047619047616,3,2004,severe
Subcutis,cs2,True,85,80,0.9411764705882353,3,2004,severe
Subcutis,gt450,True,85,81,0.9529411764705882,3,2004,severe
Subcutis,nz20,False,85,4,0.047058823529411764,3,2004,severe
Subcutis,nz210,False,85,6,0.07058823529411765,3,2004,severe
Subcutis,p1000,False,85,2,0.023529411764705882,3,2004,severe
Bone,cs2,False,30,11,0.36666666666666664,3,2005,mild
Bone,gt450,True,30,18,0.6,3,2005,mild
Bone,nz20,False,30,13,0.43333333333333335,3,2005,mild
Bone,nz210,True,30,18,0.6,3,2005,mild
Bone,p1000,False,30,12,0.4,3,2005,mild
Cartilage,cs2,False,2,1,0.5,3,2005,mild
Cartilage,gt450,True,2,1,0.5,3,2005,mild
Cartilage,nz20,False,2,0,0.0,3,2005,mild
Cartilage,nz210,False,2,1,0.5,3,2005,mild
Cartilage,p1000,True,2,1,0.5,3,2005,mild
Dermis,cs2,True,92,57,0.6195652173913043,3,2005,mild
Dermis,gt450,False,92,39,0.42391304347826086,3,2005,mild
Dermis,nz20,True,92,53,0.5760869565217391,3,2005,mild
Dermis,nz210,False,92,34,0.3695652173913043,3,2005,mild
Dermis,p1000,False,92,37,0.40217391304347827,3,2005,mild
Epidermis,cs2,False,206,87,0.4223300970873786,3,2005,mild
Epidermis,gt450,True,206,128,0.6213592233009708,3,2005,mild
Epidermis,nz20,True,206,119,0.5776699029126213,3,2005,mild
Epidermis,nz210,False,206,77,0.3737864077669903,3,2005,mild
Epidermis,p1000,False,206,83,0.4029126213592233,3,2005,mild
Inflamm/Necrosis,cs2,False,66,31,0.4696969696969697,3,2005,mild
Inflamm/Necrosis,gt450,True,66,39,0.5909090909090909,3,2005,mild
Inflamm/Necrosis,nz20,True,66,40,0.6060606060606061,3,2005,mild
Inflamm/Necrosis,nz210,False,66,24,0.36363636363636365,3,2005,mild
Inflamm/Necrosis,p1000,False,66,24,0.36363636363636365,3,2005,mild
SCC,cs2,True,168,106,0.6309523809523809,3,2005,mild
SCC,gt450,False,168,64,0.38095238095238093,3,2005,mild
SCC,nz20,True,168,95,0.5654761904761905,3,2005,mild
SCC,nz210,False,168,68,0.40476190476190477,3,2005,mild
SCC,p1000,False,168,69,0.4107142857142857,3,2005,mild
Subcutis,cs2,True,85,54,0.6352941176470588,3,2005,mild
Subcutis,gt450,False,85,31,0.36470588235294116,3,2005,mild
Subcutis,nz20,False,85,32,0.3764705882352941,3,2005,mild
Subcutis,nz210,False,85,39,0.4588235294117647,3,2005,mild
Subcutis,p1000,True,85,48,0.5647058823529412,3,2005,mild
Bone,cs2,False,30,5,0.16666666666666666,3,2005,moderate
Bone,gt450,True,30,25,0.8333333333333334,3,2005,moderate
Bone,nz20,False,30,7,0.23333333333333334,3,2005,moderate
Bone,nz210,True,30,23,0.7666666666666667,3,2005,moderate
Bone,p1000,False,30,5,0.16666666666666666,3,2005,moderate
Cartilage,cs2,False,2,0,0.0,3,2005,moderate
Cartilage,gt450,False,2,0,0.0,3,2005,moderate
Cartilage,nz20,True,2,2,1.0,3,2005,moderate
Cartilage,nz210,True,2,1,0.5,3,2005,moderate
Cartilage,p1000,False,2,1,0.5,3,2005,moderate
Dermis,cs2,True,92,75,0.8152173913043478,3,2005,moderate
Dermis,gt450,False,92,18,0.1956521739130435,3,2005,moderate
Dermis,nz20,False,92,20,0.21739130434782608,3,2005,moderate
Dermis,nz210,True,92,72,0.782608695652174,3,2005,moderate
Dermis,p1000,False,92,17,0.18478260869565216,3,2005,moderate
Epidermis,cs2,True,206,160,0.7766990291262136,3,2005,moderate
Epidermis,gt450,False,206,42,0.20388349514563106,3,2005,moderate
Epidermis,nz20,True,206,169,0.8203883495145631,3,2005,moderate
Epidermis,nz210,False,206,41,0.19902912621359223,3,2005,moderate
Epidermis,p1000,False,206,40,0.1941747572815534,3,2005,moderate
Inflamm/Necrosis,cs2,False,66,13,0.19696969696969696,3,2005,moderate
Inflamm/Necrosis,gt450,True,66,53,0.803030303030303,3,2005,moderate
Inflamm/Necrosis,nz20,True,66,52,0.7878787878787878,3,2005,moderate
Inflamm/Necrosis,nz210,False,66,12,0.18181818181818182,3,2005,moderate
Inflamm/Necrosis,p1000,False,66,14,0.21212121212121213,3,2005,moderate
SCC,cs2,True,168,132,0.7857142857142857,3,2005,moderate
SCC,gt450,False,168,35,0.20833333333333334,3,2005,moderate
SCC,nz20,False,168,36,0.21428571428571427,3,2005,moderate
SCC,nz210,True,168,136,0.8095238095238095,3,2005,moderate
SCC,p1000,False,168,29,0.17261904761904762,3,2005,moderate
Subcutis,cs2,True,85,68,0.8,3,2005,moderate
Subcutis,gt450,True,85,68,0.8,3,2005,moderate
Subcutis,nz20,False,85,15,0.17647058823529413,3,2005,moderate
Subcutis,nz210,False,85,15,0.17647058823529413,3,2005,moderate
Subcutis,p1000,False,85,20,0.23529411764705882,3,2005,moderate
Bone,cs2,False,30,1,0.03333333333333333,3,2005,severe
Bone,gt450,True,30,29,0.9666666666666667,3,2005,severe
Bone,nz20,False,30,1,0.03333333333333333,3,2005,severe
Bone,nz210,True,30,28,0.9333333333333333,3,2005,severe
Bone,p1000,False,30,2,0.06666666666666667,3,2005,severe
Cartilage,cs2,False,2,1,0.5,3,2005,severe
Cartilage,gt450,True,2,2,1.0,3,2005,severe
Cartilage,nz20,True,2,1,0.5,3,2005,severe
Cartilage,nz210,False,2,0,0.0,3,2005,severe
Cartilage,p1000,False,2,0,0.0,3,2005,severe
Dermis,cs2,False,92,2,0.021739130434782608,3,2005,severe
Dermis,gt450,False,92,5,0.05434782608695652,3,2005,severe
Dermis,nz20,True,92,88,0.9565217391304348,3,2005,severe
Dermis,nz210,True,92,86,0.9347826086956522,3,2005,severe
Dermis,p1000,False,92,6,0.06521739130434782,3,2005,severe
Epidermis,cs2,False,206,7,0.03398058252427184,3,2005,severe
Epidermis,gt450,True,206,197,0.9563106796116505,3,2005,severe
Epidermis,nz20,True,206,194,0.941747572815534,3,2005,severe
Epidermis,nz210,False,206,9,0.043689320388349516,3,2005,severe
Epidermis,p1000,False,206,14,0.06796116504854369,3,2005,severe
Inflamm/Necrosis,cs2,False,66,0,0.0,3,2005,severe
Inflamm/Necrosis,gt450,False,66,4,0.06060606060606061,3,2005,severe
Inflamm/Necrosis,nz20,False,66,5,0.07575757575757576,3,2005,severe
Inflamm/Necrosis,nz210,True,66,62,0.9393939393939394,3,2005,severe
Inflamm/Necrosis,p1000,True,66,63,0.9545454545454546,3,2005,severe
SCC,cs2,True,168,163,0.9702380952380952,3,2005,severe
SCC,gt450,False,168,8,0.047619047619047616,3,2005,severe
SCC,nz20,False,168,11,0.06547619047619048,3,2005,severe
SCC,nz210,False,168,6,0.03571428571428571,3,2005,severe
SCC,p1000,True,168,156,0.9285714285714286,3,2005,severe
Subcutis,cs2,True,85,79,0.9294117647058824,3,2005,severe
Subcutis,gt450,False,85,4,0.047058823529411764,3,2005,severe
Subcutis,nz20,False,85,5,0.058823529411764705,3,2005,severe
Subcutis,nz210,True,85,82,0.9647058823529412,3,2005,severe
Subcutis,p1000,False,85,3,0.03529411764705882,3,2005,severe
Bone,cs2,True,32,19,0.59375,4,2001,mild
Bone,gt450,False,32,10,0.3125,4,2001,mild
Bone,nz20,True,32,19,0.59375,4,2001,mild
Bone,nz210,False,32,16,0.5,4,2001,mild
Bone,p1000,False,32,12,0.375,4,2001,mild
Dermis,cs2,True,70,45,0.6428571428571429,4,2001,mild
Dermis,gt450,False,70,33,0.4714285714285714,4,2001,mild
Dermis,nz20,True,70,39,0.5571428571428572,4,2001,mild
Dermis,nz210,False,70,24,0.34285714285714286,4,2001,mild
Dermis,p1000,False,70,27,0.38571428571428573,4,2001,mild
Epidermis,cs2,True,184,105,0.5706521739130435,4,2001,mild
Epidermis,gt450,False,184,76,0.41304347826086957,4,2001,mild
Epidermis,nz20,True,184,115,0.625,4,2001,mild
Epidermis,nz210,False,184,77,0.41847826086956524,4,2001,mild
Epidermis,p1000,False,184,67,0.3641304347826087,4,2001,mild
Inflamm/Necrosis,cs2,True,71,44,0.6197183098591549,4,2001,mild
Inflamm/Necrosis,gt450,False,71,31,0.43661971830985913,4,2001,mild
Inflamm/Necrosis,nz20,False,71,28,0.39436619718309857,4,2001,mild
Inflamm/Necrosis,nz210,False,71,26,0.36619718309859156,4,2001,mild
Inflamm/Necrosis,p1000,True,71,41,0.5774647887323944,4,2001,mild
SCC,cs2,False,200,90,0.45,4,2001,mild
SCC,gt450,True,200,118,0.59,4,2001,mild
SCC,nz20,True,200,122,0.61,4,2001,mild
SCC,nz210,False,200,76,0.38,4,2001,mild
SCC,p1000,False,200,74,0.37,4,2001,mild
Subcutis,cs2,False,77,32,0.4155844155844156,4,2001,mild
Subcutis,gt450,False,77,25,0.3246753246753247,4,2001,mild
Subcutis,nz20,True,77,44,0.5714285714285714,4,2001,mild
Subcutis,nz210,True,77,48,0.6233766233766234,4,2001,mild
Subcutis,p1000,False,77,35,0.45454545454545453,4,2001,mild
Bone,cs2,True,32,25,0.78125,4,2001,moderate
Bone,gt450,False,32,8,0.25,4,2001,moderate
Bone,nz20,True,32,26,0.8125,4,2001,moderate
Bone,nz210,False,32,8,0.25,4,2001,moderate
Bone,p1000,False,32,3,0.09375,4,2001,moderate
Dermis,cs2,True,70,56,0.8,4,2001,moderate
Dermis,gt450,False,70,15,0.21428571428571427,4,2001,moderate
Dermis,nz20,True,70,56,0.8,4,2001,moderate
Dermis,nz210,False,70,10,0.14285714285714285,4,2001,moderate
Dermis,p1000,False,70,16,0.22857142857142856,4,2001,moderate
Epidermis,cs2,True,184,143,0.7771739130434783,4,2001,moderate
Epidermis,gt450,True,184,151,0.8206521739130435,4,2001,moderate
Epidermis,nz20,False,184,38,0.20652173913043478,4,2001,moderate
Epidermis,nz210,False,184,33,0.1793478260869565,4,2001,moderate
Epidermis,p1000,False,184,39,0.21195652173913043,4,2001,moderate
Inflamm/Necrosis,cs2,False,71,15,0.2112676056338028,4,2001,moderate
Inflamm/Necrosis,gt450,False,71,16,0.22535211267605634,4,2001,moderate
Inflamm/Necrosis,nz20,False,71,11,0.15492957746478872,4,2001,moderate
Inflamm/Necrosis,nz210,True,71,56,0.7887323943661971,4,2001,moderate
Inflamm/Necrosis,p1000,True,71,57,0.8028169014084507,4,2001,moderate
SCC,cs2,False,200,41,0.205,4,2001,moderate
SCC,gt450,False,200,34,0.17,4,2001,moderate
SCC,nz20,False,200,44,0.22,4,2001,moderate
SCC,nz210,True,200,161,0.805,4,2001,moderate
SCC,p1000,True,200,159,0.795,4,2001,moderate
Subcutis,cs2,False,77,14,0.18181818181818182,4,2001,moderate
Subcutis,gt450,True,77,63,0.8181818181818182,4,2001,moderate
Subcutis,nz20,False,77,13,0.16883116883116883,4,2001,moderate
Subcutis,nz210,True,77,60,0.7792207792207793,4,2001,moderate
Subcutis,p1000,False,77,19,0.24675324675324675,4,2001,moderate
Bone,cs2,True,32,30,0.9375,4,2001,severe
Bone,gt450,False,32,1,0.03125,4,2001,severe
Bone,nz20,True,32,30,0.9375,4,2001,severe
Bone,nz210,False,32,0,0.0,4,2001,severe
Bone,p1000,False,32,3,0.09375,4,2001,severe
Dermis,cs2,False,70,3,0.04285714285714286,4,2001,severe
Dermis,gt450,False,70,3,0.04285714285714286,4,2001,severe
Dermis,nz20,False,70,4,0.05714285714285714,4,2001,severe
Dermis,nz210,True,70,68,0.9714285714285714,4,2001,severe
Dermis,p1000,True,70,65,0.9285714285714286,4,2001,severe
Epidermis,cs2,True,184,175,0.9510869565217391,4,2001,severe
Epidermis,gt450,True,184,174,0.9456521739130435,4,2001,severe
Epidermis,nz20,False,184,12,0.06521739130434782,4,2001,severe
Epidermis,nz210,False,184,8,0.043478260869565216,4,2001,severe
Epidermis,p1000,False,184,7,0.03804347826086957,4,2001,severe
Inflamm/Necrosis,cs2,True,71,69,0.971830985915493,4,2001,severe
Inflamm/Necrosis,gt450,True,71,65,0.9154929577464789,4,2001,severe
Inflamm/Necrosis,nz20,False,71,8,0.11267605633802817,4,2001,severe
Inflamm/Necrosis,nz210,False,71,2,0.028169014084507043,4,2001,severe
Inflamm/Necrosis,p1000,False,71,0,0.0,4,2001,severe
SCC,cs2,True,200,188,0.94,4,2001,severe
SCC,gt450,False,200,12,0.06,4,2001,severe
SCC,nz20,False,200,12,0.06,4,2001,severe
SCC,nz210,False,200,6,0.03,4,2001,severe
SCC,p1000,True,200,192,0.96,4,2001,severe
Subcutis,cs2,False,77,3,0.03896103896103896,4,2001,severe
Subcutis,gt450,True,77,73,0.948051948051948,4,2001,severe
Subcutis,nz20,True,77,73,0.948051948051948,4,2001,severe
Subcutis,nz210,False,77,5,0.06493506493506493,4,2001,severe
Subcutis,p1000,False,77,3,0.03896103896103896,4,2001,severe
Bone,cs2,False,32,13,0.40625,4,2002,mild
Bone,gt450,False,32,13,0.40625,4,2002,mild
Bone,nz20,False,32,12,0.375,4,2002,mild
Bone,nz210,True,32,18,0.5625,4,2002,mild
Bone,p1000,True,32,20,0.625,4,2002,mild
Dermis,cs2,False,70,26,0.37142857142857144,4,2002,mild
Dermis,gt450,True,70,47,0.6714285714285714,4,2002,mild
Dermis,nz20,True,70,37,0.5285714285714286,4,2002,mild
Dermis,nz210,False,70,29,0.4142857142857143,4,2002,mild
Dermis,p1000,False,70,29,0.4142857142857143,4,2002,mild
Epidermis,cs2,False,184,80,0.43478260869565216,4,2002,mild
Epidermis,gt450,False,184,72,0.391304347826087,4,2002,mild
Epidermis,nz20,False,184,68,0.3695652173913043,4,2002,mild
Epidermis,nz210,True,184,116,0.6304347826086957,4,2002,mild
Epidermis,p1000,True,184,104,0.5652173913043478,4,2002,mild
Inflamm/Necrosis,cs2,False,71,28,0.39436619718309857,4,2002,mild
Inflamm/Necrosis,gt450,False,71,28,0.39436619718309857,4,2002,mild
Inflamm/Necrosis,nz20,True,71,48,0.676056338028169,4,2002,mild
Inflamm/Necrosis,nz210,True,71,37,0.5211267605633803,4,2002,mild
Inflamm/Necrosis,p1000,False,71,29,0.4084507042253521,4,2002,mild
SCC,cs2,False,200,77,0.385,4,2002,mild
SCC,gt450,False,200,83,0.415,4,2002,mild
SCC,nz20,True,200,130,0.65,4,2002,mild
SCC,nz210,False,200,80,0.4,4,2002,mild
SCC,p1000,True,200,110,0.55,4,2002,mild
Subcutis,cs2,False,77,33,0.42857142857142855,4,2002,mild
Subcutis,gt450,False,77,37,0.4805194805194805,4,2002,mild
Subcutis,nz20,True,77,51,0.6623376623376623,4,2002,mild
Subcutis,nz210,True,77,41,0.5324675324675324,4,2002,mild
Subcutis,p1000,False,77,22,0.2857142857142857,4,2002,mild
Bone,cs2,False,32,7,0.21875,4,2002,moderate
Bone,gt450,False,32,5,0.15625,4,2002,moderate
Bone,nz20,False,32,7,0.21875,4,2002,moderate
Bone,nz210,True,32,23,0.71875,4,2002,moderate
Bone,p1000,True,32,28,0.875,4,2002,moderate
Dermis,cs2,False,70,11,0.15714285714285714,4,2002,moderate
Dermis,gt450,True,70,53,0.7571428571428571,4,2002,moderate
Dermis,nz20,False,70,16,0.22857142857142856,4,2002,moderate
Dermis,nz210,True,70,59,0.8428571428571429,4,2002,moderate
Dermis,p1000,False,70,14,0.2,4,2002,moderate
Epidermis,cs2,False,184,32,0.17391304347826086,4,2002,moderate
Epidermis,gt450,False,184,37,0.20108695652173914,4,2002,moderate
Epidermis,nz20,False,184,41,0.22282608695652173,4,2002,moderate
Epidermis,nz210,True,184,139,0.7554347826086957,4,2002,moderate
Epidermis,p1000,True,184,155,0.842391304347826,4,2002,moderate
Inflamm/Necrosis,cs2,False,71,15,0.2112676056338028,4,2002,moderate
Inflamm/Necrosis,gt450,True,71,56,0.7887323943661971,4,2002,moderate
Inflamm/Necrosis,nz20,False,71,10,0.14084507042253522,4,2002,moderate
Inflamm/Necrosis,nz210,True,71,57,0.8028169014084507,4,2002,moderate
Inflamm/Necrosis,p1000,False,71,17,0.23943661971830985,4,2002,moderate
SCC,cs2,True,200,152,0.76,4,2002,moderate
SCC,gt450,False,200,44,0.22,4,2002,moderate
SCC,nz20,False,200,35,0.175,4,2002,moderate
SCC,nz210,False,200,40,0.2,4,2002,moderate
SCC,p1000,True,200,168,0.84,4,2002,moderate
Subcutis,cs2,False,77,20,0.2597402597402597,4,2002,moderate
Subcutis,gt450,True,77,66,0.8571428571428571,4,2002,moderate
Subcutis,nz20,True,77,57,0.7402597402597403,4,2002,moderate
Subcutis,nz210,False,77,14,0.18181818181818182,4,2002,moderate
Subcutis,p1000,False,77,12,0.15584415584415584,4,2002,moderate
Bone,cs2,False,32,1,0.03125,4,2002,severe
Bone,gt450,False,32,0,0.0,4,2002,severe
Bone,nz20,False,32,3,0.09375,4,2002,severe
Bone,nz210,True,32,28,0.875,4,2002,severe
Bone,p1000,True,32,32,1.0,4,2002,severe
Dermis,cs2,True,70,67,0.9571428571428572,4,2002,severe
Dermis,gt450,False,70,3,0.04285714285714286,4,2002,severe
Dermis,nz20,False,70,6,0.08571428571428572,4,2002,severe
Dermis,nz210,True,70,66,0.9428571428571428,4,2002,severe
Dermis,p1000,False,70,1,0.014285714285714285,4,2002,severe
Epidermis,cs2,False,184,11,0.059782608695652176,4,2002,severe
Epidermis,gt450,True,184,175,0.9510869565217391,4,2002,severe
Epidermis,nz20,True,184,174,0.9456521739130435,4,2002,severe
Epidermis,nz210,False,184,7,0.03804347826086957,4,2002,severe
Epidermis,p1000,False,184,9,0.04891304347826087,4,2002,severe
Inflamm/Necrosis,cs2,False,71,5,0.07042253521126761,4,2002,severe
Inflamm/Necrosis,gt450,False,71,3,0.04225352112676056,4,2002,severe
Inflamm/Necrosis,nz20,False,71,2,0.028169014084507043,4,2002,severe
Inflamm/Necrosis,nz210,True,71,67,0.9436619718309859,4,2002,severe
Inflamm/Necrosis,p1000,True,71,67,0.9436619718309859,4,2002,severe
SCC,cs2,True,200,189,0.945,4,2002,severe
SCC,gt450,False,200,8,0.04,4,2002,severe
SCC,nz20,False,200,13,0.065,4,2002,severe
SCC,nz210,False,200,9,0.045,4,2002,severe
SCC,p1000,True,200,191,0.955,4,2002,severe
Subcutis,cs2,False,77,2,0.025974025974025976,4,2002,severe
Subcutis,gt450,False,77,2,0.025974025974025976,4,2002,severe
Subcutis,nz20,True,77,72,0.935064935064935,4,2002,severe
Subcutis,nz210,True,77,74,0.961038961038961,4,2002,severe
Subcutis,p1000,False,77,7,0.09090909090909091,4,2002,severe
Bone,cs2,False,32,14,0.4375,4,2003,mild
Bone,gt450,True,32,17,0.53125,4,2003,mild
Bone,nz20,False,32,13,0.40625,4,2003,mild
Bone,nz210,True,32,21,0.65625,4,2003,mild
Bone,p1000,False,32,11,0.34375,4,2003,mild
Dermis,cs2,False,70,26,0.37142857142857144,4,2003,mild
Dermis,gt450,True,70,39,0.5571428571428572,4,2003,mild
Dermis,nz20,False,70,25,0.35714285714285715,4,2003,mild
Dermis,nz210,True,70,45,0.6428571428571429,4,2003,mild
Dermis,p1000,False,70,33,0.4714285714285714,4,2003,mild
Epidermis,cs2,False,184,71,0.3858695652173913,4,2003,mild
Epidermis,gt450,False,184,74,0.40217391304347827,4,2003,mild
Epidermis,nz20,True,184,115,0.625,4,2003,mild
Epidermis,nz210,True,184,105,0.5706521739130435,4,2003,mild
Epidermis,p1000,False,184,75,0.4076086956521739,4,2003,mild
Inflamm/Necrosis,cs2,True,71,41,0.5774647887323944,4,2003,mild
Inflamm/Necrosis,gt450,False,71,32,0.4507042253521127,4,2003,mild
Inflamm/Necrosis,nz20,True,71,44,0.6197183098591549,4,2003,mild
Inflamm/Necrosis,nz210,False,71,29,0.4084507042253521,4,2003,mild
Inflamm/Necrosis,p1000,False,71,24,0.3380281690140845,4,2003,mild
SCC,cs2,True,200,116,0.58,4,2003,mild
SCC,gt450,True,200,124,0.62,4,2003,mild
SCC,nz20,False,200,76,0.38,4,2003,mild
SCC,nz210,False,200,77,0.385,4,2003,mild
SCC,p1000,False,200,87,0.435,4,2003,mild
Subcutis,cs2,True,77,43,0.5584415584415584,4,2003,mild
Subcutis,gt450,False,77,28,0.36363636363636365,4,2003,mild
Subcutis,nz20,False,77,29,0.37662337662337664,4,2003,mild
Subcutis,nz210,False,77,35,0.45454545454545453,4,2003,mild
Subcutis,p1000,True,77,49,0.6363636363636364,4,2003,mild
Bone,cs2,False,32,5,0.15625,4,2003,moderate
Bone,gt450,True,32,27,0.84375,4,2003,moderate
Bone,nz20,False,32,7,0.21875,4,2003,moderate
Bone,nz210,True,32,24,0.75,4,2003,moderate
Bone,p1000,False,32,7,0.21875,4,2003,moderate
Dermis,cs2,False,70,11,0.15714285714285714,4,2003,moderate
Dermis,gt450,True,70,52,0.7428571428571429,4,2003,moderate
Dermis,nz20,False,70,12,0.17142857142857143,4,2003,moderate
Dermis,nz210,False,70,18,0.2571428571428571,4,2003,moderate
Dermis,p1000,True,70,60,0.8571428571428571,4,2003,moderate
Epidermis,cs2,False,184,36,0.1956521739130435,4,2003,moderate
Epidermis,gt450,False,184,32,0.17391304347826086,4,2003,moderate
Epidermis,nz20,True,184,140,0.7608695652173914,4,2003,moderate
Epidermis,nz210,True,184,154,0.8369565217391305,4,2003,moderate
Epidermis,p1000,False,184,42,0.22826086956521738,4,2003,moderate
Inflamm/Necrosis,cs2,True,71,56,0.7887323943661971,4,2003,moderate
Inflamm/Necrosis,gt450,False,71,14,0.19718309859154928,4,2003,moderate
Inflamm/Necrosis,nz20,False,71,14,0.19718309859154928,4,2003,moderate
Inflamm/Necrosis,nz210,True,71,57,0.8028169014084507,4,2003,moderate
Inflamm/Necrosis,p1000,False,71,14,0.19718309859154928,4,2003,moderate
SCC,cs2,False,200,37,0.185,4,2003,moderate
SCC,gt450,False,200,46,0.23,4,2003,moderate
SCC,nz20,False,200,36,0.18,4,2003,moderate
SCC,nz210,True,200,169,0.845,4,2003,moderate
SCC,p1000,True,200,151,0.755,4,2003,moderate
Subcutis,cs2,False,77,16,0.2077922077922078,4,2003,moderate
Subcutis,gt450,True,77,61,0.7922077922077922,4,2003,moderate
Subcutis,nz20,False,77,15,0.19480519480519481,4,2003,moderate
Subcutis,nz210,False,77,15,0.19480519480519481,4,2003,moderate
Subcutis,p1000,True,77,62,0.8051948051948052,4,2003,moderate
Bone,cs2,False,32,1,0.03125,4,2003,severe
Bone,gt450,True,32,29,0.90625,4,2003,severe
Bone,nz20,False,32,2,0.0625,4,2003,severe
Bone,nz210,True,32,31,0.96875,4,2003,severe
Bone,p1000,False,32,1,0.03125,4,2003,severe
Dermis,cs2,False,70,4,0.05714285714285714,4,2003,severe
Dermis,gt450,True,70,65,0.9285714285714286,4,2003,severe
Dermis,nz20,True,70,68,0.9714285714285714,4,2003,severe
Dermis,nz210,False,70,1,0.014285714285714285,4,2003,severe
Dermis,p1000,False,70,5,0.07142857142857142,4,2003,severe
Epidermis,cs2,True,184,176,0.9565217391304348,4,2003,severe
Epidermis,gt450,False,184,5,0.02717391304347826,4,2003,severe
Epidermis,nz20,True,184,173,0.9402173913043478,4,2003,severe
Epidermis,nz210,False,184,9,0.04891304347826087,4,2003,severe
Epidermis,p1000,False,184,13,0.07065217391304347,4,2003,severe
Inflamm/Necrosis,cs2,True,71,66,0.9295774647887324,4,2003,severe
Inflamm/Necrosis,gt450,False,71,5,0.07042253521126761,4,2003,severe
Inflamm/Necrosis,nz20,True,71,68,0.9577464788732394,4,2003,severe
Inflamm/Necrosis,nz210,False,71,2,0.028169014084507043,4,2003,severe
Inflamm/Necrosis,p1000,False,71,3,0.04225352112676056,4,2003,severe
SCC,cs2,False,200,17,0.085,4,2003,severe
SCC,gt450,False,200,6,0.03,4,2003,severe
SCC,nz20,True,200,186,0.93,4,2003,severe
SCC,nz210,False,200,7,0.035,4,2003,severe
SCC,p1000,True,200,194,0.97,4,2003,severe
Subcutis,cs2,True,77,74,0.961038961038961,4,2003,severe
Subcutis,gt450,False,77,2,0.025974025974025976,4,2003,severe
Subcutis,nz20,True,77,72,0.935064935064935,4,2003,severe
Subcutis,nz210,False,77,1,0.012987012987012988,4,2003,severe
Subcutis,p1000,False,77,8,0.1038961038961039,4,2003,severe
Bone,cs2,False,32,13,0.40625,4,2004,mild
Bone,gt450,False,32,15,0.46875,4,2004,mild
Bone,nz20,True,32,20,0.625,4,2004,mild
Bone,nz210,True,32,18,0.5625,4,2004,mild
Bone,p1000,False,32,10,0.3125,4,2004,mild
Dermis,cs2,True,70,45,0.6428571428571429,4,2004,mild
Dermis,gt450,False,70,28,0.4,4,2004,mild
Dermis,nz20,False,70,27,0.38571428571428573,4,2004,mild
Dermis,nz210,False,70,29,0.4142857142857143,4,2004,mild
Dermis,p1000,True,70,39,0.5571428571428572,4,2004,mild
Epidermis,cs2,False,184,76,0.41304347826086957,4,2004,mild
Epidermis,gt450,True,184,115,0.625,4,2004,mild
Epidermis,nz20,False,184,66,0.358695652173913,4,2004,mild
Epidermis,nz210,True,184,105,0.5706521739130435,4,2004,mild
Epidermis,p1000,False,184,78,0.42391304347826086,4,2004,mild
Inflamm/Necrosis,cs2,True,71,43,0.6056338028169014,4,2004,mild
Inflamm/Necrosis,gt450,True,71,42,0.5915492957746479,4,2004,mild
Inflamm/Necrosis,nz20,False,71,26,0.36619718309859156,4,2004,mild
Inflamm/Necrosis,nz210,False,71,28,0.39436619718309857,4,2004,mild
Inflamm/Necrosis,p1000,False,71,31,0.43661971830985913,4,2004,mild
SCC,cs2,True,200,130,0.65,4,2004,mild
SCC,gt450,False,200,86,0.43,4,2004,mild
SCC,nz20,False,200,76,0.38,4,2004,mild
SCC,nz210,False,200,78,0.39,4,2004,mild
SCC,p1000,True,200,110,0.55,4,2004,mild
Subcutis,cs2,False,77,33,0.42857142857142855,4,2004,mild
Subcutis,gt450,True,77,50,0.6493506493506493,4,2004,mild
Subcutis,nz20,True,77,42,0.5454545454545454,4,2004,mild
Subcutis,nz210,False,77,33,0.42857142857142855,4,2004,mild
Subcutis,p1000,False,77,26,0.33766233766233766,4,2004,mild
Bone,cs2,False,32,9,0.28125,4,2004,moderate
Bone,gt450,False,32,4,0.125,4,2004,moderate
Bone,nz20,True,32,27,0.84375,4,2004,moderate
Bone,nz210,True,32,24,0.75,4,2004,moderate
Bone,p1000,False,32,6,0.1875,4,2004,moderate
Dermis,cs2,False,70,10,0.14285714285714285,4,2004,moderate
Dermis,gt450,True,70,58,0.8285714285714286,4,2004,moderate
Dermis,nz20,False,70,12,0.17142857142857143,4,2004,moderate
Dermis,nz210,False,70,19,0.2714285714285714,4,2004,moderate
Dermis,p1000,True,70,54,0.7714285714285715,4,2004,moderate
Epidermis,cs2,False,184,37,0.20108695652173914,4,2004,moderate
Epidermis,gt450,False,184,36,0.1956521739130435,4,2004,moderate
Epidermis,nz20,False,184,37,0.20108695652173914,4,2004,moderate
Epidermis,nz210,True,184,150,0.8152173913043478,4,2004,moderate
Epidermis,p1000,True,184,144,0.782608695652174,4,2004,moderate
Inflamm/Necrosis,cs2,False,71,12,0.16901408450704225,4,2004,moderate
Inflamm/Necrosis,gt450,False,71,11,0.15492957746478872,4,2004,moderate
Inflamm/Necrosis,nz20,True,71,53,0.7464788732394366,4,2004,moderate
Inflamm/Necrosis,nz210,False,71,19,0.2676056338028169,4,2004,moderate
Inflamm/Necrosis,p1000,True,71,60,0.8450704225352113,4,2004,moderate
SCC,cs2,False,200,38,0.19,4,2004,moderate
SCC,gt450,True,200,153,0.765,4,2004,moderate
SCC,nz20,False,200,45,0.225,4,2004,moderate
SCC,nz210,False,200,36,0.18,4,2004,moderate
SCC,p1000,True,200,167,0.835,4,2004,moderate
Subcutis,cs2,False,77,13,0.16883116883116883,4,2004,moderate
Subcutis,gt450,True,77,62,0.8051948051948052,4,2004,moderate
Subcutis,nz20,True,77,61,0.7922077922077922,4,2004,moderate
Subcutis,nz210,False,77,15,0.19480519480519481,4,2004,moderate
Subcutis,p1000,False,77,18,0.23376623376623376,4,2004,moderate
Bone,cs2,False,32,1,0.03125,4,2004,severe
Bone,gt450,False,32,1,0.03125,4,2004,severe
Bone,nz20,True,32,30,0.9375,4,2004,severe
Bone,nz210,True,32,30,0.9375,4,2004,severe
Bone,p1000,False,32,2,0.0625,4,2004,severe
Dermis,cs2,False,70,2,0.02857142857142857,4,2004,severe
Dermis,gt450,True,70,67,0.9571428571428572,4,2004,severe
Dermis,nz20,False,70,3,0.04285714285714286,4,2004,severe
Dermis,nz210,True,70,66,0.9428571428571428,4,2004,severe
Dermis,p1000,False,70,5,0.07142857142857142,4,2004,severe
Epidermis,cs2,False,184,9,0.04891304347826087,4,2004,severe
Epidermis,gt450,False,184,9,0.04891304347826087,4,2004,severe
Epidermis,nz20,False,184,9,0.04891304347826087,4,2004,severe
Epidermis,nz210,True,184,173,0.9402173913043478,4,2004,severe
Epidermis,p1000,True,184,176,0.9565217391304348,4,2004,severe
Inflamm/Necrosis,cs2,True,71,67,0.9436619718309859,4,2004,severe
Inflamm/Necrosis,gt450,False,71,4,0.056338028169014086,4,2004,severe
Inflamm/Necrosis,nz20,True,71,67,0.9436619718309859,4,2004,severe
Inflamm/Necrosis,nz210,False,71,0,0.0,4,2004,severe
Inflamm/Necrosis,p1000,False,71,6,0.08450704225352113,4,2004,severe
SCC,cs2,True,200,189,0.945,4,2004,severe
SCC,gt450,False,200,10,0.05,4,2004,severe
SCC,nz20,False,200,8,0.04,4,2004,severe
SCC,nz210,True,200,191,0.955,4,2004,severe
SCC,p1000,False,200,12,0.06,4,2004,severe
Subcutis,cs2,False,77,5,0.06493506493506493,4,2004,severe
Subcutis,gt450,False,77,2,0.025974025974025976,4,2004,severe
Subcutis,nz20,True,77,72,0.935064935064935,4,2004,severe
Subcutis,nz210,False,77,4,0.05194805194805195,4,2004,severe
Subcutis,p1000,True,77,74,0.961038961038961,4,2004,severe
Bone,cs2,False,32,11,0.34375,4,2005,mild
Bone,gt450,True,32,16,0.5,4,2005,mild
Bone,nz20,False,32,14,0.4375,4,2005,mild
Bone,nz210,True,32,22,0.6875,4,2005,mild
Bone,p1000,False,32,13,0.40625,4,2005,mild
Dermis,cs2,True,70,41,0.5857142857142857,4,2005,mild
Dermis,gt450,False,70,35,0.5,4,2005,mild
Dermis,nz20,True,70,43,0.6142857142857143,4,2005,mild
Dermis,nz210,False,70,27,0.38571428571428573,4,2005,mild
Dermis,p1000,False,70,22,0.3142857142857143,4,2005,mild
Epidermis,cs2,False,184,65,0.3532608695652174,4,2005,mild
Epidermis,gt450,True,184,113,0.6141304347826086,4,2005,mild
Epidermis,nz20,False,184,75,0.4076086956521739,4,2005,mild
Epidermis,nz210,True,184,107,0.5815217391304348,4,2005,mild
Epidermis,p1000,False,184,80,0.43478260869565216,4,2005,mild
Inflamm/Necrosis,cs2,False,71,24,0.3380281690140845,4,2005,mild
Inflamm/Necrosis,gt450,False,71,33,0.4647887323943662,4,2005,mild
Inflamm/Necrosis,nz20,True,71,45,0.6338028169014085,4,2005,mild
Inflamm/Necrosis,nz210,True,71,40,0.5633802816901409,4,2005,mild
Inflamm/Necrosis,p1000,False,71,28,0.39436619718309857,4,2005,mild
SCC,cs2,False,200,78,0.39,4,2005,mild
SCC,gt450,True,200,129,0.645,4,2005,mild
SCC,nz20,True,200,111,0.555,4,2005,mild
SCC,nz210,False,200,81,0.405,4,2005,mild
SCC,p1000,False,200,81,0.405,4,2005,mild
Subcutis,cs2,True,77,50,0.6493506493506493,4,2005,mild
Subcutis,gt450,False,77,28,0.36363636363636365,4,2005,mild
Subcutis,nz20,False,77,32,0.4155844155844156,4,2005,mild
Subcutis,nz210,False,77,32,0.4155844155844156,4,2005,mild
Subcutis,p1000,True,77,42,0.5454545454545454,4,2005,mild
Bone,cs2,False,32,3,0.09375,4,2005,moderate
Bone,gt450,True,32,27,0.84375,4,2005,moderate
Bone,nz20,False,32,8,0.25,4,2005,moderate
Bone,nz210,True,32,24,0.75,4,2005,moderate
Bone,p1000,False,32,8,0.25,4,2005,moderate
Dermis,cs2,True,70,55,0.7857142857142857,4,2005,moderate
Dermis,gt450,True,70,57,0.8142857142857143,4,2005,moderate
Dermis,nz20,False,70,13,0.18571428571428572,4,2005,moderate
Dermis,nz210,False,70,13,0.18571428571428572,4,2005,moderate
Dermis,p1000,False,70,15,0.21428571428571427,4,2005,moderate
Epidermis,cs2,False,184,34,0.18478260869565216,4,2005,moderate
Epidermis,gt450,False,184,36,0.1956521739130435,4,2005,moderate
Epidermis,nz20,True,184,146,0.7934782608695652,4,2005,moderate
Epidermis,nz210,False,184,40,0.21739130434782608,4,2005,moderate
Epidermis,p1000,True,184,148,0.8043478260869565,4,2005,moderate
Inflamm/Necrosis,cs2,True,71,58,0.8169014084507042,4,2005,moderate
Inflamm/Necrosis,gt450,True,71,55,0.7746478873239436,4,2005,moderate
Inflamm/Necrosis,nz20,False,71,17,0.23943661971830985,4,2005,moderate
Inflamm/Necrosis,nz210,False,71,9,0.1267605633802817,4,2005,moderate
Inflamm/Necrosis,p1000,False,71,16,0.22535211267605634,4,2005,moderate
SCC,cs2,False,200,36,0.18,4,2005,moderate
SCC,gt450,False,200,55,0.275,4,2005,moderate
SCC,nz20,True,200,160,0.8,4,2005,moderate
SCC,nz210,False,200,28,0.14,4,2005,moderate
SCC,p1000,True,200,160,0.8,4,2005,moderate
Subcutis,cs2,False,77,17,0.22077922077922077,4,2005,moderate
Subcutis,gt450,True,77,59,0.7662337662337663,4,2005,moderate
Subcutis,nz20,True,77,64,0.8311688311688312,4,2005,moderate
Subcutis,nz210,False,77,10,0.12987012987012986,4,2005,moderate
Subcutis,p1000,False,77,19,0.24675324675324675,4,2005,moderate
Bone,cs2,False,32,1,0.03125,4,2005,severe
Bone,gt450,True,32,31,0.96875,4,2005,severe
Bone,nz20,False,32,1,0.03125,4,2005,severe
Bone,nz210,True,32,29,0.90625,4,2005,severe
Bone,p1000,False,32,2,0.0625,4,2005,severe
Dermis,cs2,True,70,66,0.9428571428571428,4,2005,severe
Dermis,gt450,False,70,5,0.07142857142857142,4,2005,severe
Dermis,nz20,True,70,67,0.9571428571428572,4,2005,severe
Dermis,nz210,False,70,3,0.04285714285714286,4,2005,severe
Dermis,p1000,False,70,2,0.02857142857142857,4,2005,severe
Epidermis,cs2,False,184,9,0.04891304347826087,4,2005,severe
Epidermis,gt450,False,184,10,0.05434782608695652,4,2005,severe
Epidermis,nz20,True,184,176,0.9565217391304348,4,2005,severe
Epidermis,nz210,False,184,8,0.043478260869565216,4,2005,severe
Epidermis,p1000,True,184,173,0.9402173913043478,4,2005,severe
Inflamm/Necrosis,cs2,False,71,5,0.07042253521126761,4,2005,severe
Inflamm/Necrosis,gt450,False,71,3,0.04225352112676056,4,2005,severe
Inflamm/Necrosis,nz20,True,71,67,0.9436619718309859,4,2005,severe
Inflamm/Necrosis,nz210,False,71,2,0.028169014084507043,4,2005,severe
Inflamm/Necrosis,p1000,True,71,67,0.9436619718309859,4,2005,severe
SCC,cs2,True,200,188,0.94,4,2005,severe
SCC,gt450,False,200,10,0.05,4,2005,severe
SCC,nz20,True,200,192,0.96,4,2005,severe
SCC,nz210,False,200,9,0.045,4,2005,severe
SCC,p1000,False,200,11,0.055,4,2005,severe
Subcutis,cs2,True,77,73,0.948051948051948,4,2005,severe
Subcutis,gt450,False,77,2,0.025974025974025976,4,2005,severe
Subcutis,nz20,True,77,73,0.948051948051948,4,2005,severe
Subcutis,nz210,False,77,7,0.09090909090909091,4,2005,severe
Subcutis,p1000,False,77,2,0.025974025974025976,4,2005,severe
