cell_key,acquisition_dim,cross_covariance_weight,fold,seed,epochs,run_id,code_commit,environment_sha256,dataset_name,dataset_source_sha256,split_manifest_sha256,pair_assignments_sha256,biological_scanner_balanced_accuracy,biological_scanner_macro_f1,biological_category_balanced_accuracy,biological_category_macro_f1,biological_category_weighted_f1,biological_same_category_purity_k1,biological_same_category_purity_k5,biological_same_category_purity_k10,acquisition_scanner_balanced_accuracy,acquisition_scanner_macro_f1,acquisition_category_balanced_accuracy,acquisition_category_macro_f1,acquisition_category_weighted_f1,acquisition_same_category_purity_k1,acquisition_same_category_purity_k5,acquisition_same_category_purity_k10
dim16-xcov0-fold0-seed911,16,0.0,0,911,75,parun-v1-ec895c446a2fb32716d4048c8bf19432e24187da819b5a73d11701f161d85dac,ebead9009ee83816f5ac1ad5ca37e0cb8e7950fa,9654a265840ef7d8b1fb47e67bbb76458965a62afd55c36c11a398c91dfc98a6,canine_cutaneous_scc_dinov2_paired_acquisition,5db383771614a9018a72d57ba8dd45c8f89adb4cb665103133aa8188496e3e80,19306704f6dc919790d13d0f77bfe2b6975b0fbf34388553f0a31aced97a7081,d569107cee1d5c33dc8acb011b678be13c8287cdff20ecd0d74c69622c527681,0.3666666666666667,0.3621592680388174,0.3201155798300783,0.23460755532561867,0.2865933115341711,0.9611111111111111,0.875,0.7183333333333334,0.8097222222222223,0.8086953193774942,0.30629827319872005,0.22195287817153606,0.2186610315229183,0.4375,0.4002777777777778,0.3626388888888889
dim16-xcov0-fold0-seed912,16,0.0,0,912,75,parun-v1-61f3dca7cfcaf8bd74bbb6f7a070b83c8b07ba66a1c6b2318b5b6fe756a320bd,ebead9009ee83816f5ac1ad5ca37e0cb8e7950fa,9654a265840ef7d8b1fb47e67bbb76458965a62afd55c36c11a398c91dfc98a6,canine_cutaneous_scc_dinov2_paired_acquisition,5db383771614a9018a72d57ba8dd45c8f89adb4cb665103133aa8188496e3e80,19306704f6dc919790d13d0f77bfe2b6975b0fbf34388553f0a31aced97a7081,fa4685584229e9ec5493f5f4b7f8bb9add4374fa9aeae6e2719792c727a859b7,0.3472222222222222,0.3423682339956574,0.2965874296590533,0.2495999231236298,0.2728835742838543,0.9597222222222223,0.8766666666666667,0.7098611111111112,0.8236111111111111,0.8234244857044091,0.3243207731067711,0.23037272366505687,0.21971798351096178,0.4041666666666667,0.3972222222222222,0.36875
dim16-xcov0-fold0-seed913,16,0.0,0,913,75,parun-v1-24a846f1c03508e5deb2d1000279880456f0e0da21eff0b5fb290decac091058,ebead9009ee83816f5ac1ad5ca37e0cb8e7950fa,9654a265840ef7d8b1fb47e67bbb76458965a62afd55c36c11a398c91dfc98a6,canine_cutaneous_scc_dinov2_paired_acquisition,5db383771614a9018a72d57ba8dd45c8f89adb4cb665103133aa8188496e3e80,19306704f6dc919790d13d0f77bfe2b6975b0fbf34388553f0a31aced97a7081,aaf93a6fcf6e2a9d2a9fde816f911dde3574a64434ebab8795e3d83dc62e9153,0.35138888888888886,0.34730418173115646,0.2930116959064328,0.22213155814928975,0.2779314309268164,0.9611111111111111,0.8819444444444444,0.7279166666666667,0.8319444444444445,0.831564380289541,0.24992611901872083,0.16585123560057988,0.16154910572398,0.4152777777777778,0.3902777777777778,0.35555555555555557
dim16-xcov0-fold0-seed914,16,0.0,0,914,75,parun-v1-c23a9fb7df8d955faed711c1752960239ed00a7d33a7cac52bc43a85a36065f1,ebead9009ee83816f5ac1ad5ca37e0cb8e7950fa,9654a265840ef7d8b1fb47e67bbb76458965a62afd55c36c11a398c91dfc98a6,canine_cutaneous_scc_dinov2_paired_acquisition,5db383771614a9018a72d57ba8dd45c8f89adb4cb665103133aa8188496e3e80,19306704f6dc919790d13d0f77bfe2b6975b0fbf34388553f0a31aced97a7081,471e2cdd2fc6bef98846edeb5ba50f18c4f8656d7f52de795c18ce01d5c0e27c,0.36111111111111105,0.34845916437887564,0.3352838234212365,0.25480934941141803,0.2983462933865556,0.9527777777777777,0.8702777777777778,0.7,0.8291666666666668,0.8280710015450408,0.29838730736694985,0.21207735526790022,0.22072833968496838,0.4222222222222222,0.4263888888888889,0.3823611111111111
dim16-xcov0-fold0-seed915,16,0.0,0,915,75,parun-v1-680f8f93f09b27cfe8f91ba37d7781133d2d91167c23a2f66488c6ea59f90580,ebead9009ee83816f5ac1ad5ca37e0cb8e7950fa,9654a265840ef7d8b1fb47e67bbb76458965a62afd55c36c11a398c91dfc98a6,canine_cutaneous_scc_dinov2_paired_acquisition,5db383771614a9018a72d57ba8dd45c8f89adb4cb665103133aa8188496e3e80,19306704f6dc919790d13d0f77bfe2b6975b0fbf34388553f0a31aced97a7081,69e1fa8bfef235e1dcf46339bf46496ef60dc50aa1033dbc9113bcc9dcb09f09,0.3736111111111111,0.3698247465879289,0.3115607874508073,0.23014509340275366,0.2827000143952383,0.9486111111111111,0.8777777777777778,0.7270833333333333,0.8069444444444445,0.8067009045424497,0.31187465519143776,0.20414853244841533,0.19040672060313166,0.43194444444444446,0.3958333333333333,0.36569444444444443
dim16-xcov0-fold1-seed911,16,0.0,1,911,75,parun-v1-3cdacea862dbf7c24b3fec406442ada794829e7c4aa7e9cbfdcc8d644096d1d2,ebead9009ee83816f5ac1ad5ca37e0cb8e7950fa,9654a265840ef7d8b1fb47e67bbb76458965a62afd55c36c11a398c91dfc98a6,canine_cutaneous_scc_dinov2_paired_acquisition,5db383771614a9018a72d57ba8dd45c8f89adb4cb665103133aa8188496e3e80,96501c9be1258f74c119d9f88a61c6945cf51f8c56ab53147b6c0b10792b3212,4b71f8ec363b6ac63db9f82872fa5c7ab5807a34e9ec5b0b43d6868e5fdbb9c2,0.37037037037037035,0.36893065312998163,0.34192433137638617,0.30010386925414423,0.4499606981809811,0.9915343915343915,0.9064550264550264,0.7577777777777778,0.8476190476190476,0.8471171155993247,0.3032911502500544,0.2226256498139914,0.3063859163129248,0.4486772486772487,0.38116402116402115,0.3529100529100529
dim16-xcov0-fold1-seed912,16,0.0,1,912,75,parun-v1-8197096270ab0870ee99248de16e974a7035bef20df13ca4abcd7fa677c8cf56,ebead9009ee83816f5ac1ad5ca37e0cb8e7950fa,9654a265840ef7d8b1fb47e67bbb76458965a62afd55c36c11a398c91dfc98a6,canine_cutaneous_scc_dinov2_paired_acquisition,5db383771614a9018a72d57ba8dd45c8f89adb4cb665103133aa8188496e3e80,96501c9be1258f74c119d9f88a61c6945cf51f8c56ab53147b6c0b10792b3212,f8c616da5b2df50729c7df94506e219d3178fc5210df108a9bd19fdc705bc64c,0.33756613756613757,0.3333151326099423,0.3522061317677756,0.36214086139253876,0.4525301752971709,0.9915343915343915,0.904973544973545,0.7643386243386243,0.855026455026455,0.8546266733424274,0.28928462709284625,0.24183113110133297,0.3552332612940142,0.4783068783068783,0.39724867724867724,0.36772486772486773
dim16-xcov0-fold1-seed913,16,0.0,1,913,75,parun-v1-8fbd6663b5a715a558b0c4907efebcbc5d218128ae56f77a08eeb5b4e640b5e9,ebead9009ee83816f5ac1ad5ca37e0cb8e7950fa,9654a265840ef7d8b1fb47e67bbb76458965a62afd55c36c11a398c91dfc98a6,canine_cutaneous_scc_dinov2_paired_acquisition,5db383771614a9018a72d57ba8dd45c8f89adb4cb665103133aa8188496e3e80,96501c9be1258f74c119d9f88a61c6945cf51f8c56ab53147b6c0b10792b3212,15982657a25be52fa73802a18ef4fdcdff3af4a7333ae1226cea85949040fe89,0.40740740740740733,0.40935894702740594,0.3839539030223961,0.3870371958463345,0.48710258493194264,0.9925925925925926,0.9058201058201059,0.7621164021164021,0.8444444444444443,0.8436779305584867,0.2404848880191346,0.20957249675212467,0.2953329452240964,0.4486772486772487,0.39132275132275135,0.3576719576719577
dim16-xcov0-fold1-seed914,16,0.0,1,914,75,parun-v1-8d328c68a3edbf48c70078fec319894893c211d94f29dc12856b13c0a0c02aed,ebead9009ee83816f5ac1ad5ca37e0cb8e7950fa,9654a265840ef7d8b1fb47e67bbb76458965a62afd55c36c11a398c91dfc98a6,canine_cutaneous_scc_dinov2_paired_acquisition,5db383771614a9018a72d57ba8dd45c8f89adb4cb665103133aa8188496e3e80,96501c9be1258f74c119d9f88a61c6945cf51f8c56ab53147b6c0b10792b3212,b6d68ca618d55dba9f14a3abab5eab20c9dd642686516063f1b5e92b03aa852a,0.3915343915343915,0.38447970927960645,0.3740300065231572,0.3734590750299982,0.47144360026534005,0.9915343915343915,0.9024338624338625,0.7607407407407407,0.8497354497354497,0.848905800976234,0.24687584257447268,0.19663119044887548,0.2791861383272725,0.4560846560846561,0.4,0.3664550264550265
dim16-xcov0-fold1-seed915,16,0.0,1,915,75,parun-v1-6e48207ed52fa86f1e90e6ea2085649e64898b22c21895ebae94984e3ce7b3d1,ebead9009ee83816f5ac1ad5ca37e0cb8e7950fa,9654a265840ef7d8b1fb47e67bbb76458965a62afd55c36c11a398c91dfc98a6,canine_cutaneous_scc_dinov2_paired_acquisition,5db383771614a9018a72d57ba8dd45c8f89adb4cb665103133aa8188496e3e80,96501c9be1258f74c119d9f88a61c6945cf51f8c56ab53147b6c0b10792b3212,41209e4d02ee396812654aa1c5f410b4b06c2428fbd18ad896ed92231aa7e68d,0.38201058201058197,0.3740062229400823,0.3840173950858883,0.38657467275888324,0.47897332473355864,0.9936507936507937,0.8996825396825396,0.7488888888888889,0.8529100529100528,0.8525237000873116,0.2789049793433355,0.22680289810965812,0.31710685793283794,0.4507936507936508,0.38941798941798944,0.3602116402116402
dim16-xcov0-fold2-seed911,16,0.0,2,911,75,parun-v1-a400fca73eed184933fc987dd7e3f584111106fe20ee385dab83ce9d2e541f06,ebead9009ee83816f5ac1ad5ca37e0cb8e7950fa,9654a265840ef7d8b1fb47e67bbb76458965a62afd55c36c11a398c91dfc98a6,canine_cutaneous_scc_dinov2_paired_acquisition,5db383771614a9018a72d57ba8dd45c8f89adb4cb665103133aa8188496e3e80,6d6c2bc39de24244e414816dd4386fd0a61c94fc2e7d66f6e88aef61f66e1f3e,93e99ccaaa2200a6a9d2e8fd3c1050764304a1915e0fa320a1ab37f96adf9f57,0.33655172413793105,0.3369346176707246,0.49309246309246313,0.4903476591767582,0.49430091925951813,0.9572413793103448,0.8926896551724138,0.7475862068965518,0.8510344827586206,0.8512231729757446,0.4421820771820772,0.303724202940857,0.3289031892646017,0.44,0.38013793103448273,0.3353103448275862
dim16-xcov0-fold2-seed912,16,0.0,2,912,75,parun-v1-3c14e0f1c97edbe667ed08692135776de50b99eb757fa97e9427dd0d4a5a2d06,ebead9009ee83816f5ac1ad5ca37e0cb8e7950fa,9654a265840ef7d8b1fb47e67bbb76458965a62afd55c36c11a398c91dfc98a6,canine_cutaneous_scc_dinov2_paired_acquisition,5db383771614a9018a72d57ba8dd45c8f89adb4cb665103133aa8188496e3e80,6d6c2bc39de24244e414816dd4386fd0a61c94fc2e7d66f6e88aef61f66e1f3e,a8cc4504a50f85b3737249d3bd3e015b1f8d0a87d9b6a9d2a79b6f287630c7c9,0.3544827586206896,0.35164004617441735,0.48584693084693087,0.47820117277948154,0.48421295429823424,0.9544827586206897,0.8921379310344828,0.7430344827586207,0.8565517241379311,0.8568520630759944,0.45673012173012184,0.3388746973619941,0.3822991226445323,0.4317241379310345,0.37324137931034485,0.3387586206896552
dim16-xcov0-fold2-seed913,16,0.0,2,913,75,parun-v1-1e2557cbc1e3761bc00667826d331e0fda5f65387b5969fcfffdcab474ff05dd,ebead9009ee83816f5ac1ad5ca37e0cb8e7950fa,9654a265840ef7d8b1fb47e67bbb76458965a62afd55c36c11a398c91dfc98a6,canine_cutaneous_scc_dinov2_paired_acquisition,5db383771614a9018a72d57ba8dd45c8f89adb4cb665103133aa8188496e3e80,6d6c2bc39de24244e414816dd4386fd0a61c94fc2e7d66f6e88aef61f66e1f3e,1b7e89fba89f7566ae185fc800936c590fe515220ab53f006ebc3133b8da59fc,0.31724137931034485,0.3141949051677631,0.43516835016835015,0.36569828380388864,0.43900441058707657,0.9586206896551724,0.8929655172413793,0.744551724137931,0.8579310344827586,0.8582691622103387,0.40582880082880085,0.2885571977221235,0.3379801992574071,0.40551724137931033,0.3627586206896552,0.32441379310344826
dim16-xcov0-fold2-seed914,16,0.0,2,914,75,parun-v1-ca8f33dba412876353047baf0f09858e1acd45fb5543b700cc68b1482f6ecf25,ebead9009ee83816f5ac1ad5ca37e0cb8e7950fa,9654a265840ef7d8b1fb47e67bbb76458965a62afd55c36c11a398c91dfc98a6,canine_cutaneous_scc_dinov2_paired_acquisition,5db383771614a9018a72d57ba8dd45c8f89adb4cb665103133aa8188496e3e80,6d6c2bc39de24244e414816dd4386fd0a61c94fc2e7d66f6e88aef61f66e1f3e,c789db08d9ef36d74d4c6c3b9858511f08661765bac3ee799dc3a9982143160a,0.383448275862069,0.37715024273264425,0.4745661745661745,0.40891147989295434,0.47410924506390884,0.9558620689655173,0.8976551724137931,0.7452413793103448,0.8524137931034483,0.8519584795763109,0.4065475265475265,0.30629917496325854,0.36315449416966955,0.4068965517241379,0.3624827586206897,0.32786206896551723
dim16-xcov0-fold2-seed915,16,0.0,2,915,75,parun-v1-395be44e72672a9814321311c39593edf7ba14a66f4b8fba59eaa19bed8a7832,ebead9009ee83816f5ac1ad5ca37e0cb8e7950fa,9654a265840ef7d8b1fb47e67bbb76458965a62afd55c36c11a398c91dfc98a6,canine_cutaneous_scc_dinov2_paired_acquisition,5db383771614a9018a72d57ba8dd45c8f89adb4cb665103133aa8188496e3e80,6d6c2bc39de24244e414816dd4386fd0a61c94fc2e7d66f6e88aef61f66e1f3e,d336a73f85511cd34eb983aaf5e39f7ab3033271a7da72741e3648c4fe632bcc,0.3448275862068966,0.34420631664177087,0.4896386946386946,0.41304998626747585,0.48510677126610546,0.9572413793103448,0.8907586206896552,0.7380689655172413,0.8524137931034483,0.8528852775280009,0.46399248899248896,0.31277905016305724,0.3294284346651118,0.4262068965517241,0.3641379310344828,0.33048275862068965
dim16-xcov0-fold3-seed911,16,0.0,3,911,75,parun-v1-c9bf0111de6950db414647539ab4bd9431d6ee75cea8d73a77e7386eb0305a05,ebead9009ee83816f5ac1ad5ca37e0cb8e7950fa,9654a265840ef7d8b1fb47e67bbb76458965a62afd55c36c11a398c91dfc98a6,canine_cutaneous_scc_dinov2_paired_acquisition,5db383771614a9018a72d57ba8dd45c8f89adb4cb665103133aa8188496e3e80,3396e0fb34d92af27dbd982bd5cea16fbeae7cc3b4d3bb64ee9f04ca959cdaf7,788b680ccd19af1a5078a29468ccedec71924988f53e9d5a9bcec65b838a6f75,0.34487179487179487,0.3452222956985625,0.45239147257076345,0.34178992679872194,0.44200234433939145,0.9910256410256411,0.9215384615384615,0.7833333333333333,0.876923076923077,0.8773522817790017,0.25226372740877173,0.14941086443437449,0.17004792763010834,0.5102564102564102,0.4717948717948718,0.45384615384615384
dim16-xcov0-fold3-seed912,16,0.0,3,912,75,parun-v1-2cf563d1ed0098e2e3da9f3c4af3b6c563a3c879e8dafd06d646459c9b6a3e3f,ebead9009ee83816f5ac1ad5ca37e0cb8e7950fa,9654a265840ef7d8b1fb47e67bbb76458965a62afd55c36c11a398c91dfc98a6,canine_cutaneous_scc_dinov2_paired_acquisition,5db383771614a9018a72d57ba8dd45c8f89adb4cb665103133aa8188496e3e80,3396e0fb34d92af27dbd982bd5cea16fbeae7cc3b4d3bb64ee9f04ca959cdaf7,9143cda1072e3664a49e6e3b2d1d8494f0763cee9176381e29119d33155f8fac,0.3602564102564102,0.35672773876300246,0.39813568806518035,0.3426240714836948,0.38258521816794266,0.9935897435897436,0.9294871794871795,0.8002564102564103,0.8884615384615385,0.8888594964991914,0.3387830154893008,0.2099794532805189,0.2442073567652587,0.5025641025641026,0.47846153846153844,0.45897435897435895
dim16-xcov0-fold3-seed913,16,0.0,3,913,75,parun-v1-2f798737adbdf947b3afd8325a339162e6d0b4ac999ecf62519616da4e10122c,ebead9009ee83816f5ac1ad5ca37e0cb8e7950fa,9654a265840ef7d8b1fb47e67bbb76458965a62afd55c36c11a398c91dfc98a6,canine_cutaneous_scc_dinov2_paired_acquisition,5db383771614a9018a72d57ba8dd45c8f89adb4cb665103133aa8188496e3e80,3396e0fb34d92af27dbd982bd5cea16fbeae7cc3b4d3bb64ee9f04ca959cdaf7,47c382edc2395527f2c22f60c32f9c18fc1f027496589778ff6018dd434a35ba,0.3551282051282051,0.3543232454323465,0.3962889310975532,0.3391378777777699,0.3967565242027981,0.9935897435897436,0.9256410256410257,0.7937179487179488,0.8653846153846155,0.8661861685382162,0.31986005056512706,0.19085946099204984,0.2054967228898357,0.5371794871794872,0.4905128205128205,0.4691025641025641
dim16-xcov0-fold3-seed914,16,0.0,3,914,75,parun-v1-efecd572f5ba6f6af76b25087288f0d272a97738bcd20ea534a8744144cc0cbd,ebead9009ee83816f5ac1ad5ca37e0cb8e7950fa,9654a265840ef7d8b1fb47e67bbb76458965a62afd55c36c11a398c91dfc98a6,canine_cutaneous_scc_dinov2_paired_acquisition,5db383771614a9018a72d57ba8dd45c8f89adb4cb665103133aa8188496e3e80,3396e0fb34d92af27dbd982bd5cea16fbeae7cc3b4d3bb64ee9f04ca959cdaf7,d78a282b3884d291121ce06532ba18e7f669118925ae184dacc36cd7c6b6b431,0.3858974358974359,0.38516076323621823,0.41650082711928005,0.37648465349343674,0.43776188187853093,0.9961538461538462,0.9164102564102564,0.7767948717948718,0.8794871794871796,0.8798077093438907,0.28531744965870676,0.180683389373915,0.21492667775972552,0.5525641025641026,0.49333333333333335,0.47333333333333333
dim16-xcov0-fold3-seed915,16,0.0,3,915,75,parun-v1-b8b3e14f2ed3b8dbf05f91f61ee4a02447636571c17120fe0161f08810305cbb,ebead9009ee83816f5ac1ad5ca37e0cb8e7950fa,9654a265840ef7d8b1fb47e67bbb76458965a62afd55c36c11a398c91dfc98a6,canine_cutaneous_scc_dinov2_paired_acquisition,5db383771614a9018a72d57ba8dd45c8f89adb4cb665103133aa8188496e3e80,3396e0fb34d92af27dbd982bd5cea16fbeae7cc3b4d3bb64ee9f04ca959cdaf7,eb78143a1b9c18c92198ec81bb92c912e3219330c6e15c3b8beac6d2a6cc0cc4,0.3576923076923077,0.35073618479895263,0.4164535342295213,0.3060520794022567,0.40567823571826367,0.9948717948717949,0.9202564102564103,0.7876923076923077,0.8782051282051281,0.8784020949281027,0.32619720186400275,0.19424487339676338,0.19768343802990207,0.5461538461538461,0.4982051282051282,0.48115384615384615
dim16-xcov0-fold4-seed911,16,0.0,4,911,75,parun-v1-74991e8969fabc2b02d2980d7ffc207c1bdb78e987e508efe89a5add4d13a682,ebead9009ee83816f5ac1ad5ca37e0cb8e7950fa,9654a265840ef7d8b1fb47e67bbb76458965a62afd55c36c11a398c91dfc98a6,canine_cutaneous_scc_dinov2_paired_acquisition,5db383771614a9018a72d57ba8dd45c8f89adb4cb665103133aa8188496e3e80,a382ed29bc8bd74178282183fcbb9d2a3f66665391a4be234acdb6f3eac995f6,6acf6c0707388b5254a70464d25d2a7986f98adff8089ea2d85596136ef93103,0.3567251461988304,0.35680560240215525,0.36894246068132,0.33627086349642504,0.43310737524521703,0.968421052631579,0.8893567251461988,0.752046783625731,0.8912280701754387,0.891180045189769,0.24771669009923183,0.22610019754923702,0.3178856316105631,0.43742690058479533,0.3719298245614035,0.3452631578947368
dim16-xcov0-fold4-seed912,16,0.0,4,912,75,parun-v1-458227dae33602974e9d3325c8b08a6d8e953ee5c22760b6b2f465e981145731,ebead9009ee83816f5ac1ad5ca37e0cb8e7950fa,9654a265840ef7d8b1fb47e67bbb76458965a62afd55c36c11a398c91dfc98a6,canine_cutaneous_scc_dinov2_paired_acquisition,5db383771614a9018a72d57ba8dd45c8f89adb4cb665103133aa8188496e3e80,a382ed29bc8bd74178282183fcbb9d2a3f66665391a4be234acdb6f3eac995f6,7977eb2ed6639764823c063e8735c9fa703f2f3f8617fd7b6fbccd2612df7bc9,0.3590643274853801,0.3520389838068172,0.3345389373550019,0.3104180113288456,0.4001054106796381,0.9625730994152046,0.8872514619883041,0.7469005847953216,0.8807017543859649,0.8802274793751304,0.3501424758178838,0.2794669338664405,0.358640540186215,0.4456140350877193,0.359766081871345,0.33017543859649123
dim16-xcov0-fold4-seed913,16,0.0,4,913,75,parun-v1-7411aa9ebd3d00cea47e7c1ed1faab0c4fc7aeae96cce5f0bc1ef01c5d3d1a9f,ebead9009ee83816f5ac1ad5ca37e0cb8e7950fa,9654a265840ef7d8b1fb47e67bbb76458965a62afd55c36c11a398c91dfc98a6,canine_cutaneous_scc_dinov2_paired_acquisition,5db383771614a9018a72d57ba8dd45c8f89adb4cb665103133aa8188496e3e80,a382ed29bc8bd74178282183fcbb9d2a3f66665391a4be234acdb6f3eac995f6,5724c813f9aa4839eeef8ab813c481c6c84936ff9e5378f71882e7e12444a99c,0.34502923976608185,0.3379266768667207,0.32381974681186126,0.31248860117368055,0.41626149240557386,0.9625730994152046,0.8858479532163742,0.7446783625730994,0.8912280701754385,0.8908028974695243,0.30025009096492683,0.21813493143065207,0.26473402606040464,0.4280701754385965,0.35789473684210527,0.33087719298245616
dim16-xcov0-fold4-seed914,16,0.0,4,914,75,parun-v1-23f5507b4da56cbfecc46c75d32cd74c0ee2b28aae5fe838d9deca632821dd3c,ebead9009ee83816f5ac1ad5ca37e0cb8e7950fa,9654a265840ef7d8b1fb47e67bbb76458965a62afd55c36c11a398c91dfc98a6,canine_cutaneous_scc_dinov2_paired_acquisition,5db383771614a9018a72d57ba8dd45c8f89adb4cb665103133aa8188496e3e80,a382ed29bc8bd74178282183fcbb9d2a3f66665391a4be234acdb6f3eac995f6,af2713044289b4bbd93440be52ac3568d0b7a4e8368c4b4de8135d354555337e,0.3567251461988304,0.3560937869133408,0.3710398644695362,0.3441740437177181,0.44827115249645216,0.9614035087719298,0.8865497076023392,0.7490058479532163,0.8842105263157893,0.8839647664896324,0.30162645871356675,0.24937280626354102,0.32775228413787244,0.4444444444444444,0.3639766081871345,0.33473684210526317
dim16-xcov0-fold4-seed915,16,0.0,4,915,75,parun-v1-3440b0cf36308e2cbb841e291d94af1720691431f30a6e22daec4401f50706d0,ebead9009ee83816f5ac1ad5ca37e0cb8e7950fa,9654a265840ef7d8b1fb47e67bbb76458965a62afd55c36c11a398c91dfc98a6,canine_cutaneous_scc_dinov2_paired_acquisition,5db383771614a9018a72d57ba8dd45c8f89adb4cb665103133aa8188496e3e80,a382ed29bc8bd74178282183fcbb9d2a3f66665391a4be234acdb6f3eac995f6,4a302cb0ad7d6b0713adcb835cee85cbc0eb1cae062a3aa7d7ef4e919c062b4e,0.34035087719298246,0.33578000799467284,0.3310691246117617,0.3186778528873818,0.42128948154317,0.9660818713450292,0.8849122807017544,0.7375438596491228,0.8842105263157893,0.8837160002719978,0.31919410605491666,0.23938043362573988,0.2879585792487447,0.4198830409356725,0.3688888888888889,0.3295906432748538
dim16-xcov0p05-fold0-seed911,16,0.05,0,911,75,parun-v1-c2049a3386ddf12039f2accb838e02617192317eb481ff81fcbeb078febbe54f,ebead9009ee83816f5ac1ad5ca37e0cb8e7950fa,9654a265840ef7d8b1fb47e67bbb76458965a62afd55c36c11a398c91dfc98a6,canine_cutaneous_scc_dinov2_paired_acquisition,5db383771614a9018a72d57ba8dd45c8f89adb4cb665103133aa8188496e3e80,19306704f6dc919790d13d0f77bfe2b6975b0fbf34388553f0a31aced97a7081,d569107cee1d5c33dc8acb011b678be13c8287cdff20ecd0d74c69622c527681,0.37777777777777777,0.3731573215715214,0.32568520357497516,0.2774603956415102,0.28828674990729947,0.9611111111111111,0.8772222222222222,0.7193055555555555,0.8236111111111111,0.8222674091405633,0.21408614237375412,0.14265238855136347,0.1327786004082102,0.36666666666666664,0.3675,0.3438888888888889
dim16-xcov0p05-fold0-seed912,16,0.05,0,912,75,parun-v1-aa8c7756fb03c4097d18ff763b0190f8eb5c4b724debc9da1eee56e40424efd4,ebead9009ee83816f5ac1ad5ca37e0cb8e7950fa,9654a265840ef7d8b1fb47e67bbb76458965a62afd55c36c11a398c91dfc98a6,canine_cutaneous_scc_dinov2_paired_acquisition,5db383771614a9018a72d57ba8dd45c8f89adb4cb665103133aa8188496e3e80,19306704f6dc919790d13d0f77bfe2b6975b0fbf34388553f0a31aced97a7081,fa4685584229e9ec5493f5f4b7f8bb9add4374fa9aeae6e2719792c727a859b7,0.35138888888888886,0.34803082585536055,0.307944366287837,0.2589660653349489,0.27614120260951447,0.9611111111111111,0.8772222222222222,0.7123611111111111,0.8416666666666668,0.8412809532435872,0.24433971459045936,0.16885007387373854,0.16421275080203787,0.37916666666666665,0.35555555555555557,0.335
dim16-xcov0p05-fold0-seed913,16,0.05,0,913,75,parun-v1-030371fcf0747ca4433f1aa0c36b6025076cea886fa0cb24d82b93e1cdbb5e1b,ebead9009ee83816f5ac1ad5ca37e0cb8e7950fa,9654a265840ef7d8b1fb47e67bbb76458965a62afd55c36c11a398c91dfc98a6,canine_cutaneous_scc_dinov2_paired_acquisition,5db383771614a9018a72d57ba8dd45c8f89adb4cb665103133aa8188496e3e80,19306704f6dc919790d13d0f77bfe2b6975b0fbf34388553f0a31aced97a7081,aaf93a6fcf6e2a9d2a9fde816f911dde3574a64434ebab8795e3d83dc62e9153,0.33611111111111114,0.33265135770766036,0.28797093953437053,0.21885406519264947,0.2728323929521075,0.9583333333333334,0.8830555555555556,0.7283333333333334,0.8291666666666666,0.8279009277774737,0.21014164735738716,0.1335514756244968,0.13207382506458754,0.4083333333333333,0.36777777777777776,0.3338888888888889
dim16-xcov0p05-fold0-seed914,16,0.05,0,914,75,parun-v1-6762d15a2b71929cf6f337f1791faeb74e7d4cbaaa666be824f41b05d8bcaf47,ebead9009ee83816f5ac1ad5ca37e0cb8e7950fa,9654a265840ef7d8b1fb47e67bbb76458965a62afd55c36c11a398c91dfc98a6,canine_cutaneous_scc_dinov2_paired_acquisition,5db383771614a9018a72d57ba8dd45c8f89adb4cb665103133aa8188496e3e80,19306704f6dc919790d13d0f77bfe2b6975b0fbf34388553f0a31aced97a7081,471e2cdd2fc6bef98846edeb5ba50f18c4f8656d7f52de795c18ce01d5c0e27c,0.3361111111111111,0.31259331382607386,0.3455410046342271,0.26098345400894984,0.304106267490033,0.9555555555555556,0.8738888888888889,0.7033333333333334,0.826388888888889,0.8245726665807167,0.2381229311486263,0.16768261421461433,0.16927761376020242,0.4111111111111111,0.38916666666666666,0.3581944444444444
dim16-xcov0p05-fold0-seed915,16,0.05,0,915,75,parun-v1-9dd844fbe9cac9e4a22e3e26c7207ec7f466204d0b02b7b56c999f1de81d59dd,ebead9009ee83816f5ac1ad5ca37e0cb8e7950fa,9654a265840ef7d8b1fb47e67bbb76458965a62afd55c36c11a398c91dfc98a6,canine_cutaneous_scc_dinov2_paired_acquisition,5db383771614a9018a72d57ba8dd45c8f89adb4cb665103133aa8188496e3e80,19306704f6dc919790d13d0f77bfe2b6975b0fbf34388553f0a31aced97a7081,69e1fa8bfef235e1dcf46339bf46496ef60dc50aa1033dbc9113bcc9dcb09f09,0.375,0.3705740071464391,0.30273348137114275,0.22632127048174358,0.27842887551726136,0.9486111111111111,0.8797222222222222,0.7266666666666667,0.8180555555555555,0.8173005000879089,0.25537025543418296,0.16503636045074935,0.15042247823059868,0.40694444444444444,0.3625,0.3309722222222222
dim16-xcov0p05-fold1-seed911,16,0.05,1,911,75,parun-v1-9afe2ee0baca88c0f146d964832be5a8c3290702e1c5fe20bc49999fd8c0c039,ebead9009ee83816f5ac1ad5ca37e0cb8e7950fa,9654a265840ef7d8b1fb47e67bbb76458965a62afd55c36c11a398c91dfc98a6,canine_cutaneous_scc_dinov2_paired_acquisition,5db383771614a9018a72d57ba8dd45c8f89adb4cb665103133aa8188496e3e80,96501c9be1258f74c119d9f88a61c6945cf51f8c56ab53147b6c0b10792b3212,4b71f8ec363b6ac63db9f82872fa5c7ab5807a34e9ec5b0b43d6868e5fdbb9c2,0.37037037037037035,0.36938330775235284,0.3382248314851055,0.3000174182815285,0.4506428655518541,0.9925925925925926,0.9066666666666666,0.7587301587301587,0.8539682539682542,0.8536792992708268,0.21511980865405522,0.1450965117007008,0.17779727407826285,0.4201058201058201,0.3314285714285714,0.3022222222222222
dim16-xcov0p05-fold1-seed912,16,0.05,1,912,75,parun-v1-c682528b4abbb5343ce0f65e8b1a279e74f239839b2277d7e7b65c83b014ef57,ebead9009ee83816f5ac1ad5ca37e0cb8e7950fa,9654a265840ef7d8b1fb47e67bbb76458965a62afd55c36c11a398c91dfc98a6,canine_cutaneous_scc_dinov2_paired_acquisition,5db383771614a9018a72d57ba8dd45c8f89adb4cb665103133aa8188496e3e80,96501c9be1258f74c119d9f88a61c6945cf51f8c56ab53147b6c0b10792b3212,f8c616da5b2df50729c7df94506e219d3178fc5210df108a9bd19fdc705bc64c,0.3492063492063492,0.34684186963955227,0.35141987388562734,0.35932989201782956,0.45027909668892907,0.9915343915343915,0.9066666666666666,0.766984126984127,0.8529100529100528,0.8524566044576394,0.20945031528593172,0.16189586221181657,0.23871515819201006,0.4074074074074074,0.34455026455026455,0.317989417989418
dim16-xcov0p05-fold1-seed913,16,0.05,1,913,75,parun-v1-642513ce99518066d9b6ab2abef17f88e4686d5563112cafa5826b759c2e6512,ebead9009ee83816f5ac1ad5ca37e0cb8e7950fa,9654a265840ef7d8b1fb47e67bbb76458965a62afd55c36c11a398c91dfc98a6,canine_cutaneous_scc_dinov2_paired_acquisition,5db383771614a9018a72d57ba8dd45c8f89adb4cb665103133aa8188496e3e80,96501c9be1258f74c119d9f88a61c6945cf51f8c56ab53147b6c0b10792b3212,15982657a25be52fa73802a18ef4fdcdff3af4a7333ae1226cea85949040fe89,0.3724867724867725,0.37229667491490753,0.3759830397912589,0.3274463664288533,0.4840406709471069,0.9936507936507937,0.9077248677248677,0.7637037037037037,0.8423280423280424,0.8415104557638339,0.1412346162209176,0.11855909336454985,0.15429090880656388,0.4,0.34645502645502646,0.3201058201058201
dim16-xcov0p05-fold1-seed914,16,0.05,1,914,75,parun-v1-7dc53281b0d051eec2ca117a969bdb158a1a4402d90646185ef6383796e84c12,ebead9009ee83816f5ac1ad5ca37e0cb8e7950fa,9654a265840ef7d8b1fb47e67bbb76458965a62afd55c36c11a398c91dfc98a6,canine_cutaneous_scc_dinov2_paired_acquisition,5db383771614a9018a72d57ba8dd45c8f89adb4cb665103133aa8188496e3e80,96501c9be1258f74c119d9f88a61c6945cf51f8c56ab53147b6c0b10792b3212,b6d68ca618d55dba9f14a3abab5eab20c9dd642686516063f1b5e92b03aa852a,0.4126984126984127,0.40405625251263083,0.3722961513372473,0.37254405536390517,0.4717702442232918,0.9925925925925926,0.9047619047619048,0.7608465608465609,0.8529100529100528,0.8524746178589858,0.21598651880843664,0.15055491026207152,0.18773847522137904,0.4074074074074074,0.3388359788359788,0.31502645502645504
dim16-xcov0p05-fold1-seed915,16,0.05,1,915,75,parun-v1-9215811d53f6cec5368d0e909153e67eed944fa8389ed1755cc29e19d06ab9b6,ebead9009ee83816f5ac1ad5ca37e0cb8e7950fa,9654a265840ef7d8b1fb47e67bbb76458965a62afd55c36c11a398c91dfc98a6,canine_cutaneous_scc_dinov2_paired_acquisition,5db383771614a9018a72d57ba8dd45c8f89adb4cb665103133aa8188496e3e80,96501c9be1258f74c119d9f88a61c6945cf51f8c56ab53147b6c0b10792b3212,41209e4d02ee396812654aa1c5f410b4b06c2428fbd18ad896ed92231aa7e68d,0.383068783068783,0.3765825022614544,0.3928358338769298,0.3923625856567748,0.4799692224145681,0.9925925925925926,0.900952380952381,0.7513227513227513,0.8476190476190476,0.8473279470328914,0.21224005218525765,0.15045955665162833,0.1999864695522648,0.382010582010582,0.3291005291005291,0.311005291005291
dim16-xcov0p05-fold2-seed911,16,0.05,2,911,75,parun-v1-01ac11777d83639b599bfeaa163f38a07832c796552abb6837a32a4501d8e7b0,ebead9009ee83816f5ac1ad5ca37e0cb8e7950fa,9654a265840ef7d8b1fb47e67bbb76458965a62afd55c36c11a398c91dfc98a6,canine_cutaneous_scc_dinov2_paired_acquisition,5db383771614a9018a72d57ba8dd45c8f89adb4cb665103133aa8188496e3e80,6d6c2bc39de24244e414816dd4386fd0a61c94fc2e7d66f6e88aef61f66e1f3e,93e99ccaaa2200a6a9d2e8fd3c1050764304a1915e0fa320a1ab37f96adf9f57,0.3503448275862069,0.34903328805912887,0.5041958041958042,0.5019014791423185,0.49391164433371726,0.9586206896551724,0.894896551724138,0.7488275862068966,0.8675862068965516,0.8674782270461531,0.2995959595959596,0.18151357772499943,0.18210160238706452,0.34206896551724136,0.3106206896551724,0.2868965517241379
dim16-xcov0p05-fold2-seed912,16,0.05,2,912,75,parun-v1-af7b0288a7fee42ee4e28173b048f6fe76fdde20e551a4833192889cd4c450af,ebead9009ee83816f5ac1ad5ca37e0cb8e7950fa,9654a265840ef7d8b1fb47e67bbb76458965a62afd55c36c11a398c91dfc98a6,canine_cutaneous_scc_dinov2_paired_acquisition,5db383771614a9018a72d57ba8dd45c8f89adb4cb665103133aa8188496e3e80,6d6c2bc39de24244e414816dd4386fd0a61c94fc2e7d66f6e88aef61f66e1f3e,a8cc4504a50f85b3737249d3bd3e015b1f8d0a87d9b6a9d2a79b6f287630c7c9,0.33793103448275863,0.3306278174651494,0.49161098161098166,0.48650893752361996,0.4905063583546176,0.9544827586206897,0.8921379310344828,0.7419310344827587,0.8606896551724137,0.8607778483879309,0.2981714581714581,0.1967126441734401,0.20269324437753014,0.3724137931034483,0.3180689655172414,0.2922758620689655
dim16-xcov0p05-fold2-seed913,16,0.05,2,913,75,parun-v1-f3d5786559e6fef7494df02450fff8b8ba909c69f57af5956431ee06615e57c4,ebead9009ee83816f5ac1ad5ca37e0cb8e7950fa,9654a265840ef7d8b1fb47e67bbb76458965a62afd55c36c11a398c91dfc98a6,canine_cutaneous_scc_dinov2_paired_acquisition,5db383771614a9018a72d57ba8dd45c8f89adb4cb665103133aa8188496e3e80,6d6c2bc39de24244e414816dd4386fd0a61c94fc2e7d66f6e88aef61f66e1f3e,1b7e89fba89f7566ae185fc800936c590fe515220ab53f006ebc3133b8da59fc,0.3337931034482759,0.3328366905821031,0.4376728826728827,0.3695491589802358,0.44409753164977295,0.9586206896551724,0.8921379310344828,0.7437241379310345,0.8593103448275862,0.859415590634289,0.2376107226107226,0.16484034577266313,0.1848714341445432,0.33793103448275863,0.3084137931034483,0.28151724137931033
dim16-xcov0p05-fold2-seed914,16,0.05,2,914,75,parun-v1-57a0aecd232612f555cb2675ffcd6b1d1d19f433960953613a4021e34c3cc3bc,ebead9009ee83816f5ac1ad5ca37e0cb8e7950fa,9654a265840ef7d8b1fb47e67bbb76458965a62afd55c36c11a398c91dfc98a6,canine_cutaneous_scc_dinov2_paired_acquisition,5db383771614a9018a72d57ba8dd45c8f89adb4cb665103133aa8188496e3e80,6d6c2bc39de24244e414816dd4386fd0a61c94fc2e7d66f6e88aef61f66e1f3e,c789db08d9ef36d74d4c6c3b9858511f08661765bac3ee799dc3a9982143160a,0.38620689655172413,0.37877631697912884,0.4857860657860658,0.41338692016463696,0.4759414385048144,0.9544827586206897,0.8984827586206896,0.7420689655172413,0.8537931034482759,0.8536615733463708,0.2856915306915307,0.22015267789333332,0.2569878639258081,0.31310344827586206,0.2896551724137931,0.2726896551724138
dim16-xcov0p05-fold2-seed915,16,0.05,2,915,75,parun-v1-c6521086c5b77552472e3c03b904036932df4cdeaf622c059827cf269716a15b,ebead9009ee83816f5ac1ad5ca37e0cb8e7950fa,9654a265840ef7d8b1fb47e67bbb76458965a62afd55c36c11a398c91dfc98a6,canine_cutaneous_scc_dinov2_paired_acquisition,5db383771614a9018a72d57ba8dd45c8f89adb4cb665103133aa8188496e3e80,6d6c2bc39de24244e414816dd4386fd0a61c94fc2e7d66f6e88aef61f66e1f3e,d336a73f85511cd34eb983aaf5e39f7ab3033271a7da72741e3648c4fe632bcc,0.36137931034482756,0.3606269350166026,0.47613442113442117,0.40457611442853925,0.48314530635319647,0.953103448275862,0.8935172413793103,0.7372413793103448,0.8524137931034483,0.8529064237997117,0.2614089614089614,0.16524981269711247,0.16212083832094726,0.37655172413793103,0.32662068965517244,0.29144827586206895
dim16-xcov0p05-fold3-seed911,16,0.05,3,911,75,parun-v1-0f29d23a338bc1321d0da12283b2b1242182af699efb1892beb7700ed0d1f548,ebead9009ee83816f5ac1ad5ca37e0cb8e7950fa,9654a265840ef7d8b1fb47e67bbb76458965a62afd55c36c11a398c91dfc98a6,canine_cutaneous_scc_dinov2_paired_acquisition,5db383771614a9018a72d57ba8dd45c8f89adb4cb665103133aa8188496e3e80,3396e0fb34d92af27dbd982bd5cea16fbeae7cc3b4d3bb64ee9f04ca959cdaf7,788b680ccd19af1a5078a29468ccedec71924988f53e9d5a9bcec65b838a6f75,0.3576923076923077,0.3579542378935865,0.4434719291064981,0.33102167966636376,0.4359497183067743,0.9910256410256411,0.9184615384615384,0.7862820512820513,0.8666666666666668,0.8672592718562232,0.19115109209589468,0.11738873453295871,0.14456006942523497,0.43974358974358974,0.4035897435897436,0.39666666666666667
dim16-xcov0p05-fold3-seed912,16,0.05,3,912,75,parun-v1-a4af465a8d7a013ba6c5dcb62a475fc09679a38a9cc61685a0795eb09ad1998c,ebead9009ee83816f5ac1ad5ca37e0cb8e7950fa,9654a265840ef7d8b1fb47e67bbb76458965a62afd55c36c11a398c91dfc98a6,canine_cutaneous_scc_dinov2_paired_acquisition,5db383771614a9018a72d57ba8dd45c8f89adb4cb665103133aa8188496e3e80,3396e0fb34d92af27dbd982bd5cea16fbeae7cc3b4d3bb64ee9f04ca959cdaf7,9143cda1072e3664a49e6e3b2d1d8494f0763cee9176381e29119d33155f8fac,0.3333333333333333,0.3294888297889094,0.3993368230092646,0.3430115394089339,0.3855162223452593,0.9923076923076923,0.9264102564102564,0.7996153846153846,0.8923076923076924,0.8925686441457099,0.22180088169209847,0.12672962461906762,0.12840959266826119,0.4666666666666667,0.4276923076923077,0.4125641025641026
dim16-xcov0p05-fold3-seed913,16,0.05,3,913,75,parun-v1-998cc5cc4eab7fbbc0cab7a8d3143bc4ddf83727ce36922b21fdf63f43d2ba29,ebead9009ee83816f5ac1ad5ca37e0cb8e7950fa,9654a265840ef7d8b1fb47e67bbb76458965a62afd55c36c11a398c91dfc98a6,canine_cutaneous_scc_dinov2_paired_acquisition,5db383771614a9018a72d57ba8dd45c8f89adb4cb665103133aa8188496e3e80,3396e0fb34d92af27dbd982bd5cea16fbeae7cc3b4d3bb64ee9f04ca959cdaf7,47c382edc2395527f2c22f60c32f9c18fc1f027496589778ff6018dd434a35ba,0.35384615384615387,0.3521446340228608,0.38588479379575275,0.32958311487161773,0.3869582852682894,0.9923076923076923,0.9258974358974359,0.7924358974358975,0.8833333333333334,0.8836992176886763,0.22322101138781236,0.13279755660838877,0.1282948621220506,0.4794871794871795,0.4323076923076923,0.4165384615384615
dim16-xcov0p05-fold3-seed914,16,0.05,3,914,75,parun-v1-02184929f90612e678ca6105a5ca46d22b9fec5d249a167091abb8655047692b,ebead9009ee83816f5ac1ad5ca37e0cb8e7950fa,9654a265840ef7d8b1fb47e67bbb76458965a62afd55c36c11a398c91dfc98a6,canine_cutaneous_scc_dinov2_paired_acquisition,5db383771614a9018a72d57ba8dd45c8f89adb4cb665103133aa8188496e3e80,3396e0fb34d92af27dbd982bd5cea16fbeae7cc3b4d3bb64ee9f04ca959cdaf7,d78a282b3884d291121ce06532ba18e7f669118925ae184dacc36cd7c6b6b431,0.3884615384615385,0.38849412367090724,0.4202960362227082,0.379356227601306,0.4359064302260281,0.9948717948717949,0.9192307692307692,0.7817948717948718,0.8897435897435898,0.8903576832360109,0.22108433632204785,0.13656431138632133,0.15092555585855746,0.4666666666666667,0.4276923076923077,0.4106410256410256
dim16-xcov0p05-fold3-seed915,16,0.05,3,915,75,parun-v1-5a63d794d60e3d75cba5dbe9a3d3a713daae7023af4168bbbad2d1c3d9dc42a1,ebead9009ee83816f5ac1ad5ca37e0cb8e7950fa,9654a265840ef7d8b1fb47e67bbb76458965a62afd55c36c11a398c91dfc98a6,canine_cutaneous_scc_dinov2_paired_acquisition,5db383771614a9018a72d57ba8dd45c8f89adb4cb665103133aa8188496e3e80,3396e0fb34d92af27dbd982bd5cea16fbeae7cc3b4d3bb64ee9f04ca959cdaf7,eb78143a1b9c18c92198ec81bb92c912e3219330c6e15c3b8beac6d2a6cc0cc4,0.35769230769230764,0.3481154117074726,0.4043390080537543,0.2922624328639796,0.3774737479659961,0.9948717948717949,0.9217948717948717,0.7914102564102564,0.885897435897436,0.8862628979837724,0.26745027691441875,0.1532751652156533,0.13844405544491287,0.46153846153846156,0.4346153846153846,0.41833333333333333
dim16-xcov0p05-fold4-seed911,16,0.05,4,911,75,parun-v1-d58ca674c5aeb5c90a89c88e2109cf2841ea1509675bca436e9696026291858d,ebead9009ee83816f5ac1ad5ca37e0cb8e7950fa,9654a265840ef7d8b1fb47e67bbb76458965a62afd55c36c11a398c91dfc98a6,canine_cutaneous_scc_dinov2_paired_acquisition,5db383771614a9018a72d57ba8dd45c8f89adb4cb665103133aa8188496e3e80,a382ed29bc8bd74178282183fcbb9d2a3f66665391a4be234acdb6f3eac995f6,6acf6c0707388b5254a70464d25d2a7986f98adff8089ea2d85596136ef93103,0.3730994152046784,0.37054936714629955,0.3629518744596683,0.3293018719685786,0.42449362017734554,0.9672514619883041,0.8907602339181286,0.751578947368421,0.8912280701754385,0.8907526175714222,0.1809744454050341,0.15664556160184578,0.20740867206419758,0.3730994152046784,0.32725146198830407,0.2945029239766082
dim16-xcov0p05-fold4-seed912,16,0.05,4,912,75,parun-v1-4f956bb47887def44ec8faf42f12725b91ce811a19caab6777ffe1f5cffef33c,ebead9009ee83816f5ac1ad5ca37e0cb8e7950fa,9654a265840ef7d8b1fb47e67bbb76458965a62afd55c36c11a398c91dfc98a6,canine_cutaneous_scc_dinov2_paired_acquisition,5db383771614a9018a72d57ba8dd45c8f89adb4cb665103133aa8188496e3e80,a382ed29bc8bd74178282183fcbb9d2a3f66665391a4be234acdb6f3eac995f6,7977eb2ed6639764823c063e8735c9fa703f2f3f8617fd7b6fbccd2612df7bc9,0.3730994152046784,0.3705625415267911,0.33218463114813745,0.31280778917737695,0.41082619333168574,0.9614035087719298,0.8872514619883041,0.7483040935672515,0.8865497076023392,0.8861964369335531,0.23567043043147942,0.19427493366462917,0.2504011046618614,0.3707602339181287,0.3024561403508772,0.28210526315789475
dim16-xcov0p05-fold4-seed913,16,0.05,4,913,75,parun-v1-042fc4c6b08f99defc5f1990298fdff620a65f4c7616969bd6f5ce1fb1e23ae1,ebead9009ee83816f5ac1ad5ca37e0cb8e7950fa,9654a265840ef7d8b1fb47e67bbb76458965a62afd55c36c11a398c91dfc98a6,canine_cutaneous_scc_dinov2_paired_acquisition,5db383771614a9018a72d57ba8dd45c8f89adb4cb665103133aa8188496e3e80,a382ed29bc8bd74178282183fcbb9d2a3f66665391a4be234acdb6f3eac995f6,5724c813f9aa4839eeef8ab813c481c6c84936ff9e5378f71882e7e12444a99c,0.3333333333333333,0.326570516596964,0.3474074268132585,0.32979078434527886,0.4326847720513018,0.9637426900584796,0.8846783625730994,0.7447953216374269,0.9052631578947368,0.9051907661471537,0.21607964161274265,0.16372775290162833,0.19224053322544282,0.3883040935672515,0.3047953216374269,0.2919298245614035
dim16-xcov0p05-fold4-seed914,16,0.05,4,914,75,parun-v1-673b734dabcdf8d5e9fc509cf768e4a018795d9dd284909bcf9da4b89c8d4458,ebead9009ee83816f5ac1ad5ca37e0cb8e7950fa,9654a265840ef7d8b1fb47e67bbb76458965a62afd55c36c11a398c91dfc98a6,canine_cutaneous_scc_dinov2_paired_acquisition,5db383771614a9018a72d57ba8dd45c8f89adb4cb665103133aa8188496e3e80,a382ed29bc8bd74178282183fcbb9d2a3f66665391a4be234acdb6f3eac995f6,af2713044289b4bbd93440be52ac3568d0b7a4e8368c4b4de8135d354555337e,0.3707602339181286,0.3698150717829805,0.37181538049537316,0.34768998775090326,0.4544273197932365,0.9614035087719298,0.887719298245614,0.7480701754385964,0.8900584795321638,0.8900096720746957,0.23640490308232837,0.17552603510493622,0.2022833217482055,0.3953216374269006,0.3214035087719298,0.29169590643274856
dim16-xcov0p05-fold4-seed915,16,0.05,4,915,75,parun-v1-f8931ecc9d694c7f853afbd853319fa29b03f10d960e43fc1e6599b2ab4781b4,ebead9009ee83816f5ac1ad5ca37e0cb8e7950fa,9654a265840ef7d8b1fb47e67bbb76458965a62afd55c36c11a398c91dfc98a6,canine_cutaneous_scc_dinov2_paired_acquisition,5db383771614a9018a72d57ba8dd45c8f89adb4cb665103133aa8188496e3e80,a382ed29bc8bd74178282183fcbb9d2a3f66665391a4be234acdb6f3eac995f6,4a302cb0ad7d6b0713adcb835cee85cbc0eb1cae062a3aa7d7ef4e919c062b4e,0.34619883040935673,0.34321865301194154,0.32937630953108676,0.31975442776478596,0.42331714299056633,0.9672514619883041,0.8844444444444445,0.7385964912280701,0.8865497076023392,0.886227389993741,0.19306852497096397,0.14434149391002157,0.174844009891669,0.36023391812865496,0.31649122807017543,0.2913450292397661
dim16-xcov0p2-fold0-seed911,16,0.2,0,911,75,parun-v1-eae201ccd012756dbfd219ecb60a01ab3e57e63e7d04d86bedd96bb99a4c9c56,ebead9009ee83816f5ac1ad5ca37e0cb8e7950fa,9654a265840ef7d8b1fb47e67bbb76458965a62afd55c36c11a398c91dfc98a6,canine_cutaneous_scc_dinov2_paired_acquisition,5db383771614a9018a72d57ba8dd45c8f89adb4cb665103133aa8188496e3e80,19306704f6dc919790d13d0f77bfe2b6975b0fbf34388553f0a31aced97a7081,d569107cee1d5c33dc8acb011b678be13c8287cdff20ecd0d74c69622c527681,0.36527777777777776,0.3606674045533439,0.33204147357387176,0.24450187738021115,0.29687592288089915,0.9638888888888889,0.8752777777777778,0.7188888888888889,0.8152777777777777,0.813578079450729,0.13922436463275592,0.09973485998052799,0.10184791711285766,0.3736111111111111,0.36027777777777775,0.32763888888888887
dim16-xcov0p2-fold0-seed912,16,0.2,0,912,75,parun-v1-c1289f961f95821b9fee0e5a27bef69ba1b128cf5c56702f277862eedce5e578,ebead9009ee83816f5ac1ad5ca37e0cb8e7950fa,9654a265840ef7d8b1fb47e67bbb76458965a62afd55c36c11a398c91dfc98a6,canine_cutaneous_scc_dinov2_paired_acquisition,5db383771614a9018a72d57ba8dd45c8f89adb4cb665103133aa8188496e3e80,19306704f6dc919790d13d0f77bfe2b6975b0fbf34388553f0a31aced97a7081,fa4685584229e9ec5493f5f4b7f8bb9add4374fa9aeae6e2719792c727a859b7,0.33888888888888885,0.33383466837956355,0.3161221449851043,0.270425365881266,0.2766910796231535,0.9625,0.8783333333333333,0.7161111111111111,0.8416666666666666,0.8398178731854975,0.14400262973996836,0.10245904084894944,0.0996379683603327,0.38333333333333336,0.34444444444444444,0.3173611111111111
dim16-xcov0p2-fold0-seed913,16,0.2,0,913,75,parun-v1-3640ea7dd19723d9c116a5cf0d59f09a127868f473a3fde3bd604cd0256d6ad9,ebead9009ee83816f5ac1ad5ca37e0cb8e7950fa,9654a265840ef7d8b1fb47e67bbb76458965a62afd55c36c11a398c91dfc98a6,canine_cutaneous_scc_dinov2_paired_acquisition,5db383771614a9018a72d57ba8dd45c8f89adb4cb665103133aa8188496e3e80,19306704f6dc919790d13d0f77bfe2b6975b0fbf34388553f0a31aced97a7081,aaf93a6fcf6e2a9d2a9fde816f911dde3574a64434ebab8795e3d83dc62e9153,0.3236111111111111,0.31799455553245504,0.2907447864945382,0.21896145977186546,0.27140744439438647,0.9583333333333334,0.8841666666666667,0.7280555555555556,0.8194444444444444,0.8171607301249264,0.15268107046967525,0.09959095525517703,0.10752207910513353,0.3875,0.3547222222222222,0.33055555555555555
dim16-xcov0p2-fold0-seed914,16,0.2,0,914,75,parun-v1-d6491fb7cfcab9b7d4b9c68ba3a454d33e714f2242b423cbf7db6753d99ecf3c,ebead9009ee83816f5ac1ad5ca37e0cb8e7950fa,9654a265840ef7d8b1fb47e67bbb76458965a62afd55c36c11a398c91dfc98a6,canine_cutaneous_scc_dinov2_paired_acquisition,5db383771614a9018a72d57ba8dd45c8f89adb4cb665103133aa8188496e3e80,19306704f6dc919790d13d0f77bfe2b6975b0fbf34388553f0a31aced97a7081,471e2cdd2fc6bef98846edeb5ba50f18c4f8656d7f52de795c18ce01d5c0e27c,0.3305555555555555,0.308535242128377,0.34726277170914704,0.264482914914598,0.31033883626960057,0.9541666666666667,0.8727777777777778,0.7063888888888888,0.8305555555555555,0.8284017126101721,0.16701503825076316,0.1237062446688854,0.12678705229427692,0.39444444444444443,0.37083333333333335,0.33944444444444444
dim16-xcov0p2-fold0-seed915,16,0.2,0,915,75,parun-v1-869c3eb670112f3bea74448282203dd18c7b62071c14f6259c265e62369e2b93,ebead9009ee83816f5ac1ad5ca37e0cb8e7950fa,9654a265840ef7d8b1fb47e67bbb76458965a62afd55c36c11a398c91dfc98a6,canine_cutaneous_scc_dinov2_paired_acquisition,5db383771614a9018a72d57ba8dd45c8f89adb4cb665103133aa8188496e3e80,19306704f6dc919790d13d0f77bfe2b6975b0fbf34388553f0a31aced97a7081,69e1fa8bfef235e1dcf46339bf46496ef60dc50aa1033dbc9113bcc9dcb09f09,0.3875,0.38670098132685327,0.30511679815366505,0.22899086079257427,0.2846090189355021,0.95,0.88,0.7272222222222222,0.825,0.8240820679970355,0.1965255020412667,0.12927383900056294,0.11719164593129278,0.39444444444444443,0.3552777777777778,0.32708333333333334
dim16-xcov0p2-fold1-seed911,16,0.2,1,911,75,parun-v1-540ca8d91f621129162383f2dda32c9618c335dc174c4c509bbf66cbc659be0b,ebead9009ee83816f5ac1ad5ca37e0cb8e7950fa,9654a265840ef7d8b1fb47e67bbb76458965a62afd55c36c11a398c91dfc98a6,canine_cutaneous_scc_dinov2_paired_acquisition,5db383771614a9018a72d57ba8dd45c8f89adb4cb665103133aa8188496e3e80,96501c9be1258f74c119d9f88a61c6945cf51f8c56ab53147b6c0b10792b3212,4b71f8ec363b6ac63db9f82872fa5c7ab5807a34e9ec5b0b43d6868e5fdbb9c2,0.3386243386243386,0.3379326883533533,0.3422148293107197,0.30325949941275915,0.4603517130755231,0.9915343915343915,0.9068783068783068,0.7603174603174603,0.856084656084656,0.8555692122282244,0.1295307675581648,0.08743784738036431,0.09573548926612496,0.3798941798941799,0.3189417989417989,0.2967195767195767
dim16-xcov0p2-fold1-seed912,16,0.2,1,912,75,parun-v1-c253d7565f045ae0fb3b09602b973da62170eee4d452bf93cbff567c1e6f3091,ebead9009ee83816f5ac1ad5ca37e0cb8e7950fa,9654a265840ef7d8b1fb47e67bbb76458965a62afd55c36c11a398c91dfc98a6,canine_cutaneous_scc_dinov2_paired_acquisition,5db383771614a9018a72d57ba8dd45c8f89adb4cb665103133aa8188496e3e80,96501c9be1258f74c119d9f88a61c6945cf51f8c56ab53147b6c0b10792b3212,f8c616da5b2df50729c7df94506e219d3178fc5210df108a9bd19fdc705bc64c,0.3439153439153439,0.3384662034722982,0.357849967384214,0.36001649511860023,0.43763305262557745,0.9915343915343915,0.9077248677248677,0.7682539682539683,0.8571428571428571,0.8568786298199218,0.1896120895846923,0.148581093414966,0.20931855327798074,0.40105820105820106,0.33650793650793653,0.3100529100529101
dim16-xcov0p2-fold1-seed913,16,0.2,1,913,75,parun-v1-630aee9595bef6f44f67d10a5ad41bd60cbc83e07c20b6e0658344ac6669d5fa,ebead9009ee83816f5ac1ad5ca37e0cb8e7950fa,9654a265840ef7d8b1fb47e67bbb76458965a62afd55c36c11a398c91dfc98a6,canine_cutaneous_scc_dinov2_paired_acquisition,5db383771614a9018a72d57ba8dd45c8f89adb4cb665103133aa8188496e3e80,96501c9be1258f74c119d9f88a61c6945cf51f8c56ab53147b6c0b10792b3212,15982657a25be52fa73802a18ef4fdcdff3af4a7333ae1226cea85949040fe89,0.40211640211640215,0.4004273342340877,0.3778899760817569,0.3863847963046961,0.49523194406121873,0.9915343915343915,0.9068783068783068,0.7642328042328043,0.8412698412698413,0.8407778043939323,0.13817177647314635,0.11116889966705472,0.15706206779750448,0.3862433862433862,0.33037037037037037,0.30507936507936506
dim16-xcov0p2-fold1-seed914,16,0.2,1,914,75,parun-v1-f4b98a547981286584ad1205fc0734a670da704e9f79ccdefca32efc29fefa7a,ebead9009ee83816f5ac1ad5ca37e0cb8e7950fa,9654a265840ef7d8b1fb47e67bbb76458965a62afd55c36c11a398c91dfc98a6,canine_cutaneous_scc_dinov2_paired_acquisition,5db383771614a9018a72d57ba8dd45c8f89adb4cb665103133aa8188496e3e80,96501c9be1258f74c119d9f88a61c6945cf51f8c56ab53147b6c0b10792b3212,b6d68ca618d55dba9f14a3abab5eab20c9dd642686516063f1b5e92b03aa852a,0.3904761904761905,0.38229962071220563,0.3892654924983692,0.39324119086363435,0.4928140716291411,0.9915343915343915,0.9051851851851852,0.7617989417989418,0.8666666666666666,0.8663304280261362,0.22592563600782778,0.13135846137237472,0.15632327642424088,0.37566137566137564,0.3322751322751323,0.3093121693121693
dim16-xcov0p2-fold1-seed915,16,0.2,1,915,75,parun-v1-63f59d8ed7c5480e80e21144bfdb2456e23b86b6edd34715b5dba4e35688cc7a,ebead9009ee83816f5ac1ad5ca37e0cb8e7950fa,9654a265840ef7d8b1fb47e67bbb76458965a62afd55c36c11a398c91dfc98a6,canine_cutaneous_scc_dinov2_paired_acquisition,5db383771614a9018a72d57ba8dd45c8f89adb4cb665103133aa8188496e3e80,96501c9be1258f74c119d9f88a61c6945cf51f8c56ab53147b6c0b10792b3212,41209e4d02ee396812654aa1c5f410b4b06c2428fbd18ad896ed92231aa7e68d,0.3777777777777777,0.36827108169069966,0.3787845183735594,0.3805146750565555,0.4732746696886667,0.9915343915343915,0.9003174603174603,0.7516402116402117,0.855026455026455,0.8547684612783654,0.21842835398999783,0.13424537783006002,0.17313596666143052,0.3862433862433862,0.3261375661375661,0.30878306878306877
dim16-xcov0p2-fold2-seed911,16,0.2,2,911,75,parun-v1-5b689a4977ff3c719701553b8fa92b7a1b03206825e484dbf3ffc8dba6f015ec,ebead9009ee83816f5ac1ad5ca37e0cb8e7950fa,9654a265840ef7d8b1fb47e67bbb76458965a62afd55c36c11a398c91dfc98a6,canine_cutaneous_scc_dinov2_paired_acquisition,5db383771614a9018a72d57ba8dd45c8f89adb4cb665103133aa8188496e3e80,6d6c2bc39de24244e414816dd4386fd0a61c94fc2e7d66f6e88aef61f66e1f3e,93e99ccaaa2200a6a9d2e8fd3c1050764304a1915e0fa320a1ab37f96adf9f57,0.3282758620689655,0.3273359625648847,0.47945609945609946,0.4781698513910902,0.47697731347948735,0.9586206896551724,0.8943448275862069,0.7481379310344828,0.8689655172413794,0.868887658151988,0.1968065268065268,0.11619531240093564,0.11823480164756739,0.31724137931034485,0.29186206896551725,0.27089655172413796
dim16-xcov0p2-fold2-seed912,16,0.2,2,912,75,parun-v1-7b47c77eca9b9982bb19dfd2996e9e9dcd95cf95c0661cd3ed129e1edcbe2b28,ebead9009ee83816f5ac1ad5ca37e0cb8e7950fa,9654a265840ef7d8b1fb47e67bbb76458965a62afd55c36c11a398c91dfc98a6,canine_cutaneous_scc_dinov2_paired_acquisition,5db383771614a9018a72d57ba8dd45c8f89adb4cb665103133aa8188496e3e80,6d6c2bc39de24244e414816dd4386fd0a61c94fc2e7d66f6e88aef61f66e1f3e,a8cc4504a50f85b3737249d3bd3e015b1f8d0a87d9b6a9d2a79b6f287630c7c9,0.3255172413793103,0.31845305525464074,0.4971341621341622,0.48963690718744174,0.4911702358542932,0.9558620689655173,0.8940689655172414,0.7433103448275862,0.8593103448275862,0.859443875885774,0.16555296555296556,0.11330686702198119,0.11199337138645483,0.3489655172413793,0.3037241379310345,0.27820689655172415
dim16-xcov0p2-fold2-seed913,16,0.2,2,913,75,parun-v1-57a9e351b28faf6b45ee87a72f6152d6d400e691512e7dace21f709dfe5ce74e,ebead9009ee83816f5ac1ad5ca37e0cb8e7950fa,9654a265840ef7d8b1fb47e67bbb76458965a62afd55c36c11a398c91dfc98a6,canine_cutaneous_scc_dinov2_paired_acquisition,5db383771614a9018a72d57ba8dd45c8f89adb4cb665103133aa8188496e3e80,6d6c2bc39de24244e414816dd4386fd0a61c94fc2e7d66f6e88aef61f66e1f3e,1b7e89fba89f7566ae185fc800936c590fe515220ab53f006ebc3133b8da59fc,0.32275862068965516,0.3225954233311817,0.440985495985496,0.3725096891998227,0.44798359470140364,0.9613793103448276,0.895448275862069,0.7460689655172413,0.8620689655172413,0.8623884102870718,0.14994819994819994,0.10750591931762195,0.1148522786723884,0.32,0.29158620689655174,0.2729655172413793
dim16-xcov0p2-fold2-seed914,16,0.2,2,914,75,parun-v1-dd77413aa379ca19f17993e9d180d85b6c58a986b7920d8bf0516ea52da5a71c,ebead9009ee83816f5ac1ad5ca37e0cb8e7950fa,9654a265840ef7d8b1fb47e67bbb76458965a62afd55c36c11a398c91dfc98a6,canine_cutaneous_scc_dinov2_paired_acquisition,5db383771614a9018a72d57ba8dd45c8f89adb4cb665103133aa8188496e3e80,6d6c2bc39de24244e414816dd4386fd0a61c94fc2e7d66f6e88aef61f66e1f3e,c789db08d9ef36d74d4c6c3b9858511f08661765bac3ee799dc3a9982143160a,0.4041379310344827,0.3993525768607026,0.4816252266252266,0.41521172181030935,0.483393338465764,0.9558620689655173,0.8998620689655172,0.7423448275862069,0.8593103448275862,0.8594206556990974,0.18962833462833462,0.15491691279368996,0.18606701044730475,0.3117241379310345,0.27641379310344827,0.25848275862068965
dim16-xcov0p2-fold2-seed915,16,0.2,2,915,75,parun-v1-482b904b2b3d60e862df681170767b04f7ff8089cb4e32050569c6d482541c0a,ebead9009ee83816f5ac1ad5ca37e0cb8e7950fa,9654a265840ef7d8b1fb47e67bbb76458965a62afd55c36c11a398c91dfc98a6,canine_cutaneous_scc_dinov2_paired_acquisition,5db383771614a9018a72d57ba8dd45c8f89adb4cb665103133aa8188496e3e80,6d6c2bc39de24244e414816dd4386fd0a61c94fc2e7d66f6e88aef61f66e1f3e,d336a73f85511cd34eb983aaf5e39f7ab3033271a7da72741e3648c4fe632bcc,0.37655172413793103,0.3727304111960359,0.47167961667961666,0.398912641019105,0.4774546276909984,0.9558620689655173,0.8910344827586207,0.7361379310344828,0.8510344827586206,0.8511986403613282,0.1744094794094794,0.12491108787915525,0.13040558382627362,0.3696551724137931,0.30951724137931036,0.2842758620689655
dim16-xcov0p2-fold3-seed911,16,0.2,3,911,75,parun-v1-c7ac4fcb7430697f8d66e68a24a812cdbf04d2401d091b53eaf5b427533c5bad,ebead9009ee83816f5ac1ad5ca37e0cb8e7950fa,9654a265840ef7d8b1fb47e67bbb76458965a62afd55c36c11a398c91dfc98a6,canine_cutaneous_scc_dinov2_paired_acquisition,5db383771614a9018a72d57ba8dd45c8f89adb4cb665103133aa8188496e3e80,3396e0fb34d92af27dbd982bd5cea16fbeae7cc3b4d3bb64ee9f04ca959cdaf7,788b680ccd19af1a5078a29468ccedec71924988f53e9d5a9bcec65b838a6f75,0.3641025641025641,0.3611780967973873,0.4351966433453138,0.32380246898817155,0.42587081735486143,0.9910256410256411,0.92,0.7862820512820513,0.8820512820512821,0.8824622394478643,0.14830064293601763,0.08952696271428648,0.10965652554415493,0.4346153846153846,0.3982051282051282,0.3842307692307692
dim16-xcov0p2-fold3-seed912,16,0.2,3,912,75,parun-v1-a53ef49a6a8895a5a5c2c4e69ac7139cbb0743013d022cc8678f2f009708b687,ebead9009ee83816f5ac1ad5ca37e0cb8e7950fa,9654a265840ef7d8b1fb47e67bbb76458965a62afd55c36c11a398c91dfc98a6,canine_cutaneous_scc_dinov2_paired_acquisition,5db383771614a9018a72d57ba8dd45c8f89adb4cb665103133aa8188496e3e80,3396e0fb34d92af27dbd982bd5cea16fbeae7cc3b4d3bb64ee9f04ca959cdaf7,9143cda1072e3664a49e6e3b2d1d8494f0763cee9176381e29119d33155f8fac,0.36923076923076925,0.3672090960426272,0.40345407569420466,0.34959838742152133,0.39862023180468587,0.9935897435897436,0.9256410256410257,0.8005128205128205,0.8807692307692309,0.881168635551384,0.14471704206796876,0.07863578404915157,0.08081066497032495,0.46282051282051284,0.4207692307692308,0.40166666666666667
dim16-xcov0p2-fold3-seed913,16,0.2,3,913,75,parun-v1-2517e63c362a250095d68316706ee0a9f76d6451a38959d5429e5fc6cfb26491,ebead9009ee83816f5ac1ad5ca37e0cb8e7950fa,9654a265840ef7d8b1fb47e67bbb76458965a62afd55c36c11a398c91dfc98a6,canine_cutaneous_scc_dinov2_paired_acquisition,5db383771614a9018a72d57ba8dd45c8f89adb4cb665103133aa8188496e3e80,3396e0fb34d92af27dbd982bd5cea16fbeae7cc3b4d3bb64ee9f04ca959cdaf7,47c382edc2395527f2c22f60c32f9c18fc1f027496589778ff6018dd434a35ba,0.3474358974358974,0.3459239003776607,0.38811915633833444,0.32729685636701683,0.38281125188071036,0.9935897435897436,0.9253846153846154,0.7917948717948718,0.8871794871794872,0.887442233413678,0.13924123530690816,0.08872921090536741,0.10036190742690458,0.46025641025641023,0.41205128205128205,0.395
dim16-xcov0p2-fold3-seed914,16,0.2,3,914,75,parun-v1-f848ec6ef3d2256c81bc656055be8ed2c9a4c817377d4c047f9e7744de2f0aa3,ebead9009ee83816f5ac1ad5ca37e0cb8e7950fa,9654a265840ef7d8b1fb47e67bbb76458965a62afd55c36c11a398c91dfc98a6,canine_cutaneous_scc_dinov2_paired_acquisition,5db383771614a9018a72d57ba8dd45c8f89adb4cb665103133aa8188496e3e80,3396e0fb34d92af27dbd982bd5cea16fbeae7cc3b4d3bb64ee9f04ca959cdaf7,d78a282b3884d291121ce06532ba18e7f669118925ae184dacc36cd7c6b6b431,0.3961538461538462,0.39324273333919557,0.4065130846859291,0.364320222091085,0.4243516121552504,0.9948717948717949,0.9192307692307692,0.7807692307692308,0.8923076923076924,0.8929132569877118,0.16842318662624867,0.10080338134707635,0.13162049472455628,0.41410256410256413,0.39974358974358976,0.3852564102564103
dim16-xcov0p2-fold3-seed915,16,0.2,3,915,75,parun-v1-a893e06905d9b4c13eb09505126ca886b08c71bb5f0fba7c5388816c21538d60,ebead9009ee83816f5ac1ad5ca37e0cb8e7950fa,9654a265840ef7d8b1fb47e67bbb76458965a62afd55c36c11a398c91dfc98a6,canine_cutaneous_scc_dinov2_paired_acquisition,5db383771614a9018a72d57ba8dd45c8f89adb4cb665103133aa8188496e3e80,3396e0fb34d92af27dbd982bd5cea16fbeae7cc3b4d3bb64ee9f04ca959cdaf7,eb78143a1b9c18c92198ec81bb92c912e3219330c6e15c3b8beac6d2a6cc0cc4,0.3846153846153846,0.3759802226303989,0.3902005444491343,0.2853750983439308,0.3736214358324503,0.9948717948717949,0.9228205128205128,0.7935897435897435,0.8935897435897436,0.8939577245636107,0.18017428128024424,0.10961024301702607,0.1156664903850722,0.4282051282051282,0.40923076923076923,0.4024358974358974
dim16-xcov0p2-fold4-seed911,16,0.2,4,911,75,parun-v1-25702f1a1f758c7d39ea140a4e4c76057047697ce89901a4684cb05a4b990fc3,ebead9009ee83816f5ac1ad5ca37e0cb8e7950fa,9654a265840ef7d8b1fb47e67bbb76458965a62afd55c36c11a398c91dfc98a6,canine_cutaneous_scc_dinov2_paired_acquisition,5db383771614a9018a72d57ba8dd45c8f89adb4cb665103133aa8188496e3e80,a382ed29bc8bd74178282183fcbb9d2a3f66665391a4be234acdb6f3eac995f6,6acf6c0707388b5254a70464d25d2a7986f98adff8089ea2d85596136ef93103,0.38128654970760234,0.3784402837955113,0.3596760775341373,0.32640074456949036,0.4303499686753053,0.968421052631579,0.8914619883040936,0.7513450292397661,0.888888888888889,0.8885972399013624,0.19521658967395258,0.14896151643111288,0.1864067099473719,0.34502923976608185,0.3031578947368421,0.2904093567251462
dim16-xcov0p2-fold4-seed912,16,0.2,4,912,75,parun-v1-d8bf5d500b80b597a596806d59ac975facf9111367d78fcdf5674063d4464a88,ebead9009ee83816f5ac1ad5ca37e0cb8e7950fa,9654a265840ef7d8b1fb47e67bbb76458965a62afd55c36c11a398c91dfc98a6,canine_cutaneous_scc_dinov2_paired_acquisition,5db383771614a9018a72d57ba8dd45c8f89adb4cb665103133aa8188496e3e80,a382ed29bc8bd74178282183fcbb9d2a3f66665391a4be234acdb6f3eac995f6,7977eb2ed6639764823c063e8735c9fa703f2f3f8617fd7b6fbccd2612df7bc9,0.3239766081871345,0.3222261833314433,0.32714715942003675,0.3103006635683328,0.41465659261494725,0.9614035087719298,0.8858479532163742,0.747251461988304,0.8912280701754385,0.8910611833749398,0.16455583791068845,0.14433048905863458,0.1998738450588794,0.3567251461988304,0.29988304093567253,0.2745029239766082
dim16-xcov0p2-fold4-seed913,16,0.2,4,913,75,parun-v1-27f637fbd955e6c196396fa349b5d443b9394f85999e634fd45c4a37e7150690,ebead9009ee83816f5ac1ad5ca37e0cb8e7950fa,9654a265840ef7d8b1fb47e67bbb76458965a62afd55c36c11a398c91dfc98a6,canine_cutaneous_scc_dinov2_paired_acquisition,5db383771614a9018a72d57ba8dd45c8f89adb4cb665103133aa8188496e3e80,a382ed29bc8bd74178282183fcbb9d2a3f66665391a4be234acdb6f3eac995f6,5724c813f9aa4839eeef8ab813c481c6c84936ff9e5378f71882e7e12444a99c,0.3286549707602339,0.3170638675147551,0.3450450865840559,0.32645409458888014,0.43064970148888,0.9637426900584796,0.8842105263157894,0.7437426900584795,0.8900584795321637,0.8900340361807766,0.15158903064863086,0.13220747322929954,0.18208656554929217,0.37543859649122807,0.2914619883040936,0.27637426900584794
dim16-xcov0p2-fold4-seed914,16,0.2,4,914,75,parun-v1-c305515776ead4dd52f0a5ea914bc60fb4a5164fb8b1af70cad0f7eacc975bfe,ebead9009ee83816f5ac1ad5ca37e0cb8e7950fa,9654a265840ef7d8b1fb47e67bbb76458965a62afd55c36c11a398c91dfc98a6,canine_cutaneous_scc_dinov2_paired_acquisition,5db383771614a9018a72d57ba8dd45c8f89adb4cb665103133aa8188496e3e80,a382ed29bc8bd74178282183fcbb9d2a3f66665391a4be234acdb6f3eac995f6,af2713044289b4bbd93440be52ac3568d0b7a4e8368c4b4de8135d354555337e,0.37660818713450295,0.37605958053234445,0.3761218726258154,0.35054650562706285,0.460283081590706,0.9614035087719298,0.887953216374269,0.7469005847953216,0.8959064327485379,0.8960455741289033,0.20406938367987332,0.14768331677752383,0.1872965773980765,0.35789473684210527,0.295906432748538,0.2784795321637427
dim16-xcov0p2-fold4-seed915,16,0.2,4,915,75,parun-v1-c9ef3b889f5e0152ac38a9e6322c10438b3791d66c60b809b4e1a73dd220e218,ebead9009ee83816f5ac1ad5ca37e0cb8e7950fa,9654a265840ef7d8b1fb47e67bbb76458965a62afd55c36c11a398c91dfc98a6,canine_cutaneous_scc_dinov2_paired_acquisition,5db383771614a9018a72d57ba8dd45c8f89adb4cb665103133aa8188496e3e80,a382ed29bc8bd74178282183fcbb9d2a3f66665391a4be234acdb6f3eac995f6,4a302cb0ad7d6b0713adcb835cee85cbc0eb1cae062a3aa7d7ef4e919c062b4e,0.3555555555555555,0.3526086203478097,0.3202493457802462,0.3146576501006044,0.42024823138122375,0.968421052631579,0.8846783625730994,0.7368421052631579,0.8830409356725145,0.8827088676384591,0.14967980927929578,0.11698353839725069,0.15199223871394907,0.3508771929824561,0.3059649122807018,0.2864327485380117
dim2-xcov0-fold0-seed911,2,0.0,0,911,75,parun-v1-cf56af2914f77323a3da0fb93afb25c0f80662fd1547a1b48d91d9493297dec2,ebead9009ee83816f5ac1ad5ca37e0cb8e7950fa,9654a265840ef7d8b1fb47e67bbb76458965a62afd55c36c11a398c91dfc98a6,canine_cutaneous_scc_dinov2_paired_acquisition,5db383771614a9018a72d57ba8dd45c8f89adb4cb665103133aa8188496e3e80,19306704f6dc919790d13d0f77bfe2b6975b0fbf34388553f0a31aced97a7081,d569107cee1d5c33dc8acb011b678be13c8287cdff20ecd0d74c69622c527681,0.3472222222222222,0.34229019350754836,0.3397475541579315,0.23951714232762647,0.27711926872336795,0.9583333333333334,0.8769444444444444,0.7180555555555556,0.7597222222222222,0.7590819388816378,0.11910818713450293,0.058798116927967006,0.049536208128085395,0.2263888888888889,0.23694444444444446,0.2338888888888889
dim2-xcov0-fold0-seed912,2,0.0,0,912,75,parun-v1-d3ed5bf7c9653530a62c16cb1cdedb4af41898733d5c8091b2b0fba75c161337,ebead9009ee83816f5ac1ad5ca37e0cb8e7950fa,9654a265840ef7d8b1fb47e67bbb76458965a62afd55c36c11a398c91dfc98a6,canine_cutaneous_scc_dinov2_paired_acquisition,5db383771614a9018a72d57ba8dd45c8f89adb4cb665103133aa8188496e3e80,19306704f6dc919790d13d0f77bfe2b6975b0fbf34388553f0a31aced97a7081,fa4685584229e9ec5493f5f4b7f8bb9add4374fa9aeae6e2719792c727a859b7,0.32499999999999996,0.32357918139561537,0.29880107764169334,0.24498268529006384,0.2552964410150702,0.9555555555555556,0.8744444444444445,0.7081944444444445,0.7583333333333333,0.7573416650276505,0.11508040935672514,0.05949731020153554,0.04992273310935283,0.225,0.23277777777777778,0.2361111111111111
dim2-xcov0-fold0-seed913,2,0.0,0,913,75,parun-v1-5a59e2ebdd2ff066f9455e43a8f25cce2ff06c885d776fc06ebec0de0d682b04,ebead9009ee83816f5ac1ad5ca37e0cb8e7950fa,9654a265840ef7d8b1fb47e67bbb76458965a62afd55c36c11a398c91dfc98a6,canine_cutaneous_scc_dinov2_paired_acquisition,5db383771614a9018a72d57ba8dd45c8f89adb4cb665103133aa8188496e3e80,19306704f6dc919790d13d0f77bfe2b6975b0fbf34388553f0a31aced97a7081,aaf93a6fcf6e2a9d2a9fde816f911dde3574a64434ebab8795e3d83dc62e9153,0.37777777777777777,0.3759495085009634,0.3158589870903674,0.27204832406203133,0.269652790480693,0.9611111111111111,0.8825,0.7283333333333334,0.7680555555555555,0.7669520520088315,0.10485237596086654,0.06392639435947708,0.10195870119174262,0.24861111111111112,0.23027777777777778,0.23166666666666666
dim2-xcov0-fold0-seed914,2,0.0,0,914,75,parun-v1-ed1cd83fe32d5ab54a3c96f6570936af5095ed82458a53a1bc37aed36a7638f5,ebead9009ee83816f5ac1ad5ca37e0cb8e7950fa,9654a265840ef7d8b1fb47e67bbb76458965a62afd55c36c11a398c91dfc98a6,canine_cutaneous_scc_dinov2_paired_acquisition,5db383771614a9018a72d57ba8dd45c8f89adb4cb665103133aa8188496e3e80,19306704f6dc919790d13d0f77bfe2b6975b0fbf34388553f0a31aced97a7081,471e2cdd2fc6bef98846edeb5ba50f18c4f8656d7f52de795c18ce01d5c0e27c,0.34444444444444444,0.33489797370154906,0.325771704549634,0.2720767069600625,0.2867312159004406,0.9555555555555556,0.8744444444444445,0.7138888888888889,0.7569444444444444,0.756297287605072,0.11747076023391811,0.06571257465313902,0.0536740198964685,0.22361111111111112,0.22611111111111112,0.22819444444444445
dim2-xcov0-fold0-seed915,2,0.0,0,915,75,parun-v1-8e90002db289492dc5f80a83fc3417a2b9db2c2b772ca8dac64cc78c3196ef25,ebead9009ee83816f5ac1ad5ca37e0cb8e7950fa,9654a265840ef7d8b1fb47e67bbb76458965a62afd55c36c11a398c91dfc98a6,canine_cutaneous_scc_dinov2_paired_acquisition,5db383771614a9018a72d57ba8dd45c8f89adb4cb665103133aa8188496e3e80,19306704f6dc919790d13d0f77bfe2b6975b0fbf34388553f0a31aced97a7081,69e1fa8bfef235e1dcf46339bf46496ef60dc50aa1033dbc9113bcc9dcb09f09,0.35277777777777775,0.3412590299277606,0.2961545340027217,0.22077220510521206,0.27195021669161035,0.9527777777777777,0.8722222222222222,0.7123611111111111,0.7569444444444444,0.756458964190923,0.11828947368421054,0.06326680084763332,0.05247700585457205,0.23055555555555557,0.23333333333333334,0.2388888888888889
dim2-xcov0-fold1-seed911,2,0.0,1,911,75,parun-v1-3fa12fe7fcf3842126709c8d6e7b04b90de0a2cd106cf5950756032e601dd751,ebead9009ee83816f5ac1ad5ca37e0cb8e7950fa,9654a265840ef7d8b1fb47e67bbb76458965a62afd55c36c11a398c91dfc98a6,canine_cutaneous_scc_dinov2_paired_acquisition,5db383771614a9018a72d57ba8dd45c8f89adb4cb665103133aa8188496e3e80,96501c9be1258f74c119d9f88a61c6945cf51f8c56ab53147b6c0b10792b3212,4b71f8ec363b6ac63db9f82872fa5c7ab5807a34e9ec5b0b43d6868e5fdbb9c2,0.37037037037037035,0.36943338017209976,0.41143118069145473,0.35139302947476964,0.5057785553154202,0.9925925925925926,0.9015873015873016,0.7558730158730159,0.7354497354497355,0.7322816321207916,0.10673015873015873,0.057947297337263524,0.049007612460790294,0.2518518518518518,0.2419047619047619,0.24476190476190476
dim2-xcov0-fold1-seed912,2,0.0,1,912,75,parun-v1-94c39a82db0c701e3e1eb19b64efa2295799b9e0631c64ce9165a1b481a8f529,ebead9009ee83816f5ac1ad5ca37e0cb8e7950fa,9654a265840ef7d8b1fb47e67bbb76458965a62afd55c36c11a398c91dfc98a6,canine_cutaneous_scc_dinov2_paired_acquisition,5db383771614a9018a72d57ba8dd45c8f89adb4cb665103133aa8188496e3e80,96501c9be1258f74c119d9f88a61c6945cf51f8c56ab53147b6c0b10792b3212,f8c616da5b2df50729c7df94506e219d3178fc5210df108a9bd19fdc705bc64c,0.36296296296296293,0.3481413631047192,0.36967340726244835,0.3532059667218311,0.43151323466889174,0.9915343915343915,0.9081481481481481,0.7635978835978836,0.7164021164021163,0.7111692040295999,0.11276190476190474,0.07584476586320346,0.06146640030396574,0.2613756613756614,0.23851851851851852,0.24349206349206348
dim2-xcov0-fold1-seed913,2,0.0,1,913,75,parun-v1-9ecd55c1c662ca8397c75fabbeea95e7fc94bda0d9a44421d1df528618b6c580,ebead9009ee83816f5ac1ad5ca37e0cb8e7950fa,9654a265840ef7d8b1fb47e67bbb76458965a62afd55c36c11a398c91dfc98a6,canine_cutaneous_scc_dinov2_paired_acquisition,5db383771614a9018a72d57ba8dd45c8f89adb4cb665103133aa8188496e3e80,96501c9be1258f74c119d9f88a61c6945cf51f8c56ab53147b6c0b10792b3212,15982657a25be52fa73802a18ef4fdcdff3af4a7333ae1226cea85949040fe89,0.3841269841269841,0.3783312974593665,0.3747449445531637,0.3822698382204495,0.4861915192032633,0.9904761904761905,0.9058201058201059,0.7631746031746032,0.725925925925926,0.721225475472832,0.09892063492063491,0.05711171914366294,0.048732137582735154,0.2402116402116402,0.24169312169312168,0.242010582010582
dim2-xcov0-fold1-seed914,2,0.0,1,914,75,parun-v1-9fbbadd156eaad910b23cbfc9daab5700e49b85104458a60cb9a469a4582902e,ebead9009ee83816f5ac1ad5ca37e0cb8e7950fa,9654a265840ef7d8b1fb47e67bbb76458965a62afd55c36c11a398c91dfc98a6,canine_cutaneous_scc_dinov2_paired_acquisition,5db383771614a9018a72d57ba8dd45c8f89adb4cb665103133aa8188496e3e80,96501c9be1258f74c119d9f88a61c6945cf51f8c56ab53147b6c0b10792b3212,b6d68ca618d55dba9f14a3abab5eab20c9dd642686516063f1b5e92b03aa852a,0.3947089947089947,0.3940888932701286,0.3975359860839312,0.4038878524064537,0.5094635310433231,0.9936507936507937,0.9113227513227513,0.7665608465608466,0.711111111111111,0.7068913509123866,0.11093281148075668,0.08138552506408729,0.07069944998292567,0.2507936507936508,0.2535449735449735,0.2583068783068783
dim2-xcov0-fold1-seed915,2,0.0,1,915,75,parun-v1-d5f576e265c0f451375bed99b60666eb6cef0414b77fffd0a7db07dc12501d7d,ebead9009ee83816f5ac1ad5ca37e0cb8e7950fa,9654a265840ef7d8b1fb47e67bbb76458965a62afd55c36c11a398c91dfc98a6,canine_cutaneous_scc_dinov2_paired_acquisition,5db383771614a9018a72d57ba8dd45c8f89adb4cb665103133aa8188496e3e80,96501c9be1258f74c119d9f88a61c6945cf51f8c56ab53147b6c0b10792b3212,41209e4d02ee396812654aa1c5f410b4b06c2428fbd18ad896ed92231aa7e68d,0.38835978835978835,0.3867298142251484,0.3358878016960209,0.34397476783262676,0.44493615359135125,0.9925925925925926,0.9045502645502645,0.7536507936507937,0.7026455026455026,0.701966919416435,0.09095238095238095,0.0649836521442014,0.06537411903481438,0.2306878306878307,0.23703703703703705,0.23492063492063492
dim2-xcov0-fold2-seed911,2,0.0,2,911,75,parun-v1-2af1253bb5bc5e6eadf53772fc966a92abbfd5809096e08d023e2e95e60ab07f,ebead9009ee83816f5ac1ad5ca37e0cb8e7950fa,9654a265840ef7d8b1fb47e67bbb76458965a62afd55c36c11a398c91dfc98a6,canine_cutaneous_scc_dinov2_paired_acquisition,5db383771614a9018a72d57ba8dd45c8f89adb4cb665103133aa8188496e3e80,6d6c2bc39de24244e414816dd4386fd0a61c94fc2e7d66f6e88aef61f66e1f3e,93e99ccaaa2200a6a9d2e8fd3c1050764304a1915e0fa320a1ab37f96adf9f57,0.3779310344827586,0.3769232974387081,0.4672002072002071,0.3971448664107117,0.47366871935863675,0.9586206896551724,0.896,0.7475862068965518,0.7875862068965518,0.7891706544951657,0.10722222222222222,0.055256987970775835,0.050385315786392396,0.22620689655172413,0.21075862068965517,0.2110344827586207
dim2-xcov0-fold2-seed912,2,0.0,2,912,75,parun-v1-c2cb17bfa7a54f0f74c0f1fb6bc8423d725921dbaa3d4a0faa7617dbb9deeb30,ebead9009ee83816f5ac1ad5ca37e0cb8e7950fa,9654a265840ef7d8b1fb47e67bbb76458965a62afd55c36c11a398c91dfc98a6,canine_cutaneous_scc_dinov2_paired_acquisition,5db383771614a9018a72d57ba8dd45c8f89adb4cb665103133aa8188496e3e80,6d6c2bc39de24244e414816dd4386fd0a61c94fc2e7d66f6e88aef61f66e1f3e,a8cc4504a50f85b3737249d3bd3e015b1f8d0a87d9b6a9d2a79b6f287630c7c9,0.3544827586206897,0.3513060308586261,0.45802771302771306,0.38318469363487434,0.4600903548404334,0.9544827586206897,0.8957241379310344,0.7433103448275862,0.7958620689655174,0.7946233910654603,0.07982905982905983,0.04942156686447281,0.07218766987662435,0.22620689655172413,0.2190344827586207,0.2219310344827586
dim2-xcov0-fold2-seed913,2,0.0,2,913,75,parun-v1-1e89b7547f8ada0c9acd6dca652f2f4362b1b9a70f3967c02dc2dc9f7dba8f2b,ebead9009ee83816f5ac1ad5ca37e0cb8e7950fa,9654a265840ef7d8b1fb47e67bbb76458965a62afd55c36c11a398c91dfc98a6,canine_cutaneous_scc_dinov2_paired_acquisition,5db383771614a9018a72d57ba8dd45c8f89adb4cb665103133aa8188496e3e80,6d6c2bc39de24244e414816dd4386fd0a61c94fc2e7d66f6e88aef61f66e1f3e,1b7e89fba89f7566ae185fc800936c590fe515220ab53f006ebc3133b8da59fc,0.3351724137931035,0.32865277346724997,0.38309505309505304,0.38149002790501774,0.41479867130330095,0.9517241379310345,0.8951724137931034,0.7493793103448276,0.7751724137931034,0.7768755500661207,0.10703703703703704,0.06482171433514368,0.05709113524203254,0.21517241379310345,0.2143448275862069,0.21889655172413794
dim2-xcov0-fold2-seed914,2,0.0,2,914,75,parun-v1-124eed078ef6006e0e45d602abc310dbd1b752dde303499379d93866206ccc78,ebead9009ee83816f5ac1ad5ca37e0cb8e7950fa,9654a265840ef7d8b1fb47e67bbb76458965a62afd55c36c11a398c91dfc98a6,canine_cutaneous_scc_dinov2_paired_acquisition,5db383771614a9018a72d57ba8dd45c8f89adb4cb665103133aa8188496e3e80,6d6c2bc39de24244e414816dd4386fd0a61c94fc2e7d66f6e88aef61f66e1f3e,c789db08d9ef36d74d4c6c3b9858511f08661765bac3ee799dc3a9982143160a,0.3393103448275862,0.33242852894045877,0.4600945350945351,0.45792984896938416,0.45642866867293597,0.9558620689655173,0.8918620689655172,0.7375172413793103,0.7806896551724137,0.7819426688903501,0.1033190883190883,0.06337204800619435,0.06758919727128306,0.2110344827586207,0.22703448275862068,0.21958620689655173
dim2-xcov0-fold2-seed915,2,0.0,2,915,75,parun-v1-83aec5dbfbcf56f2eebb513d53ece4315605229a288a3932e37283f4411ea56d,ebead9009ee83816f5ac1ad5ca37e0cb8e7950fa,9654a265840ef7d8b1fb47e67bbb76458965a62afd55c36c11a398c91dfc98a6,canine_cutaneous_scc_dinov2_paired_acquisition,5db383771614a9018a72d57ba8dd45c8f89adb4cb665103133aa8188496e3e80,6d6c2bc39de24244e414816dd4386fd0a61c94fc2e7d66f6e88aef61f66e1f3e,d336a73f85511cd34eb983aaf5e39f7ab3033271a7da72741e3648c4fe632bcc,0.38344827586206903,0.3795830950819384,0.48655788655788657,0.4078519525945704,0.47410739224469917,0.9572413793103448,0.8918620689655172,0.7346206896551725,0.7931034482758621,0.7912966537894773,0.08264957264957265,0.05618136545971597,0.08531410898989995,0.2317241379310345,0.20496551724137932,0.20951724137931035
dim2-xcov0-fold3-seed911,2,0.0,3,911,75,parun-v1-b08d273148c93b4b895768cc1a054882b7bd28ca3c665ba2e052670d7f22bb5e,ebead9009ee83816f5ac1ad5ca37e0cb8e7950fa,9654a265840ef7d8b1fb47e67bbb76458965a62afd55c36c11a398c91dfc98a6,canine_cutaneous_scc_dinov2_paired_acquisition,5db383771614a9018a72d57ba8dd45c8f89adb4cb665103133aa8188496e3e80,3396e0fb34d92af27dbd982bd5cea16fbeae7cc3b4d3bb64ee9f04ca959cdaf7,788b680ccd19af1a5078a29468ccedec71924988f53e9d5a9bcec65b838a6f75,0.36025641025641025,0.3539805887284164,0.46459285692968205,0.33266037998842213,0.3860824083792298,0.9935897435897436,0.9279487179487179,0.7929487179487179,0.7910256410256411,0.7903198456677623,0.09631886087768439,0.04697420257195216,0.026075592325290085,0.2987179487179487,0.3030769230769231,0.3120512820512821
dim2-xcov0-fold3-seed912,2,0.0,3,912,75,parun-v1-31321d802a84ce5da69f94bb8dd4dfdfd161df5d036df5ac741e063a11a35d97,ebead9009ee83816f5ac1ad5ca37e0cb8e7950fa,9654a265840ef7d8b1fb47e67bbb76458965a62afd55c36c11a398c91dfc98a6,canine_cutaneous_scc_dinov2_paired_acquisition,5db383771614a9018a72d57ba8dd45c8f89adb4cb665103133aa8188496e3e80,3396e0fb34d92af27dbd982bd5cea16fbeae7cc3b4d3bb64ee9f04ca959cdaf7,9143cda1072e3664a49e6e3b2d1d8494f0763cee9176381e29119d33155f8fac,0.4153846153846154,0.41341520553230104,0.43507569846812394,0.31573267286854645,0.3914641504597683,0.9923076923076923,0.9230769230769231,0.7933333333333333,0.8012820512820513,0.8007286686507848,0.09607597985921919,0.0520943330467331,0.031796678136032396,0.28974358974358977,0.2987179487179487,0.30448717948717946
dim2-xcov0-fold3-seed913,2,0.0,3,913,75,parun-v1-8742813f01623ea6b86c41d545de7712c0e5aa2eea5c16674af549b6d934e76a,ebead9009ee83816f5ac1ad5ca37e0cb8e7950fa,9654a265840ef7d8b1fb47e67bbb76458965a62afd55c36c11a398c91dfc98a6,canine_cutaneous_scc_dinov2_paired_acquisition,5db383771614a9018a72d57ba8dd45c8f89adb4cb665103133aa8188496e3e80,3396e0fb34d92af27dbd982bd5cea16fbeae7cc3b4d3bb64ee9f04ca959cdaf7,47c382edc2395527f2c22f60c32f9c18fc1f027496589778ff6018dd434a35ba,0.36025641025641025,0.35782138574697103,0.43296763149704326,0.38253050661472937,0.4609146134488656,0.9961538461538462,0.9238461538461539,0.7856410256410257,0.8012820512820513,0.8011439329722443,0.10597956077408133,0.05442800973600449,0.0788971222457461,0.34487179487179487,0.32,0.3121794871794872
dim2-xcov0-fold3-seed914,2,0.0,3,914,75,parun-v1-c9cab249766cef7180fce12777d913e5e5d671bf14809417a6a0d7dc9e7fc472,ebead9009ee83816f5ac1ad5ca37e0cb8e7950fa,9654a265840ef7d8b1fb47e67bbb76458965a62afd55c36c11a398c91dfc98a6,canine_cutaneous_scc_dinov2_paired_acquisition,5db383771614a9018a72d57ba8dd45c8f89adb4cb665103133aa8188496e3e80,3396e0fb34d92af27dbd982bd5cea16fbeae7cc3b4d3bb64ee9f04ca959cdaf7,d78a282b3884d291121ce06532ba18e7f669118925ae184dacc36cd7c6b6b431,0.3782051282051282,0.3783084154511762,0.4222546461506977,0.32185132583169784,0.42114447381731596,0.9948717948717949,0.9182051282051282,0.7832051282051282,0.7846153846153847,0.7840932370592992,0.09092748210395268,0.04961429161239839,0.027686105831707927,0.31794871794871793,0.3182051282051282,0.3091025641025641
dim2-xcov0-fold3-seed915,2,0.0,3,915,75,parun-v1-29218537e71841a59caf2a6c2990d0d7fc9ec8bf311d33921cb6a86b29fa4ff5,ebead9009ee83816f5ac1ad5ca37e0cb8e7950fa,9654a265840ef7d8b1fb47e67bbb76458965a62afd55c36c11a398c91dfc98a6,canine_cutaneous_scc_dinov2_paired_acquisition,5db383771614a9018a72d57ba8dd45c8f89adb4cb665103133aa8188496e3e80,3396e0fb34d92af27dbd982bd5cea16fbeae7cc3b4d3bb64ee9f04ca959cdaf7,eb78143a1b9c18c92198ec81bb92c912e3219330c6e15c3b8beac6d2a6cc0cc4,0.3653846153846153,0.36290030068113477,0.41377822970893074,0.36183665118121805,0.41081992020939917,0.9935897435897436,0.9171794871794872,0.7841025641025641,0.7833333333333333,0.7836083173506392,0.07462803081658843,0.04653536990187974,0.04504468268138251,0.3,0.31153846153846154,0.32256410256410256
dim2-xcov0-fold4-seed911,2,0.0,4,911,75,parun-v1-e38369bf5ce49680eca9fce336973e728bfe092b72efd27d1fb016f0a503e1e4,ebead9009ee83816f5ac1ad5ca37e0cb8e7950fa,9654a265840ef7d8b1fb47e67bbb76458965a62afd55c36c11a398c91dfc98a6,canine_cutaneous_scc_dinov2_paired_acquisition,5db383771614a9018a72d57ba8dd45c8f89adb4cb665103133aa8188496e3e80,a382ed29bc8bd74178282183fcbb9d2a3f66665391a4be234acdb6f3eac995f6,6acf6c0707388b5254a70464d25d2a7986f98adff8089ea2d85596136ef93103,0.38830409356725143,0.384379433294597,0.35747179796180345,0.32968341493477843,0.4262763661675665,0.9625730994152046,0.8905263157894737,0.7553216374269006,0.7801169590643274,0.7786008819220442,0.14447443812783994,0.09793156287540951,0.12790996410916694,0.23508771929824562,0.22292397660818714,0.22608187134502924
dim2-xcov0-fold4-seed912,2,0.0,4,912,75,parun-v1-5f92eef69a54accdc2e5503b4d0033e640080a2e20232b62566d851f378af8c5,ebead9009ee83816f5ac1ad5ca37e0cb8e7950fa,9654a265840ef7d8b1fb47e67bbb76458965a62afd55c36c11a398c91dfc98a6,canine_cutaneous_scc_dinov2_paired_acquisition,5db383771614a9018a72d57ba8dd45c8f89adb4cb665103133aa8188496e3e80,a382ed29bc8bd74178282183fcbb9d2a3f66665391a4be234acdb6f3eac995f6,7977eb2ed6639764823c063e8735c9fa703f2f3f8617fd7b6fbccd2612df7bc9,0.3614035087719298,0.36201136077350393,0.35895759142339,0.32998975233443445,0.4128394979411687,0.9649122807017544,0.8863157894736842,0.7525146198830409,0.7578947368421052,0.7556856912535935,0.1470100920128428,0.09792484967829317,0.10933332089547193,0.26432748538011697,0.23298245614035087,0.22467836257309942
dim2-xcov0-fold4-seed913,2,0.0,4,913,75,parun-v1-32fad0b7e317da21e17c96d524b5bb98c929cef574ffd893b29697f4c40401a8,ebead9009ee83816f5ac1ad5ca37e0cb8e7950fa,9654a265840ef7d8b1fb47e67bbb76458965a62afd55c36c11a398c91dfc98a6,canine_cutaneous_scc_dinov2_paired_acquisition,5db383771614a9018a72d57ba8dd45c8f89adb4cb665103133aa8188496e3e80,a382ed29bc8bd74178282183fcbb9d2a3f66665391a4be234acdb6f3eac995f6,5724c813f9aa4839eeef8ab813c481c6c84936ff9e5378f71882e7e12444a99c,0.37777777777777777,0.3689167781135303,0.37935982814178304,0.3537966132006538,0.44799441977836046,0.9590643274853801,0.8832748538011695,0.7473684210526316,0.7742690058479533,0.7752763864218826,0.16539527680991092,0.1002858686164334,0.1131965562657117,0.20701754385964913,0.23649122807017545,0.23239766081871346
dim2-xcov0-fold4-seed914,2,0.0,4,914,75,parun-v1-d0e59911d0971ea72febfb9956c670218e8b7d871e3525aa552aa363b706c893,ebead9009ee83816f5ac1ad5ca37e0cb8e7950fa,9654a265840ef7d8b1fb47e67bbb76458965a62afd55c36c11a398c91dfc98a6,canine_cutaneous_scc_dinov2_paired_acquisition,5db383771614a9018a72d57ba8dd45c8f89adb4cb665103133aa8188496e3e80,a382ed29bc8bd74178282183fcbb9d2a3f66665391a4be234acdb6f3eac995f6,af2713044289b4bbd93440be52ac3568d0b7a4e8368c4b4de8135d354555337e,0.3707602339181286,0.36425793724750033,0.35745815176733936,0.32882538919833376,0.42725689951561013,0.9637426900584796,0.8863157894736842,0.744327485380117,0.7543859649122807,0.7521993483604967,0.14472849952989325,0.08162283912157735,0.07761424742495306,0.22456140350877193,0.23064327485380118,0.23029239766081872
dim2-xcov0-fold4-seed915,2,0.0,4,915,75,parun-v1-d174a459c96a9a37966840213c210832e01a9ba17191f3c60bcad8df5a1a79ee,ebead9009ee83816f5ac1ad5ca37e0cb8e7950fa,9654a265840ef7d8b1fb47e67bbb76458965a62afd55c36c11a398c91dfc98a6,canine_cutaneous_scc_dinov2_paired_acquisition,5db383771614a9018a72d57ba8dd45c8f89adb4cb665103133aa8188496e3e80,a382ed29bc8bd74178282183fcbb9d2a3f66665391a4be234acdb6f3eac995f6,4a302cb0ad7d6b0713adcb835cee85cbc0eb1cae062a3aa7d7ef4e919c062b4e,0.38479532163742686,0.3772260309109659,0.32193064542890326,0.3066410304792665,0.4092364237860751,0.9625730994152046,0.8870175438596491,0.747251461988304,0.7567251461988305,0.7537485730140239,0.14881920247773905,0.1035352008956412,0.11572699470354336,0.20350877192982456,0.22573099415204678,0.22666666666666666
dim2-xcov0p05-fold0-seed911,2,0.05,0,911,75,parun-v1-f1cbfbfd1be7f646ba459d24debb16007fb6e24374347f6fe3de3a1d3a2413a5,ebead9009ee83816f5ac1ad5ca37e0cb8e7950fa,9654a265840ef7d8b1fb47e67bbb76458965a62afd55c36c11a398c91dfc98a6,canine_cutaneous_scc_dinov2_paired_acquisition,5db383771614a9018a72d57ba8dd45c8f89adb4cb665103133aa8188496e3e80,19306704f6dc919790d13d0f77bfe2b6975b0fbf34388553f0a31aced97a7081,d569107cee1d5c33dc8acb011b678be13c8287cdff20ecd0d74c69622c527681,0.3583333333333333,0.3560073656532958,0.33328135918937807,0.23443896036172765,0.2689124251748592,0.9597222222222223,0.8769444444444444,0.7170833333333333,0.7680555555555555,0.7681110607771745,0.11575292397660819,0.0641093436689979,0.04892871959279547,0.2125,0.21944444444444444,0.22416666666666665
dim2-xcov0p05-fold0-seed912,2,0.05,0,912,75,parun-v1-62d29b0c5225063616104c3df0da8e1c9b02183855f641d0d05028031bafbae0,ebead9009ee83816f5ac1ad5ca37e0cb8e7950fa,9654a265840ef7d8b1fb47e67bbb76458965a62afd55c36c11a398c91dfc98a6,canine_cutaneous_scc_dinov2_paired_acquisition,5db383771614a9018a72d57ba8dd45c8f89adb4cb665103133aa8188496e3e80,19306704f6dc919790d13d0f77bfe2b6975b0fbf34388553f0a31aced97a7081,fa4685584229e9ec5493f5f4b7f8bb9add4374fa9aeae6e2719792c727a859b7,0.31388888888888894,0.3111378764897778,0.2998848799146714,0.24880203459678696,0.26507830992953674,0.9583333333333334,0.8783333333333333,0.7088888888888889,0.7208333333333333,0.7242158101471564,0.1589766081871345,0.10886830620822881,0.08676979200662616,0.23055555555555557,0.235,0.2338888888888889
dim2-xcov0p05-fold0-seed913,2,0.05,0,913,75,parun-v1-8f1caf127bd802aeb0d05cbe2c0d6670c36eddbd35839d4b1751f7c1c1a17498,ebead9009ee83816f5ac1ad5ca37e0cb8e7950fa,9654a265840ef7d8b1fb47e67bbb76458965a62afd55c36c11a398c91dfc98a6,canine_cutaneous_scc_dinov2_paired_acquisition,5db383771614a9018a72d57ba8dd45c8f89adb4cb665103133aa8188496e3e80,19306704f6dc919790d13d0f77bfe2b6975b0fbf34388553f0a31aced97a7081,aaf93a6fcf6e2a9d2a9fde816f911dde3574a64434ebab8795e3d83dc62e9153,0.33472222222222225,0.33496749732294806,0.3142351226598992,0.27293371890095625,0.27545245966926507,0.9597222222222223,0.8813888888888889,0.7269444444444444,0.7597222222222222,0.7586813798765338,0.10152777777777777,0.04583987441130299,0.034813797313797315,0.23333333333333334,0.23027777777777778,0.23291666666666666
dim2-xcov0p05-fold0-seed914,2,0.05,0,914,75,parun-v1-15200ca4192ca870f95deb31f4c392500e638cbe5b0e5bf86c84bf5c967e97de,ebead9009ee83816f5ac1ad5ca37e0cb8e7950fa,9654a265840ef7d8b1fb47e67bbb76458965a62afd55c36c11a398c91dfc98a6,canine_cutaneous_scc_dinov2_paired_acquisition,5db383771614a9018a72d57ba8dd45c8f89adb4cb665103133aa8188496e3e80,19306704f6dc919790d13d0f77bfe2b6975b0fbf34388553f0a31aced97a7081,471e2cdd2fc6bef98846edeb5ba50f18c4f8656d7f52de795c18ce01d5c0e27c,0.3361111111111111,0.32110288515139057,0.3181175291478171,0.2634592269612341,0.2847211116712638,0.9555555555555556,0.8761111111111111,0.7148611111111111,0.7583333333333333,0.758131337408579,0.118859649122807,0.07006517280489884,0.05704977237511485,0.20833333333333334,0.23444444444444446,0.22805555555555557
dim2-xcov0p05-fold0-seed915,2,0.05,0,915,75,parun-v1-f37dc62a0cbaf8639efaf4bd9f74917c5147e5c53d8e2f9a452c3723cec165e2,ebead9009ee83816f5ac1ad5ca37e0cb8e7950fa,9654a265840ef7d8b1fb47e67bbb76458965a62afd55c36c11a398c91dfc98a6,canine_cutaneous_scc_dinov2_paired_acquisition,5db383771614a9018a72d57ba8dd45c8f89adb4cb665103133aa8188496e3e80,19306704f6dc919790d13d0f77bfe2b6975b0fbf34388553f0a31aced97a7081,69e1fa8bfef235e1dcf46339bf46496ef60dc50aa1033dbc9113bcc9dcb09f09,0.3402777777777778,0.3174884296713171,0.2999084648203318,0.2250761105254878,0.27802446332292985,0.9541666666666667,0.8719444444444444,0.7127777777777777,0.7541666666666667,0.754049377597392,0.09791666666666667,0.05267513213493565,0.03562523292132238,0.21805555555555556,0.23833333333333334,0.24388888888888888
dim2-xcov0p05-fold1-seed911,2,0.05,1,911,75,parun-v1-5d24b66a36ff67cab20a3e7604b2b8041e3db0d322ae4973b9c17ed7ded3fa23,ebead9009ee83816f5ac1ad5ca37e0cb8e7950fa,9654a265840ef7d8b1fb47e67bbb76458965a62afd55c36c11a398c91dfc98a6,canine_cutaneous_scc_dinov2_paired_acquisition,5db383771614a9018a72d57ba8dd45c8f89adb4cb665103133aa8188496e3e80,96501c9be1258f74c119d9f88a61c6945cf51f8c56ab53147b6c0b10792b3212,4b71f8ec363b6ac63db9f82872fa5c7ab5807a34e9ec5b0b43d6868e5fdbb9c2,0.38306878306878306,0.38275612165826195,0.39590258751902585,0.34475024629224577,0.5050211302511897,0.9925925925925926,0.9015873015873016,0.7553439153439153,0.7544973544973544,0.7510172381728129,0.13057142857142856,0.08214106623493846,0.07623589892168771,0.2306878306878307,0.24444444444444444,0.24835978835978836
dim2-xcov0p05-fold1-seed912,2,0.05,1,912,75,parun-v1-2a53db89e3a56cd4b82daa07027eca02137787d0121cf6b415b7f84790d76431,ebead9009ee83816f5ac1ad5ca37e0cb8e7950fa,9654a265840ef7d8b1fb47e67bbb76458965a62afd55c36c11a398c91dfc98a6,canine_cutaneous_scc_dinov2_paired_acquisition,5db383771614a9018a72d57ba8dd45c8f89adb4cb665103133aa8188496e3e80,96501c9be1258f74c119d9f88a61c6945cf51f8c56ab53147b6c0b10792b3212,f8c616da5b2df50729c7df94506e219d3178fc5210df108a9bd19fdc705bc64c,0.362962962962963,0.34821179690758786,0.3811580778430093,0.36718795704611157,0.44332042382572834,0.9915343915343915,0.9058201058201059,0.7627513227513227,0.7312169312169312,0.726972394911213,0.10514285714285714,0.0596457780902799,0.046693016555762606,0.2201058201058201,0.2474074074074074,0.24465608465608465
dim2-xcov0p05-fold1-seed913,2,0.05,1,913,75,parun-v1-f26b79aba9467e80fa93910bae4359baf918817e35134d9d052eac8e5f5177bc,ebead9009ee83816f5ac1ad5ca37e0cb8e7950fa,9654a265840ef7d8b1fb47e67bbb76458965a62afd55c36c11a398c91dfc98a6,canine_cutaneous_scc_dinov2_paired_acquisition,5db383771614a9018a72d57ba8dd45c8f89adb4cb665103133aa8188496e3e80,96501c9be1258f74c119d9f88a61c6945cf51f8c56ab53147b6c0b10792b3212,15982657a25be52fa73802a18ef4fdcdff3af4a7333ae1226cea85949040fe89,0.38306878306878306,0.3777710754221495,0.3791750380517504,0.38601073142794107,0.48589919372599294,0.9925925925925926,0.9085714285714286,0.764973544973545,0.7365079365079366,0.7346921864004494,0.11966731898238747,0.08094549123517243,0.09666182336000442,0.24656084656084656,0.24232804232804234,0.24772486772486774
dim2-xcov0p05-fold1-seed914,2,0.05,1,914,75,parun-v1-8c0fd29799f38f29e314c15b2d60451cbfe5d2879370dad42eb3be75f3119c93,ebead9009ee83816f5ac1ad5ca37e0cb8e7950fa,9654a265840ef7d8b1fb47e67bbb76458965a62afd55c36c11a398c91dfc98a6,canine_cutaneous_scc_dinov2_paired_acquisition,5db383771614a9018a72d57ba8dd45c8f89adb4cb665103133aa8188496e3e80,96501c9be1258f74c119d9f88a61c6945cf51f8c56ab53147b6c0b10792b3212,b6d68ca618d55dba9f14a3abab5eab20c9dd642686516063f1b5e92b03aa852a,0.38306878306878306,0.3810874169909746,0.41064231354642317,0.35645127821208583,0.5219525013815358,0.9915343915343915,0.9098412698412699,0.7651851851851852,0.728042328042328,0.7241899001631735,0.09403174603174602,0.057873178526259096,0.04421302540426412,0.2306878306878307,0.24825396825396825,0.24275132275132275
dim2-xcov0p05-fold1-seed915,2,0.05,1,915,75,parun-v1-81edc96162605380b071a5efd98bbbfcdb8ea3d310885dcc7013db2b014ee442,ebead9009ee83816f5ac1ad5ca37e0cb8e7950fa,9654a265840ef7d8b1fb47e67bbb76458965a62afd55c36c11a398c91dfc98a6,canine_cutaneous_scc_dinov2_paired_acquisition,5db383771614a9018a72d57ba8dd45c8f89adb4cb665103133aa8188496e3e80,96501c9be1258f74c119d9f88a61c6945cf51f8c56ab53147b6c0b10792b3212,41209e4d02ee396812654aa1c5f410b4b06c2428fbd18ad896ed92231aa7e68d,0.3587301587301587,0.3542046331311894,0.34807827788649703,0.35177329371408317,0.4451108305274973,0.9915343915343915,0.9034920634920635,0.7548148148148148,0.7756613756613756,0.7727198088843733,0.11492063492063494,0.05487451640878538,0.046530710108854276,0.24126984126984127,0.24253968253968253,0.24476190476190476
dim2-xcov0p05-fold2-seed911,2,0.05,2,911,75,parun-v1-dfc990e1ac30161bac99c283da1e560c13926efea2d498b73180d937cc0b95b9,ebead9009ee83816f5ac1ad5ca37e0cb8e7950fa,9654a265840ef7d8b1fb47e67bbb76458965a62afd55c36c11a398c91dfc98a6,canine_cutaneous_scc_dinov2_paired_acquisition,5db383771614a9018a72d57ba8dd45c8f89adb4cb665103133aa8188496e3e80,6d6c2bc39de24244e414816dd4386fd0a61c94fc2e7d66f6e88aef61f66e1f3e,93e99ccaaa2200a6a9d2e8fd3c1050764304a1915e0fa320a1ab37f96adf9f57,0.36689655172413793,0.3660816153382773,0.4557135457135457,0.38696692130545346,0.46367677049317174,0.9572413793103448,0.8943448275862069,0.7493793103448276,0.7710344827586206,0.7721506938938241,0.09962962962962962,0.06001794948482929,0.05271711967036028,0.21517241379310345,0.20055172413793104,0.21020689655172414
dim2-xcov0p05-fold2-seed912,2,0.05,2,912,75,parun-v1-70315621892382ad96320e84294c6c918bfeef5e44a90f2a9d05cb4f7a494741,ebead9009ee83816f5ac1ad5ca37e0cb8e7950fa,9654a265840ef7d8b1fb47e67bbb76458965a62afd55c36c11a398c91dfc98a6,canine_cutaneous_scc_dinov2_paired_acquisition,5db383771614a9018a72d57ba8dd45c8f89adb4cb665103133aa8188496e3e80,6d6c2bc39de24244e414816dd4386fd0a61c94fc2e7d66f6e88aef61f66e1f3e,a8cc4504a50f85b3737249d3bd3e015b1f8d0a87d9b6a9d2a79b6f287630c7c9,0.3586206896551724,0.35668227866993624,0.4551243201243202,0.3806762758513388,0.4526582334346192,0.9558620689655173,0.896,0.7455172413793103,0.8124137931034483,0.8117225801276996,0.0812962962962963,0.03739130848186058,0.02806358809347032,0.26068965517241377,0.2336551724137931,0.22082758620689655
dim2-xcov0p05-fold2-seed913,2,0.05,2,913,75,parun-v1-493198bb09476ad91c923688b5ac2eb6fba56e693ac5047ee355fe2c5812c44a,ebead9009ee83816f5ac1ad5ca37e0cb8e7950fa,9654a265840ef7d8b1fb47e67bbb76458965a62afd55c36c11a398c91dfc98a6,canine_cutaneous_scc_dinov2_paired_acquisition,5db383771614a9018a72d57ba8dd45c8f89adb4cb665103133aa8188496e3e80,6d6c2bc39de24244e414816dd4386fd0a61c94fc2e7d66f6e88aef61f66e1f3e,1b7e89fba89f7566ae185fc800936c590fe515220ab53f006ebc3133b8da59fc,0.36,0.3539211962126368,0.3802162652162652,0.3779182596005379,0.407804297376699,0.9503448275862069,0.8926896551724138,0.7462068965517241,0.769655172413793,0.7704295485099538,0.13296296296296298,0.07512225836590954,0.06294469046072804,0.24413793103448275,0.224,0.2096551724137931
dim2-xcov0p05-fold2-seed914,2,0.05,2,914,75,parun-v1-19a029ee4030b499675fa4e660052169fddea7c238462264fb8f18bc7efb83c5,ebead9009ee83816f5ac1ad5ca37e0cb8e7950fa,9654a265840ef7d8b1fb47e67bbb76458965a62afd55c36c11a398c91dfc98a6,canine_cutaneous_scc_dinov2_paired_acquisition,5db383771614a9018a72d57ba8dd45c8f89adb4cb665103133aa8188496e3e80,6d6c2bc39de24244e414816dd4386fd0a61c94fc2e7d66f6e88aef61f66e1f3e,c789db08d9ef36d74d4c6c3b9858511f08661765bac3ee799dc3a9982143160a,0.35310344827586204,0.34578757454555636,0.4562470862470862,0.4515325106625306,0.44508401629870276,0.9544827586206897,0.8943448275862069,0.7380689655172413,0.7917241379310346,0.7921078183753099,0.10574074074074073,0.055555555555555546,0.05057471264367816,0.24551724137931036,0.216,0.21365517241379312
dim2-xcov0p05-fold2-seed915,2,0.05,2,915,75,parun-v1-2a0394114eb221b5403c0e87c54b280f6905cb2213a1ae933b4a7fb49afabad2,ebead9009ee83816f5ac1ad5ca37e0cb8e7950fa,9654a265840ef7d8b1fb47e67bbb76458965a62afd55c36c11a398c91dfc98a6,canine_cutaneous_scc_dinov2_paired_acquisition,5db383771614a9018a72d57ba8dd45c8f89adb4cb665103133aa8188496e3e80,6d6c2bc39de24244e414816dd4386fd0a61c94fc2e7d66f6e88aef61f66e1f3e,d336a73f85511cd34eb983aaf5e39f7ab3033271a7da72741e3648c4fe632bcc,0.3724137931034483,0.3695576983538579,0.49128205128205127,0.4796167769204456,0.4761255684795282,0.9572413793103448,0.8915862068965518,0.733103448275862,0.8055172413793104,0.8045127231299196,0.11635327635327636,0.07454720113786036,0.08362979934729806,0.21241379310344827,0.21158620689655172,0.2093793103448276
dim2-xcov0p05-fold3-seed911,2,0.05,3,911,75,parun-v1-55170f2a9b89186ad876bf82b7d205001faf948ab87ad6e3a925476ce1f5d136,ebead9009ee83816f5ac1ad5ca37e0cb8e7950fa,9654a265840ef7d8b1fb47e67bbb76458965a62afd55c36c11a398c91dfc98a6,canine_cutaneous_scc_dinov2_paired_acquisition,5db383771614a9018a72d57ba8dd45c8f89adb4cb665103133aa8188496e3e80,3396e0fb34d92af27dbd982bd5cea16fbeae7cc3b4d3bb64ee9f04ca959cdaf7,788b680ccd19af1a5078a29468ccedec71924988f53e9d5a9bcec65b838a6f75,0.3589743589743589,0.3563798034225977,0.47362359251158614,0.3377083842352836,0.3904963453480205,0.9948717948717949,0.9274358974358974,0.7928205128205128,0.7974358974358975,0.7972601706358948,0.08816526610644258,0.04258268253243128,0.02831437360331833,0.29743589743589743,0.2956410256410256,0.29743589743589743
dim2-xcov0p05-fold3-seed912,2,0.05,3,912,75,parun-v1-243368fa07df2e7ba35d9bce8393822849e325d10689ef3ee9a66281e3c2997f,ebead9009ee83816f5ac1ad5ca37e0cb8e7950fa,9654a265840ef7d8b1fb47e67bbb76458965a62afd55c36c11a398c91dfc98a6,canine_cutaneous_scc_dinov2_paired_acquisition,5db383771614a9018a72d57ba8dd45c8f89adb4cb665103133aa8188496e3e80,3396e0fb34d92af27dbd982bd5cea16fbeae7cc3b4d3bb64ee9f04ca959cdaf7,9143cda1072e3664a49e6e3b2d1d8494f0763cee9176381e29119d33155f8fac,0.4076923076923077,0.40317810483496286,0.4348903640603882,0.31110743546160935,0.37395433475417866,0.9923076923076923,0.9223076923076923,0.7912820512820513,0.7884615384615385,0.7879914951023363,0.11554794520547947,0.06237756293587519,0.11253089870783874,0.28846153846153844,0.30205128205128207,0.3091025641025641
dim2-xcov0p05-fold3-seed913,2,0.05,3,913,75,parun-v1-235452825e97a085a78421801648f9d50a46519217ce9e707aea3527c3756029,ebead9009ee83816f5ac1ad5ca37e0cb8e7950fa,9654a265840ef7d8b1fb47e67bbb76458965a62afd55c36c11a398c91dfc98a6,canine_cutaneous_scc_dinov2_paired_acquisition,5db383771614a9018a72d57ba8dd45c8f89adb4cb665103133aa8188496e3e80,3396e0fb34d92af27dbd982bd5cea16fbeae7cc3b4d3bb64ee9f04ca959cdaf7,47c382edc2395527f2c22f60c32f9c18fc1f027496589778ff6018dd434a35ba,0.3435897435897436,0.33997320646026885,0.4351489667404252,0.3280081109644665,0.46122524809458193,0.9961538461538462,0.9225641025641026,0.7856410256410257,0.7961538461538462,0.794841810953326,0.11426831919982605,0.058911946483663824,0.06269360799807587,0.28717948717948716,0.307948717948718,0.3073076923076923
dim2-xcov0p05-fold3-seed914,2,0.05,3,914,75,parun-v1-09dfdac24a12671c28f2922051eaa8795cc3f0fc800069ccf9fb79f13c0544d5,ebead9009ee83816f5ac1ad5ca37e0cb8e7950fa,9654a265840ef7d8b1fb47e67bbb76458965a62afd55c36c11a398c91dfc98a6,canine_cutaneous_scc_dinov2_paired_acquisition,5db383771614a9018a72d57ba8dd45c8f89adb4cb665103133aa8188496e3e80,3396e0fb34d92af27dbd982bd5cea16fbeae7cc3b4d3bb64ee9f04ca959cdaf7,d78a282b3884d291121ce06532ba18e7f669118925ae184dacc36cd7c6b6b431,0.3538461538461538,0.35184840476002066,0.44850954384798064,0.3397901574192516,0.4406415134352608,0.9948717948717949,0.9176923076923077,0.7798717948717949,0.7961538461538462,0.7955977763381779,0.11001789604730783,0.05820475704854939,0.03195883040664115,0.34102564102564104,0.3123076923076923,0.30435897435897435
dim2-xcov0p05-fold3-seed915,2,0.05,3,915,75,parun-v1-8e6b9bc87916c18bec0d675c2d794eec58f91c8565cc8f79ec26020ba33e87f1,ebead9009ee83816f5ac1ad5ca37e0cb8e7950fa,9654a265840ef7d8b1fb47e67bbb76458965a62afd55c36c11a398c91dfc98a6,canine_cutaneous_scc_dinov2_paired_acquisition,5db383771614a9018a72d57ba8dd45c8f89adb4cb665103133aa8188496e3e80,3396e0fb34d92af27dbd982bd5cea16fbeae7cc3b4d3bb64ee9f04ca959cdaf7,eb78143a1b9c18c92198ec81bb92c912e3219330c6e15c3b8beac6d2a6cc0cc4,0.3371794871794872,0.33485357613549305,0.42253324465250336,0.3686215296257576,0.42421674251968966,0.9935897435897436,0.9184615384615384,0.7879487179487179,0.8064102564102564,0.8052598324214045,0.11055621639827924,0.05509287443713673,0.03678219604449113,0.2858974358974359,0.298974358974359,0.29794871794871797
dim2-xcov0p05-fold4-seed911,2,0.05,4,911,75,parun-v1-a64496417e50a47b7a5e543f23a2f9251e40fe43df417867af8fd31dd5f63322,ebead9009ee83816f5ac1ad5ca37e0cb8e7950fa,9654a265840ef7d8b1fb47e67bbb76458965a62afd55c36c11a398c91dfc98a6,canine_cutaneous_scc_dinov2_paired_acquisition,5db383771614a9018a72d57ba8dd45c8f89adb4cb665103133aa8188496e3e80,a382ed29bc8bd74178282183fcbb9d2a3f66665391a4be234acdb6f3eac995f6,6acf6c0707388b5254a70464d25d2a7986f98adff8089ea2d85596136ef93103,0.3719298245614035,0.3707686783604824,0.366672523352516,0.3423209969114312,0.4315742064560425,0.9649122807017544,0.8909941520467837,0.755438596491228,0.7859649122807018,0.7850853078894224,0.1582570130319993,0.10749850214502946,0.16058987269796968,0.22690058479532163,0.21894736842105264,0.22701754385964912
dim2-xcov0p05-fold4-seed912,2,0.05,4,912,75,parun-v1-c25723f4eb0a39ba0ee7c4f57972094a7c77c1504062e1841fff2aa35b0e959d,ebead9009ee83816f5ac1ad5ca37e0cb8e7950fa,9654a265840ef7d8b1fb47e67bbb76458965a62afd55c36c11a398c91dfc98a6,canine_cutaneous_scc_dinov2_paired_acquisition,5db383771614a9018a72d57ba8dd45c8f89adb4cb665103133aa8188496e3e80,a382ed29bc8bd74178282183fcbb9d2a3f66665391a4be234acdb6f3eac995f6,7977eb2ed6639764823c063e8735c9fa703f2f3f8617fd7b6fbccd2612df7bc9,0.3590643274853801,0.35915225597793066,0.3537729573643749,0.3212136065977029,0.408460857632526,0.9649122807017544,0.8865497076023392,0.7526315789473684,0.7859649122807018,0.7843830847732212,0.15544494220452407,0.06361671743569403,0.05298904099212263,0.21403508771929824,0.2168421052631579,0.21871345029239767
dim2-xcov0p05-fold4-seed913,2,0.05,4,913,75,parun-v1-b43c6e1d51a86f19b4565d11adbccfc4ba167f1b7d68725105dfc5186563de68,ebead9009ee83816f5ac1ad5ca37e0cb8e7950fa,9654a265840ef7d8b1fb47e67bbb76458965a62afd55c36c11a398c91dfc98a6,canine_cutaneous_scc_dinov2_paired_acquisition,5db383771614a9018a72d57ba8dd45c8f89adb4cb665103133aa8188496e3e80,a382ed29bc8bd74178282183fcbb9d2a3f66665391a4be234acdb6f3eac995f6,5724c813f9aa4839eeef8ab813c481c6c84936ff9e5378f71882e7e12444a99c,0.3473684210526315,0.3460930261426056,0.37254016574537385,0.350704983764866,0.4464278877498503,0.9578947368421052,0.8832748538011695,0.7464327485380117,0.8140350877192983,0.8107267832045775,0.1424351121706706,0.07931825684018211,0.10136201235980555,0.19883040935672514,0.216140350877193,0.22666666666666666
dim2-xcov0p05-fold4-seed914,2,0.05,4,914,75,parun-v1-b2d137123a3b369f3f08f335544ef9c709eaff3c9aeb92b9e856a1bbac4550a8,ebead9009ee83816f5ac1ad5ca37e0cb8e7950fa,9654a265840ef7d8b1fb47e67bbb76458965a62afd55c36c11a398c91dfc98a6,canine_cutaneous_scc_dinov2_paired_acquisition,5db383771614a9018a72d57ba8dd45c8f89adb4cb665103133aa8188496e3e80,a382ed29bc8bd74178282183fcbb9d2a3f66665391a4be234acdb6f3eac995f6,af2713044289b4bbd93440be52ac3568d0b7a4e8368c4b4de8135d354555337e,0.3473684210526315,0.34183427602624433,0.3704759459624671,0.3391880137375133,0.4325314424729239,0.9649122807017544,0.8846783625730994,0.7422222222222222,0.7719298245614035,0.7702884527707594,0.15269841269841272,0.07168396362395565,0.06814307556942442,0.20818713450292398,0.2311111111111111,0.22748538011695907
dim2-xcov0p05-fold4-seed915,2,0.05,4,915,75,parun-v1-bc0e83dbfa9e29459e3948b5887f360c0817722e10cb705828cfd098428c16dd,ebead9009ee83816f5ac1ad5ca37e0cb8e7950fa,9654a265840ef7d8b1fb47e67bbb76458965a62afd55c36c11a398c91dfc98a6,canine_cutaneous_scc_dinov2_paired_acquisition,5db383771614a9018a72d57ba8dd45c8f89adb4cb665103133aa8188496e3e80,a382ed29bc8bd74178282183fcbb9d2a3f66665391a4be234acdb6f3eac995f6,4a302cb0ad7d6b0713adcb835cee85cbc0eb1cae062a3aa7d7ef4e919c062b4e,0.3953216374269006,0.3877120859575589,0.32570711331173463,0.31269389710039425,0.42425867739221645,0.9625730994152046,0.888421052631579,0.7463157894736843,0.7649122807017544,0.7631989303643687,0.14873978209169847,0.09792802531277621,0.10717001736788291,0.22690058479532163,0.22198830409356726,0.22210526315789475
dim2-xcov0p2-fold0-seed911,2,0.2,0,911,75,parun-v1-c8c2c0523f536ba4a6948ba5796ae105fcea863ddf477792d7c742ef964f42ee,ebead9009ee83816f5ac1ad5ca37e0cb8e7950fa,9654a265840ef7d8b1fb47e67bbb76458965a62afd55c36c11a398c91dfc98a6,canine_cutaneous_scc_dinov2_paired_acquisition,5db383771614a9018a72d57ba8dd45c8f89adb4cb665103133aa8188496e3e80,19306704f6dc919790d13d0f77bfe2b6975b0fbf34388553f0a31aced97a7081,d569107cee1d5c33dc8acb011b678be13c8287cdff20ecd0d74c69622c527681,0.36944444444444446,0.3645193629895122,0.3324100969141932,0.23137481733481025,0.26198207354052006,0.9583333333333334,0.8763888888888889,0.7168055555555556,0.7694444444444445,0.7694005611782335,0.10237207602339182,0.08325879140212666,0.09254376094026645,0.22916666666666666,0.2275,0.22805555555555557
dim2-xcov0p2-fold0-seed912,2,0.2,0,912,75,parun-v1-b3d4c11865cd0046e22291760f1023460898a19ca718c89420cfbe641d3fdea6,ebead9009ee83816f5ac1ad5ca37e0cb8e7950fa,9654a265840ef7d8b1fb47e67bbb76458965a62afd55c36c11a398c91dfc98a6,canine_cutaneous_scc_dinov2_paired_acquisition,5db383771614a9018a72d57ba8dd45c8f89adb4cb665103133aa8188496e3e80,19306704f6dc919790d13d0f77bfe2b6975b0fbf34388553f0a31aced97a7081,fa4685584229e9ec5493f5f4b7f8bb9add4374fa9aeae6e2719792c727a859b7,0.3611111111111111,0.35487664509693334,0.29279623652947884,0.23920146402032236,0.2517654866257236,0.9583333333333334,0.8772222222222222,0.7095833333333333,0.7458333333333333,0.745753402189981,0.10264010721247563,0.048637172725004174,0.03609296821909083,0.25,0.25555555555555554,0.2398611111111111
dim2-xcov0p2-fold0-seed913,2,0.2,0,913,75,parun-v1-058b6ba63d8741c34878aa940b5dc1fe73c9424b1df1fc32d560391c7abe6c22,ebead9009ee83816f5ac1ad5ca37e0cb8e7950fa,9654a265840ef7d8b1fb47e67bbb76458965a62afd55c36c11a398c91dfc98a6,canine_cutaneous_scc_dinov2_paired_acquisition,5db383771614a9018a72d57ba8dd45c8f89adb4cb665103133aa8188496e3e80,19306704f6dc919790d13d0f77bfe2b6975b0fbf34388553f0a31aced97a7081,aaf93a6fcf6e2a9d2a9fde816f911dde3574a64434ebab8795e3d83dc62e9153,0.3388888888888889,0.3377027631340396,0.3264818722645187,0.288340030678809,0.29023067182345,0.9597222222222223,0.8819444444444444,0.7269444444444444,0.7638888888888888,0.7633801502437588,0.10955712788259958,0.058315618799638425,0.05887033231480957,0.21805555555555556,0.2375,0.23555555555555555
dim2-xcov0p2-fold0-seed914,2,0.2,0,914,75,parun-v1-2d2cb212ed5dd67f3d305485e8964341f8a7fa7177624f8edfa4af03a71c5d42,ebead9009ee83816f5ac1ad5ca37e0cb8e7950fa,9654a265840ef7d8b1fb47e67bbb76458965a62afd55c36c11a398c91dfc98a6,canine_cutaneous_scc_dinov2_paired_acquisition,5db383771614a9018a72d57ba8dd45c8f89adb4cb665103133aa8188496e3e80,19306704f6dc919790d13d0f77bfe2b6975b0fbf34388553f0a31aced97a7081,471e2cdd2fc6bef98846edeb5ba50f18c4f8656d7f52de795c18ce01d5c0e27c,0.3402777777777778,0.3263770871401691,0.32105989554599285,0.22833792604405648,0.2803643429828286,0.9527777777777777,0.8763888888888889,0.7156944444444444,0.7472222222222221,0.7471428053194225,0.12315789473684209,0.050658756984203634,0.042201834862385317,0.2375,0.2222222222222222,0.225
dim2-xcov0p2-fold0-seed915,2,0.2,0,915,75,parun-v1-dee9f2ea63041b1b5b3ea9a409a9e69445b8680a9c59c9084d15b3a61f6a9879,ebead9009ee83816f5ac1ad5ca37e0cb8e7950fa,9654a265840ef7d8b1fb47e67bbb76458965a62afd55c36c11a398c91dfc98a6,canine_cutaneous_scc_dinov2_paired_acquisition,5db383771614a9018a72d57ba8dd45c8f89adb4cb665103133aa8188496e3e80,19306704f6dc919790d13d0f77bfe2b6975b0fbf34388553f0a31aced97a7081,69e1fa8bfef235e1dcf46339bf46496ef60dc50aa1033dbc9113bcc9dcb09f09,0.3458333333333333,0.33552448685085906,0.3050040457537975,0.23039885524574974,0.2840495852353922,0.9527777777777777,0.8755555555555555,0.71,0.7527777777777779,0.7528497175744687,0.11144493177387914,0.06768671976655308,0.05188503121261036,0.2125,0.22194444444444444,0.2247222222222222
dim2-xcov0p2-fold1-seed911,2,0.2,1,911,75,parun-v1-95338a343ab12d341533daf54a0927dcf53924ed164c185626cd067a91058021,ebead9009ee83816f5ac1ad5ca37e0cb8e7950fa,9654a265840ef7d8b1fb47e67bbb76458965a62afd55c36c11a398c91dfc98a6,canine_cutaneous_scc_dinov2_paired_acquisition,5db383771614a9018a72d57ba8dd45c8f89adb4cb665103133aa8188496e3e80,96501c9be1258f74c119d9f88a61c6945cf51f8c56ab53147b6c0b10792b3212,4b71f8ec363b6ac63db9f82872fa5c7ab5807a34e9ec5b0b43d6868e5fdbb9c2,0.36507936507936506,0.3627629063975095,0.42398564905414227,0.3586933442390653,0.5079000163451557,0.9915343915343915,0.9039153439153439,0.758095238095238,0.7513227513227514,0.7484417723211672,0.0766031746031746,0.052293164543653785,0.044162022092006877,0.24973544973544973,0.24232804232804234,0.24042328042328043
dim2-xcov0p2-fold1-seed912,2,0.2,1,912,75,parun-v1-d55bbf3cf8711f798dd2b577e90085bcac1d3511414775a6f4d728def7242115,ebead9009ee83816f5ac1ad5ca37e0cb8e7950fa,9654a265840ef7d8b1fb47e67bbb76458965a62afd55c36c11a398c91dfc98a6,canine_cutaneous_scc_dinov2_paired_acquisition,5db383771614a9018a72d57ba8dd45c8f89adb4cb665103133aa8188496e3e80,96501c9be1258f74c119d9f88a61c6945cf51f8c56ab53147b6c0b10792b3212,f8c616da5b2df50729c7df94506e219d3178fc5210df108a9bd19fdc705bc64c,0.34708994708994706,0.33324369042704405,0.3870263100674059,0.3790462135705024,0.4548397187878023,0.9925925925925926,0.9068783068783068,0.7622222222222222,0.7164021164021164,0.7112002241552664,0.11175298978038702,0.04941842276985122,0.05718293834380463,0.23492063492063492,0.23767195767195767,0.2383068783068783
dim2-xcov0p2-fold1-seed913,2,0.2,1,913,75,parun-v1-47da2ebc6c6e0fae5899325b424048159944bc6879bbe72dd3fdd1e839cf9f3f,ebead9009ee83816f5ac1ad5ca37e0cb8e7950fa,9654a265840ef7d8b1fb47e67bbb76458965a62afd55c36c11a398c91dfc98a6,canine_cutaneous_scc_dinov2_paired_acquisition,5db383771614a9018a72d57ba8dd45c8f89adb4cb665103133aa8188496e3e80,96501c9be1258f74c119d9f88a61c6945cf51f8c56ab53147b6c0b10792b3212,15982657a25be52fa73802a18ef4fdcdff3af4a7333ae1226cea85949040fe89,0.39788359788359784,0.3922778007719348,0.40369993476842797,0.41046531120186985,0.5025862365308205,0.9915343915343915,0.9085714285714286,0.7646560846560847,0.7407407407407407,0.7373776717289634,0.10794216133942162,0.07990544768919841,0.16365859496567997,0.22857142857142856,0.23174603174603176,0.2365079365079365
dim2-xcov0p2-fold1-seed914,2,0.2,1,914,75,parun-v1-297b8978d02231eefea39fdcfa238bb2ecc6433d7df61475172bf905e198c026,ebead9009ee83816f5ac1ad5ca37e0cb8e7950fa,9654a265840ef7d8b1fb47e67bbb76458965a62afd55c36c11a398c91dfc98a6,canine_cutaneous_scc_dinov2_paired_acquisition,5db383771614a9018a72d57ba8dd45c8f89adb4cb665103133aa8188496e3e80,96501c9be1258f74c119d9f88a61c6945cf51f8c56ab53147b6c0b10792b3212,b6d68ca618d55dba9f14a3abab5eab20c9dd642686516063f1b5e92b03aa852a,0.40634920634920635,0.4017633179541595,0.4125275059795608,0.35703466516697635,0.5230808145006481,0.9904761904761905,0.9070899470899471,0.7646560846560847,0.728042328042328,0.7242339433841247,0.12,0.08113417839335454,0.07552800436275352,0.24444444444444444,0.24169312169312168,0.24666666666666667
dim2-xcov0p2-fold1-seed915,2,0.2,1,915,75,parun-v1-cb12ec26236a9b331479eee18a023b63c3c22f82d9471091dd8ed5ca2edc25dc,ebead9009ee83816f5ac1ad5ca37e0cb8e7950fa,9654a265840ef7d8b1fb47e67bbb76458965a62afd55c36c11a398c91dfc98a6,canine_cutaneous_scc_dinov2_paired_acquisition,5db383771614a9018a72d57ba8dd45c8f89adb4cb665103133aa8188496e3e80,96501c9be1258f74c119d9f88a61c6945cf51f8c56ab53147b6c0b10792b3212,41209e4d02ee396812654aa1c5f410b4b06c2428fbd18ad896ed92231aa7e68d,0.344973544973545,0.3391550919404797,0.3474290063057186,0.3523037547229893,0.4433542206230769,0.9925925925925926,0.9032804232804232,0.7544973544973544,0.7714285714285715,0.7689488307324234,0.10111111111111111,0.03394723743155799,0.03016057371458068,0.2052910052910053,0.23767195767195767,0.2328042328042328
dim2-xcov0p2-fold2-seed911,2,0.2,2,911,75,parun-v1-7f06e202a5259400c7cf0e3fcc368d7e214456313b49552f200a00ef49e01f9a,ebead9009ee83816f5ac1ad5ca37e0cb8e7950fa,9654a265840ef7d8b1fb47e67bbb76458965a62afd55c36c11a398c91dfc98a6,canine_cutaneous_scc_dinov2_paired_acquisition,5db383771614a9018a72d57ba8dd45c8f89adb4cb665103133aa8188496e3e80,6d6c2bc39de24244e414816dd4386fd0a61c94fc2e7d66f6e88aef61f66e1f3e,93e99ccaaa2200a6a9d2e8fd3c1050764304a1915e0fa320a1ab37f96adf9f57,0.3572413793103449,0.35501010560163687,0.45930458430458426,0.3914926281063206,0.4651347387224753,0.9558620689655173,0.895448275862069,0.7497931034482759,0.7710344827586206,0.7719552381236328,0.08657472157472157,0.04760154042572038,0.051732699127636866,0.21517241379310345,0.21213793103448275,0.20868965517241378
dim2-xcov0p2-fold2-seed912,2,0.2,2,912,75,parun-v1-e38f4502b9338adc47b7f52196032acf5684a908f332325e897d79cbbbbd7b5e,ebead9009ee83816f5ac1ad5ca37e0cb8e7950fa,9654a265840ef7d8b1fb47e67bbb76458965a62afd55c36c11a398c91dfc98a6,canine_cutaneous_scc_dinov2_paired_acquisition,5db383771614a9018a72d57ba8dd45c8f89adb4cb665103133aa8188496e3e80,6d6c2bc39de24244e414816dd4386fd0a61c94fc2e7d66f6e88aef61f66e1f3e,a8cc4504a50f85b3737249d3bd3e015b1f8d0a87d9b6a9d2a79b6f287630c7c9,0.37517241379310345,0.3731647615801254,0.4761007511007511,0.402071718381571,0.4736946322697954,0.9572413793103448,0.8971034482758621,0.747448275862069,0.8110344827586207,0.8108785289317723,0.0862962962962963,0.03597196454339312,0.02252575011195701,0.22758620689655173,0.2353103448275862,0.2277241379310345
dim2-xcov0p2-fold2-seed913,2,0.2,2,913,75,parun-v1-e1317b3a6eb747396861d641f177cc2a3dffd19f57f931666e82b00efb2088c4,ebead9009ee83816f5ac1ad5ca37e0cb8e7950fa,9654a265840ef7d8b1fb47e67bbb76458965a62afd55c36c11a398c91dfc98a6,canine_cutaneous_scc_dinov2_paired_acquisition,5db383771614a9018a72d57ba8dd45c8f89adb4cb665103133aa8188496e3e80,6d6c2bc39de24244e414816dd4386fd0a61c94fc2e7d66f6e88aef61f66e1f3e,1b7e89fba89f7566ae185fc800936c590fe515220ab53f006ebc3133b8da59fc,0.33655172413793105,0.33189703135549015,0.3757394457394458,0.37471120334388464,0.40757038470291723,0.9544827586206897,0.8943448275862069,0.7462068965517241,0.7668965517241378,0.7676435372689057,0.09981481481481481,0.08483381237669628,0.09935727021644225,0.21655172413793103,0.2162758620689655,0.21255172413793103
dim2-xcov0p2-fold2-seed914,2,0.2,2,914,75,parun-v1-cc5fd0883e3c5d7e2c63b976a82cb7d4be7930f1335784141223265d1f637a69,ebead9009ee83816f5ac1ad5ca37e0cb8e7950fa,9654a265840ef7d8b1fb47e67bbb76458965a62afd55c36c11a398c91dfc98a6,canine_cutaneous_scc_dinov2_paired_acquisition,5db383771614a9018a72d57ba8dd45c8f89adb4cb665103133aa8188496e3e80,6d6c2bc39de24244e414816dd4386fd0a61c94fc2e7d66f6e88aef61f66e1f3e,c789db08d9ef36d74d4c6c3b9858511f08661765bac3ee799dc3a9982143160a,0.35034482758620694,0.346537438701873,0.4436001036001036,0.43847651724531983,0.4377607125590819,0.9558620689655173,0.8943448275862069,0.7384827586206897,0.7931034482758621,0.7938607151892734,0.13037037037037036,0.06617349471988918,0.06043199376391713,0.2082758620689655,0.22151724137931034,0.22317241379310346
dim2-xcov0p2-fold2-seed915,2,0.2,2,915,75,parun-v1-f9f1456930e6df59e9264cecd471d9adb78362149988b7a71230fb1dca5de95c,ebead9009ee83816f5ac1ad5ca37e0cb8e7950fa,9654a265840ef7d8b1fb47e67bbb76458965a62afd55c36c11a398c91dfc98a6,canine_cutaneous_scc_dinov2_paired_acquisition,5db383771614a9018a72d57ba8dd45c8f89adb4cb665103133aa8188496e3e80,6d6c2bc39de24244e414816dd4386fd0a61c94fc2e7d66f6e88aef61f66e1f3e,d336a73f85511cd34eb983aaf5e39f7ab3033271a7da72741e3648c4fe632bcc,0.38482758620689655,0.382412925149061,0.4727389277389278,0.3962174983458734,0.4557205051629694,0.9558620689655173,0.8910344827586207,0.7335172413793103,0.7958620689655173,0.7954305568080126,0.13525252525252526,0.07149020620523212,0.09250295360711655,0.20689655172413793,0.224,0.2230344827586207
dim2-xcov0p2-fold3-seed911,2,0.2,3,911,75,parun-v1-7fd2acb830e036fea2b3df5a2452b0314d395fef4af66bb1bef7b541978f063c,ebead9009ee83816f5ac1ad5ca37e0cb8e7950fa,9654a265840ef7d8b1fb47e67bbb76458965a62afd55c36c11a398c91dfc98a6,canine_cutaneous_scc_dinov2_paired_acquisition,5db383771614a9018a72d57ba8dd45c8f89adb4cb665103133aa8188496e3e80,3396e0fb34d92af27dbd982bd5cea16fbeae7cc3b4d3bb64ee9f04ca959cdaf7,788b680ccd19af1a5078a29468ccedec71924988f53e9d5a9bcec65b838a6f75,0.35512820512820514,0.3547381796466019,0.4794933787822587,0.3457915035095696,0.39686386595605694,0.9935897435897436,0.9287179487179488,0.795,0.7961538461538462,0.7960552019985335,0.11582633053221288,0.043468187084024265,0.03095066273632023,0.3,0.30435897435897435,0.29525641025641025
dim2-xcov0p2-fold3-seed912,2,0.2,3,912,75,parun-v1-bf3afab652ee429cdb837424c5ee3d0d65b0e61f2600c678712e9e4da0ce935e,ebead9009ee83816f5ac1ad5ca37e0cb8e7950fa,9654a265840ef7d8b1fb47e67bbb76458965a62afd55c36c11a398c91dfc98a6,canine_cutaneous_scc_dinov2_paired_acquisition,5db383771614a9018a72d57ba8dd45c8f89adb4cb665103133aa8188496e3e80,3396e0fb34d92af27dbd982bd5cea16fbeae7cc3b4d3bb64ee9f04ca959cdaf7,9143cda1072e3664a49e6e3b2d1d8494f0763cee9176381e29119d33155f8fac,0.3833333333333333,0.38162238760698763,0.4311929170450524,0.368207782234228,0.39135092186601955,0.9935897435897436,0.9235897435897436,0.7935897435897435,0.7782051282051283,0.7794647972454638,0.13180827886710242,0.06297649494580441,0.04049609810479376,0.3294871794871795,0.30974358974358973,0.2998717948717949
dim2-xcov0p2-fold3-seed913,2,0.2,3,913,75,parun-v1-8ea90a811a9bf68381feeaf3e025d42d7bc19d5a5bd64bc888942b4158dfced7,ebead9009ee83816f5ac1ad5ca37e0cb8e7950fa,9654a265840ef7d8b1fb47e67bbb76458965a62afd55c36c11a398c91dfc98a6,canine_cutaneous_scc_dinov2_paired_acquisition,5db383771614a9018a72d57ba8dd45c8f89adb4cb665103133aa8188496e3e80,3396e0fb34d92af27dbd982bd5cea16fbeae7cc3b4d3bb64ee9f04ca959cdaf7,47c382edc2395527f2c22f60c32f9c18fc1f027496589778ff6018dd434a35ba,0.3435897435897436,0.33777319109380516,0.44578494259195306,0.33334519351631026,0.45243876920287324,0.9961538461538462,0.9228205128205128,0.7865384615384615,0.8025641025641026,0.8023283709036011,0.11622091759078061,0.06361487497168827,0.10480096281762082,0.3217948717948718,0.30974358974358973,0.30615384615384617
dim2-xcov0p2-fold3-seed914,2,0.2,3,914,75,parun-v1-d4f7b546596c582f4de5293a030b0984e0dc5d3ac599174459268d6216c450ef,ebead9009ee83816f5ac1ad5ca37e0cb8e7950fa,9654a265840ef7d8b1fb47e67bbb76458965a62afd55c36c11a398c91dfc98a6,canine_cutaneous_scc_dinov2_paired_acquisition,5db383771614a9018a72d57ba8dd45c8f89adb4cb665103133aa8188496e3e80,3396e0fb34d92af27dbd982bd5cea16fbeae7cc3b4d3bb64ee9f04ca959cdaf7,d78a282b3884d291121ce06532ba18e7f669118925ae184dacc36cd7c6b6b431,0.382051282051282,0.37943336394980437,0.4254181642215486,0.320532166756614,0.41456437197909546,0.9961538461538462,0.9184615384615384,0.7802564102564102,0.7871794871794872,0.7866177448309644,0.08915860864893903,0.03875454745437923,0.04077123805754744,0.3230769230769231,0.3038461538461538,0.2998717948717949
dim2-xcov0p2-fold3-seed915,2,0.2,3,915,75,parun-v1-c6ebd1d5fa316d02cbf7542c82fb024aee3ca94f6415bd586a5101488e845046,ebead9009ee83816f5ac1ad5ca37e0cb8e7950fa,9654a265840ef7d8b1fb47e67bbb76458965a62afd55c36c11a398c91dfc98a6,canine_cutaneous_scc_dinov2_paired_acquisition,5db383771614a9018a72d57ba8dd45c8f89adb4cb665103133aa8188496e3e80,3396e0fb34d92af27dbd982bd5cea16fbeae7cc3b4d3bb64ee9f04ca959cdaf7,eb78143a1b9c18c92198ec81bb92c912e3219330c6e15c3b8beac6d2a6cc0cc4,0.3423076923076923,0.3409145250327109,0.4378634208630179,0.38446537028047006,0.44290870491548234,0.9935897435897436,0.9187179487179488,0.7865384615384615,0.7551282051282051,0.7579766991683774,0.11155920511279092,0.05355423810390493,0.05966380238176569,0.31666666666666665,0.3141025641025641,0.3123076923076923
dim2-xcov0p2-fold4-seed911,2,0.2,4,911,75,parun-v1-05683bf15d255f63f3c839598c302e81589770a6c6b86965ef1d0454b15d66c4,ebead9009ee83816f5ac1ad5ca37e0cb8e7950fa,9654a265840ef7d8b1fb47e67bbb76458965a62afd55c36c11a398c91dfc98a6,canine_cutaneous_scc_dinov2_paired_acquisition,5db383771614a9018a72d57ba8dd45c8f89adb4cb665103133aa8188496e3e80,a382ed29bc8bd74178282183fcbb9d2a3f66665391a4be234acdb6f3eac995f6,6acf6c0707388b5254a70464d25d2a7986f98adff8089ea2d85596136ef93103,0.3742690058479532,0.3716940267192545,0.35446496613193845,0.32737175295839205,0.41863103668886026,0.9637426900584796,0.8905263157894737,0.7550877192982456,0.783625730994152,0.7824453537715792,0.12193927327028373,0.050710146037312456,0.04292903176563839,0.22807017543859648,0.21590643274853802,0.22514619883040934
dim2-xcov0p2-fold4-seed912,2,0.2,4,912,75,parun-v1-b057322def66aafa8db23eecd4b2fc01b51aae1aae5bd64b8b3330a01b824e83,ebead9009ee83816f5ac1ad5ca37e0cb8e7950fa,9654a265840ef7d8b1fb47e67bbb76458965a62afd55c36c11a398c91dfc98a6,canine_cutaneous_scc_dinov2_paired_acquisition,5db383771614a9018a72d57ba8dd45c8f89adb4cb665103133aa8188496e3e80,a382ed29bc8bd74178282183fcbb9d2a3f66665391a4be234acdb6f3eac995f6,7977eb2ed6639764823c063e8735c9fa703f2f3f8617fd7b6fbccd2612df7bc9,0.352046783625731,0.3503639525433237,0.3502688311952937,0.3188430540244516,0.4025021861009082,0.9649122807017544,0.8858479532163742,0.7516959064327485,0.776608187134503,0.7751060587904564,0.1335419501133787,0.07120581905097587,0.05943803148578598,0.19064327485380117,0.22526315789473683,0.22596491228070176
dim2-xcov0p2-fold4-seed913,2,0.2,4,913,75,parun-v1-15b99b571a5b6352437d2818e330be2219f0266580ae2300a6ebab0ee1eb7d9b,ebead9009ee83816f5ac1ad5ca37e0cb8e7950fa,9654a265840ef7d8b1fb47e67bbb76458965a62afd55c36c11a398c91dfc98a6,canine_cutaneous_scc_dinov2_paired_acquisition,5db383771614a9018a72d57ba8dd45c8f89adb4cb665103133aa8188496e3e80,a382ed29bc8bd74178282183fcbb9d2a3f66665391a4be234acdb6f3eac995f6,5724c813f9aa4839eeef8ab813c481c6c84936ff9e5378f71882e7e12444a99c,0.36374269005847953,0.3577213665967552,0.3833175971287103,0.35862069559466964,0.46293355736894704,0.960233918128655,0.8844444444444445,0.7486549707602339,0.8175438596491229,0.814282127102205,0.1238563074352548,0.08697227735643158,0.12006423710999246,0.22105263157894736,0.22970760233918128,0.22842105263157894
dim2-xcov0p2-fold4-seed914,2,0.2,4,914,75,parun-v1-ed09de6f8a1cc818ef4a4c9f3c10f1806c425604e637a68641032fb29053ff3a,ebead9009ee83816f5ac1ad5ca37e0cb8e7950fa,9654a265840ef7d8b1fb47e67bbb76458965a62afd55c36c11a398c91dfc98a6,canine_cutaneous_scc_dinov2_paired_acquisition,5db383771614a9018a72d57ba8dd45c8f89adb4cb665103133aa8188496e3e80,a382ed29bc8bd74178282183fcbb9d2a3f66665391a4be234acdb6f3eac995f6,af2713044289b4bbd93440be52ac3568d0b7a4e8368c4b4de8135d354555337e,0.3578947368421052,0.3540758631755694,0.3646878986083094,0.3361207638722008,0.43206476924794174,0.9649122807017544,0.8851461988304093,0.7447953216374269,0.7695906432748537,0.7680715342893812,0.13298711354460485,0.05920346915648887,0.05052013013509881,0.2409356725146199,0.23017543859649123,0.22573099415204678
dim2-xcov0p2-fold4-seed915,2,0.2,4,915,75,parun-v1-d58daa607570c542b13eb83456d0be62f3cae9cc2ee493dbfb4c8f34c93c7701,ebead9009ee83816f5ac1ad5ca37e0cb8e7950fa,9654a265840ef7d8b1fb47e67bbb76458965a62afd55c36c11a398c91dfc98a6,canine_cutaneous_scc_dinov2_paired_acquisition,5db383771614a9018a72d57ba8dd45c8f89adb4cb665103133aa8188496e3e80,a382ed29bc8bd74178282183fcbb9d2a3f66665391a4be234acdb6f3eac995f6,4a302cb0ad7d6b0713adcb835cee85cbc0eb1cae062a3aa7d7ef4e919c062b4e,0.3906432748538011,0.37977639391309725,0.322539892122874,0.3104867673092167,0.4171350237223496,0.9625730994152046,0.888187134502924,0.7469005847953216,0.7684210526315789,0.7665761170993083,0.12566750208855473,0.09336390991449241,0.1368549825233199,0.23976608187134502,0.2222222222222222,0.22432748538011696
dim32-xcov0-fold0-seed911,32,0.0,0,911,75,parun-v1-ace62a0a54779073fbb896620641d14095871d1706524aee139f16d24288723d,ebead9009ee83816f5ac1ad5ca37e0cb8e7950fa,9654a265840ef7d8b1fb47e67bbb76458965a62afd55c36c11a398c91dfc98a6,canine_cutaneous_scc_dinov2_paired_acquisition,5db383771614a9018a72d57ba8dd45c8f89adb4cb665103133aa8188496e3e80,19306704f6dc919790d13d0f77bfe2b6975b0fbf34388553f0a31aced97a7081,d569107cee1d5c33dc8acb011b678be13c8287cdff20ecd0d74c69622c527681,0.3597222222222222,0.3489603138052301,0.32303944150207803,0.2343794059830576,0.297810813617929,0.9625,0.8786111111111111,0.7213888888888889,0.8194444444444444,0.8198343123084424,0.3108939506785832,0.22316086448902958,0.23335028496133212,0.5027777777777778,0.45916666666666667,0.4136111111111111
dim32-xcov0-fold0-seed912,32,0.0,0,912,75,parun-v1-6887a91656e00e78b678befd5cdba43010417f62681624e161ff9833db82825c,ebead9009ee83816f5ac1ad5ca37e0cb8e7950fa,9654a265840ef7d8b1fb47e67bbb76458965a62afd55c36c11a398c91dfc98a6,canine_cutaneous_scc_dinov2_paired_acquisition,5db383771614a9018a72d57ba8dd45c8f89adb4cb665103133aa8188496e3e80,19306704f6dc919790d13d0f77bfe2b6975b0fbf34388553f0a31aced97a7081,fa4685584229e9ec5493f5f4b7f8bb9add4374fa9aeae6e2719792c727a859b7,0.3305555555555556,0.32254132210021147,0.2904251489572989,0.24880412488529358,0.2623767621927915,0.9611111111111111,0.8769444444444444,0.7094444444444444,0.8333333333333334,0.8330541143799076,0.28280943120379565,0.20114695005850214,0.20009898036980694,0.5,0.4411111111111111,0.39666666666666667
dim32-xcov0-fold0-seed913,32,0.0,0,913,75,parun-v1-5c4ff6fd22128217a8ca855e0e00c7df96fcf4f014cf05d44b45492f07489f5f,ebead9009ee83816f5ac1ad5ca37e0cb8e7950fa,9654a265840ef7d8b1fb47e67bbb76458965a62afd55c36c11a398c91dfc98a6,canine_cutaneous_scc_dinov2_paired_acquisition,5db383771614a9018a72d57ba8dd45c8f89adb4cb665103133aa8188496e3e80,19306704f6dc919790d13d0f77bfe2b6975b0fbf34388553f0a31aced97a7081,aaf93a6fcf6e2a9d2a9fde816f911dde3574a64434ebab8795e3d83dc62e9153,0.3930555555555556,0.3890019278774901,0.3093910680790025,0.2680286106243754,0.28283325462585984,0.9625,0.8816666666666667,0.72375,0.8208333333333334,0.8200028564943966,0.30073906267240424,0.240885030636277,0.2045726584929593,0.4736111111111111,0.4508333333333333,0.4123611111111111
dim32-xcov0-fold0-seed914,32,0.0,0,914,75,parun-v1-6d30d9c7c35fe80d783f68a7dd001cff9a7918ee5c1b0f53f70d5360f2bdae82,ebead9009ee83816f5ac1ad5ca37e0cb8e7950fa,9654a265840ef7d8b1fb47e67bbb76458965a62afd55c36c11a398c91dfc98a6,canine_cutaneous_scc_dinov2_paired_acquisition,5db383771614a9018a72d57ba8dd45c8f89adb4cb665103133aa8188496e3e80,19306704f6dc919790d13d0f77bfe2b6975b0fbf34388553f0a31aced97a7081,471e2cdd2fc6bef98846edeb5ba50f18c4f8656d7f52de795c18ce01d5c0e27c,0.33472222222222225,0.3284129149633681,0.3394357552686748,0.28576391415248986,0.3095858703378173,0.9472222222222222,0.8713888888888889,0.7080555555555555,0.8041666666666666,0.8037199045238156,0.3472651853690831,0.23627575850219484,0.22266915115364172,0.5152777777777777,0.4488888888888889,0.40625
dim32-xcov0-fold0-seed915,32,0.0,0,915,75,parun-v1-78a6e54cfd2b2e7ecf03b51d6faf83b40202836ec6edfc2719922c1454c50bf8,ebead9009ee83816f5ac1ad5ca37e0cb8e7950fa,9654a265840ef7d8b1fb47e67bbb76458965a62afd55c36c11a398c91dfc98a6,canine_cutaneous_scc_dinov2_paired_acquisition,5db383771614a9018a72d57ba8dd45c8f89adb4cb665103133aa8188496e3e80,19306704f6dc919790d13d0f77bfe2b6975b0fbf34388553f0a31aced97a7081,69e1fa8bfef235e1dcf46339bf46496ef60dc50aa1033dbc9113bcc9dcb09f09,0.3472222222222222,0.3409497626151201,0.3178945759314429,0.2393364294539197,0.2877781196967357,0.9555555555555556,0.8786111111111111,0.7194444444444444,0.8097222222222221,0.8091692937708176,0.3047656221265953,0.20457505095061407,0.20043721696533445,0.5,0.45,0.40597222222222223
dim32-xcov0-fold1-seed911,32,0.0,1,911,75,parun-v1-7a1aa85f56a11db4bdeb7368b55556638845ec186dec15e37cc3984bbfb35b9e,ebead9009ee83816f5ac1ad5ca37e0cb8e7950fa,9654a265840ef7d8b1fb47e67bbb76458965a62afd55c36c11a398c91dfc98a6,canine_cutaneous_scc_dinov2_paired_acquisition,5db383771614a9018a72d57ba8dd45c8f89adb4cb665103133aa8188496e3e80,96501c9be1258f74c119d9f88a61c6945cf51f8c56ab53147b6c0b10792b3212,4b71f8ec363b6ac63db9f82872fa5c7ab5807a34e9ec5b0b43d6868e5fdbb9c2,0.3777777777777777,0.3773899142037756,0.3352407045009784,0.3408535480686427,0.44222816405537363,0.9936507936507937,0.9047619047619048,0.7532275132275132,0.8338624338624339,0.8334462099318515,0.26084844531419876,0.22707731275890483,0.3220216110503941,0.5365079365079365,0.43936507936507935,0.3873015873015873
dim32-xcov0-fold1-seed912,32,0.0,1,912,75,parun-v1-96eaaac356404055def4bffefa858ac9f3d376a49ca7914ece190f4fa2aa1c1d,ebead9009ee83816f5ac1ad5ca37e0cb8e7950fa,9654a265840ef7d8b1fb47e67bbb76458965a62afd55c36c11a398c91dfc98a6,canine_cutaneous_scc_dinov2_paired_acquisition,5db383771614a9018a72d57ba8dd45c8f89adb4cb665103133aa8188496e3e80,96501c9be1258f74c119d9f88a61c6945cf51f8c56ab53147b6c0b10792b3212,f8c616da5b2df50729c7df94506e219d3178fc5210df108a9bd19fdc705bc64c,0.41798941798941797,0.41618948927472943,0.39979995651228534,0.34234639422254304,0.4835988936848373,0.9915343915343915,0.9066666666666666,0.7604232804232804,0.8306878306878307,0.8299611020746699,0.2679604261796043,0.24364297688238676,0.3681633240377837,0.5470899470899471,0.45396825396825397,0.4120634920634921
dim32-xcov0-fold1-seed913,32,0.0,1,913,75,parun-v1-fee936fa84307e1697e79c95b472d66b904ed8e2aa495260936d8bb474aed6fb,ebead9009ee83816f5ac1ad5ca37e0cb8e7950fa,9654a265840ef7d8b1fb47e67bbb76458965a62afd55c36c11a398c91dfc98a6,canine_cutaneous_scc_dinov2_paired_acquisition,5db383771614a9018a72d57ba8dd45c8f89adb4cb665103133aa8188496e3e80,96501c9be1258f74c119d9f88a61c6945cf51f8c56ab53147b6c0b10792b3212,15982657a25be52fa73802a18ef4fdcdff3af4a7333ae1226cea85949040fe89,0.37460317460317455,0.37227689477969805,0.3863322461404653,0.3332361248397517,0.4813776322426286,0.9936507936507937,0.9034920634920635,0.7573544973544973,0.838095238095238,0.8376947710928029,0.3010354424874973,0.2565216911148397,0.3686369644066158,0.526984126984127,0.4292063492063492,0.3888888888888889
dim32-xcov0-fold1-seed914,32,0.0,1,914,75,parun-v1-a0d6d463a88e0adbed5099bc613485a964c345b4bef97190aa50407ec7acfe76,ebead9009ee83816f5ac1ad5ca37e0cb8e7950fa,9654a265840ef7d8b1fb47e67bbb76458965a62afd55c36c11a398c91dfc98a6,canine_cutaneous_scc_dinov2_paired_acquisition,5db383771614a9018a72d57ba8dd45c8f89adb4cb665103133aa8188496e3e80,96501c9be1258f74c119d9f88a61c6945cf51f8c56ab53147b6c0b10792b3212,b6d68ca618d55dba9f14a3abab5eab20c9dd642686516063f1b5e92b03aa852a,0.37777777777777777,0.3731694801477722,0.36506544901065446,0.3693892397800865,0.46154194329317705,0.9915343915343915,0.9106878306878307,0.7651851851851852,0.8444444444444444,0.8437855537558745,0.34027092846270923,0.2877430340473483,0.41581465607786783,0.5555555555555556,0.4533333333333333,0.40476190476190477
dim32-xcov0-fold1-seed915,32,0.0,1,915,75,parun-v1-86012936958bc620febf16b9ac9e311925c2554309347bfdb97885bacaa79a91,ebead9009ee83816f5ac1ad5ca37e0cb8e7950fa,9654a265840ef7d8b1fb47e67bbb76458965a62afd55c36c11a398c91dfc98a6,canine_cutaneous_scc_dinov2_paired_acquisition,5db383771614a9018a72d57ba8dd45c8f89adb4cb665103133aa8188496e3e80,96501c9be1258f74c119d9f88a61c6945cf51f8c56ab53147b6c0b10792b3212,41209e4d02ee396812654aa1c5f410b4b06c2428fbd18ad896ed92231aa7e68d,0.40211640211640204,0.4003746386068904,0.3802078712763644,0.3315787562616145,0.4807715302189582,0.9904761904761905,0.902010582010582,0.7520634920634921,0.8444444444444444,0.8436996480571757,0.3373046314416177,0.26945815159054803,0.36721532615369135,0.5365079365079365,0.45904761904761904,0.4053968253968254
dim32-xcov0-fold2-seed911,32,0.0,2,911,75,parun-v1-977f4c7ac04a85f18e7d5594c4eb254a0a8ef6518d88c2158e2f7283f585ba20,ebead9009ee83816f5ac1ad5ca37e0cb8e7950fa,9654a265840ef7d8b1fb47e67bbb76458965a62afd55c36c11a398c91dfc98a6,canine_cutaneous_scc_dinov2_paired_acquisition,5db383771614a9018a72d57ba8dd45c8f89adb4cb665103133aa8188496e3e80,6d6c2bc39de24244e414816dd4386fd0a61c94fc2e7d66f6e88aef61f66e1f3e,93e99ccaaa2200a6a9d2e8fd3c1050764304a1915e0fa320a1ab37f96adf9f57,0.3462068965517241,0.34381022190695015,0.47222351722351724,0.4016435807354673,0.47740849122474294,0.9558620689655173,0.8962758620689655,0.7482758620689656,0.8427586206896551,0.8434794088178762,0.4728697228697229,0.3571498506654868,0.4105885595825716,0.543448275862069,0.44248275862068964,0.3857931034482759
dim32-xcov0-fold2-seed912,32,0.0,2,912,75,parun-v1-9ae3d27e1455ee7838ae57a244efd17c92b5243fa664ac2b59e466bddd76d39f,ebead9009ee83816f5ac1ad5ca37e0cb8e7950fa,9654a265840ef7d8b1fb47e67bbb76458965a62afd55c36c11a398c91dfc98a6,canine_cutaneous_scc_dinov2_paired_acquisition,5db383771614a9018a72d57ba8dd45c8f89adb4cb665103133aa8188496e3e80,6d6c2bc39de24244e414816dd4386fd0a61c94fc2e7d66f6e88aef61f66e1f3e,a8cc4504a50f85b3737249d3bd3e015b1f8d0a87d9b6a9d2a79b6f287630c7c9,0.3779310344827586,0.3768778538347221,0.46726884226884224,0.39331368774457875,0.46857953909245054,0.9572413793103448,0.8940689655172414,0.7435862068965517,0.8537931034482759,0.8537069565713633,0.45336182336182335,0.3236416497571019,0.3641723042606444,0.5103448275862069,0.4333793103448276,0.3838620689655172
dim32-xcov0-fold2-seed913,32,0.0,2,913,75,parun-v1-5b9d4873fbc3ed31378e3a5cea4d5cc843a733b832ad033dcf610026ab824e24,ebead9009ee83816f5ac1ad5ca37e0cb8e7950fa,9654a265840ef7d8b1fb47e67bbb76458965a62afd55c36c11a398c91dfc98a6,canine_cutaneous_scc_dinov2_paired_acquisition,5db383771614a9018a72d57ba8dd45c8f89adb4cb665103133aa8188496e3e80,6d6c2bc39de24244e414816dd4386fd0a61c94fc2e7d66f6e88aef61f66e1f3e,1b7e89fba89f7566ae185fc800936c590fe515220ab53f006ebc3133b8da59fc,0.36275862068965514,0.3524817851575123,0.4939186739186739,0.4752480508998418,0.4832172011221256,0.9558620689655173,0.8935172413793103,0.7489655172413793,0.8427586206896553,0.8428994089138238,0.41137529137529133,0.3079676601372866,0.34972114606999744,0.5006896551724138,0.40055172413793105,0.36124137931034483
dim32-xcov0-fold2-seed914,32,0.0,2,914,75,parun-v1-1e0ba5aeacf0dc364510ecb5b7492ff0700d241bf9460fe88a303a3b2c9d27a5,ebead9009ee83816f5ac1ad5ca37e0cb8e7950fa,9654a265840ef7d8b1fb47e67bbb76458965a62afd55c36c11a398c91dfc98a6,canine_cutaneous_scc_dinov2_paired_acquisition,5db383771614a9018a72d57ba8dd45c8f89adb4cb665103133aa8188496e3e80,6d6c2bc39de24244e414816dd4386fd0a61c94fc2e7d66f6e88aef61f66e1f3e,c789db08d9ef36d74d4c6c3b9858511f08661765bac3ee799dc3a9982143160a,0.35172413793103446,0.3503459670701977,0.5305905205905206,0.5270441953735315,0.5237934371673564,0.9572413793103448,0.8937931034482759,0.7431724137931035,0.8524137931034483,0.8525495609931065,0.4303483553483553,0.3142637615836198,0.37050141866015596,0.5075862068965518,0.42317241379310344,0.36882758620689654
dim32-xcov0-fold2-seed915,32,0.0,2,915,75,parun-v1-a6dea98477dc62a7eda55e30f16d170d77354f95ce31162d672ea1eb535bf316,ebead9009ee83816f5ac1ad5ca37e0cb8e7950fa,9654a265840ef7d8b1fb47e67bbb76458965a62afd55c36c11a398c91dfc98a6,canine_cutaneous_scc_dinov2_paired_acquisition,5db383771614a9018a72d57ba8dd45c8f89adb4cb665103133aa8188496e3e80,6d6c2bc39de24244e414816dd4386fd0a61c94fc2e7d66f6e88aef61f66e1f3e,d336a73f85511cd34eb983aaf5e39f7ab3033271a7da72741e3648c4fe632bcc,0.39172413793103444,0.38600062228048004,0.4758132608132608,0.4681766707396809,0.47921583064976725,0.9613793103448276,0.8902068965517241,0.7404137931034482,0.8482758620689654,0.8477870908234817,0.4733695933695934,0.407238790056682,0.39210696876344253,0.5048275862068966,0.4187586206896552,0.3649655172413793
dim32-xcov0-fold3-seed911,32,0.0,3,911,75,parun-v1-506eefc5ed923dbd88e661db679379c097ed53760957941901857a1296d1a26a,ebead9009ee83816f5ac1ad5ca37e0cb8e7950fa,9654a265840ef7d8b1fb47e67bbb76458965a62afd55c36c11a398c91dfc98a6,canine_cutaneous_scc_dinov2_paired_acquisition,5db383771614a9018a72d57ba8dd45c8f89adb4cb665103133aa8188496e3e80,3396e0fb34d92af27dbd982bd5cea16fbeae7cc3b4d3bb64ee9f04ca959cdaf7,788b680ccd19af1a5078a29468ccedec71924988f53e9d5a9bcec65b838a6f75,0.36923076923076925,0.3624150788588644,0.4149863354778746,0.304697629772115,0.38555856177119163,0.9923076923076923,0.9248717948717948,0.7893589743589744,0.8743589743589743,0.8747871669725974,0.300062428319882,0.21121831340626204,0.20062586201484645,0.6115384615384616,0.5379487179487179,0.505
dim32-xcov0-fold3-seed912,32,0.0,3,912,75,parun-v1-0aac514779083d33b8ccba9aabdee02f27b56cad4e93f245cb6609550adc4774,ebead9009ee83816f5ac1ad5ca37e0cb8e7950fa,9654a265840ef7d8b1fb47e67bbb76458965a62afd55c36c11a398c91dfc98a6,canine_cutaneous_scc_dinov2_paired_acquisition,5db383771614a9018a72d57ba8dd45c8f89adb4cb665103133aa8188496e3e80,3396e0fb34d92af27dbd982bd5cea16fbeae7cc3b4d3bb64ee9f04ca959cdaf7,9143cda1072e3664a49e6e3b2d1d8494f0763cee9176381e29119d33155f8fac,0.367948717948718,0.36179299042779595,0.4286039697461938,0.3721594797894044,0.43093651702261776,0.9923076923076923,0.9225641025641026,0.7941025641025641,0.8807692307692306,0.8807760095447611,0.33927803998311656,0.23855364102676516,0.2261680689673104,0.6166666666666667,0.54,0.5046153846153846
dim32-xcov0-fold3-seed913,32,0.0,3,913,75,parun-v1-90133a30ffbeb6a2dffb8ace589d32e53968bdaefb6b96f332261892fc7f1110,ebead9009ee83816f5ac1ad5ca37e0cb8e7950fa,9654a265840ef7d8b1fb47e67bbb76458965a62afd55c36c11a398c91dfc98a6,canine_cutaneous_scc_dinov2_paired_acquisition,5db383771614a9018a72d57ba8dd45c8f89adb4cb665103133aa8188496e3e80,3396e0fb34d92af27dbd982bd5cea16fbeae7cc3b4d3bb64ee9f04ca959cdaf7,47c382edc2395527f2c22f60c32f9c18fc1f027496589778ff6018dd434a35ba,0.358974358974359,0.34296046226359733,0.4503757423821888,0.3965561661939096,0.46654776230702516,0.9974358974358974,0.9261538461538461,0.7893589743589744,0.8756410256410255,0.8758661875883691,0.3095486550784698,0.1957414272934482,0.2443420677688399,0.6141025641025641,0.5443589743589744,0.5065384615384615
dim32-xcov0-fold3-seed914,32,0.0,3,914,75,parun-v1-72e291f186ddbd323193fc2509dd527dba21c0c1836555d4c31f5c7da58fd06c,ebead9009ee83816f5ac1ad5ca37e0cb8e7950fa,9654a265840ef7d8b1fb47e67bbb76458965a62afd55c36c11a398c91dfc98a6,canine_cutaneous_scc_dinov2_paired_acquisition,5db383771614a9018a72d57ba8dd45c8f89adb4cb665103133aa8188496e3e80,3396e0fb34d92af27dbd982bd5cea16fbeae7cc3b4d3bb64ee9f04ca959cdaf7,d78a282b3884d291121ce06532ba18e7f669118925ae184dacc36cd7c6b6b431,0.3897435897435897,0.38703628644374366,0.4227026548823487,0.38614376558586977,0.46071693449550083,0.9961538461538462,0.9217948717948717,0.7828205128205128,0.8743589743589745,0.8745629422614428,0.3438455397379652,0.2310816402003537,0.2193911184648466,0.6051282051282051,0.5479487179487179,0.5126923076923077
dim32-xcov0-fold3-seed915,32,0.0,3,915,75,parun-v1-3f6cd240d3e0449460e808d14e575551074c35a9e085960a0e654dcba76d36ec,ebead9009ee83816f5ac1ad5ca37e0cb8e7950fa,9654a265840ef7d8b1fb47e67bbb76458965a62afd55c36c11a398c91dfc98a6,canine_cutaneous_scc_dinov2_paired_acquisition,5db383771614a9018a72d57ba8dd45c8f89adb4cb665103133aa8188496e3e80,3396e0fb34d92af27dbd982bd5cea16fbeae7cc3b4d3bb64ee9f04ca959cdaf7,eb78143a1b9c18c92198ec81bb92c912e3219330c6e15c3b8beac6d2a6cc0cc4,0.37435897435897436,0.36784310835065737,0.40410115796699203,0.27841353764602655,0.34280518719042885,0.9948717948717949,0.9223076923076923,0.7925641025641026,0.8820512820512821,0.8820899289535005,0.3465357025610853,0.2114097198810349,0.24236176412055105,0.5974358974358974,0.5251282051282051,0.49961538461538463
dim32-xcov0-fold4-seed911,32,0.0,4,911,75,parun-v1-5e1232164969815637ad32c5617972b563cee845026b2736bb9ef67467226240,ebead9009ee83816f5ac1ad5ca37e0cb8e7950fa,9654a265840ef7d8b1fb47e67bbb76458965a62afd55c36c11a398c91dfc98a6,canine_cutaneous_scc_dinov2_paired_acquisition,5db383771614a9018a72d57ba8dd45c8f89adb4cb665103133aa8188496e3e80,a382ed29bc8bd74178282183fcbb9d2a3f66665391a4be234acdb6f3eac995f6,6acf6c0707388b5254a70464d25d2a7986f98adff8089ea2d85596136ef93103,0.39415204678362575,0.3924081156848124,0.34129811171366276,0.31670199907371593,0.40599983152990193,0.9649122807017544,0.888187134502924,0.7504093567251462,0.8807017543859649,0.880343752652329,0.2884546441597606,0.24067164682606393,0.32589461164528505,0.5309941520467836,0.4184795321637427,0.3707602339181287
dim32-xcov0-fold4-seed912,32,0.0,4,912,75,parun-v1-7f3df800f5974a60ba8fa9d86f5120150c204df2f11f83fc87fac188e75d8cdf,ebead9009ee83816f5ac1ad5ca37e0cb8e7950fa,9654a265840ef7d8b1fb47e67bbb76458965a62afd55c36c11a398c91dfc98a6,canine_cutaneous_scc_dinov2_paired_acquisition,5db383771614a9018a72d57ba8dd45c8f89adb4cb665103133aa8188496e3e80,a382ed29bc8bd74178282183fcbb9d2a3f66665391a4be234acdb6f3eac995f6,7977eb2ed6639764823c063e8735c9fa703f2f3f8617fd7b6fbccd2612df7bc9,0.3684210526315789,0.36414901285597445,0.3414426193241525,0.31723300181240593,0.4194082480756655,0.9649122807017544,0.8860818713450292,0.7430409356725146,0.887719298245614,0.8880466223375392,0.29910095796983743,0.2426983308516848,0.3107835623710464,0.4982456140350877,0.4046783625730994,0.3574269005847953
dim32-xcov0-fold4-seed913,32,0.0,4,913,75,parun-v1-81d83baea1c2a159db77b51f0df280f6d166a14d4aa93cedce320b5e9bbb4220,ebead9009ee83816f5ac1ad5ca37e0cb8e7950fa,9654a265840ef7d8b1fb47e67bbb76458965a62afd55c36c11a398c91dfc98a6,canine_cutaneous_scc_dinov2_paired_acquisition,5db383771614a9018a72d57ba8dd45c8f89adb4cb665103133aa8188496e3e80,a382ed29bc8bd74178282183fcbb9d2a3f66665391a4be234acdb6f3eac995f6,5724c813f9aa4839eeef8ab813c481c6c84936ff9e5378f71882e7e12444a99c,0.3871345029239766,0.3810586079385088,0.34333868352647007,0.3277580289394181,0.43812815849584286,0.9590643274853801,0.8858479532163742,0.744327485380117,0.887719298245614,0.8871704753371421,0.3242871988333203,0.2627707105562454,0.3575223784878738,0.4888888888888889,0.3929824561403509,0.3532163742690059
dim32-xcov0-fold4-seed914,32,0.0,4,914,75,parun-v1-a0adb66ddb0f3c9835622d1a1250dfaf891b53d1f1edb1fe918f84ff97f7eff5,ebead9009ee83816f5ac1ad5ca37e0cb8e7950fa,9654a265840ef7d8b1fb47e67bbb76458965a62afd55c36c11a398c91dfc98a6,canine_cutaneous_scc_dinov2_paired_acquisition,5db383771614a9018a72d57ba8dd45c8f89adb4cb665103133aa8188496e3e80,a382ed29bc8bd74178282183fcbb9d2a3f66665391a4be234acdb6f3eac995f6,af2713044289b4bbd93440be52ac3568d0b7a4e8368c4b4de8135d354555337e,0.36023391812865496,0.358862653136513,0.37640768588137014,0.3400354591413682,0.45314580163410495,0.9672514619883041,0.8919298245614035,0.7505263157894737,0.8923976608187134,0.8923350700999271,0.3235357965180081,0.28006214864807044,0.3773818339290636,0.5064327485380117,0.4168421052631579,0.3735672514619883
dim32-xcov0-fold4-seed915,32,0.0,4,915,75,parun-v1-729cf1bb269a37d5b8f33465f16325940cdd817f58bb0b77be63e18d07c051e3,ebead9009ee83816f5ac1ad5ca37e0cb8e7950fa,9654a265840ef7d8b1fb47e67bbb76458965a62afd55c36c11a398c91dfc98a6,canine_cutaneous_scc_dinov2_paired_acquisition,5db383771614a9018a72d57ba8dd45c8f89adb4cb665103133aa8188496e3e80,a382ed29bc8bd74178282183fcbb9d2a3f66665391a4be234acdb6f3eac995f6,4a302cb0ad7d6b0713adcb835cee85cbc0eb1cae062a3aa7d7ef4e919c062b4e,0.38596491228070173,0.3822238861630576,0.3375445466162503,0.32040688063845224,0.43297458975135655,0.9649122807017544,0.8856140350877193,0.7458479532163743,0.8970760233918129,0.8967176273188567,0.31251060287187193,0.2463744156588488,0.3140105380110038,0.512280701754386,0.415672514619883,0.36432748538011694
dim32-xcov0p05-fold0-seed911,32,0.05,0,911,75,parun-v1-a13231b16f3ceeaad5cc2b2b64152047d2df5b9f516172fe76c4307694376ced,ebead9009ee83816f5ac1ad5ca37e0cb8e7950fa,9654a265840ef7d8b1fb47e67bbb76458965a62afd55c36c11a398c91dfc98a6,canine_cutaneous_scc_dinov2_paired_acquisition,5db383771614a9018a72d57ba8dd45c8f89adb4cb665103133aa8188496e3e80,19306704f6dc919790d13d0f77bfe2b6975b0fbf34388553f0a31aced97a7081,d569107cee1d5c33dc8acb011b678be13c8287cdff20ecd0d74c69622c527681,0.3388888888888889,0.3225113947669064,0.3275060916179337,0.2403612817258744,0.3056068885445246,0.9625,0.8772222222222222,0.7233333333333334,0.8333333333333333,0.8327353510655631,0.29858251498767885,0.2064922690320181,0.21267507684897893,0.475,0.43027777777777776,0.3877777777777778
dim32-xcov0p05-fold0-seed912,32,0.05,0,912,75,parun-v1-d60d54b98c46114a6fbcb948f4a1ecd64e2d5593931c9944e3527dac621e7808,ebead9009ee83816f5ac1ad5ca37e0cb8e7950fa,9654a265840ef7d8b1fb47e67bbb76458965a62afd55c36c11a398c91dfc98a6,canine_cutaneous_scc_dinov2_paired_acquisition,5db383771614a9018a72d57ba8dd45c8f89adb4cb665103133aa8188496e3e80,19306704f6dc919790d13d0f77bfe2b6975b0fbf34388553f0a31aced97a7081,fa4685584229e9ec5493f5f4b7f8bb9add4374fa9aeae6e2719792c727a859b7,0.3416666666666667,0.32687891843194083,0.30689732060759867,0.26624512641286996,0.2798521329559845,0.9583333333333334,0.8772222222222222,0.7108333333333333,0.836111111111111,0.8350286461326355,0.27595015447423593,0.19214119279158562,0.2019428896287799,0.45416666666666666,0.4041666666666667,0.3659722222222222
dim32-xcov0p05-fold0-seed913,32,0.05,0,913,75,parun-v1-7a126403bc6e3f547c852a76e6a9595afd86180c580d43396b1624725c76faab,ebead9009ee83816f5ac1ad5ca37e0cb8e7950fa,9654a265840ef7d8b1fb47e67bbb76458965a62afd55c36c11a398c91dfc98a6,canine_cutaneous_scc_dinov2_paired_acquisition,5db383771614a9018a72d57ba8dd45c8f89adb4cb665103133aa8188496e3e80,19306704f6dc919790d13d0f77bfe2b6975b0fbf34388553f0a31aced97a7081,aaf93a6fcf6e2a9d2a9fde816f911dde3574a64434ebab8795e3d83dc62e9153,0.38888888888888895,0.37729192869533223,0.3211597980801059,0.27604313018162113,0.28790160784925034,0.9625,0.8802777777777778,0.725,0.8375,0.8359392400863092,0.2776367051013277,0.1887718430220793,0.19851529982139354,0.4444444444444444,0.42138888888888887,0.3801388888888889
dim32-xcov0p05-fold0-seed914,32,0.05,0,914,75,parun-v1-ce7939349c8de5effb5807cb8cee1f062679e673038c075a710aef304cd42863,ebead9009ee83816f5ac1ad5ca37e0cb8e7950fa,9654a265840ef7d8b1fb47e67bbb76458965a62afd55c36c11a398c91dfc98a6,canine_cutaneous_scc_dinov2_paired_acquisition,5db383771614a9018a72d57ba8dd45c8f89adb4cb665103133aa8188496e3e80,19306704f6dc919790d13d0f77bfe2b6975b0fbf34388553f0a31aced97a7081,471e2cdd2fc6bef98846edeb5ba50f18c4f8656d7f52de795c18ce01d5c0e27c,0.34444444444444444,0.3377210835068173,0.3359285924454743,0.27945434984778766,0.30278937365535746,0.9486111111111111,0.8708333333333333,0.7081944444444445,0.8125,0.8115390564009386,0.31315129739968367,0.2064889853504511,0.19689615541337985,0.48194444444444445,0.4247222222222222,0.3840277777777778
dim32-xcov0p05-fold0-seed915,32,0.05,0,915,75,parun-v1-e7a9205dc7d7f0b6534f366882e0c0755cf07c696f844d8c74639ec7dd22c39f,ebead9009ee83816f5ac1ad5ca37e0cb8e7950fa,9654a265840ef7d8b1fb47e67bbb76458965a62afd55c36c11a398c91dfc98a6,canine_cutaneous_scc_dinov2_paired_acquisition,5db383771614a9018a72d57ba8dd45c8f89adb4cb665103133aa8188496e3e80,19306704f6dc919790d13d0f77bfe2b6975b0fbf34388553f0a31aced97a7081,69e1fa8bfef235e1dcf46339bf46496ef60dc50aa1033dbc9113bcc9dcb09f09,0.3458333333333333,0.3389424647811284,0.3252922367501563,0.2483059509667936,0.29969934147976496,0.9569444444444445,0.8775,0.7206944444444444,0.8194444444444444,0.8176285215859986,0.3114812286218691,0.21210430657081344,0.21935369157836826,0.46111111111111114,0.41805555555555557,0.3788888888888889
dim32-xcov0p05-fold1-seed911,32,0.05,1,911,75,parun-v1-d8fb342f5309c5775382e64267c74bf448542c9616ce68f168f424a1041d7c88,ebead9009ee83816f5ac1ad5ca37e0cb8e7950fa,9654a265840ef7d8b1fb47e67bbb76458965a62afd55c36c11a398c91dfc98a6,canine_cutaneous_scc_dinov2_paired_acquisition,5db383771614a9018a72d57ba8dd45c8f89adb4cb665103133aa8188496e3e80,96501c9be1258f74c119d9f88a61c6945cf51f8c56ab53147b6c0b10792b3212,4b71f8ec363b6ac63db9f82872fa5c7ab5807a34e9ec5b0b43d6868e5fdbb9c2,0.39259259259259255,0.39109717898610735,0.3255364209610785,0.33173016101480707,0.4292640617400443,0.9936507936507937,0.9022222222222223,0.7502645502645503,0.8433862433862434,0.8429888003671098,0.2195359860839313,0.18601499051817164,0.25989716923116524,0.4973544973544973,0.39365079365079364,0.35153439153439153
dim32-xcov0p05-fold1-seed912,32,0.05,1,912,75,parun-v1-2f895e702de7bb28c26a880ef95cb03ad3a2a1f9f83da618469d4b23d087d8b8,ebead9009ee83816f5ac1ad5ca37e0cb8e7950fa,9654a265840ef7d8b1fb47e67bbb76458965a62afd55c36c11a398c91dfc98a6,canine_cutaneous_scc_dinov2_paired_acquisition,5db383771614a9018a72d57ba8dd45c8f89adb4cb665103133aa8188496e3e80,96501c9be1258f74c119d9f88a61c6945cf51f8c56ab53147b6c0b10792b3212,f8c616da5b2df50729c7df94506e219d3178fc5210df108a9bd19fdc705bc64c,0.40423280423280417,0.4024004223520919,0.37928723635572953,0.3251284780934684,0.47286858207559596,0.9936507936507937,0.9075132275132275,0.7611640211640212,0.8380952380952381,0.8373085693910343,0.22657055881713417,0.1999949003760802,0.2925268118754167,0.48253968253968255,0.3968253968253968,0.35968253968253966
dim32-xcov0p05-fold1-seed913,32,0.05,1,913,75,parun-v1-a148ef936baad70926905cc1a6004d4f95dba905869b8c1383aed284c12c4761,ebead9009ee83816f5ac1ad5ca37e0cb8e7950fa,9654a265840ef7d8b1fb47e67bbb76458965a62afd55c36c11a398c91dfc98a6,canine_cutaneous_scc_dinov2_paired_acquisition,5db383771614a9018a72d57ba8dd45c8f89adb4cb665103133aa8188496e3e80,96501c9be1258f74c119d9f88a61c6945cf51f8c56ab53147b6c0b10792b3212,15982657a25be52fa73802a18ef4fdcdff3af4a7333ae1226cea85949040fe89,0.3671957671957672,0.3636659200790637,0.37316503587736466,0.32141572427368786,0.46765454157367853,0.9925925925925926,0.9051851851851852,0.7561904761904762,0.8423280423280424,0.8422088107757336,0.22168949771689497,0.18406779544581273,0.2579730908274835,0.48783068783068784,0.39026455026455026,0.34973544973544973
dim32-xcov0p05-fold1-seed914,32,0.05,1,914,75,parun-v1-c6da22f17ccec70e6920a628c3270f62153e66028a48d81bde38214ce895b9da,ebead9009ee83816f5ac1ad5ca37e0cb8e7950fa,9654a265840ef7d8b1fb47e67bbb76458965a62afd55c36c11a398c91dfc98a6,canine_cutaneous_scc_dinov2_paired_acquisition,5db383771614a9018a72d57ba8dd45c8f89adb4cb665103133aa8188496e3e80,96501c9be1258f74c119d9f88a61c6945cf51f8c56ab53147b6c0b10792b3212,b6d68ca618d55dba9f14a3abab5eab20c9dd642686516063f1b5e92b03aa852a,0.380952380952381,0.3782272688065799,0.3648967166775386,0.36764444124434714,0.46515051375032224,0.9904761904761905,0.9102645502645502,0.7685714285714286,0.8465608465608465,0.8460402140610407,0.2857095020656664,0.21369905114577187,0.27345113939648547,0.49947089947089945,0.3873015873015873,0.3546031746031746
dim32-xcov0p05-fold1-seed915,32,0.05,1,915,75,parun-v1-ce75c8e881c393ee42f0122ed91b1d46cca6eb7f9c6f7049cbc2102981020ca8,ebead9009ee83816f5ac1ad5ca37e0cb8e7950fa,9654a265840ef7d8b1fb47e67bbb76458965a62afd55c36c11a398c91dfc98a6,canine_cutaneous_scc_dinov2_paired_acquisition,5db383771614a9018a72d57ba8dd45c8f89adb4cb665103133aa8188496e3e80,96501c9be1258f74c119d9f88a61c6945cf51f8c56ab53147b6c0b10792b3212,41209e4d02ee396812654aa1c5f410b4b06c2428fbd18ad896ed92231aa7e68d,0.39894179894179893,0.3989050819236542,0.40448880191345943,0.34606995897051446,0.4857909081380349,0.9894179894179894,0.902010582010582,0.7497354497354497,0.8465608465608465,0.846134205875295,0.2367571211132855,0.18233292628173572,0.2416785378661511,0.48677248677248675,0.4038095238095238,0.3544973544973545
dim32-xcov0p05-fold2-seed911,32,0.05,2,911,75,parun-v1-3c2e60757aeafcf1706bc1b3ab3a08365764eced5fd48a0b3f6ad853507e17a9,ebead9009ee83816f5ac1ad5ca37e0cb8e7950fa,9654a265840ef7d8b1fb47e67bbb76458965a62afd55c36c11a398c91dfc98a6,canine_cutaneous_scc_dinov2_paired_acquisition,5db383771614a9018a72d57ba8dd45c8f89adb4cb665103133aa8188496e3e80,6d6c2bc39de24244e414816dd4386fd0a61c94fc2e7d66f6e88aef61f66e1f3e,93e99ccaaa2200a6a9d2e8fd3c1050764304a1915e0fa320a1ab37f96adf9f57,0.35724137931034483,0.3537484060612389,0.4517042217042217,0.3855485511852235,0.463150084770235,0.9558620689655173,0.8962758620689655,0.748,0.8441379310344829,0.8445374397560876,0.38382931882931887,0.27946753178044526,0.3194297348721007,0.46482758620689657,0.38151724137931037,0.3395862068965517
dim32-xcov0p05-fold2-seed912,32,0.05,2,912,75,parun-v1-76c2de083fa1bef50e5f5fddb24c687ac59ae83bf15231c6122454187aee53b8,ebead9009ee83816f5ac1ad5ca37e0cb8e7950fa,9654a265840ef7d8b1fb47e67bbb76458965a62afd55c36c11a398c91dfc98a6,canine_cutaneous_scc_dinov2_paired_acquisition,5db383771614a9018a72d57ba8dd45c8f89adb4cb665103133aa8188496e3e80,6d6c2bc39de24244e414816dd4386fd0a61c94fc2e7d66f6e88aef61f66e1f3e,a8cc4504a50f85b3737249d3bd3e015b1f8d0a87d9b6a9d2a79b6f287630c7c9,0.37241379310344824,0.3695837013332367,0.4706397306397307,0.3930199163114047,0.46993034318928917,0.9586206896551724,0.8926896551724138,0.7446896551724138,0.8510344827586206,0.8511635668775772,0.3821587671587672,0.2644748922776111,0.28793983071271356,0.463448275862069,0.38124137931034485,0.3426206896551724
dim32-xcov0p05-fold2-seed913,32,0.05,2,913,75,parun-v1-f59088eabc9a498b8271da7b866c1337c6e7f1bc38913267a63552f41654ce69,ebead9009ee83816f5ac1ad5ca37e0cb8e7950fa,9654a265840ef7d8b1fb47e67bbb76458965a62afd55c36c11a398c91dfc98a6,canine_cutaneous_scc_dinov2_paired_acquisition,5db383771614a9018a72d57ba8dd45c8f89adb4cb665103133aa8188496e3e80,6d6c2bc39de24244e414816dd4386fd0a61c94fc2e7d66f6e88aef61f66e1f3e,1b7e89fba89f7566ae185fc800936c590fe515220ab53f006ebc3133b8da59fc,0.39172413793103456,0.38420320407680497,0.49414270914270914,0.48092424650821924,0.49074801307802457,0.9544827586206897,0.8940689655172414,0.7502068965517241,0.8551724137931036,0.855613254451332,0.34046361046361046,0.2606115649139701,0.3052181809687849,0.42482758620689653,0.36137931034482756,0.3190344827586207
dim32-xcov0p05-fold2-seed914,32,0.05,2,914,75,parun-v1-c0abf9abfac99a2bcf2f8a1033d70c41f7e3d07647366df37014350b051a7e2c,ebead9009ee83816f5ac1ad5ca37e0cb8e7950fa,9654a265840ef7d8b1fb47e67bbb76458965a62afd55c36c11a398c91dfc98a6,canine_cutaneous_scc_dinov2_paired_acquisition,5db383771614a9018a72d57ba8dd45c8f89adb4cb665103133aa8188496e3e80,6d6c2bc39de24244e414816dd4386fd0a61c94fc2e7d66f6e88aef61f66e1f3e,c789db08d9ef36d74d4c6c3b9858511f08661765bac3ee799dc3a9982143160a,0.36965517241379314,0.3672787484190323,0.5202602952602953,0.5081327464920863,0.5108834470500326,0.9586206896551724,0.8926896551724138,0.7420689655172413,0.8620689655172413,0.8624541392248369,0.3574397824397824,0.24837398801454746,0.28210197104406126,0.4386206896551724,0.37710344827586206,0.33006896551724135
dim32-xcov0p05-fold2-seed915,32,0.05,2,915,75,parun-v1-cdeb23d0bfe5d23b4720c95ee9bc4c385a021d5d783ae18deddbe0b236b66261,ebead9009ee83816f5ac1ad5ca37e0cb8e7950fa,9654a265840ef7d8b1fb47e67bbb76458965a62afd55c36c11a398c91dfc98a6,canine_cutaneous_scc_dinov2_paired_acquisition,5db383771614a9018a72d57ba8dd45c8f89adb4cb665103133aa8188496e3e80,6d6c2bc39de24244e414816dd4386fd0a61c94fc2e7d66f6e88aef61f66e1f3e,d336a73f85511cd34eb983aaf5e39f7ab3033271a7da72741e3648c4fe632bcc,0.38620689655172413,0.3785976219320518,0.4458534058534059,0.43914172407960833,0.4655852900748652,0.9586206896551724,0.8904827586206897,0.7415172413793103,0.8662068965517242,0.8660945299543119,0.35165889665889666,0.24690027366948414,0.2688141907207157,0.4675862068965517,0.36331034482758623,0.3256551724137931
dim32-xcov0p05-fold3-seed911,32,0.05,3,911,75,parun-v1-69d52321ed71c3479d98289c8f566bed44b0073eeb2ab06189815e4d8dbed05d,ebead9009ee83816f5ac1ad5ca37e0cb8e7950fa,9654a265840ef7d8b1fb47e67bbb76458965a62afd55c36c11a398c91dfc98a6,canine_cutaneous_scc_dinov2_paired_acquisition,5db383771614a9018a72d57ba8dd45c8f89adb4cb665103133aa8188496e3e80,3396e0fb34d92af27dbd982bd5cea16fbeae7cc3b4d3bb64ee9f04ca959cdaf7,788b680ccd19af1a5078a29468ccedec71924988f53e9d5a9bcec65b838a6f75,0.3538461538461539,0.3475729680578393,0.4432946953515044,0.32257905326551656,0.39029253971759226,0.9923076923076923,0.9243589743589744,0.7926923076923077,0.8743589743589745,0.8750013856691545,0.29668793088011464,0.17385749778560575,0.1832599435754786,0.5448717948717948,0.4907692307692308,0.4592307692307692
dim32-xcov0p05-fold3-seed912,32,0.05,3,912,75,parun-v1-2786c3a3ab6a80b589b43a7555aa94981001e4df8b7377a6a9796e00bc56eb70,ebead9009ee83816f5ac1ad5ca37e0cb8e7950fa,9654a265840ef7d8b1fb47e67bbb76458965a62afd55c36c11a398c91dfc98a6,canine_cutaneous_scc_dinov2_paired_acquisition,5db383771614a9018a72d57ba8dd45c8f89adb4cb665103133aa8188496e3e80,3396e0fb34d92af27dbd982bd5cea16fbeae7cc3b4d3bb64ee9f04ca959cdaf7,9143cda1072e3664a49e6e3b2d1d8494f0763cee9176381e29119d33155f8fac,0.3948717948717949,0.38949813824838514,0.43028751987857544,0.37622587687415737,0.4381274411181641,0.9923076923076923,0.9228205128205128,0.7973076923076923,0.8884615384615385,0.8883760778869423,0.29050808146698553,0.16979587069881646,0.18933558269011627,0.5615384615384615,0.4905128205128205,0.46692307692307694
dim32-xcov0p05-fold3-seed913,32,0.05,3,913,75,parun-v1-61371efec45e3546d68db677d6b23e99a9ebd58500dd580bd80afeb91089809b,ebead9009ee83816f5ac1ad5ca37e0cb8e7950fa,9654a265840ef7d8b1fb47e67bbb76458965a62afd55c36c11a398c91dfc98a6,canine_cutaneous_scc_dinov2_paired_acquisition,5db383771614a9018a72d57ba8dd45c8f89adb4cb665103133aa8188496e3e80,3396e0fb34d92af27dbd982bd5cea16fbeae7cc3b4d3bb64ee9f04ca959cdaf7,47c382edc2395527f2c22f60c32f9c18fc1f027496589778ff6018dd434a35ba,0.3794871794871795,0.3658833178719144,0.4280387573598694,0.37694134438543875,0.44556012745983326,0.9974358974358974,0.9223076923076923,0.7862820512820513,0.876923076923077,0.8771462630936316,0.2814726347159868,0.18094256892104335,0.22837108440320855,0.558974358974359,0.4979487179487179,0.46782051282051285
dim32-xcov0p05-fold3-seed914,32,0.05,3,914,75,parun-v1-816c83ca4f6230fc9cfd08d72ceaa56ec413a94fcde6f524f6e70d53d11ded23,ebead9009ee83816f5ac1ad5ca37e0cb8e7950fa,9654a265840ef7d8b1fb47e67bbb76458965a62afd55c36c11a398c91dfc98a6,canine_cutaneous_scc_dinov2_paired_acquisition,5db383771614a9018a72d57ba8dd45c8f89adb4cb665103133aa8188496e3e80,3396e0fb34d92af27dbd982bd5cea16fbeae7cc3b4d3bb64ee9f04ca959cdaf7,d78a282b3884d291121ce06532ba18e7f669118925ae184dacc36cd7c6b6b431,0.3871794871794872,0.3814242931321786,0.41847864412127106,0.38282989507402604,0.46037560175734016,0.9961538461538462,0.9228205128205128,0.7864102564102564,0.8794871794871796,0.8799665317495367,0.2788395068834231,0.1631540617747881,0.19176164767488965,0.5602564102564103,0.5015384615384615,0.47615384615384615
dim32-xcov0p05-fold3-seed915,32,0.05,3,915,75,parun-v1-72acfe6cdec390547f385cbac53a9a53561750362c8df8b7c9dd74f4f4026d6f,ebead9009ee83816f5ac1ad5ca37e0cb8e7950fa,9654a265840ef7d8b1fb47e67bbb76458965a62afd55c36c11a398c91dfc98a6,canine_cutaneous_scc_dinov2_paired_acquisition,5db383771614a9018a72d57ba8dd45c8f89adb4cb665103133aa8188496e3e80,3396e0fb34d92af27dbd982bd5cea16fbeae7cc3b4d3bb64ee9f04ca959cdaf7,eb78143a1b9c18c92198ec81bb92c912e3219330c6e15c3b8beac6d2a6cc0cc4,0.3717948717948718,0.3681383867240905,0.4035377788862881,0.28201812193512904,0.3552738374672842,0.9948717948717949,0.9238461538461539,0.7912820512820513,0.8846153846153847,0.8844440500310198,0.3227630580390451,0.19410026207299258,0.22018348544888988,0.5564102564102564,0.4897435897435897,0.46205128205128204
dim32-xcov0p05-fold4-seed911,32,0.05,4,911,75,parun-v1-9814a4a2782eb0ec8debda16c8ce916120a0638d8940bcad8927c2058038b807,ebead9009ee83816f5ac1ad5ca37e0cb8e7950fa,9654a265840ef7d8b1fb47e67bbb76458965a62afd55c36c11a398c91dfc98a6,canine_cutaneous_scc_dinov2_paired_acquisition,5db383771614a9018a72d57ba8dd45c8f89adb4cb665103133aa8188496e3e80,a382ed29bc8bd74178282183fcbb9d2a3f66665391a4be234acdb6f3eac995f6,6acf6c0707388b5254a70464d25d2a7986f98adff8089ea2d85596136ef93103,0.38479532163742686,0.3800982563060355,0.33723519018219184,0.3139091989988069,0.4019431123587258,0.9672514619883041,0.8895906432748538,0.7525146198830409,0.8830409356725145,0.8828926337975641,0.274622072020935,0.21929998852819263,0.27935356685976165,0.4619883040935672,0.3730994152046784,0.33263157894736844
dim32-xcov0p05-fold4-seed912,32,0.05,4,912,75,parun-v1-71647d489e64b160465cbb2bdb16bfb627363e1cc75ce9e2764ab4ff3c6c6666,ebead9009ee83816f5ac1ad5ca37e0cb8e7950fa,9654a265840ef7d8b1fb47e67bbb76458965a62afd55c36c11a398c91dfc98a6,canine_cutaneous_scc_dinov2_paired_acquisition,5db383771614a9018a72d57ba8dd45c8f89adb4cb665103133aa8188496e3e80,a382ed29bc8bd74178282183fcbb9d2a3f66665391a4be234acdb6f3eac995f6,7977eb2ed6639764823c063e8735c9fa703f2f3f8617fd7b6fbccd2612df7bc9,0.3555555555555555,0.35445913030490706,0.35500380451709995,0.33284734220536477,0.43746407715629065,0.9649122807017544,0.8863157894736842,0.7442105263157894,0.8865497076023392,0.8864991449014947,0.25168023426743397,0.21290688554793663,0.267747420941509,0.4853801169590643,0.36116959064327486,0.32128654970760234
dim32-xcov0p05-fold4-seed913,32,0.05,4,913,75,parun-v1-a703d2fa2e85926c348c8d82e20ced2591b8e636d99aa5e14ed3032976c936c6,ebead9009ee83816f5ac1ad5ca37e0cb8e7950fa,9654a265840ef7d8b1fb47e67bbb76458965a62afd55c36c11a398c91dfc98a6,canine_cutaneous_scc_dinov2_paired_acquisition,5db383771614a9018a72d57ba8dd45c8f89adb4cb665103133aa8188496e3e80,a382ed29bc8bd74178282183fcbb9d2a3f66665391a4be234acdb6f3eac995f6,5724c813f9aa4839eeef8ab813c481c6c84936ff9e5378f71882e7e12444a99c,0.37543859649122807,0.364061049431497,0.3392473634725607,0.3217795829460742,0.4305164269018104,0.9590643274853801,0.8849122807017544,0.7428070175438597,0.8853801169590643,0.8850118609749579,0.2590354865095375,0.21408495809748754,0.2833859833944704,0.42923976608187137,0.33637426900584794,0.31146198830409355
dim32-xcov0p05-fold4-seed914,32,0.05,4,914,75,parun-v1-5a582dddc0f941f41055bf83d9c31708f3dab93bec1adc4c13458239b19cc11f,ebead9009ee83816f5ac1ad5ca37e0cb8e7950fa,9654a265840ef7d8b1fb47e67bbb76458965a62afd55c36c11a398c91dfc98a6,canine_cutaneous_scc_dinov2_paired_acquisition,5db383771614a9018a72d57ba8dd45c8f89adb4cb665103133aa8188496e3e80,a382ed29bc8bd74178282183fcbb9d2a3f66665391a4be234acdb6f3eac995f6,af2713044289b4bbd93440be52ac3568d0b7a4e8368c4b4de8135d354555337e,0.3684210526315789,0.3662137642875812,0.367875530871313,0.33879229904854036,0.4606191380479251,0.9649122807017544,0.8926315789473684,0.7514619883040936,0.8912280701754385,0.8912973096081744,0.31815821784426224,0.2724652223348985,0.3509768540135031,0.4421052631578947,0.3639766081871345,0.32818713450292397
dim32-xcov0p05-fold4-seed915,32,0.05,4,915,75,parun-v1-b91e7cca86a15139c122908130bd78f027fc84eec2c4d7d1f5d30812c05a575d,ebead9009ee83816f5ac1ad5ca37e0cb8e7950fa,9654a265840ef7d8b1fb47e67bbb76458965a62afd55c36c11a398c91dfc98a6,canine_cutaneous_scc_dinov2_paired_acquisition,5db383771614a9018a72d57ba8dd45c8f89adb4cb665103133aa8188496e3e80,a382ed29bc8bd74178282183fcbb9d2a3f66665391a4be234acdb6f3eac995f6,4a302cb0ad7d6b0713adcb835cee85cbc0eb1cae062a3aa7d7ef4e919c062b4e,0.3976608187134503,0.39395671642957414,0.3516856252128579,0.3328783529608174,0.4438420300996194,0.9649122807017544,0.887719298245614,0.7466666666666667,0.8947368421052632,0.8947122494549549,0.25420160156488786,0.19524599269160064,0.2313999350697274,0.4444444444444444,0.36280701754385963,0.323859649122807
dim32-xcov0p2-fold0-seed911,32,0.2,0,911,75,parun-v1-f1a9daf6b47aef43100f0cffa39da7678f3597f75587ccee5bd13529395bcc80,ebead9009ee83816f5ac1ad5ca37e0cb8e7950fa,9654a265840ef7d8b1fb47e67bbb76458965a62afd55c36c11a398c91dfc98a6,canine_cutaneous_scc_dinov2_paired_acquisition,5db383771614a9018a72d57ba8dd45c8f89adb4cb665103133aa8188496e3e80,19306704f6dc919790d13d0f77bfe2b6975b0fbf34388553f0a31aced97a7081,d569107cee1d5c33dc8acb011b678be13c8287cdff20ecd0d74c69622c527681,0.35694444444444445,0.3449203250219475,0.3283315633160469,0.24133690760931878,0.30243999549267525,0.9625,0.8797222222222222,0.7233333333333334,0.8319444444444445,0.8309786086357555,0.2475690306741697,0.170290500674233,0.18659569272995988,0.4652777777777778,0.4063888888888889,0.37319444444444444
dim32-xcov0p2-fold0-seed912,32,0.2,0,912,75,parun-v1-6b25d0063b6d0e41604b9f98b05f176faf878d7a1fb10838559d688a40006000,ebead9009ee83816f5ac1ad5ca37e0cb8e7950fa,9654a265840ef7d8b1fb47e67bbb76458965a62afd55c36c11a398c91dfc98a6,canine_cutaneous_scc_dinov2_paired_acquisition,5db383771614a9018a72d57ba8dd45c8f89adb4cb665103133aa8188496e3e80,19306704f6dc919790d13d0f77bfe2b6975b0fbf34388553f0a31aced97a7081,fa4685584229e9ec5493f5f4b7f8bb9add4374fa9aeae6e2719792c727a859b7,0.35555555555555557,0.3413877910517362,0.2915431792268932,0.2506396907171671,0.26578721868433275,0.9597222222222223,0.8766666666666667,0.7127777777777777,0.8375,0.8365705017237582,0.26847868163595573,0.18070069538124628,0.185025349471508,0.43333333333333335,0.395,0.3601388888888889
dim32-xcov0p2-fold0-seed913,32,0.2,0,913,75,parun-v1-9ae66133a82eb67dd17430a5fd4074a3cb9d0261e5fa6a8548eba40f7ff81365,ebead9009ee83816f5ac1ad5ca37e0cb8e7950fa,9654a265840ef7d8b1fb47e67bbb76458965a62afd55c36c11a398c91dfc98a6,canine_cutaneous_scc_dinov2_paired_acquisition,5db383771614a9018a72d57ba8dd45c8f89adb4cb665103133aa8188496e3e80,19306704f6dc919790d13d0f77bfe2b6975b0fbf34388553f0a31aced97a7081,aaf93a6fcf6e2a9d2a9fde816f911dde3574a64434ebab8795e3d83dc62e9153,0.39861111111111114,0.38579541588330857,0.2988589365184449,0.2536049356944879,0.2780279362901964,0.9611111111111111,0.885,0.7273611111111111,0.8319444444444445,0.8308295488549302,0.2345598863510979,0.16685268080254304,0.18099050717667234,0.43472222222222223,0.41,0.37222222222222223
dim32-xcov0p2-fold0-seed914,32,0.2,0,914,75,parun-v1-b5f990c4d1f5524dd75bae89072a7896e2f31ac57ee1c784abe790c1ac46dc84,ebead9009ee83816f5ac1ad5ca37e0cb8e7950fa,9654a265840ef7d8b1fb47e67bbb76458965a62afd55c36c11a398c91dfc98a6,canine_cutaneous_scc_dinov2_paired_acquisition,5db383771614a9018a72d57ba8dd45c8f89adb4cb665103133aa8188496e3e80,19306704f6dc919790d13d0f77bfe2b6975b0fbf34388553f0a31aced97a7081,471e2cdd2fc6bef98846edeb5ba50f18c4f8656d7f52de795c18ce01d5c0e27c,0.33055555555555555,0.3208213794559561,0.33754314704476074,0.27898732024580203,0.30530335106710743,0.95,0.8705555555555555,0.71,0.825,0.8242892926767184,0.2508002087241164,0.1682090821149016,0.1633675805870429,0.45416666666666666,0.4111111111111111,0.3672222222222222
dim32-xcov0p2-fold0-seed915,32,0.2,0,915,75,parun-v1-cca0498e4a50a7a7994b122aac97ecfb688b7d5829abc3a73dd173aa8c7a46c3,ebead9009ee83816f5ac1ad5ca37e0cb8e7950fa,9654a265840ef7d8b1fb47e67bbb76458965a62afd55c36c11a398c91dfc98a6,canine_cutaneous_scc_dinov2_paired_acquisition,5db383771614a9018a72d57ba8dd45c8f89adb4cb665103133aa8188496e3e80,19306704f6dc919790d13d0f77bfe2b6975b0fbf34388553f0a31aced97a7081,69e1fa8bfef235e1dcf46339bf46496ef60dc50aa1033dbc9113bcc9dcb09f09,0.35555555555555557,0.3472151220753513,0.3224049707602339,0.2442814316741524,0.30418793829778906,0.9555555555555556,0.8797222222222222,0.7191666666666666,0.8291666666666666,0.8284018051993882,0.24674732888300413,0.15664644733974759,0.1618939194051187,0.4527777777777778,0.3972222222222222,0.36791666666666667
dim32-xcov0p2-fold1-seed911,32,0.2,1,911,75,parun-v1-fa4d707c0e0d8ebaa39c098390b838113fdbc28ae976e7f3ba67fc7a8f9040fc,ebead9009ee83816f5ac1ad5ca37e0cb8e7950fa,9654a265840ef7d8b1fb47e67bbb76458965a62afd55c36c11a398c91dfc98a6,canine_cutaneous_scc_dinov2_paired_acquisition,5db383771614a9018a72d57ba8dd45c8f89adb4cb665103133aa8188496e3e80,96501c9be1258f74c119d9f88a61c6945cf51f8c56ab53147b6c0b10792b3212,4b71f8ec363b6ac63db9f82872fa5c7ab5807a34e9ec5b0b43d6868e5fdbb9c2,0.3798941798941799,0.373761312067246,0.30793215916503586,0.3151016674449171,0.4143377363943978,0.9936507936507937,0.9015873015873016,0.7522751322751323,0.8486772486772486,0.8484816027627987,0.19137769080234834,0.1507979557660281,0.21158519694606523,0.4486772486772487,0.36232804232804233,0.33015873015873015
dim32-xcov0p2-fold1-seed912,32,0.2,1,912,75,parun-v1-6f1c2b7158caa69fcf15efcdfc9f0be619848ece846b1b3051268c161a32b44a,ebead9009ee83816f5ac1ad5ca37e0cb8e7950fa,9654a265840ef7d8b1fb47e67bbb76458965a62afd55c36c11a398c91dfc98a6,canine_cutaneous_scc_dinov2_paired_acquisition,5db383771614a9018a72d57ba8dd45c8f89adb4cb665103133aa8188496e3e80,96501c9be1258f74c119d9f88a61c6945cf51f8c56ab53147b6c0b10792b3212,f8c616da5b2df50729c7df94506e219d3178fc5210df108a9bd19fdc705bc64c,0.3947089947089947,0.3924965626711213,0.3888745379430311,0.3321520008211287,0.48025396343440535,0.9925925925925926,0.9062433862433863,0.7616931216931216,0.8518518518518519,0.8512640863490526,0.18759773863883453,0.13254930149919247,0.18630215441925072,0.4560846560846561,0.37037037037037035,0.3348148148148148
dim32-xcov0p2-fold1-seed913,32,0.2,1,913,75,parun-v1-63df200a6beb77a518746e3274688a5a1f044c3441202c6ef22b7fdc2bef06c6,ebead9009ee83816f5ac1ad5ca37e0cb8e7950fa,9654a265840ef7d8b1fb47e67bbb76458965a62afd55c36c11a398c91dfc98a6,canine_cutaneous_scc_dinov2_paired_acquisition,5db383771614a9018a72d57ba8dd45c8f89adb4cb665103133aa8188496e3e80,96501c9be1258f74c119d9f88a61c6945cf51f8c56ab53147b6c0b10792b3212,15982657a25be52fa73802a18ef4fdcdff3af4a7333ae1226cea85949040fe89,0.3671957671957672,0.3640866281275934,0.3788793215916504,0.3828022770839216,0.4736177283541469,0.9915343915343915,0.903068783068783,0.7554497354497355,0.8507936507936508,0.8509032906753896,0.2431919982604914,0.15505567967092934,0.20090479123325336,0.4624338624338624,0.37523809523809526,0.34010582010582013
dim32-xcov0p2-fold1-seed914,32,0.2,1,914,75,parun-v1-dc314d8861c66cf2f0e87ea63b92d8d300c19a0850ec2d0e3d251c4d8e28e15d,ebead9009ee83816f5ac1ad5ca37e0cb8e7950fa,9654a265840ef7d8b1fb47e67bbb76458965a62afd55c36c11a398c91dfc98a6,canine_cutaneous_scc_dinov2_paired_acquisition,5db383771614a9018a72d57ba8dd45c8f89adb4cb665103133aa8188496e3e80,96501c9be1258f74c119d9f88a61c6945cf51f8c56ab53147b6c0b10792b3212,b6d68ca618d55dba9f14a3abab5eab20c9dd642686516063f1b5e92b03aa852a,0.3915343915343915,0.3892705171417938,0.3627771254620569,0.36755774720743517,0.4630572307671134,0.9925925925925926,0.91005291005291,0.7667724867724868,0.8518518518518517,0.8516279885973969,0.21266318764948902,0.14733254854146846,0.1762489634720924,0.4444444444444444,0.3574603174603175,0.32412698412698415
dim32-xcov0p2-fold1-seed915,32,0.2,1,915,75,parun-v1-f867e938d453bbe64a7c3484b29d342ce8146d10a4fc0d47f51a5f37ed6bc411,ebead9009ee83816f5ac1ad5ca37e0cb8e7950fa,9654a265840ef7d8b1fb47e67bbb76458965a62afd55c36c11a398c91dfc98a6,canine_cutaneous_scc_dinov2_paired_acquisition,5db383771614a9018a72d57ba8dd45c8f89adb4cb665103133aa8188496e3e80,96501c9be1258f74c119d9f88a61c6945cf51f8c56ab53147b6c0b10792b3212,41209e4d02ee396812654aa1c5f410b4b06c2428fbd18ad896ed92231aa7e68d,0.39788359788359784,0.3969025795382096,0.39593694281365516,0.3379295649824764,0.4747236793722671,0.9915343915343915,0.9017989417989418,0.7492063492063492,0.856084656084656,0.8556574940520514,0.17868710589258538,0.13458029842011213,0.17670228394737955,0.44761904761904764,0.37862433862433864,0.33936507936507937
dim32-xcov0p2-fold2-seed911,32,0.2,2,911,75,parun-v1-25a72f197b1da0cbd7de5d94cfd27d20d9d6b1fc52e0c42c8cdb607318443a94,ebead9009ee83816f5ac1ad5ca37e0cb8e7950fa,9654a265840ef7d8b1fb47e67bbb76458965a62afd55c36c11a398c91dfc98a6,canine_cutaneous_scc_dinov2_paired_acquisition,5db383771614a9018a72d57ba8dd45c8f89adb4cb665103133aa8188496e3e80,6d6c2bc39de24244e414816dd4386fd0a61c94fc2e7d66f6e88aef61f66e1f3e,93e99ccaaa2200a6a9d2e8fd3c1050764304a1915e0fa320a1ab37f96adf9f57,0.35586206896551725,0.3521865275458991,0.45922688422688424,0.39332334204663677,0.46792854929966654,0.9558620689655173,0.8937931034482759,0.7484137931034482,0.8524137931034481,0.8527537083972675,0.24791245791245795,0.19320707891281189,0.22257520859832836,0.3820689655172414,0.3393103448275862,0.30179310344827587
dim32-xcov0p2-fold2-seed912,32,0.2,2,912,75,parun-v1-6c7b740e8b557f51dae0fff9ac5286884d8f8a73242ba94380137109baad06c8,ebead9009ee83816f5ac1ad5ca37e0cb8e7950fa,9654a265840ef7d8b1fb47e67bbb76458965a62afd55c36c11a398c91dfc98a6,canine_cutaneous_scc_dinov2_paired_acquisition,5db383771614a9018a72d57ba8dd45c8f89adb4cb665103133aa8188496e3e80,6d6c2bc39de24244e414816dd4386fd0a61c94fc2e7d66f6e88aef61f66e1f3e,a8cc4504a50f85b3737249d3bd3e015b1f8d0a87d9b6a9d2a79b6f287630c7c9,0.3682758620689655,0.366890067140924,0.4714555814555814,0.3904341791808092,0.4613666399994394,0.96,0.8915862068965518,0.7431724137931035,0.8579310344827586,0.8579446678749001,0.2539380989380989,0.17253833617145445,0.18728322317370427,0.42758620689655175,0.34758620689655173,0.3133793103448276
dim32-xcov0p2-fold2-seed913,32,0.2,2,913,75,parun-v1-f4f7e350a3a60188c6bbaa430a0dea939a9a7096277261700b0abe9d0dcd1c6f,ebead9009ee83816f5ac1ad5ca37e0cb8e7950fa,9654a265840ef7d8b1fb47e67bbb76458965a62afd55c36c11a398c91dfc98a6,canine_cutaneous_scc_dinov2_paired_acquisition,5db383771614a9018a72d57ba8dd45c8f89adb4cb665103133aa8188496e3e80,6d6c2bc39de24244e414816dd4386fd0a61c94fc2e7d66f6e88aef61f66e1f3e,1b7e89fba89f7566ae185fc800936c590fe515220ab53f006ebc3133b8da59fc,0.4027586206896552,0.39558325356486834,0.48514633514633515,0.47376731750699824,0.48484350009054195,0.9558620689655173,0.8946206896551724,0.7488275862068966,0.8606896551724137,0.8609391078576655,0.30586894586894586,0.22418665717235023,0.2541838787600248,0.41379310344827586,0.3376551724137931,0.3026206896551724
dim32-xcov0p2-fold2-seed914,32,0.2,2,914,75,parun-v1-53ab9908d83ebb14b97d816cadd9e44fdcfaea42770c2fafc2e615dc79f29054,ebead9009ee83816f5ac1ad5ca37e0cb8e7950fa,9654a265840ef7d8b1fb47e67bbb76458965a62afd55c36c11a398c91dfc98a6,canine_cutaneous_scc_dinov2_paired_acquisition,5db383771614a9018a72d57ba8dd45c8f89adb4cb665103133aa8188496e3e80,6d6c2bc39de24244e414816dd4386fd0a61c94fc2e7d66f6e88aef61f66e1f3e,c789db08d9ef36d74d4c6c3b9858511f08661765bac3ee799dc3a9982143160a,0.35310344827586204,0.35023871672391793,0.5089717689717689,0.4260578598582749,0.4949575895895272,0.96,0.8915862068965518,0.7412413793103448,0.8606896551724137,0.8611163524095815,0.2550660450660451,0.18899375104321173,0.22596419978206989,0.41379310344827586,0.34813793103448276,0.2987586206896552
dim32-xcov0p2-fold2-seed915,32,0.2,2,915,75,parun-v1-aa4ad3a7c1fb957b43a81a86a3060a0d271008d61570638e019edb13bae056bf,ebead9009ee83816f5ac1ad5ca37e0cb8e7950fa,9654a265840ef7d8b1fb47e67bbb76458965a62afd55c36c11a398c91dfc98a6,canine_cutaneous_scc_dinov2_paired_acquisition,5db383771614a9018a72d57ba8dd45c8f89adb4cb665103133aa8188496e3e80,6d6c2bc39de24244e414816dd4386fd0a61c94fc2e7d66f6e88aef61f66e1f3e,d336a73f85511cd34eb983aaf5e39f7ab3033271a7da72741e3648c4fe632bcc,0.38620689655172413,0.37913173424577595,0.43720409220409223,0.4323651600647877,0.45996212433346784,0.9586206896551724,0.8932413793103449,0.7419310344827587,0.8675862068965519,0.8669279606575193,0.24549987049987052,0.1677097769626663,0.1772766472520436,0.43724137931034485,0.3506206896551724,0.3049655172413793
dim32-xcov0p2-fold3-seed911,32,0.2,3,911,75,parun-v1-f062fe5601836f747f35f25d797a6d60af36de890ea33d2df129475132e090fa,ebead9009ee83816f5ac1ad5ca37e0cb8e7950fa,9654a265840ef7d8b1fb47e67bbb76458965a62afd55c36c11a398c91dfc98a6,canine_cutaneous_scc_dinov2_paired_acquisition,5db383771614a9018a72d57ba8dd45c8f89adb4cb665103133aa8188496e3e80,3396e0fb34d92af27dbd982bd5cea16fbeae7cc3b4d3bb64ee9f04ca959cdaf7,788b680ccd19af1a5078a29468ccedec71924988f53e9d5a9bcec65b838a6f75,0.35,0.3417767181865854,0.44221961082758826,0.3237586880352108,0.3836356369058605,0.9935897435897436,0.9256410256410257,0.7966666666666666,0.8756410256410255,0.8762468524789615,0.2349142290097165,0.14177750900673441,0.17527846987437656,0.5102564102564102,0.4582051282051282,0.4282051282051282
dim32-xcov0p2-fold3-seed912,32,0.2,3,912,75,parun-v1-259e4ba49c0bb4bf0f2d6e89e5acdde36d92978604e0b6e4e1eddb6ee585dcc5,ebead9009ee83816f5ac1ad5ca37e0cb8e7950fa,9654a265840ef7d8b1fb47e67bbb76458965a62afd55c36c11a398c91dfc98a6,canine_cutaneous_scc_dinov2_paired_acquisition,5db383771614a9018a72d57ba8dd45c8f89adb4cb665103133aa8188496e3e80,3396e0fb34d92af27dbd982bd5cea16fbeae7cc3b4d3bb64ee9f04ca959cdaf7,9143cda1072e3664a49e6e3b2d1d8494f0763cee9176381e29119d33155f8fac,0.3948717948717949,0.38925320717291084,0.4358843887631156,0.38433876758898217,0.4466513989407663,0.9923076923076923,0.9223076923076923,0.7967948717948717,0.8858974358974357,0.8857275223013168,0.2525722343732013,0.1518174819206682,0.1747716450528408,0.5089743589743589,0.45487179487179485,0.4411538461538462
dim32-xcov0p2-fold3-seed913,32,0.2,3,913,75,parun-v1-e265dcd479944618b9729ffec3097bfacf7101c23ca32979ddeab492967a89e8,ebead9009ee83816f5ac1ad5ca37e0cb8e7950fa,9654a265840ef7d8b1fb47e67bbb76458965a62afd55c36c11a398c91dfc98a6,canine_cutaneous_scc_dinov2_paired_acquisition,5db383771614a9018a72d57ba8dd45c8f89adb4cb665103133aa8188496e3e80,3396e0fb34d92af27dbd982bd5cea16fbeae7cc3b4d3bb64ee9f04ca959cdaf7,47c382edc2395527f2c22f60c32f9c18fc1f027496589778ff6018dd434a35ba,0.3756410256410257,0.36171785712844745,0.43895417375473783,0.386470032357842,0.45993639541557746,0.9974358974358974,0.9215384615384615,0.7855128205128206,0.8820512820512821,0.8826924011262444,0.24823465459243063,0.15620245628503482,0.19005166411412855,0.5307692307692308,0.4684615384615385,0.4494871794871795
dim32-xcov0p2-fold3-seed914,32,0.2,3,914,75,parun-v1-b3649ff13982ad4ca80daa8ca29fc7960cfc496fd8be0e510e124bc84f6ea315,ebead9009ee83816f5ac1ad5ca37e0cb8e7950fa,9654a265840ef7d8b1fb47e67bbb76458965a62afd55c36c11a398c91dfc98a6,canine_cutaneous_scc_dinov2_paired_acquisition,5db383771614a9018a72d57ba8dd45c8f89adb4cb665103133aa8188496e3e80,3396e0fb34d92af27dbd982bd5cea16fbeae7cc3b4d3bb64ee9f04ca959cdaf7,d78a282b3884d291121ce06532ba18e7f669118925ae184dacc36cd7c6b6b431,0.39871794871794874,0.39391465480783755,0.42206466452638897,0.3781312323330254,0.4557910164512044,0.9961538461538462,0.9223076923076923,0.7848717948717949,0.8935897435897436,0.8939932536681765,0.2818717943798524,0.16759361471401715,0.19119763160592032,0.514102564102564,0.4756410256410256,0.44846153846153847
dim32-xcov0p2-fold3-seed915,32,0.2,3,915,75,parun-v1-553aa75c42137b2f3aa2b1a2b3b7c3db56f1374b74e86e076a8af39c8733a7f2,ebead9009ee83816f5ac1ad5ca37e0cb8e7950fa,9654a265840ef7d8b1fb47e67bbb76458965a62afd55c36c11a398c91dfc98a6,canine_cutaneous_scc_dinov2_paired_acquisition,5db383771614a9018a72d57ba8dd45c8f89adb4cb665103133aa8188496e3e80,3396e0fb34d92af27dbd982bd5cea16fbeae7cc3b4d3bb64ee9f04ca959cdaf7,eb78143a1b9c18c92198ec81bb92c912e3219330c6e15c3b8beac6d2a6cc0cc4,0.3371794871794872,0.33390593623146236,0.4071329764782625,0.32871572886912154,0.3565149097244598,0.9948717948717949,0.9235897435897436,0.7912820512820513,0.8807692307692306,0.8807576867184643,0.25203600313793706,0.15953438246450044,0.19810971857169057,0.5243589743589744,0.46076923076923076,0.43833333333333335
dim32-xcov0p2-fold4-seed911,32,0.2,4,911,75,parun-v1-bb83182f63257d0ea1ef314570af1ec7ed1b3f8869f96925a73719b1ca111ab3,ebead9009ee83816f5ac1ad5ca37e0cb8e7950fa,9654a265840ef7d8b1fb47e67bbb76458965a62afd55c36c11a398c91dfc98a6,canine_cutaneous_scc_dinov2_paired_acquisition,5db383771614a9018a72d57ba8dd45c8f89adb4cb665103133aa8188496e3e80,a382ed29bc8bd74178282183fcbb9d2a3f66665391a4be234acdb6f3eac995f6,6acf6c0707388b5254a70464d25d2a7986f98adff8089ea2d85596136ef93103,0.35789473684210527,0.35394789268697496,0.33423806904019626,0.3110843735539999,0.3985249210318793,0.9660818713450292,0.8891228070175439,0.7523976608187134,0.8842105263157893,0.8841121251910057,0.26756213413906427,0.21025076459442307,0.25823213223050934,0.4233918128654971,0.34175438596491226,0.3125146198830409
dim32-xcov0p2-fold4-seed912,32,0.2,4,912,75,parun-v1-2068e6e846fa6c68d3ed3140325c2a4731700d0137feb75bd9bf8d2610eeba1d,ebead9009ee83816f5ac1ad5ca37e0cb8e7950fa,9654a265840ef7d8b1fb47e67bbb76458965a62afd55c36c11a398c91dfc98a6,canine_cutaneous_scc_dinov2_paired_acquisition,5db383771614a9018a72d57ba8dd45c8f89adb4cb665103133aa8188496e3e80,a382ed29bc8bd74178282183fcbb9d2a3f66665391a4be234acdb6f3eac995f6,7977eb2ed6639764823c063e8735c9fa703f2f3f8617fd7b6fbccd2612df7bc9,0.3894736842105263,0.3863323921237017,0.3375871618651739,0.3130681096572387,0.41951142898727545,0.9660818713450292,0.8860818713450292,0.7454970760233918,0.8807017543859649,0.880661064397836,0.2116103964906459,0.1773429863737165,0.2223667610342382,0.43859649122807015,0.3342690058479532,0.29789473684210527
dim32-xcov0p2-fold4-seed913,32,0.2,4,913,75,parun-v1-94356f0a7e9c638620d8375283ed49d864cf37d3af2c2fcbc376784798ca0400,ebead9009ee83816f5ac1ad5ca37e0cb8e7950fa,9654a265840ef7d8b1fb47e67bbb76458965a62afd55c36c11a398c91dfc98a6,canine_cutaneous_scc_dinov2_paired_acquisition,5db383771614a9018a72d57ba8dd45c8f89adb4cb665103133aa8188496e3e80,a382ed29bc8bd74178282183fcbb9d2a3f66665391a4be234acdb6f3eac995f6,5724c813f9aa4839eeef8ab813c481c6c84936ff9e5378f71882e7e12444a99c,0.37426900584795325,0.3693825638133573,0.3389695493088121,0.3260576000194172,0.4384691475571631,0.960233918128655,0.8865497076023392,0.747719298245614,0.8900584795321637,0.8899008732937748,0.2569554897697205,0.19169783029266113,0.2279668426042353,0.4093567251461988,0.3256140350877193,0.29333333333333333
dim32-xcov0p2-fold4-seed914,32,0.2,4,914,75,parun-v1-90f23279ee3db4b5b93e35fcb84ff24f74e04749bc48d5018d0121cfa15f6a85,ebead9009ee83816f5ac1ad5ca37e0cb8e7950fa,9654a265840ef7d8b1fb47e67bbb76458965a62afd55c36c11a398c91dfc98a6,canine_cutaneous_scc_dinov2_paired_acquisition,5db383771614a9018a72d57ba8dd45c8f89adb4cb665103133aa8188496e3e80,a382ed29bc8bd74178282183fcbb9d2a3f66665391a4be234acdb6f3eac995f6,af2713044289b4bbd93440be52ac3568d0b7a4e8368c4b4de8135d354555337e,0.38479532163742686,0.38390575640575647,0.3801704260651629,0.3386818078356921,0.44842748406886096,0.9660818713450292,0.8947368421052632,0.7512280701754386,0.8947368421052632,0.8948913736097784,0.2731679721952966,0.2247333968200372,0.2768323902600465,0.43157894736842106,0.327953216374269,0.29964912280701755
dim32-xcov0p2-fold4-seed915,32,0.2,4,915,75,parun-v1-ca5fc879fca7c8764e0c70b73d2548b83414282611119972b0ce8acfde9e6963,ebead9009ee83816f5ac1ad5ca37e0cb8e7950fa,9654a265840ef7d8b1fb47e67bbb76458965a62afd55c36c11a398c91dfc98a6,canine_cutaneous_scc_dinov2_paired_acquisition,5db383771614a9018a72d57ba8dd45c8f89adb4cb665103133aa8188496e3e80,a382ed29bc8bd74178282183fcbb9d2a3f66665391a4be234acdb6f3eac995f6,4a302cb0ad7d6b0713adcb835cee85cbc0eb1cae062a3aa7d7ef4e919c062b4e,0.4233918128654971,0.41452945791884366,0.3507784792992935,0.3226557067848899,0.4294682532052602,0.9649122807017544,0.8863157894736842,0.7470175438596491,0.894736842105263,0.8947042156791664,0.21201397221276186,0.16126250598373576,0.1888664150451773,0.41754385964912283,0.3345029239766082,0.3033918128654971
dim4-xcov0-fold0-seed911,4,0.0,0,911,75,parun-v1-098ebf9ce6249e9dce3e21de7de58dc71a44075cce53da31a53ef0bf13924c6d,ebead9009ee83816f5ac1ad5ca37e0cb8e7950fa,9654a265840ef7d8b1fb47e67bbb76458965a62afd55c36c11a398c91dfc98a6,canine_cutaneous_scc_dinov2_paired_acquisition,5db383771614a9018a72d57ba8dd45c8f89adb4cb665103133aa8188496e3e80,19306704f6dc919790d13d0f77bfe2b6975b0fbf34388553f0a31aced97a7081,d569107cee1d5c33dc8acb011b678be13c8287cdff20ecd0d74c69622c527681,0.35277777777777775,0.3491270602357117,0.32318607708999963,0.24248528567817415,0.30691282206614545,0.9625,0.8786111111111111,0.7219444444444445,0.8305555555555555,0.8298633296876373,0.1329056327926735,0.09211537182372576,0.10471017500044799,0.2569444444444444,0.25194444444444447,0.24958333333333332
dim4-xcov0-fold0-seed912,4,0.0,0,912,75,parun-v1-0f008c1d4b71d16f8b290b05c4112bba68beacaca98eb7c1c88a8c0d746a52e7,ebead9009ee83816f5ac1ad5ca37e0cb8e7950fa,9654a265840ef7d8b1fb47e67bbb76458965a62afd55c36c11a398c91dfc98a6,canine_cutaneous_scc_dinov2_paired_acquisition,5db383771614a9018a72d57ba8dd45c8f89adb4cb665103133aa8188496e3e80,19306704f6dc919790d13d0f77bfe2b6975b0fbf34388553f0a31aced97a7081,fa4685584229e9ec5493f5f4b7f8bb9add4374fa9aeae6e2719792c727a859b7,0.35555555555555557,0.3485433515567006,0.29330333498841443,0.21023957914694028,0.26243657254871544,0.9583333333333334,0.8783333333333333,0.7155555555555555,0.8055555555555556,0.8050083471759326,0.17693989297142224,0.1206568087420852,0.1171075175903571,0.30277777777777776,0.2902777777777778,0.2826388888888889
dim4-xcov0-fold0-seed913,4,0.0,0,913,75,parun-v1-f535f224425a6b553c39ced97a98a30e9df0fec98158fb89f9611cf98a5cf7df,ebead9009ee83816f5ac1ad5ca37e0cb8e7950fa,9654a265840ef7d8b1fb47e67bbb76458965a62afd55c36c11a398c91dfc98a6,canine_cutaneous_scc_dinov2_paired_acquisition,5db383771614a9018a72d57ba8dd45c8f89adb4cb665103133aa8188496e3e80,19306704f6dc919790d13d0f77bfe2b6975b0fbf34388553f0a31aced97a7081,aaf93a6fcf6e2a9d2a9fde816f911dde3574a64434ebab8795e3d83dc62e9153,0.39861111111111114,0.3976968772627136,0.3090366968259222,0.2380411761935022,0.28607642246601217,0.9541666666666667,0.8822222222222222,0.7255555555555555,0.8083333333333333,0.8077396972055428,0.11476773695244401,0.07340455982916332,0.07965604107408986,0.2861111111111111,0.2544444444444444,0.2501388888888889
dim4-xcov0-fold0-seed914,4,0.0,0,914,75,parun-v1-e12a647154ef41b5f266924b394b7b64924364538bccc40b69777433952b41f7,ebead9009ee83816f5ac1ad5ca37e0cb8e7950fa,9654a265840ef7d8b1fb47e67bbb76458965a62afd55c36c11a398c91dfc98a6,canine_cutaneous_scc_dinov2_paired_acquisition,5db383771614a9018a72d57ba8dd45c8f89adb4cb665103133aa8188496e3e80,19306704f6dc919790d13d0f77bfe2b6975b0fbf34388553f0a31aced97a7081,471e2cdd2fc6bef98846edeb5ba50f18c4f8656d7f52de795c18ce01d5c0e27c,0.3055555555555555,0.30136927961437593,0.3438201110743315,0.2521687738386737,0.319106346866249,0.95,0.8755555555555555,0.7163888888888889,0.8041666666666668,0.8030618403833429,0.12958850546176762,0.10083426536006994,0.14104172225687672,0.2791666666666667,0.2613888888888889,0.2534722222222222
dim4-xcov0-fold0-seed915,4,0.0,0,915,75,parun-v1-a4671f26185611cd3a84fccf750726f39592bbcb20dbecbc64e46a9102eaa2df,ebead9009ee83816f5ac1ad5ca37e0cb8e7950fa,9654a265840ef7d8b1fb47e67bbb76458965a62afd55c36c11a398c91dfc98a6,canine_cutaneous_scc_dinov2_paired_acquisition,5db383771614a9018a72d57ba8dd45c8f89adb4cb665103133aa8188496e3e80,19306704f6dc919790d13d0f77bfe2b6975b0fbf34388553f0a31aced97a7081,69e1fa8bfef235e1dcf46339bf46496ef60dc50aa1033dbc9113bcc9dcb09f09,0.3416666666666667,0.34032141551487805,0.29004137702747435,0.21520529915794825,0.26061178686344594,0.9569444444444445,0.8777777777777778,0.7155555555555555,0.8,0.7995807395900002,0.12425879951450954,0.09838239755265679,0.11298195492195387,0.2861111111111111,0.26,0.25472222222222224
dim4-xcov0-fold1-seed911,4,0.0,1,911,75,parun-v1-8c3979dad7ac3a960ee8b8f581a289fbe09e6b73296e6659f5fc55b82caf5a30,ebead9009ee83816f5ac1ad5ca37e0cb8e7950fa,9654a265840ef7d8b1fb47e67bbb76458965a62afd55c36c11a398c91dfc98a6,canine_cutaneous_scc_dinov2_paired_acquisition,5db383771614a9018a72d57ba8dd45c8f89adb4cb665103133aa8188496e3e80,96501c9be1258f74c119d9f88a61c6945cf51f8c56ab53147b6c0b10792b3212,4b71f8ec363b6ac63db9f82872fa5c7ab5807a34e9ec5b0b43d6868e5fdbb9c2,0.35449735449735453,0.3510079672523756,0.3647440747988693,0.36545621611548795,0.465865110500726,0.9915343915343915,0.903068783068783,0.7586243386243386,0.8201058201058201,0.8185461054735269,0.2123465970863231,0.15039115630682653,0.15304167968317328,0.28359788359788357,0.2823280423280423,0.27735449735449735
dim4-xcov0-fold1-seed912,4,0.0,1,912,75,parun-v1-c246ce36b70d2630cdeac8a8a7a3de03c3b708c04dc4ca483e4ba454d730084d,ebead9009ee83816f5ac1ad5ca37e0cb8e7950fa,9654a265840ef7d8b1fb47e67bbb76458965a62afd55c36c11a398c91dfc98a6,canine_cutaneous_scc_dinov2_paired_acquisition,5db383771614a9018a72d57ba8dd45c8f89adb4cb665103133aa8188496e3e80,96501c9be1258f74c119d9f88a61c6945cf51f8c56ab53147b6c0b10792b3212,f8c616da5b2df50729c7df94506e219d3178fc5210df108a9bd19fdc705bc64c,0.3481481481481481,0.33548000800858657,0.3783205044574907,0.33136484815344963,0.47764901131688586,0.9915343915343915,0.9041269841269841,0.7584126984126984,0.8328042328042328,0.8312974467478442,0.13843270276146988,0.11343564482615373,0.16284932598881732,0.2962962962962963,0.28656084656084657,0.2712169312169312
dim4-xcov0-fold1-seed913,4,0.0,1,913,75,parun-v1-04ebe66ad79740733ffb245da2f8007210ea9125dc732a5bf0a0b2076abdd0b5,ebead9009ee83816f5ac1ad5ca37e0cb8e7950fa,9654a265840ef7d8b1fb47e67bbb76458965a62afd55c36c11a398c91dfc98a6,canine_cutaneous_scc_dinov2_paired_acquisition,5db383771614a9018a72d57ba8dd45c8f89adb4cb665103133aa8188496e3e80,96501c9be1258f74c119d9f88a61c6945cf51f8c56ab53147b6c0b10792b3212,15982657a25be52fa73802a18ef4fdcdff3af4a7333ae1226cea85949040fe89,0.40211640211640215,0.3998062348333057,0.3789475973037617,0.332050877836277,0.48803412390822365,0.9894179894179894,0.9060317460317461,0.7635978835978836,0.8253968253968255,0.8242545993702608,0.12818656229615133,0.11611135585148889,0.20558664466254012,0.2878306878306878,0.2903703703703704,0.2855026455026455
dim4-xcov0-fold1-seed914,4,0.0,1,914,75,parun-v1-a2b901480fa9f3768422636dc7baaa42b6d6cf903920d5007d4a220f97a6ee83,ebead9009ee83816f5ac1ad5ca37e0cb8e7950fa,9654a265840ef7d8b1fb47e67bbb76458965a62afd55c36c11a398c91dfc98a6,canine_cutaneous_scc_dinov2_paired_acquisition,5db383771614a9018a72d57ba8dd45c8f89adb4cb665103133aa8188496e3e80,96501c9be1258f74c119d9f88a61c6945cf51f8c56ab53147b6c0b10792b3212,b6d68ca618d55dba9f14a3abab5eab20c9dd642686516063f1b5e92b03aa852a,0.37671957671957673,0.3730401270613498,0.3561178517068928,0.36201202896058476,0.45634164714054715,0.9936507936507937,0.9066666666666666,0.7609523809523809,0.838095238095238,0.8364272556681579,0.12105631659056316,0.10676762505449229,0.13062429265712308,0.2677248677248677,0.2708994708994709,0.26857142857142857
dim4-xcov0-fold1-seed915,4,0.0,1,915,75,parun-v1-230a7b2d07c902b5e327289dfa7b949cd56bcf06b2bc00300f297748b532cdee,ebead9009ee83816f5ac1ad5ca37e0cb8e7950fa,9654a265840ef7d8b1fb47e67bbb76458965a62afd55c36c11a398c91dfc98a6,canine_cutaneous_scc_dinov2_paired_acquisition,5db383771614a9018a72d57ba8dd45c8f89adb4cb665103133aa8188496e3e80,96501c9be1258f74c119d9f88a61c6945cf51f8c56ab53147b6c0b10792b3212,41209e4d02ee396812654aa1c5f410b4b06c2428fbd18ad896ed92231aa7e68d,0.36190476190476184,0.36075609356073385,0.3859421613394216,0.3815714933601118,0.45777797170570983,0.9915343915343915,0.9034920634920635,0.7536507936507937,0.8423280423280423,0.8408859441779712,0.10493629049793433,0.08878530354120251,0.12444760968978581,0.33650793650793653,0.3039153439153439,0.2848677248677249
dim4-xcov0-fold2-seed911,4,0.0,2,911,75,parun-v1-ec7a7ad008fe689e296fc7b3e4cc9b00f5aaf76594b6ab2ff0653e2abf331903,ebead9009ee83816f5ac1ad5ca37e0cb8e7950fa,9654a265840ef7d8b1fb47e67bbb76458965a62afd55c36c11a398c91dfc98a6,canine_cutaneous_scc_dinov2_paired_acquisition,5db383771614a9018a72d57ba8dd45c8f89adb4cb665103133aa8188496e3e80,6d6c2bc39de24244e414816dd4386fd0a61c94fc2e7d66f6e88aef61f66e1f3e,93e99ccaaa2200a6a9d2e8fd3c1050764304a1915e0fa320a1ab37f96adf9f57,0.3641379310344828,0.36183637775664945,0.4567456617456617,0.38932843198003486,0.46223026592781424,0.9613793103448276,0.8979310344827586,0.7561379310344828,0.8441379310344829,0.8442199557481735,0.1327065527065527,0.11753019407607536,0.14084788188088407,0.2110344827586207,0.2143448275862069,0.22027586206896552
dim4-xcov0-fold2-seed912,4,0.0,2,912,75,parun-v1-31650e84b5b80fb231c2126dce583854aac63d5533912e9b203669a0ec455247,ebead9009ee83816f5ac1ad5ca37e0cb8e7950fa,9654a265840ef7d8b1fb47e67bbb76458965a62afd55c36c11a398c91dfc98a6,canine_cutaneous_scc_dinov2_paired_acquisition,5db383771614a9018a72d57ba8dd45c8f89adb4cb665103133aa8188496e3e80,6d6c2bc39de24244e414816dd4386fd0a61c94fc2e7d66f6e88aef61f66e1f3e,a8cc4504a50f85b3737249d3bd3e015b1f8d0a87d9b6a9d2a79b6f287630c7c9,0.3462068965517241,0.3424891962613562,0.5029901579901579,0.49674793498783093,0.49347360021497144,0.9544827586206897,0.8940689655172414,0.7430344827586207,0.8193103448275861,0.8187942877070794,0.25238539238539237,0.1423780470893276,0.14809321975693196,0.26620689655172414,0.248,0.23875862068965517
dim4-xcov0-fold2-seed913,4,0.0,2,913,75,parun-v1-5beeb4b6646a33acd135c349ac73d7684cc3292c866344e547716eeb654e0fb8,ebead9009ee83816f5ac1ad5ca37e0cb8e7950fa,9654a265840ef7d8b1fb47e67bbb76458965a62afd55c36c11a398c91dfc98a6,canine_cutaneous_scc_dinov2_paired_acquisition,5db383771614a9018a72d57ba8dd45c8f89adb4cb665103133aa8188496e3e80,6d6c2bc39de24244e414816dd4386fd0a61c94fc2e7d66f6e88aef61f66e1f3e,1b7e89fba89f7566ae185fc800936c590fe515220ab53f006ebc3133b8da59fc,0.36551724137931035,0.36340253387228894,0.4578995078995079,0.38119665604402236,0.4556301926288305,0.953103448275862,0.8921379310344828,0.7417931034482759,0.8289655172413793,0.8280816000699633,0.19962962962962963,0.11175527368814524,0.1309257296669051,0.29379310344827586,0.256,0.25282758620689655
dim4-xcov0-fold2-seed914,4,0.0,2,914,75,parun-v1-deb2f02a7e5f97108862fad4d944dec6b1c4cf830c22f306b283def58a5f7551,ebead9009ee83816f5ac1ad5ca37e0cb8e7950fa,9654a265840ef7d8b1fb47e67bbb76458965a62afd55c36c11a398c91dfc98a6,canine_cutaneous_scc_dinov2_paired_acquisition,5db383771614a9018a72d57ba8dd45c8f89adb4cb665103133aa8188496e3e80,6d6c2bc39de24244e414816dd4386fd0a61c94fc2e7d66f6e88aef61f66e1f3e,c789db08d9ef36d74d4c6c3b9858511f08661765bac3ee799dc3a9982143160a,0.3586206896551724,0.35242611682126324,0.42978114478114476,0.4398170982126251,0.4441288387196984,0.96,0.8926896551724138,0.7422068965517241,0.8413793103448276,0.8408151898550432,0.1298795648795649,0.11132150105508988,0.14175079197890067,0.2524137931034483,0.24662068965517242,0.24013793103448275
dim4-xcov0-fold2-seed915,4,0.0,2,915,75,parun-v1-ec0fe02bf16c9afd42bc76cb79eba1b10fe0ee553bf98a582e3093db538c6073,ebead9009ee83816f5ac1ad5ca37e0cb8e7950fa,9654a265840ef7d8b1fb47e67bbb76458965a62afd55c36c11a398c91dfc98a6,canine_cutaneous_scc_dinov2_paired_acquisition,5db383771614a9018a72d57ba8dd45c8f89adb4cb665103133aa8188496e3e80,6d6c2bc39de24244e414816dd4386fd0a61c94fc2e7d66f6e88aef61f66e1f3e,d336a73f85511cd34eb983aaf5e39f7ab3033271a7da72741e3648c4fe632bcc,0.3848275862068965,0.38136431425081935,0.512027972027972,0.5006574659034704,0.5001158450820262,0.9572413793103448,0.8888275862068965,0.7430344827586207,0.8427586206896553,0.842821464262635,0.14435379435379436,0.11581032447103876,0.1342512926607754,0.24689655172413794,0.2383448275862069,0.23544827586206896
dim4-xcov0-fold3-seed911,4,0.0,3,911,75,parun-v1-cadc3491db7e3980f4be31713a78a4ed543dd1f0d424f9a21e9d340dce6a583a,ebead9009ee83816f5ac1ad5ca37e0cb8e7950fa,9654a265840ef7d8b1fb47e67bbb76458965a62afd55c36c11a398c91dfc98a6,canine_cutaneous_scc_dinov2_paired_acquisition,5db383771614a9018a72d57ba8dd45c8f89adb4cb665103133aa8188496e3e80,3396e0fb34d92af27dbd982bd5cea16fbeae7cc3b4d3bb64ee9f04ca959cdaf7,788b680ccd19af1a5078a29468ccedec71924988f53e9d5a9bcec65b838a6f75,0.3551282051282051,0.35066301034686886,0.4225256236436736,0.3705569185631346,0.4047597555060879,0.9948717948717949,0.9287179487179488,0.7956410256410257,0.853846153846154,0.8546129805658562,0.1138935574229692,0.06629537156648338,0.05116901992549767,0.34102564102564104,0.3441025641025641,0.34397435897435896
dim4-xcov0-fold3-seed912,4,0.0,3,912,75,parun-v1-472375d093e17978987e5122ec2f774efcc8591caeabfe741008b853bd6ab53d,ebead9009ee83816f5ac1ad5ca37e0cb8e7950fa,9654a265840ef7d8b1fb47e67bbb76458965a62afd55c36c11a398c91dfc98a6,canine_cutaneous_scc_dinov2_paired_acquisition,5db383771614a9018a72d57ba8dd45c8f89adb4cb665103133aa8188496e3e80,3396e0fb34d92af27dbd982bd5cea16fbeae7cc3b4d3bb64ee9f04ca959cdaf7,9143cda1072e3664a49e6e3b2d1d8494f0763cee9176381e29119d33155f8fac,0.38717948717948714,0.37821202874701326,0.4293051771698025,0.32727754525359914,0.44270331659790657,0.9923076923076923,0.9220512820512821,0.7962820512820513,0.8384615384615384,0.8385603404138873,0.1812167713356271,0.09955721489694949,0.0888688977158679,0.3525641025641026,0.32871794871794874,0.32756410256410257
dim4-xcov0-fold3-seed913,4,0.0,3,913,75,parun-v1-8a5386a8a52ae429197248c25bfad0cf2b67ca4430e4bbe1b331979d806b6d0e,ebead9009ee83816f5ac1ad5ca37e0cb8e7950fa,9654a265840ef7d8b1fb47e67bbb76458965a62afd55c36c11a398c91dfc98a6,canine_cutaneous_scc_dinov2_paired_acquisition,5db383771614a9018a72d57ba8dd45c8f89adb4cb665103133aa8188496e3e80,3396e0fb34d92af27dbd982bd5cea16fbeae7cc3b4d3bb64ee9f04ca959cdaf7,47c382edc2395527f2c22f60c32f9c18fc1f027496589778ff6018dd434a35ba,0.39230769230769236,0.3897137855515257,0.4057242196726483,0.35963981314767657,0.43351723878579496,0.9961538461538462,0.9241025641025641,0.791923076923077,0.8743589743589745,0.8747425882959327,0.13547152194211018,0.08818729067748267,0.07850974775846935,0.3294871794871795,0.33,0.32871794871794874
dim4-xcov0-fold3-seed914,4,0.0,3,914,75,parun-v1-01e9befce7a83d00264d26605907a817ef97e0048c4fb8698dbec2220cd4c5e6,ebead9009ee83816f5ac1ad5ca37e0cb8e7950fa,9654a265840ef7d8b1fb47e67bbb76458965a62afd55c36c11a398c91dfc98a6,canine_cutaneous_scc_dinov2_paired_acquisition,5db383771614a9018a72d57ba8dd45c8f89adb4cb665103133aa8188496e3e80,3396e0fb34d92af27dbd982bd5cea16fbeae7cc3b4d3bb64ee9f04ca959cdaf7,d78a282b3884d291121ce06532ba18e7f669118925ae184dacc36cd7c6b6b431,0.3423076923076923,0.33334976930784604,0.39941112518066585,0.3497628292398587,0.4133937661334826,0.9961538461538462,0.9164102564102564,0.7761538461538462,0.876923076923077,0.8775328687221957,0.12893366631279604,0.08961243850846201,0.08516362255663272,0.3717948717948718,0.3607692307692308,0.3487179487179487
dim4-xcov0-fold3-seed915,4,0.0,3,915,75,parun-v1-982d16f380b21739e308b2110f8366ff2534c0468e9e490510eaa104856dbeac,ebead9009ee83816f5ac1ad5ca37e0cb8e7950fa,9654a265840ef7d8b1fb47e67bbb76458965a62afd55c36c11a398c91dfc98a6,canine_cutaneous_scc_dinov2_paired_acquisition,5db383771614a9018a72d57ba8dd45c8f89adb4cb665103133aa8188496e3e80,3396e0fb34d92af27dbd982bd5cea16fbeae7cc3b4d3bb64ee9f04ca959cdaf7,eb78143a1b9c18c92198ec81bb92c912e3219330c6e15c3b8beac6d2a6cc0cc4,0.34615384615384615,0.34298042706689513,0.394550062033946,0.33875595220106175,0.38363284454957525,0.9923076923076923,0.9171794871794872,0.7867948717948718,0.8679487179487179,0.8683679285697256,0.14298618838707478,0.09956168444319442,0.0894092156878577,0.35384615384615387,0.3351282051282051,0.33294871794871794
dim4-xcov0-fold4-seed911,4,0.0,4,911,75,parun-v1-27279ca47138b8c715373c3aaf13892a56022be04c3903f2f7ec360cb2c731f6,ebead9009ee83816f5ac1ad5ca37e0cb8e7950fa,9654a265840ef7d8b1fb47e67bbb76458965a62afd55c36c11a398c91dfc98a6,canine_cutaneous_scc_dinov2_paired_acquisition,5db383771614a9018a72d57ba8dd45c8f89adb4cb665103133aa8188496e3e80,a382ed29bc8bd74178282183fcbb9d2a3f66665391a4be234acdb6f3eac995f6,6acf6c0707388b5254a70464d25d2a7986f98adff8089ea2d85596136ef93103,0.4035087719298245,0.4015289505841966,0.3459126794919936,0.3152830606245623,0.4363422703812584,0.9672514619883041,0.8870175438596491,0.7423391812865497,0.8573099415204679,0.856537607064876,0.15115462291035373,0.13950515086593462,0.20425393277762832,0.2654970760233918,0.23742690058479532,0.23883040935672514
dim4-xcov0-fold4-seed912,4,0.0,4,912,75,parun-v1-a7cbfce21e714c3591a6b5d1f40cb47a67319285202f46ae0068aeffebd78169,ebead9009ee83816f5ac1ad5ca37e0cb8e7950fa,9654a265840ef7d8b1fb47e67bbb76458965a62afd55c36c11a398c91dfc98a6,canine_cutaneous_scc_dinov2_paired_acquisition,5db383771614a9018a72d57ba8dd45c8f89adb4cb665103133aa8188496e3e80,a382ed29bc8bd74178282183fcbb9d2a3f66665391a4be234acdb6f3eac995f6,7977eb2ed6639764823c063e8735c9fa703f2f3f8617fd7b6fbccd2612df7bc9,0.39766081871345027,0.39314178222503593,0.3239144434838548,0.3032044971147557,0.40854822106220795,0.9672514619883041,0.887719298245614,0.7435087719298246,0.8748538011695907,0.8748569851476912,0.18544801026957639,0.15667785754018348,0.22751919327122602,0.22690058479532163,0.23719298245614034,0.23625730994152047
dim4-xcov0-fold4-seed913,4,0.0,4,913,75,parun-v1-e0c4dfb071739f392ec0f62812bf68c24722a12164ccb595dad6baa6b933a149,ebead9009ee83816f5ac1ad5ca37e0cb8e7950fa,9654a265840ef7d8b1fb47e67bbb76458965a62afd55c36c11a398c91dfc98a6,canine_cutaneous_scc_dinov2_paired_acquisition,5db383771614a9018a72d57ba8dd45c8f89adb4cb665103133aa8188496e3e80,a382ed29bc8bd74178282183fcbb9d2a3f66665391a4be234acdb6f3eac995f6,5724c813f9aa4839eeef8ab813c481c6c84936ff9e5378f71882e7e12444a99c,0.3637426900584795,0.3595525539414329,0.32712567714291535,0.3096410800396873,0.42242877297573833,0.9637426900584796,0.8837426900584795,0.7392982456140351,0.8771929824561402,0.8769041731770859,0.17847600418002035,0.11227237536354158,0.14481148143765293,0.26432748538011697,0.25146198830409355,0.2432748538011696
dim4-xcov0-fold4-seed914,4,0.0,4,914,75,parun-v1-2b1ab9f4b79e4c713107b7815c7c324edb145b6e9c131611bb89e5fb15b9905a,ebead9009ee83816f5ac1ad5ca37e0cb8e7950fa,9654a265840ef7d8b1fb47e67bbb76458965a62afd55c36c11a398c91dfc98a6,canine_cutaneous_scc_dinov2_paired_acquisition,5db383771614a9018a72d57ba8dd45c8f89adb4cb665103133aa8188496e3e80,a382ed29bc8bd74178282183fcbb9d2a3f66665391a4be234acdb6f3eac995f6,af2713044289b4bbd93440be52ac3568d0b7a4e8368c4b4de8135d354555337e,0.38128654970760234,0.38158759486351,0.35894877728583946,0.32495402125386663,0.4422086230036605,0.9637426900584796,0.8853801169590644,0.7421052631578947,0.8900584795321638,0.8899547333369832,0.14896809969173805,0.09363190375832049,0.11365031983864106,0.256140350877193,0.25029239766081873,0.24046783625730994
dim4-xcov0-fold4-seed915,4,0.0,4,915,75,parun-v1-aac7dcddb9e30321bd0bb72cd27826beb4b81e30667045f89b92e2006b69d507,ebead9009ee83816f5ac1ad5ca37e0cb8e7950fa,9654a265840ef7d8b1fb47e67bbb76458965a62afd55c36c11a398c91dfc98a6,canine_cutaneous_scc_dinov2_paired_acquisition,5db383771614a9018a72d57ba8dd45c8f89adb4cb665103133aa8188496e3e80,a382ed29bc8bd74178282183fcbb9d2a3f66665391a4be234acdb6f3eac995f6,4a302cb0ad7d6b0713adcb835cee85cbc0eb1cae062a3aa7d7ef4e919c062b4e,0.3812865497076023,0.3773270481461027,0.3021965482812723,0.2802046501014967,0.3905174344502156,0.9637426900584796,0.887953216374269,0.7451461988304093,0.8421052631578947,0.8412434216130492,0.19000850558451882,0.15172458031889352,0.21029411456596844,0.21169590643274855,0.2409356725146199,0.2391812865497076
dim4-xcov0p05-fold0-seed911,4,0.05,0,911,75,parun-v1-a64ddda13c75cfbeae9aa351b1b47033ba6efd2377f458aa6e9e5b6928346828,ebead9009ee83816f5ac1ad5ca37e0cb8e7950fa,9654a265840ef7d8b1fb47e67bbb76458965a62afd55c36c11a398c91dfc98a6,canine_cutaneous_scc_dinov2_paired_acquisition,5db383771614a9018a72d57ba8dd45c8f89adb4cb665103133aa8188496e3e80,19306704f6dc919790d13d0f77bfe2b6975b0fbf34388553f0a31aced97a7081,d569107cee1d5c33dc8acb011b678be13c8287cdff20ecd0d74c69622c527681,0.3388888888888889,0.3279244243570808,0.3365360761705101,0.256826251409943,0.31974646724402395,0.9625,0.8802777777777778,0.7234722222222222,0.8472222222222223,0.8464770886046734,0.11127707896575822,0.06239937859932108,0.048380025082420244,0.2569444444444444,0.25666666666666665,0.26013888888888886
dim4-xcov0p05-fold0-seed912,4,0.05,0,912,75,parun-v1-19125e4061a3ba896049c0866ea18cdcb83ccdd5c33d63e90c39598ac57946b3,ebead9009ee83816f5ac1ad5ca37e0cb8e7950fa,9654a265840ef7d8b1fb47e67bbb76458965a62afd55c36c11a398c91dfc98a6,canine_cutaneous_scc_dinov2_paired_acquisition,5db383771614a9018a72d57ba8dd45c8f89adb4cb665103133aa8188496e3e80,19306704f6dc919790d13d0f77bfe2b6975b0fbf34388553f0a31aced97a7081,fa4685584229e9ec5493f5f4b7f8bb9add4374fa9aeae6e2719792c727a859b7,0.3666666666666667,0.35686191715440707,0.29388392364559196,0.21031435328165576,0.26113510695985204,0.9625,0.8788888888888889,0.7188888888888889,0.8222222222222222,0.8210735311180345,0.06907651072124757,0.050184952705961114,0.03835563909093321,0.2513888888888889,0.25972222222222224,0.2584722222222222
dim4-xcov0p05-fold0-seed913,4,0.05,0,913,75,parun-v1-3abd594da78356ded65e50421f5c7c666d81e5767d0c10dbb077d6ec87f5d514,ebead9009ee83816f5ac1ad5ca37e0cb8e7950fa,9654a265840ef7d8b1fb47e67bbb76458965a62afd55c36c11a398c91dfc98a6,canine_cutaneous_scc_dinov2_paired_acquisition,5db383771614a9018a72d57ba8dd45c8f89adb4cb665103133aa8188496e3e80,19306704f6dc919790d13d0f77bfe2b6975b0fbf34388553f0a31aced97a7081,aaf93a6fcf6e2a9d2a9fde816f911dde3574a64434ebab8795e3d83dc62e9153,0.36527777777777776,0.36123506146264245,0.30946814428629227,0.2754296741195705,0.2876502478491698,0.9555555555555556,0.8811111111111111,0.7236111111111111,0.8236111111111111,0.8226025001174799,0.15332846003898634,0.09646114016654517,0.07741428883042341,0.25277777777777777,0.2538888888888889,0.24541666666666667
dim4-xcov0p05-fold0-seed914,4,0.05,0,914,75,parun-v1-7018650ec768c13406ab99b7955284f8669ae68fd7bd830b867e30494c544e80,ebead9009ee83816f5ac1ad5ca37e0cb8e7950fa,9654a265840ef7d8b1fb47e67bbb76458965a62afd55c36c11a398c91dfc98a6,canine_cutaneous_scc_dinov2_paired_acquisition,5db383771614a9018a72d57ba8dd45c8f89adb4cb665103133aa8188496e3e80,19306704f6dc919790d13d0f77bfe2b6975b0fbf34388553f0a31aced97a7081,471e2cdd2fc6bef98846edeb5ba50f18c4f8656d7f52de795c18ce01d5c0e27c,0.3194444444444445,0.3169548722328924,0.35878466475412846,0.26463806494024256,0.3345960023649686,0.95,0.8736111111111111,0.71625,0.8194444444444444,0.8187806391088779,0.09860042204568024,0.05881539218558236,0.05849016573668277,0.25416666666666665,0.2619444444444444,0.25166666666666665
dim4-xcov0p05-fold0-seed915,4,0.05,0,915,75,parun-v1-9d8b5891c02e0ab73f9ef73cd66379b5dab160af61f2af167172e6fd8c4d4404,ebead9009ee83816f5ac1ad5ca37e0cb8e7950fa,9654a265840ef7d8b1fb47e67bbb76458965a62afd55c36c11a398c91dfc98a6,canine_cutaneous_scc_dinov2_paired_acquisition,5db383771614a9018a72d57ba8dd45c8f89adb4cb665103133aa8188496e3e80,19306704f6dc919790d13d0f77bfe2b6975b0fbf34388553f0a31aced97a7081,69e1fa8bfef235e1dcf46339bf46496ef60dc50aa1033dbc9113bcc9dcb09f09,0.32222222222222224,0.320450068751282,0.2938790963257199,0.2170451990786922,0.2661659117106135,0.9569444444444445,0.8797222222222222,0.7155555555555555,0.8402777777777779,0.8397142772966202,0.1258845029239766,0.08087572340966079,0.059516847380588565,0.26805555555555555,0.26,0.25277777777777777
dim4-xcov0p05-fold1-seed911,4,0.05,1,911,75,parun-v1-ea6524ca450490ebfeface72fec89f3f3e92436b57e4d58bdc42a65163f26361,ebead9009ee83816f5ac1ad5ca37e0cb8e7950fa,9654a265840ef7d8b1fb47e67bbb76458965a62afd55c36c11a398c91dfc98a6,canine_cutaneous_scc_dinov2_paired_acquisition,5db383771614a9018a72d57ba8dd45c8f89adb4cb665103133aa8188496e3e80,96501c9be1258f74c119d9f88a61c6945cf51f8c56ab53147b6c0b10792b3212,4b71f8ec363b6ac63db9f82872fa5c7ab5807a34e9ec5b0b43d6868e5fdbb9c2,0.3396825396825397,0.33739556237355206,0.36676886279626003,0.36131866898313875,0.4577177781831881,0.9936507936507937,0.9032804232804232,0.7594708994708995,0.8539682539682539,0.8530636856021105,0.07010176125244617,0.05430782661267431,0.07624891014219513,0.28359788359788357,0.26052910052910055,0.257989417989418
dim4-xcov0p05-fold1-seed912,4,0.05,1,912,75,parun-v1-bf823511c6c545ff0643b08d9dcee61696f389cb09247f103c30b908d0b44701,ebead9009ee83816f5ac1ad5ca37e0cb8e7950fa,9654a265840ef7d8b1fb47e67bbb76458965a62afd55c36c11a398c91dfc98a6,canine_cutaneous_scc_dinov2_paired_acquisition,5db383771614a9018a72d57ba8dd45c8f89adb4cb665103133aa8188496e3e80,96501c9be1258f74c119d9f88a61c6945cf51f8c56ab53147b6c0b10792b3212,f8c616da5b2df50729c7df94506e219d3178fc5210df108a9bd19fdc705bc64c,0.3597883597883598,0.3450473102058761,0.36891411176342687,0.32385723197085287,0.4680282178078759,0.9904761904761905,0.9047619047619048,0.7592592592592593,0.8476190476190475,0.8463365059953943,0.10171428571428572,0.08123828303454202,0.07446863848616377,0.3047619047619048,0.27555555555555555,0.26497354497354497
dim4-xcov0p05-fold1-seed913,4,0.05,1,913,75,parun-v1-636d2ca82176e35118957ff1c036385c1976f10c71de80bc9f3ba7433b21d619,ebead9009ee83816f5ac1ad5ca37e0cb8e7950fa,9654a265840ef7d8b1fb47e67bbb76458965a62afd55c36c11a398c91dfc98a6,canine_cutaneous_scc_dinov2_paired_acquisition,5db383771614a9018a72d57ba8dd45c8f89adb4cb665103133aa8188496e3e80,96501c9be1258f74c119d9f88a61c6945cf51f8c56ab53147b6c0b10792b3212,15982657a25be52fa73802a18ef4fdcdff3af4a7333ae1226cea85949040fe89,0.37142857142857144,0.3701113059952848,0.37853228962818003,0.3303439770317698,0.4913062315865123,0.9904761904761905,0.9066666666666666,0.7630687830687831,0.838095238095238,0.8373573093684821,0.10483757338551859,0.07273283624652276,0.06490844265110067,0.28359788359788357,0.2855026455026455,0.27925925925925926
dim4-xcov0p05-fold1-seed914,4,0.05,1,914,75,parun-v1-032f290100ac2586b1dda05d0e0aaab6e92e41eeecc4c7fa1026fa01f41d077b,ebead9009ee83816f5ac1ad5ca37e0cb8e7950fa,9654a265840ef7d8b1fb47e67bbb76458965a62afd55c36c11a398c91dfc98a6,canine_cutaneous_scc_dinov2_paired_acquisition,5db383771614a9018a72d57ba8dd45c8f89adb4cb665103133aa8188496e3e80,96501c9be1258f74c119d9f88a61c6945cf51f8c56ab53147b6c0b10792b3212,b6d68ca618d55dba9f14a3abab5eab20c9dd642686516063f1b5e92b03aa852a,0.3724867724867725,0.3696647428177775,0.3603009349858665,0.366703007259691,0.4611270629465253,0.9925925925925926,0.9075132275132275,0.7603174603174603,0.8465608465608465,0.8457253070843104,0.12709154163948685,0.0885154843367004,0.08532959425536937,0.2867724867724868,0.2768253968253968,0.26941798941798945
dim4-xcov0p05-fold1-seed915,4,0.05,1,915,75,parun-v1-3cf45a9237f7a19d426b71cef152ea4066212c989c5d16695aad14dc7dde2f27,ebead9009ee83816f5ac1ad5ca37e0cb8e7950fa,9654a265840ef7d8b1fb47e67bbb76458965a62afd55c36c11a398c91dfc98a6,canine_cutaneous_scc_dinov2_paired_acquisition,5db383771614a9018a72d57ba8dd45c8f89adb4cb665103133aa8188496e3e80,96501c9be1258f74c119d9f88a61c6945cf51f8c56ab53147b6c0b10792b3212,41209e4d02ee396812654aa1c5f410b4b06c2428fbd18ad896ed92231aa7e68d,0.3619047619047619,0.3610757413655278,0.38647184170471843,0.3868389138837755,0.47106261063219307,0.9925925925925926,0.9024338624338625,0.753015873015873,0.8423280423280423,0.8413698242948024,0.11199173733420309,0.09208100662397249,0.1116073928675702,0.2740740740740741,0.2725925925925926,0.27396825396825397
dim4-xcov0p05-fold2-seed911,4,0.05,2,911,75,parun-v1-acc59b5acd85ab6f34e82b1663300f05adce870b79370214eed97fe95ea920ed,ebead9009ee83816f5ac1ad5ca37e0cb8e7950fa,9654a265840ef7d8b1fb47e67bbb76458965a62afd55c36c11a398c91dfc98a6,canine_cutaneous_scc_dinov2_paired_acquisition,5db383771614a9018a72d57ba8dd45c8f89adb4cb665103133aa8188496e3e80,6d6c2bc39de24244e414816dd4386fd0a61c94fc2e7d66f6e88aef61f66e1f3e,93e99ccaaa2200a6a9d2e8fd3c1050764304a1915e0fa320a1ab37f96adf9f57,0.383448275862069,0.3829024722065551,0.46818958818958817,0.39918411582086666,0.4708565758600919,0.9627586206896551,0.8940689655172414,0.7546206896551724,0.8551724137931034,0.8547727862459279,0.12048692048692049,0.08410465882546517,0.08242534609033553,0.2386206896551724,0.2336551724137931,0.23020689655172413
dim4-xcov0p05-fold2-seed912,4,0.05,2,912,75,parun-v1-02da2efe23362dcc107064e3f522091ff4f025bdab165e1474503842367fc6f2,ebead9009ee83816f5ac1ad5ca37e0cb8e7950fa,9654a265840ef7d8b1fb47e67bbb76458965a62afd55c36c11a398c91dfc98a6,canine_cutaneous_scc_dinov2_paired_acquisition,5db383771614a9018a72d57ba8dd45c8f89adb4cb665103133aa8188496e3e80,6d6c2bc39de24244e414816dd4386fd0a61c94fc2e7d66f6e88aef61f66e1f3e,a8cc4504a50f85b3737249d3bd3e015b1f8d0a87d9b6a9d2a79b6f287630c7c9,0.3586206896551724,0.35229658232150934,0.50498186998187,0.5050773023817444,0.49408508148254093,0.9544827586206897,0.8940689655172414,0.7457931034482759,0.8441379310344829,0.8437395575524411,0.1534045584045584,0.11286432936843868,0.11673465982238061,0.22344827586206897,0.22924137931034483,0.23006896551724138
dim4-xcov0p05-fold2-seed913,4,0.05,2,913,75,parun-v1-1dcc93f1b908a03f59efc91f9fca62539d154990f9dcfe4e586b00e716c17668,ebead9009ee83816f5ac1ad5ca37e0cb8e7950fa,9654a265840ef7d8b1fb47e67bbb76458965a62afd55c36c11a398c91dfc98a6,canine_cutaneous_scc_dinov2_paired_acquisition,5db383771614a9018a72d57ba8dd45c8f89adb4cb665103133aa8188496e3e80,6d6c2bc39de24244e414816dd4386fd0a61c94fc2e7d66f6e88aef61f66e1f3e,1b7e89fba89f7566ae185fc800936c590fe515220ab53f006ebc3133b8da59fc,0.3641379310344828,0.363746637620062,0.46339160839160837,0.38908189865680975,0.461289979763844,0.9558620689655173,0.8899310344827587,0.7404137931034482,0.8331034482758621,0.832990132560516,0.12760942760942762,0.08355800877497743,0.07387030799663365,0.2675862068965517,0.2518620689655172,0.2393103448275862
dim4-xcov0p05-fold2-seed914,4,0.05,2,914,75,parun-v1-6bd3bc3927fbc5eba1b2ec613ae22e662ba01837b75d1957be19e450811d2d1a,ebead9009ee83816f5ac1ad5ca37e0cb8e7950fa,9654a265840ef7d8b1fb47e67bbb76458965a62afd55c36c11a398c91dfc98a6,canine_cutaneous_scc_dinov2_paired_acquisition,5db383771614a9018a72d57ba8dd45c8f89adb4cb665103133aa8188496e3e80,6d6c2bc39de24244e414816dd4386fd0a61c94fc2e7d66f6e88aef61f66e1f3e,c789db08d9ef36d74d4c6c3b9858511f08661765bac3ee799dc3a9982143160a,0.3393103448275862,0.3321997973663691,0.4294159544159544,0.43954275829377315,0.45086406067423507,0.96,0.8940689655172414,0.7416551724137931,0.8662068965517241,0.8657608181990822,0.1301851851851852,0.08450238056282787,0.07148142003162716,0.21793103448275863,0.24689655172413794,0.24289655172413793
dim4-xcov0p05-fold2-seed915,4,0.05,2,915,75,parun-v1-0882af1d16731c677d8ee54cd9c4fffcde8e027aa0f646ab75d487a83ba799c7,ebead9009ee83816f5ac1ad5ca37e0cb8e7950fa,9654a265840ef7d8b1fb47e67bbb76458965a62afd55c36c11a398c91dfc98a6,canine_cutaneous_scc_dinov2_paired_acquisition,5db383771614a9018a72d57ba8dd45c8f89adb4cb665103133aa8188496e3e80,6d6c2bc39de24244e414816dd4386fd0a61c94fc2e7d66f6e88aef61f66e1f3e,d336a73f85511cd34eb983aaf5e39f7ab3033271a7da72741e3648c4fe632bcc,0.3613793103448276,0.35989185041258986,0.509975394975395,0.4958333709133118,0.49801762870906524,0.96,0.8902068965517241,0.7427586206896551,0.8717241379310344,0.8718553988255767,0.12404558404558406,0.08289342711318164,0.08804307170287944,0.2289655172413793,0.2317241379310345,0.23544827586206896
dim4-xcov0p05-fold3-seed911,4,0.05,3,911,75,parun-v1-0520fee12e33818fec40f69ccb4be6866e029412b0b47fdd3a1fc290a5cd05e8,ebead9009ee83816f5ac1ad5ca37e0cb8e7950fa,9654a265840ef7d8b1fb47e67bbb76458965a62afd55c36c11a398c91dfc98a6,canine_cutaneous_scc_dinov2_paired_acquisition,5db383771614a9018a72d57ba8dd45c8f89adb4cb665103133aa8188496e3e80,3396e0fb34d92af27dbd982bd5cea16fbeae7cc3b4d3bb64ee9f04ca959cdaf7,788b680ccd19af1a5078a29468ccedec71924988f53e9d5a9bcec65b838a6f75,0.34102564102564104,0.3352017425937072,0.40564809485438014,0.35670586158128903,0.39695640290131295,0.9948717948717949,0.93,0.7952564102564103,0.8807692307692309,0.8812412342042206,0.12137309261604186,0.061353555103186394,0.04378251378797069,0.33974358974358976,0.3346153846153846,0.3314102564102564
dim4-xcov0p05-fold3-seed912,4,0.05,3,912,75,parun-v1-e062310b5482b67403c78ea509a192134d1470cd467fe2ad23e94af4e39f7961,ebead9009ee83816f5ac1ad5ca37e0cb8e7950fa,9654a265840ef7d8b1fb47e67bbb76458965a62afd55c36c11a398c91dfc98a6,canine_cutaneous_scc_dinov2_paired_acquisition,5db383771614a9018a72d57ba8dd45c8f89adb4cb665103133aa8188496e3e80,3396e0fb34d92af27dbd982bd5cea16fbeae7cc3b4d3bb64ee9f04ca959cdaf7,9143cda1072e3664a49e6e3b2d1d8494f0763cee9176381e29119d33155f8fac,0.37692307692307697,0.37181272375215124,0.41067252471764953,0.3558451658126054,0.4022890144811697,0.9935897435897436,0.9217948717948717,0.7946153846153846,0.8782051282051283,0.8787446706417562,0.07990184353802404,0.049243769036927114,0.03564041879175781,0.35128205128205126,0.32897435897435895,0.32653846153846156
dim4-xcov0p05-fold3-seed913,4,0.05,3,913,75,parun-v1-ee79e967c1326fd365f87ff82353183bd19b2a10f1084b805d6eec936528f806,ebead9009ee83816f5ac1ad5ca37e0cb8e7950fa,9654a265840ef7d8b1fb47e67bbb76458965a62afd55c36c11a398c91dfc98a6,canine_cutaneous_scc_dinov2_paired_acquisition,5db383771614a9018a72d57ba8dd45c8f89adb4cb665103133aa8188496e3e80,3396e0fb34d92af27dbd982bd5cea16fbeae7cc3b4d3bb64ee9f04ca959cdaf7,47c382edc2395527f2c22f60c32f9c18fc1f027496589778ff6018dd434a35ba,0.38974358974358975,0.38683059062192837,0.4105706270331572,0.36112484708006115,0.429131687442707,0.9974358974358974,0.9241025641025641,0.7908974358974359,0.8923076923076924,0.8924980057539994,0.08984033187095235,0.06916772628062683,0.07198616275478782,0.3269230769230769,0.321025641025641,0.3362820512820513
dim4-xcov0p05-fold3-seed914,4,0.05,3,914,75,parun-v1-e2a16651f5514bd3496ef2d16e2b1fb45e5848ecc346be04a2dd24b11b7f263e,ebead9009ee83816f5ac1ad5ca37e0cb8e7950fa,9654a265840ef7d8b1fb47e67bbb76458965a62afd55c36c11a398c91dfc98a6,canine_cutaneous_scc_dinov2_paired_acquisition,5db383771614a9018a72d57ba8dd45c8f89adb4cb665103133aa8188496e3e80,3396e0fb34d92af27dbd982bd5cea16fbeae7cc3b4d3bb64ee9f04ca959cdaf7,d78a282b3884d291121ce06532ba18e7f669118925ae184dacc36cd7c6b6b431,0.3320512820512821,0.3231490217059686,0.40811642769741074,0.3524039787618374,0.4056446177710923,0.9961538461538462,0.9176923076923077,0.776025641025641,0.8782051282051281,0.8785723310803458,0.12194677871148459,0.0657912300084669,0.042531479093507685,0.35384615384615387,0.3387179487179487,0.33807692307692305
dim4-xcov0p05-fold3-seed915,4,0.05,3,915,75,parun-v1-e900f5a3178b18c7a4eba73566e3e053a1e44a8eee1f2a1dbef4a040b45843bc,ebead9009ee83816f5ac1ad5ca37e0cb8e7950fa,9654a265840ef7d8b1fb47e67bbb76458965a62afd55c36c11a398c91dfc98a6,canine_cutaneous_scc_dinov2_paired_acquisition,5db383771614a9018a72d57ba8dd45c8f89adb4cb665103133aa8188496e3e80,3396e0fb34d92af27dbd982bd5cea16fbeae7cc3b4d3bb64ee9f04ca959cdaf7,eb78143a1b9c18c92198ec81bb92c912e3219330c6e15c3b8beac6d2a6cc0cc4,0.33717948717948715,0.33421631935305945,0.39636428848556166,0.3438123277550907,0.4013244252983731,0.9923076923076923,0.9164102564102564,0.7878205128205128,0.8756410256410255,0.8763313748798843,0.11353485838779957,0.062073738382882514,0.03639365370028088,0.33205128205128204,0.3330769230769231,0.33166666666666667
dim4-xcov0p05-fold4-seed911,4,0.05,4,911,75,parun-v1-f7d8dcbbd8fca4ec4fe924d388cf13ff4c3cabfc6ca24405ada922c27fd6e0cb,ebead9009ee83816f5ac1ad5ca37e0cb8e7950fa,9654a265840ef7d8b1fb47e67bbb76458965a62afd55c36c11a398c91dfc98a6,canine_cutaneous_scc_dinov2_paired_acquisition,5db383771614a9018a72d57ba8dd45c8f89adb4cb665103133aa8188496e3e80,a382ed29bc8bd74178282183fcbb9d2a3f66665391a4be234acdb6f3eac995f6,6acf6c0707388b5254a70464d25d2a7986f98adff8089ea2d85596136ef93103,0.3719298245614035,0.36756281243566563,0.34577387720171504,0.31928841254150836,0.4492245335099889,0.968421052631579,0.8863157894736842,0.7444444444444445,0.8760233918128655,0.875643235766597,0.15308765525893714,0.1239445702497779,0.16174576804145868,0.2608187134502924,0.24187134502923976,0.244093567251462
dim4-xcov0p05-fold4-seed912,4,0.05,4,912,75,parun-v1-a456698608c5117d4c0c8ca53e8f2168447ac512b8ce92c2944a526c3cf67445,ebead9009ee83816f5ac1ad5ca37e0cb8e7950fa,9654a265840ef7d8b1fb47e67bbb76458965a62afd55c36c11a398c91dfc98a6,canine_cutaneous_scc_dinov2_paired_acquisition,5db383771614a9018a72d57ba8dd45c8f89adb4cb665103133aa8188496e3e80,a382ed29bc8bd74178282183fcbb9d2a3f66665391a4be234acdb6f3eac995f6,7977eb2ed6639764823c063e8735c9fa703f2f3f8617fd7b6fbccd2612df7bc9,0.39883040935672515,0.39348801007196377,0.33921987314395163,0.3194616581438257,0.42834086888450945,0.9672514619883041,0.8856140350877193,0.7430409356725146,0.8725146198830409,0.8723472223209694,0.14890436311452265,0.09554245975460843,0.10817890719245184,0.23508771929824562,0.2432748538011696,0.24058479532163743
dim4-xcov0p05-fold4-seed913,4,0.05,4,913,75,parun-v1-810dbf935979af9621d7a69520afb5e3ea1a73f07443f248e73928c33ec0e053,ebead9009ee83816f5ac1ad5ca37e0cb8e7950fa,9654a265840ef7d8b1fb47e67bbb76458965a62afd55c36c11a398c91dfc98a6,canine_cutaneous_scc_dinov2_paired_acquisition,5db383771614a9018a72d57ba8dd45c8f89adb4cb665103133aa8188496e3e80,a382ed29bc8bd74178282183fcbb9d2a3f66665391a4be234acdb6f3eac995f6,5724c813f9aa4839eeef8ab813c481c6c84936ff9e5378f71882e7e12444a99c,0.3450292397660818,0.34091015634324684,0.3423303671489991,0.32232867204493393,0.4277861291862858,0.9637426900584796,0.8821052631578947,0.7390643274853801,0.8713450292397662,0.8710141013066698,0.1662667586504007,0.10383341679170553,0.11040315158691745,0.25263157894736843,0.23883040935672514,0.2398830409356725
dim4-xcov0p05-fold4-seed914,4,0.05,4,914,75,parun-v1-a5f8e8e9f11e614942d5a01ed4358002a09ee490980d127e8e636ee660758f26,ebead9009ee83816f5ac1ad5ca37e0cb8e7950fa,9654a265840ef7d8b1fb47e67bbb76458965a62afd55c36c11a398c91dfc98a6,canine_cutaneous_scc_dinov2_paired_acquisition,5db383771614a9018a72d57ba8dd45c8f89adb4cb665103133aa8188496e3e80,a382ed29bc8bd74178282183fcbb9d2a3f66665391a4be234acdb6f3eac995f6,af2713044289b4bbd93440be52ac3568d0b7a4e8368c4b4de8135d354555337e,0.3660818713450292,0.3659074195451437,0.36649968708065167,0.33008297425022964,0.449591427989778,0.9649122807017544,0.8863157894736842,0.7436257309941521,0.887719298245614,0.8878452424751337,0.13995800185713994,0.0658917655771373,0.061367991410356204,0.26198830409356727,0.2439766081871345,0.2446783625730994
dim4-xcov0p05-fold4-seed915,4,0.05,4,915,75,parun-v1-262b389269e49a6968b4eba251adbfe8d7817d46b4608ebf4801704159946454,ebead9009ee83816f5ac1ad5ca37e0cb8e7950fa,9654a265840ef7d8b1fb47e67bbb76458965a62afd55c36c11a398c91dfc98a6,canine_cutaneous_scc_dinov2_paired_acquisition,5db383771614a9018a72d57ba8dd45c8f89adb4cb665103133aa8188496e3e80,a382ed29bc8bd74178282183fcbb9d2a3f66665391a4be234acdb6f3eac995f6,4a302cb0ad7d6b0713adcb835cee85cbc0eb1cae062a3aa7d7ef4e919c062b4e,0.36725146198830405,0.36357205091775213,0.32885271250134623,0.3011976010973289,0.40359987322390345,0.9660818713450292,0.8905263157894737,0.7487719298245614,0.8654970760233918,0.8653831946348165,0.157596185585916,0.11358882321588012,0.12627429578232582,0.2304093567251462,0.2336842105263158,0.23614035087719298
dim4-xcov0p2-fold0-seed911,4,0.2,0,911,75,parun-v1-7ff05b2dc1c7b9e11175051d31f7e11ea73e0639a9f4c48b8ea478334a219172,ebead9009ee83816f5ac1ad5ca37e0cb8e7950fa,9654a265840ef7d8b1fb47e67bbb76458965a62afd55c36c11a398c91dfc98a6,canine_cutaneous_scc_dinov2_paired_acquisition,5db383771614a9018a72d57ba8dd45c8f89adb4cb665103133aa8188496e3e80,19306704f6dc919790d13d0f77bfe2b6975b0fbf34388553f0a31aced97a7081,d569107cee1d5c33dc8acb011b678be13c8287cdff20ecd0d74c69622c527681,0.3333333333333333,0.3239400053953711,0.34525318143366807,0.2623633927580241,0.3308086043554278,0.9638888888888889,0.88,0.7215277777777778,0.85,0.8491569802512517,0.1356384015594542,0.08231505978155994,0.07586259251110278,0.28055555555555556,0.2613888888888889,0.25625
dim4-xcov0p2-fold0-seed912,4,0.2,0,912,75,parun-v1-826b61c152fe31acb5b8f15ce7418928c30d63bbb7db2394ef076ebe91e243cf,ebead9009ee83816f5ac1ad5ca37e0cb8e7950fa,9654a265840ef7d8b1fb47e67bbb76458965a62afd55c36c11a398c91dfc98a6,canine_cutaneous_scc_dinov2_paired_acquisition,5db383771614a9018a72d57ba8dd45c8f89adb4cb665103133aa8188496e3e80,19306704f6dc919790d13d0f77bfe2b6975b0fbf34388553f0a31aced97a7081,fa4685584229e9ec5493f5f4b7f8bb9add4374fa9aeae6e2719792c727a859b7,0.34444444444444444,0.3346908936713719,0.3016982511309721,0.21628799979465016,0.26510186418124226,0.9611111111111111,0.8786111111111111,0.7180555555555556,0.8125,0.8098690744051666,0.09748892015153188,0.07219478354507709,0.06076537371248178,0.22916666666666666,0.25222222222222224,0.25055555555555553
dim4-xcov0p2-fold0-seed913,4,0.2,0,913,75,parun-v1-4a789c53cbaba362a1c04cc0f23eabe1f82065973556afe1f3aa7d34da692c6f,ebead9009ee83816f5ac1ad5ca37e0cb8e7950fa,9654a265840ef7d8b1fb47e67bbb76458965a62afd55c36c11a398c91dfc98a6,canine_cutaneous_scc_dinov2_paired_acquisition,5db383771614a9018a72d57ba8dd45c8f89adb4cb665103133aa8188496e3e80,19306704f6dc919790d13d0f77bfe2b6975b0fbf34388553f0a31aced97a7081,aaf93a6fcf6e2a9d2a9fde816f911dde3574a64434ebab8795e3d83dc62e9153,0.38055555555555554,0.37757778378121354,0.33101907021221816,0.29356088199674785,0.30311044660708863,0.9569444444444445,0.8816666666666667,0.7280555555555556,0.8236111111111111,0.8229543855733807,0.11708333333333333,0.07351896215973885,0.05827718936942237,0.26805555555555555,0.2638888888888889,0.25319444444444444
dim4-xcov0p2-fold0-seed914,4,0.2,0,914,75,parun-v1-63d73f19b7fa8875c18ba46d123151c8976555ef6ed4d68e4c890a94c1b4a650,ebead9009ee83816f5ac1ad5ca37e0cb8e7950fa,9654a265840ef7d8b1fb47e67bbb76458965a62afd55c36c11a398c91dfc98a6,canine_cutaneous_scc_dinov2_paired_acquisition,5db383771614a9018a72d57ba8dd45c8f89adb4cb665103133aa8188496e3e80,19306704f6dc919790d13d0f77bfe2b6975b0fbf34388553f0a31aced97a7081,471e2cdd2fc6bef98846edeb5ba50f18c4f8656d7f52de795c18ce01d5c0e27c,0.30972222222222223,0.30735401364537707,0.3530888410754349,0.2598698861582251,0.3243773798254982,0.95,0.8744444444444445,0.7152777777777778,0.8319444444444445,0.8315904818461037,0.0903160975026665,0.05791142047925767,0.049838808529935934,0.22916666666666666,0.24944444444444444,0.25027777777777777
dim4-xcov0p2-fold0-seed915,4,0.2,0,915,75,parun-v1-5e80c0742cc5e65bb51b058bce8bc9fdf58ad28a3e49874b7eb6964a9631038c,ebead9009ee83816f5ac1ad5ca37e0cb8e7950fa,9654a265840ef7d8b1fb47e67bbb76458965a62afd55c36c11a398c91dfc98a6,canine_cutaneous_scc_dinov2_paired_acquisition,5db383771614a9018a72d57ba8dd45c8f89adb4cb665103133aa8188496e3e80,19306704f6dc919790d13d0f77bfe2b6975b0fbf34388553f0a31aced97a7081,69e1fa8bfef235e1dcf46339bf46496ef60dc50aa1033dbc9113bcc9dcb09f09,0.3277777777777778,0.32352192182729167,0.29366777465151345,0.21632614027711877,0.2613996205247697,0.9555555555555556,0.8786111111111111,0.7156944444444444,0.8277777777777777,0.8264266937727951,0.13677171834197654,0.0675393752049863,0.048369189540861564,0.2708333333333333,0.24444444444444444,0.24805555555555556
dim4-xcov0p2-fold1-seed911,4,0.2,1,911,75,parun-v1-b76089644597405d4f7a9bb3482324e8b3e589163004f979e7affd34577cb9a2,ebead9009ee83816f5ac1ad5ca37e0cb8e7950fa,9654a265840ef7d8b1fb47e67bbb76458965a62afd55c36c11a398c91dfc98a6,canine_cutaneous_scc_dinov2_paired_acquisition,5db383771614a9018a72d57ba8dd45c8f89adb4cb665103133aa8188496e3e80,96501c9be1258f74c119d9f88a61c6945cf51f8c56ab53147b6c0b10792b3212,4b71f8ec363b6ac63db9f82872fa5c7ab5807a34e9ec5b0b43d6868e5fdbb9c2,0.33756613756613757,0.33730754511341293,0.35099586866710153,0.302279443359223,0.45656689400381484,0.9915343915343915,0.9017989417989418,0.7593650793650794,0.8539682539682539,0.853313547399756,0.11911980865405523,0.0925477240293325,0.11502811907664233,0.2761904761904762,0.2651851851851852,0.2606349206349206
dim4-xcov0p2-fold1-seed912,4,0.2,1,912,75,parun-v1-803c79bfbeb1f11921b50cf63cbe6b9a3edc9fa0c10a0a7d757812bbb747af61,ebead9009ee83816f5ac1ad5ca37e0cb8e7950fa,9654a265840ef7d8b1fb47e67bbb76458965a62afd55c36c11a398c91dfc98a6,canine_cutaneous_scc_dinov2_paired_acquisition,5db383771614a9018a72d57ba8dd45c8f89adb4cb665103133aa8188496e3e80,96501c9be1258f74c119d9f88a61c6945cf51f8c56ab53147b6c0b10792b3212,f8c616da5b2df50729c7df94506e219d3178fc5210df108a9bd19fdc705bc64c,0.38201058201058197,0.3729309711918998,0.3706014350945858,0.3245753044376155,0.4738763288160374,0.9915343915343915,0.9045502645502645,0.7585185185185185,0.855026455026455,0.8541200630618734,0.13850793650793652,0.07910376525595833,0.07329538610880178,0.29523809523809524,0.2751322751322751,0.26994708994708994
dim4-xcov0p2-fold1-seed913,4,0.2,1,913,75,parun-v1-ee009fe43a508487645d8e24bfd697b84c682ba071b2d815dddd9a2962d380ad,ebead9009ee83816f5ac1ad5ca37e0cb8e7950fa,9654a265840ef7d8b1fb47e67bbb76458965a62afd55c36c11a398c91dfc98a6,canine_cutaneous_scc_dinov2_paired_acquisition,5db383771614a9018a72d57ba8dd45c8f89adb4cb665103133aa8188496e3e80,96501c9be1258f74c119d9f88a61c6945cf51f8c56ab53147b6c0b10792b3212,15982657a25be52fa73802a18ef4fdcdff3af4a7333ae1226cea85949040fe89,0.35661375661375655,0.35598678003635975,0.38975559904327034,0.3396707084443435,0.5012623863304659,0.9904761904761905,0.9058201058201059,0.7632804232804232,0.8423280423280423,0.8418605044964549,0.10958730158730158,0.07606805168131826,0.06707584624772778,0.28359788359788357,0.277037037037037,0.27936507936507937
dim4-xcov0p2-fold1-seed914,4,0.2,1,914,75,parun-v1-019f72900657bcdac0c07cd37d37738a18be69ae0c401fe937b27944cfc4a60b,ebead9009ee83816f5ac1ad5ca37e0cb8e7950fa,9654a265840ef7d8b1fb47e67bbb76458965a62afd55c36c11a398c91dfc98a6,canine_cutaneous_scc_dinov2_paired_acquisition,5db383771614a9018a72d57ba8dd45c8f89adb4cb665103133aa8188496e3e80,96501c9be1258f74c119d9f88a61c6945cf51f8c56ab53147b6c0b10792b3212,b6d68ca618d55dba9f14a3abab5eab20c9dd642686516063f1b5e92b03aa852a,0.3597883597883597,0.35553954042993263,0.35861361165470756,0.36486936400546427,0.4602054422940934,0.9936507936507937,0.9083597883597884,0.7619047619047619,0.8423280423280424,0.8416914912650973,0.15346031746031746,0.09777224381816219,0.09074231544469641,0.291005291005291,0.28888888888888886,0.2794708994708995
dim4-xcov0p2-fold1-seed915,4,0.2,1,915,75,parun-v1-a1ca22c52da508e9e677369608ee3d526c22764573798401f7ce916263bbbeb3,ebead9009ee83816f5ac1ad5ca37e0cb8e7950fa,9654a265840ef7d8b1fb47e67bbb76458965a62afd55c36c11a398c91dfc98a6,canine_cutaneous_scc_dinov2_paired_acquisition,5db383771614a9018a72d57ba8dd45c8f89adb4cb665103133aa8188496e3e80,96501c9be1258f74c119d9f88a61c6945cf51f8c56ab53147b6c0b10792b3212,41209e4d02ee396812654aa1c5f410b4b06c2428fbd18ad896ed92231aa7e68d,0.3386243386243386,0.3368960825194217,0.3867453794303109,0.38592277311318074,0.4648079910908599,0.9925925925925926,0.9037037037037037,0.7532275132275132,0.8507936507936508,0.8499121816244234,0.1963648619265058,0.11015116188321254,0.1387429198933693,0.2740740740740741,0.2734391534391534,0.27291005291005294
dim4-xcov0p2-fold2-seed911,4,0.2,2,911,75,parun-v1-4504e02c7aaa07fd9641116e5b273853a44d2bfdbce5657a89816ca0c635497d,ebead9009ee83816f5ac1ad5ca37e0cb8e7950fa,9654a265840ef7d8b1fb47e67bbb76458965a62afd55c36c11a398c91dfc98a6,canine_cutaneous_scc_dinov2_paired_acquisition,5db383771614a9018a72d57ba8dd45c8f89adb4cb665103133aa8188496e3e80,6d6c2bc39de24244e414816dd4386fd0a61c94fc2e7d66f6e88aef61f66e1f3e,93e99ccaaa2200a6a9d2e8fd3c1050764304a1915e0fa320a1ab37f96adf9f57,0.3448275862068965,0.34446541894345045,0.46500388500388506,0.3953391048892512,0.47515831091277044,0.9627586206896551,0.8932413793103449,0.752551724137931,0.8510344827586206,0.8508734680099351,0.10222222222222221,0.05623097840126377,0.04437830830296696,0.2110344827586207,0.2413793103448276,0.23448275862068965
dim4-xcov0p2-fold2-seed912,4,0.2,2,912,75,parun-v1-6d2535b18858f9ddcae508c807b59de0339187c599315bbaeb2cb7c1c6b74618,ebead9009ee83816f5ac1ad5ca37e0cb8e7950fa,9654a265840ef7d8b1fb47e67bbb76458965a62afd55c36c11a398c91dfc98a6,canine_cutaneous_scc_dinov2_paired_acquisition,5db383771614a9018a72d57ba8dd45c8f89adb4cb665103133aa8188496e3e80,6d6c2bc39de24244e414816dd4386fd0a61c94fc2e7d66f6e88aef61f66e1f3e,a8cc4504a50f85b3737249d3bd3e015b1f8d0a87d9b6a9d2a79b6f287630c7c9,0.3406896551724138,0.3352432274931822,0.5105723905723906,0.5062215094761949,0.498656138057883,0.953103448275862,0.8926896551724138,0.7455172413793103,0.8579310344827586,0.8579615761719372,0.14402486402486403,0.0984110253387118,0.10056124889646124,0.24551724137931036,0.2333793103448276,0.22937931034482759
dim4-xcov0p2-fold2-seed913,4,0.2,2,913,75,parun-v1-3e2d5820490bd07839dfbac968a160ade959b190363509c1f1f9bb0536090d16,ebead9009ee83816f5ac1ad5ca37e0cb8e7950fa,9654a265840ef7d8b1fb47e67bbb76458965a62afd55c36c11a398c91dfc98a6,canine_cutaneous_scc_dinov2_paired_acquisition,5db383771614a9018a72d57ba8dd45c8f89adb4cb665103133aa8188496e3e80,6d6c2bc39de24244e414816dd4386fd0a61c94fc2e7d66f6e88aef61f66e1f3e,1b7e89fba89f7566ae185fc800936c590fe515220ab53f006ebc3133b8da59fc,0.33793103448275863,0.33787767578165345,0.4385897435897436,0.36927511176112177,0.4382530375916107,0.953103448275862,0.8907586206896552,0.744,0.863448275862069,0.8641730468581684,0.1468751618751619,0.10560495160659229,0.10968811765116254,0.24413793103448275,0.2513103448275862,0.23848275862068966
dim4-xcov0p2-fold2-seed914,4,0.2,2,914,75,parun-v1-e9e95ab391ab7e237109d5b8ba875178b8eedab3d5d540b1c073e27e19fc7e3b,ebead9009ee83816f5ac1ad5ca37e0cb8e7950fa,9654a265840ef7d8b1fb47e67bbb76458965a62afd55c36c11a398c91dfc98a6,canine_cutaneous_scc_dinov2_paired_acquisition,5db383771614a9018a72d57ba8dd45c8f89adb4cb665103133aa8188496e3e80,6d6c2bc39de24244e414816dd4386fd0a61c94fc2e7d66f6e88aef61f66e1f3e,c789db08d9ef36d74d4c6c3b9858511f08661765bac3ee799dc3a9982143160a,0.3310344827586207,0.32417253337406005,0.4416472416472417,0.44970645442976503,0.456880659505259,0.96,0.8943448275862069,0.7422068965517241,0.8717241379310344,0.8716187139684786,0.1274035224035224,0.08111082676873065,0.07855304960820816,0.24,0.23806896551724138,0.23475862068965517
dim4-xcov0p2-fold2-seed915,4,0.2,2,915,75,parun-v1-90f536a27e45f31b0efe9412b3a3149d5046e0851004b2483886cb069b86219c,ebead9009ee83816f5ac1ad5ca37e0cb8e7950fa,9654a265840ef7d8b1fb47e67bbb76458965a62afd55c36c11a398c91dfc98a6,canine_cutaneous_scc_dinov2_paired_acquisition,5db383771614a9018a72d57ba8dd45c8f89adb4cb665103133aa8188496e3e80,6d6c2bc39de24244e414816dd4386fd0a61c94fc2e7d66f6e88aef61f66e1f3e,d336a73f85511cd34eb983aaf5e39f7ab3033271a7da72741e3648c4fe632bcc,0.35724137931034483,0.35504392058225476,0.5080095830095831,0.4935939440347077,0.4977662476667128,0.9572413793103448,0.8888275862068965,0.744551724137931,0.8675862068965519,0.8679933353658458,0.15037037037037038,0.10536004741503803,0.09901549205239972,0.25103448275862067,0.23586206896551723,0.2343448275862069
dim4-xcov0p2-fold3-seed911,4,0.2,3,911,75,parun-v1-4cf48fc9593b0ce1bc0e9af485b009a52c21d83d86e19ba2f0e2bae0e29d4d02,ebead9009ee83816f5ac1ad5ca37e0cb8e7950fa,9654a265840ef7d8b1fb47e67bbb76458965a62afd55c36c11a398c91dfc98a6,canine_cutaneous_scc_dinov2_paired_acquisition,5db383771614a9018a72d57ba8dd45c8f89adb4cb665103133aa8188496e3e80,3396e0fb34d92af27dbd982bd5cea16fbeae7cc3b4d3bb64ee9f04ca959cdaf7,788b680ccd19af1a5078a29468ccedec71924988f53e9d5a9bcec65b838a6f75,0.3333333333333333,0.32844846304037856,0.4036153746125543,0.3559605321084562,0.40014135555271657,0.9948717948717949,0.9302564102564103,0.796923076923077,0.8833333333333334,0.8838052305598116,0.1136463169742783,0.05784791424385712,0.04913615880206984,0.3384615384615385,0.32769230769230767,0.32666666666666666
dim4-xcov0p2-fold3-seed912,4,0.2,3,912,75,parun-v1-d8ed3b20c5aa510e285fa52f0d66db9082f8e809ff6e7fdb35fb67cf9383fc2f,ebead9009ee83816f5ac1ad5ca37e0cb8e7950fa,9654a265840ef7d8b1fb47e67bbb76458965a62afd55c36c11a398c91dfc98a6,canine_cutaneous_scc_dinov2_paired_acquisition,5db383771614a9018a72d57ba8dd45c8f89adb4cb665103133aa8188496e3e80,3396e0fb34d92af27dbd982bd5cea16fbeae7cc3b4d3bb64ee9f04ca959cdaf7,9143cda1072e3664a49e6e3b2d1d8494f0763cee9176381e29119d33155f8fac,0.3615384615384615,0.35428032972098383,0.42477939577657553,0.36328555314046224,0.4065811151887598,0.9935897435897436,0.9207692307692308,0.7921794871794872,0.8820512820512821,0.8822941478029549,0.09822973024826369,0.05842898013220109,0.04715582710464954,0.3153846153846154,0.32871794871794874,0.32666666666666666
dim4-xcov0p2-fold3-seed913,4,0.2,3,913,75,parun-v1-d37b200d067ed8d3137d454aba7105f83b86ea6f8c8d00d7cb9d9191bd4fc696,ebead9009ee83816f5ac1ad5ca37e0cb8e7950fa,9654a265840ef7d8b1fb47e67bbb76458965a62afd55c36c11a398c91dfc98a6,canine_cutaneous_scc_dinov2_paired_acquisition,5db383771614a9018a72d57ba8dd45c8f89adb4cb665103133aa8188496e3e80,3396e0fb34d92af27dbd982bd5cea16fbeae7cc3b4d3bb64ee9f04ca959cdaf7,47c382edc2395527f2c22f60c32f9c18fc1f027496589778ff6018dd434a35ba,0.37435897435897436,0.37382695891192946,0.4037789651629297,0.35063366727308126,0.4138563440696787,0.9987179487179487,0.9238461538461539,0.7902564102564102,0.8910256410256411,0.8911602146671106,0.09522397238956465,0.07135834552806039,0.06863955078771707,0.34615384615384615,0.3387179487179487,0.3362820512820513
dim4-xcov0p2-fold3-seed914,4,0.2,3,914,75,parun-v1-79bbc96d53321fb11e4ff0c69c05bd484e489aed359178ba4c8067fee10bfe4d,ebead9009ee83816f5ac1ad5ca37e0cb8e7950fa,9654a265840ef7d8b1fb47e67bbb76458965a62afd55c36c11a398c91dfc98a6,canine_cutaneous_scc_dinov2_paired_acquisition,5db383771614a9018a72d57ba8dd45c8f89adb4cb665103133aa8188496e3e80,3396e0fb34d92af27dbd982bd5cea16fbeae7cc3b4d3bb64ee9f04ca959cdaf7,d78a282b3884d291121ce06532ba18e7f669118925ae184dacc36cd7c6b6b431,0.3320512820512821,0.32722238431059975,0.40251053084856464,0.3463415268216746,0.3976237954152529,0.9961538461538462,0.916923076923077,0.7771794871794871,0.8615384615384615,0.8624762840705982,0.14060204903879361,0.10981421127692961,0.21488296977119692,0.33205128205128204,0.3374358974358974,0.3408974358974359
dim4-xcov0p2-fold3-seed915,4,0.2,3,915,75,parun-v1-e71306374608c699bd096c5e7c727320fcf0c3a07ad454095c3b3dc35223ce6a,ebead9009ee83816f5ac1ad5ca37e0cb8e7950fa,9654a265840ef7d8b1fb47e67bbb76458965a62afd55c36c11a398c91dfc98a6,canine_cutaneous_scc_dinov2_paired_acquisition,5db383771614a9018a72d57ba8dd45c8f89adb4cb665103133aa8188496e3e80,3396e0fb34d92af27dbd982bd5cea16fbeae7cc3b4d3bb64ee9f04ca959cdaf7,eb78143a1b9c18c92198ec81bb92c912e3219330c6e15c3b8beac6d2a6cc0cc4,0.35,0.34560933895864726,0.3942923973242265,0.33765801493502384,0.3887747422101241,0.9923076923076923,0.9176923076923077,0.7878205128205128,0.8820512820512821,0.8828185661885734,0.0965246067985794,0.06841799231082993,0.1054609652340653,0.31153846153846154,0.3294871794871795,0.32756410256410257
dim4-xcov0p2-fold4-seed911,4,0.2,4,911,75,parun-v1-42e248eba3ddaf342c17f1e7c2b01de6b20e0b2e399c768887462e159be7e438,ebead9009ee83816f5ac1ad5ca37e0cb8e7950fa,9654a265840ef7d8b1fb47e67bbb76458965a62afd55c36c11a398c91dfc98a6,canine_cutaneous_scc_dinov2_paired_acquisition,5db383771614a9018a72d57ba8dd45c8f89adb4cb665103133aa8188496e3e80,a382ed29bc8bd74178282183fcbb9d2a3f66665391a4be234acdb6f3eac995f6,6acf6c0707388b5254a70464d25d2a7986f98adff8089ea2d85596136ef93103,0.3730994152046783,0.37055750372478174,0.3355025892256774,0.30907514395821023,0.43381373346593183,0.9672514619883041,0.8867836257309941,0.744561403508772,0.8912280701754385,0.8911123929286126,0.16505239870873467,0.10492689648568694,0.11015050918450352,0.26198830409356727,0.24818713450292398,0.2446783625730994
dim4-xcov0p2-fold4-seed912,4,0.2,4,912,75,parun-v1-e7592826e6b52efcf8421bfec4757911976ce1d8488fd3ee280d0bbc28824199,ebead9009ee83816f5ac1ad5ca37e0cb8e7950fa,9654a265840ef7d8b1fb47e67bbb76458965a62afd55c36c11a398c91dfc98a6,canine_cutaneous_scc_dinov2_paired_acquisition,5db383771614a9018a72d57ba8dd45c8f89adb4cb665103133aa8188496e3e80,a382ed29bc8bd74178282183fcbb9d2a3f66665391a4be234acdb6f3eac995f6,7977eb2ed6639764823c063e8735c9fa703f2f3f8617fd7b6fbccd2612df7bc9,0.3871345029239766,0.38313623090024923,0.33169976043476873,0.31374043302319776,0.42422141159977295,0.9672514619883041,0.8893567251461988,0.7450292397660818,0.8807017543859649,0.8806453769581551,0.13630581680682544,0.07376499242335058,0.07669919615316576,0.2327485380116959,0.23461988304093567,0.23497076023391814
dim4-xcov0p2-fold4-seed913,4,0.2,4,913,75,parun-v1-26c9b34ffd511dba7354e9e6fd663d33e62faabde3127fe8bab06451114fe541,ebead9009ee83816f5ac1ad5ca37e0cb8e7950fa,9654a265840ef7d8b1fb47e67bbb76458965a62afd55c36c11a398c91dfc98a6,canine_cutaneous_scc_dinov2_paired_acquisition,5db383771614a9018a72d57ba8dd45c8f89adb4cb665103133aa8188496e3e80,a382ed29bc8bd74178282183fcbb9d2a3f66665391a4be234acdb6f3eac995f6,5724c813f9aa4839eeef8ab813c481c6c84936ff9e5378f71882e7e12444a99c,0.34035087719298246,0.33716804340949763,0.3443260532283089,0.3227286432405045,0.4225399686633445,0.9637426900584796,0.8828070175438596,0.7389473684210527,0.872514619883041,0.8724432733858283,0.17544718940207663,0.12171122147537818,0.15041337758063159,0.2327485380116959,0.2425730994152047,0.23812865497076025
dim4-xcov0p2-fold4-seed914,4,0.2,4,914,75,parun-v1-987f2df5b795643efcc8505267c46749e753b71d8b23f898c6825d4445501a2b,ebead9009ee83816f5ac1ad5ca37e0cb8e7950fa,9654a265840ef7d8b1fb47e67bbb76458965a62afd55c36c11a398c91dfc98a6,canine_cutaneous_scc_dinov2_paired_acquisition,5db383771614a9018a72d57ba8dd45c8f89adb4cb665103133aa8188496e3e80,a382ed29bc8bd74178282183fcbb9d2a3f66665391a4be234acdb6f3eac995f6,af2713044289b4bbd93440be52ac3568d0b7a4e8368c4b4de8135d354555337e,0.34853801169590637,0.3487193721640697,0.36530014932802385,0.3307670422473144,0.4505249612372767,0.9649122807017544,0.8870175438596491,0.7421052631578947,0.8912280701754385,0.8912787688840471,0.13404463539801886,0.07434266789309865,0.07874934041330543,0.2409356725146199,0.23461988304093567,0.24011695906432748
dim4-xcov0p2-fold4-seed915,4,0.2,4,915,75,parun-v1-d3302f13b076c6a58b8bea95f817906c8592ca7ea8cde0d9ba616498bd285c9d,ebead9009ee83816f5ac1ad5ca37e0cb8e7950fa,9654a265840ef7d8b1fb47e67bbb76458965a62afd55c36c11a398c91dfc98a6,canine_cutaneous_scc_dinov2_paired_acquisition,5db383771614a9018a72d57ba8dd45c8f89adb4cb665103133aa8188496e3e80,a382ed29bc8bd74178282183fcbb9d2a3f66665391a4be234acdb6f3eac995f6,4a302cb0ad7d6b0713adcb835cee85cbc0eb1cae062a3aa7d7ef4e919c062b4e,0.3555555555555555,0.3534548465130036,0.3244452711336995,0.3007456517550107,0.40363564464579804,0.9649122807017544,0.887719298245614,0.7459649122807017,0.8526315789473683,0.8522653591627332,0.1848879341210168,0.10262222366215934,0.1138541633719541,0.24912280701754386,0.2439766081871345,0.23777777777777778
dim64-xcov0-fold0-seed911,64,0.0,0,911,75,parun-v1-1692c72325fdbaefe9d8b293d2fee87839394f8a1ca6095cf8ad71d0efdc755c,ebead9009ee83816f5ac1ad5ca37e0cb8e7950fa,9654a265840ef7d8b1fb47e67bbb76458965a62afd55c36c11a398c91dfc98a6,canine_cutaneous_scc_dinov2_paired_acquisition,5db383771614a9018a72d57ba8dd45c8f89adb4cb665103133aa8188496e3e80,19306704f6dc919790d13d0f77bfe2b6975b0fbf34388553f0a31aced97a7081,d569107cee1d5c33dc8acb011b678be13c8287cdff20ecd0d74c69622c527681,0.35277777777777775,0.34609628820887706,0.3505590955901283,0.25809477302551964,0.32851601197823543,0.9625,0.8766666666666667,0.7236111111111111,0.836111111111111,0.8365307985180918,0.3348402616867115,0.27862676592279995,0.2589261657605461,0.5708333333333333,0.5041666666666667,0.44666666666666666
dim64-xcov0-fold0-seed912,64,0.0,0,912,75,parun-v1-d16f7192f4ce0df5c08f72e067e38d5f46a48ab589c0cf47d2ea63182ba1e2ea,ebead9009ee83816f5ac1ad5ca37e0cb8e7950fa,9654a265840ef7d8b1fb47e67bbb76458965a62afd55c36c11a398c91dfc98a6,canine_cutaneous_scc_dinov2_paired_acquisition,5db383771614a9018a72d57ba8dd45c8f89adb4cb665103133aa8188496e3e80,19306704f6dc919790d13d0f77bfe2b6975b0fbf34388553f0a31aced97a7081,fa4685584229e9ec5493f5f4b7f8bb9add4374fa9aeae6e2719792c727a859b7,0.375,0.37081626246116145,0.3006489297142227,0.2549484116116331,0.27995966573595743,0.9597222222222223,0.8813888888888889,0.7152777777777778,0.8194444444444446,0.8182728743388956,0.2881364936187429,0.20496364674399192,0.21760419251019478,0.5652777777777778,0.505,0.45166666666666666
dim64-xcov0-fold0-seed913,64,0.0,0,913,75,parun-v1-f08f82fbff8be9dc68f879028a797e1ba55c32bc042d52f2a8d1025f608405bc,ebead9009ee83816f5ac1ad5ca37e0cb8e7950fa,9654a265840ef7d8b1fb47e67bbb76458965a62afd55c36c11a398c91dfc98a6,canine_cutaneous_scc_dinov2_paired_acquisition,5db383771614a9018a72d57ba8dd45c8f89adb4cb665103133aa8188496e3e80,19306704f6dc919790d13d0f77bfe2b6975b0fbf34388553f0a31aced97a7081,aaf93a6fcf6e2a9d2a9fde816f911dde3574a64434ebab8795e3d83dc62e9153,0.34305555555555556,0.3384292008253862,0.3208380457170179,0.2715276710388966,0.2868532371739056,0.9597222222222223,0.8794444444444445,0.7309722222222222,0.8319444444444445,0.831960362009968,0.2952352973629041,0.21745475478316365,0.17223948154651053,0.5555555555555556,0.5041666666666667,0.44708333333333333
dim64-xcov0-fold0-seed914,64,0.0,0,914,75,parun-v1-66fc01feac989e573a0ac0772ea4ef1355d0373ea7c1201af644677a40c04c67,ebead9009ee83816f5ac1ad5ca37e0cb8e7950fa,9654a265840ef7d8b1fb47e67bbb76458965a62afd55c36c11a398c91dfc98a6,canine_cutaneous_scc_dinov2_paired_acquisition,5db383771614a9018a72d57ba8dd45c8f89adb4cb665103133aa8188496e3e80,19306704f6dc919790d13d0f77bfe2b6975b0fbf34388553f0a31aced97a7081,471e2cdd2fc6bef98846edeb5ba50f18c4f8656d7f52de795c18ce01d5c0e27c,0.35138888888888886,0.34697334912108685,0.33418666556327925,0.2445917386927774,0.29981885097207833,0.9569444444444445,0.8725,0.7086111111111111,0.8375,0.8383232569597107,0.31629666409209606,0.21942963438323385,0.22883525042106476,0.5833333333333334,0.5116666666666667,0.45513888888888887
dim64-xcov0-fold0-seed915,64,0.0,0,915,75,parun-v1-3520e1b560a8a986da4ecf054330e76ba9689066b5f76eba12ed5ecf49be0a30,ebead9009ee83816f5ac1ad5ca37e0cb8e7950fa,9654a265840ef7d8b1fb47e67bbb76458965a62afd55c36c11a398c91dfc98a6,canine_cutaneous_scc_dinov2_paired_acquisition,5db383771614a9018a72d57ba8dd45c8f89adb4cb665103133aa8188496e3e80,19306704f6dc919790d13d0f77bfe2b6975b0fbf34388553f0a31aced97a7081,69e1fa8bfef235e1dcf46339bf46496ef60dc50aa1033dbc9113bcc9dcb09f09,0.3680555555555555,0.35608149050830484,0.2926809325462503,0.2136438897998909,0.26037158577196023,0.9555555555555556,0.8786111111111111,0.7229166666666667,0.8208333333333332,0.8183145941270101,0.3044166298870867,0.24085806901638354,0.20458317811422322,0.5611111111111111,0.5072222222222222,0.4475
dim64-xcov0-fold1-seed911,64,0.0,1,911,75,parun-v1-1f072e2ead339535c4914fff1ea7e404c144a33397a6a0a6d364540db2da4202,ebead9009ee83816f5ac1ad5ca37e0cb8e7950fa,9654a265840ef7d8b1fb47e67bbb76458965a62afd55c36c11a398c91dfc98a6,canine_cutaneous_scc_dinov2_paired_acquisition,5db383771614a9018a72d57ba8dd45c8f89adb4cb665103133aa8188496e3e80,96501c9be1258f74c119d9f88a61c6945cf51f8c56ab53147b6c0b10792b3212,4b71f8ec363b6ac63db9f82872fa5c7ab5807a34e9ec5b0b43d6868e5fdbb9c2,0.36507936507936506,0.3624610574691437,0.3028767123287671,0.26592602885899724,0.4181147527828855,0.9925925925925926,0.9064550264550264,0.7590476190476191,0.8497354497354497,0.8488903105504683,0.32197173298543164,0.28134979087328366,0.4252367346401025,0.6074074074074074,0.50010582010582,0.43777777777777777
dim64-xcov0-fold1-seed912,64,0.0,1,912,75,parun-v1-d056d6cb66f7cf180965514cae17ff933a83b16abff529cb470db52b978bf565,ebead9009ee83816f5ac1ad5ca37e0cb8e7950fa,9654a265840ef7d8b1fb47e67bbb76458965a62afd55c36c11a398c91dfc98a6,canine_cutaneous_scc_dinov2_paired_acquisition,5db383771614a9018a72d57ba8dd45c8f89adb4cb665103133aa8188496e3e80,96501c9be1258f74c119d9f88a61c6945cf51f8c56ab53147b6c0b10792b3212,f8c616da5b2df50729c7df94506e219d3178fc5210df108a9bd19fdc705bc64c,0.34497354497354493,0.34519137993942567,0.3847910415307676,0.33125619336415485,0.4806924837166741,0.9904761904761905,0.9062433862433863,0.7578835978835979,0.8444444444444443,0.8438687187286467,0.3373450750163079,0.28380894203569546,0.4096366129995232,0.5936507936507937,0.49925925925925924,0.43957671957671957
dim64-xcov0-fold1-seed913,64,0.0,1,913,75,parun-v1-c8963e06f6817000b9d384aeb4be1b63a0b1a02ecf85d25f5d575ef005529f65,ebead9009ee83816f5ac1ad5ca37e0cb8e7950fa,9654a265840ef7d8b1fb47e67bbb76458965a62afd55c36c11a398c91dfc98a6,canine_cutaneous_scc_dinov2_paired_acquisition,5db383771614a9018a72d57ba8dd45c8f89adb4cb665103133aa8188496e3e80,96501c9be1258f74c119d9f88a61c6945cf51f8c56ab53147b6c0b10792b3212,15982657a25be52fa73802a18ef4fdcdff3af4a7333ae1226cea85949040fe89,0.383068783068783,0.3827204046659666,0.3940765383779083,0.39362011967739635,0.4758007520248586,0.9915343915343915,0.9081481481481481,0.7616931216931216,0.8486772486772487,0.8479099458859745,0.28380734942378777,0.2509441340718021,0.3637345702284279,0.6338624338624339,0.49502645502645504,0.4365079365079365
dim64-xcov0-fold1-seed914,64,0.0,1,914,75,parun-v1-707812f2d6d27792d7c9d4304617777d3bf9f7a947676b3f19360efd41d488a0,ebead9009ee83816f5ac1ad5ca37e0cb8e7950fa,9654a265840ef7d8b1fb47e67bbb76458965a62afd55c36c11a398c91dfc98a6,canine_cutaneous_scc_dinov2_paired_acquisition,5db383771614a9018a72d57ba8dd45c8f89adb4cb665103133aa8188496e3e80,96501c9be1258f74c119d9f88a61c6945cf51f8c56ab53147b6c0b10792b3212,b6d68ca618d55dba9f14a3abab5eab20c9dd642686516063f1b5e92b03aa852a,0.39365079365079364,0.38990112051909354,0.38510850184822787,0.3935420366700822,0.5037817224126682,0.9925925925925926,0.9083597883597884,0.7590476190476191,0.8476190476190476,0.8470021804822517,0.3419121548162644,0.290827765459626,0.40428628899235036,0.6169312169312169,0.5081481481481481,0.44232804232804235
dim64-xcov0-fold1-seed915,64,0.0,1,915,75,parun-v1-c90246ff57e2736fc8db11f318f24139cd26cc27c6cbcec442fab513df4ccadf,ebead9009ee83816f5ac1ad5ca37e0cb8e7950fa,9654a265840ef7d8b1fb47e67bbb76458965a62afd55c36c11a398c91dfc98a6,canine_cutaneous_scc_dinov2_paired_acquisition,5db383771614a9018a72d57ba8dd45c8f89adb4cb665103133aa8188496e3e80,96501c9be1258f74c119d9f88a61c6945cf51f8c56ab53147b6c0b10792b3212,41209e4d02ee396812654aa1c5f410b4b06c2428fbd18ad896ed92231aa7e68d,0.3798941798941799,0.3794422232556783,0.381545988258317,0.3245120521518841,0.46167454472561786,0.9904761904761905,0.8977777777777778,0.7507936507936508,0.835978835978836,0.8353344848607087,0.3619552076538379,0.3517879901841386,0.439252855346849,0.6137566137566137,0.49523809523809526,0.43576719576719575
dim64-xcov0-fold2-seed911,64,0.0,2,911,75,parun-v1-294cf889889f5bae0aa3461f09bf6a94bcca8f8c358e152cb91818220808d1db,ebead9009ee83816f5ac1ad5ca37e0cb8e7950fa,9654a265840ef7d8b1fb47e67bbb76458965a62afd55c36c11a398c91dfc98a6,canine_cutaneous_scc_dinov2_paired_acquisition,5db383771614a9018a72d57ba8dd45c8f89adb4cb665103133aa8188496e3e80,6d6c2bc39de24244e414816dd4386fd0a61c94fc2e7d66f6e88aef61f66e1f3e,93e99ccaaa2200a6a9d2e8fd3c1050764304a1915e0fa320a1ab37f96adf9f57,0.3503448275862069,0.34758683791425765,0.47547267547267547,0.3966234269761163,0.4815350367785223,0.9586206896551724,0.8982068965517241,0.7482758620689656,0.8510344827586207,0.8513106438791043,0.4608223258223258,0.41419576646701656,0.4130730941092346,0.5696551724137932,0.47558620689655173,0.4086896551724138
dim64-xcov0-fold2-seed912,64,0.0,2,912,75,parun-v1-ed68cc05f8e2457b2cb140b1c4c2256abb37211b587797964f91b638926b68a1,ebead9009ee83816f5ac1ad5ca37e0cb8e7950fa,9654a265840ef7d8b1fb47e67bbb76458965a62afd55c36c11a398c91dfc98a6,canine_cutaneous_scc_dinov2_paired_acquisition,5db383771614a9018a72d57ba8dd45c8f89adb4cb665103133aa8188496e3e80,6d6c2bc39de24244e414816dd4386fd0a61c94fc2e7d66f6e88aef61f66e1f3e,a8cc4504a50f85b3737249d3bd3e015b1f8d0a87d9b6a9d2a79b6f287630c7c9,0.3627586206896552,0.3569482547281164,0.45347707847707847,0.45108022331887954,0.4628420918477646,0.9586206896551724,0.8937931034482759,0.7423448275862069,0.8662068965517241,0.8663880734070049,0.48062160062160064,0.3602046184052927,0.41477660417278245,0.5682758620689655,0.4673103448275862,0.41213793103448276
dim64-xcov0-fold2-seed913,64,0.0,2,913,75,parun-v1-d5269fbf51d12c832cbdc7f9d5db43410c3547ef39a25fd9ed5f27290e845981,ebead9009ee83816f5ac1ad5ca37e0cb8e7950fa,9654a265840ef7d8b1fb47e67bbb76458965a62afd55c36c11a398c91dfc98a6,canine_cutaneous_scc_dinov2_paired_acquisition,5db383771614a9018a72d57ba8dd45c8f89adb4cb665103133aa8188496e3e80,6d6c2bc39de24244e414816dd4386fd0a61c94fc2e7d66f6e88aef61f66e1f3e,1b7e89fba89f7566ae185fc800936c590fe515220ab53f006ebc3133b8da59fc,0.35586206896551725,0.35246291187772405,0.42963480963480966,0.35828478129380414,0.4389906089970314,0.9544827586206897,0.888551724137931,0.7395862068965517,0.8579310344827586,0.8580301312765417,0.4343628593628594,0.3323832313568661,0.392830521248577,0.5737931034482758,0.4626206896551724,0.4009655172413793
dim64-xcov0-fold2-seed914,64,0.0,2,914,75,parun-v1-17ce773bb8f64304fb016143a702276d03ff71d37e3a4e2377815856242013a3,ebead9009ee83816f5ac1ad5ca37e0cb8e7950fa,9654a265840ef7d8b1fb47e67bbb76458965a62afd55c36c11a398c91dfc98a6,canine_cutaneous_scc_dinov2_paired_acquisition,5db383771614a9018a72d57ba8dd45c8f89adb4cb665103133aa8188496e3e80,6d6c2bc39de24244e414816dd4386fd0a61c94fc2e7d66f6e88aef61f66e1f3e,c789db08d9ef36d74d4c6c3b9858511f08661765bac3ee799dc3a9982143160a,0.3820689655172414,0.3822047514447253,0.4824488474488475,0.41689902809397816,0.4904886519409015,0.953103448275862,0.9004137931034483,0.7478620689655172,0.8455172413793104,0.8461054071928654,0.4984304584304584,0.44117975245018887,0.4278258555215358,0.5641379310344827,0.47393103448275864,0.4164137931034483
dim64-xcov0-fold2-seed915,64,0.0,2,915,75,parun-v1-729fb9098d58ddef08e97ddfe2d57448db6b2b47ffa660579126d1e9fac17d42,ebead9009ee83816f5ac1ad5ca37e0cb8e7950fa,9654a265840ef7d8b1fb47e67bbb76458965a62afd55c36c11a398c91dfc98a6,canine_cutaneous_scc_dinov2_paired_acquisition,5db383771614a9018a72d57ba8dd45c8f89adb4cb665103133aa8188496e3e80,6d6c2bc39de24244e414816dd4386fd0a61c94fc2e7d66f6e88aef61f66e1f3e,d336a73f85511cd34eb983aaf5e39f7ab3033271a7da72741e3648c4fe632bcc,0.37655172413793103,0.37575269085890994,0.48510360010360004,0.41222977549099166,0.47806292508362047,0.9572413793103448,0.8893793103448275,0.7346206896551725,0.8579310344827584,0.8576516683128329,0.4535690235690235,0.4102906034058744,0.41005601901397376,0.576551724137931,0.4612413793103448,0.395448275862069
dim64-xcov0-fold3-seed911,64,0.0,3,911,75,parun-v1-9925f459d6d5c51dfa4694130c58baf8c0daebeea0500494152e6286908271ca,ebead9009ee83816f5ac1ad5ca37e0cb8e7950fa,9654a265840ef7d8b1fb47e67bbb76458965a62afd55c36c11a398c91dfc98a6,canine_cutaneous_scc_dinov2_paired_acquisition,5db383771614a9018a72d57ba8dd45c8f89adb4cb665103133aa8188496e3e80,3396e0fb34d92af27dbd982bd5cea16fbeae7cc3b4d3bb64ee9f04ca959cdaf7,788b680ccd19af1a5078a29468ccedec71924988f53e9d5a9bcec65b838a6f75,0.37435897435897436,0.3646665954325233,0.42918472259527857,0.3493264046496109,0.35302434050594217,0.9923076923076923,0.9241025641025641,0.7912820512820513,0.873076923076923,0.8735602046095471,0.36830980946412045,0.2922809296269791,0.30397420351282817,0.6410256410256411,0.5646153846153846,0.5226923076923077
dim64-xcov0-fold3-seed912,64,0.0,3,912,75,parun-v1-a22484e04c1ec58c2f156b625f14d81f1856015fe38a5f9e60ea3343f936ea5a,ebead9009ee83816f5ac1ad5ca37e0cb8e7950fa,9654a265840ef7d8b1fb47e67bbb76458965a62afd55c36c11a398c91dfc98a6,canine_cutaneous_scc_dinov2_paired_acquisition,5db383771614a9018a72d57ba8dd45c8f89adb4cb665103133aa8188496e3e80,3396e0fb34d92af27dbd982bd5cea16fbeae7cc3b4d3bb64ee9f04ca959cdaf7,9143cda1072e3664a49e6e3b2d1d8494f0763cee9176381e29119d33155f8fac,0.35,0.3449189861605122,0.43506922860468394,0.3778961253118112,0.4311614698161818,0.9935897435897436,0.9241025641025641,0.7980769230769231,0.8846153846153847,0.884785021149807,0.40117301715206627,0.2672079927861731,0.3271995454564217,0.6346153846153846,0.5697435897435897,0.532051282051282
dim64-xcov0-fold3-seed913,64,0.0,3,913,75,parun-v1-71e47face3a93e098b43dae1245cf9331dc70bc3c6cc1a611a2e29d83559960b,ebead9009ee83816f5ac1ad5ca37e0cb8e7950fa,9654a265840ef7d8b1fb47e67bbb76458965a62afd55c36c11a398c91dfc98a6,canine_cutaneous_scc_dinov2_paired_acquisition,5db383771614a9018a72d57ba8dd45c8f89adb4cb665103133aa8188496e3e80,3396e0fb34d92af27dbd982bd5cea16fbeae7cc3b4d3bb64ee9f04ca959cdaf7,47c382edc2395527f2c22f60c32f9c18fc1f027496589778ff6018dd434a35ba,0.36025641025641025,0.35207359598907184,0.4096444772734056,0.3545966808596284,0.4003671794232988,0.9948717948717949,0.9238461538461539,0.7851282051282051,0.8820512820512821,0.8825616372835257,0.41006221514480984,0.3209417323040261,0.3414966082054581,0.6641025641025641,0.5748717948717949,0.541025641025641
dim64-xcov0-fold3-seed914,64,0.0,3,914,75,parun-v1-1478c8f34dbbdd482008a3622485b167fe57f1042fec3069b71c41b1130be33a,ebead9009ee83816f5ac1ad5ca37e0cb8e7950fa,9654a265840ef7d8b1fb47e67bbb76458965a62afd55c36c11a398c91dfc98a6,canine_cutaneous_scc_dinov2_paired_acquisition,5db383771614a9018a72d57ba8dd45c8f89adb4cb665103133aa8188496e3e80,3396e0fb34d92af27dbd982bd5cea16fbeae7cc3b4d3bb64ee9f04ca959cdaf7,d78a282b3884d291121ce06532ba18e7f669118925ae184dacc36cd7c6b6b431,0.3589743589743589,0.3531605149509,0.4084346021513628,0.3139674166975079,0.46140983251700135,0.9948717948717949,0.9161538461538462,0.7742307692307693,0.8833333333333334,0.8836653935688604,0.4421979096052424,0.3483712147431461,0.36521380731960096,0.6474358974358975,0.5776923076923077,0.538974358974359
dim64-xcov0-fold3-seed915,64,0.0,3,915,75,parun-v1-be60a427fe0afe77d3974a831774f2dd0a1f367dd37b44b86a0b9928770576a4,ebead9009ee83816f5ac1ad5ca37e0cb8e7950fa,9654a265840ef7d8b1fb47e67bbb76458965a62afd55c36c11a398c91dfc98a6,canine_cutaneous_scc_dinov2_paired_acquisition,5db383771614a9018a72d57ba8dd45c8f89adb4cb665103133aa8188496e3e80,3396e0fb34d92af27dbd982bd5cea16fbeae7cc3b4d3bb64ee9f04ca959cdaf7,eb78143a1b9c18c92198ec81bb92c912e3219330c6e15c3b8beac6d2a6cc0cc4,0.3307692307692308,0.3307120059676019,0.395387211201071,0.3350931856397343,0.37005876685145883,0.9948717948717949,0.9205128205128205,0.7897435897435897,0.8871794871794872,0.8876595783171171,0.43582661831856023,0.2900133104171342,0.324477367615103,0.6294871794871795,0.5607692307692308,0.5357692307692308
dim64-xcov0-fold4-seed911,64,0.0,4,911,75,parun-v1-2547a5804d3414230b83964f9ada55b77cfafcfcf39b16b09576f06a5d2d03a4,ebead9009ee83816f5ac1ad5ca37e0cb8e7950fa,9654a265840ef7d8b1fb47e67bbb76458965a62afd55c36c11a398c91dfc98a6,canine_cutaneous_scc_dinov2_paired_acquisition,5db383771614a9018a72d57ba8dd45c8f89adb4cb665103133aa8188496e3e80,a382ed29bc8bd74178282183fcbb9d2a3f66665391a4be234acdb6f3eac995f6,6acf6c0707388b5254a70464d25d2a7986f98adff8089ea2d85596136ef93103,0.3555555555555555,0.354680816713653,0.3689679366825892,0.34542386717296986,0.4426274411600079,0.9637426900584796,0.8870175438596491,0.7500584795321638,0.8842105263157896,0.8837060951448532,0.35830819790475027,0.3115659114050808,0.40399650395308623,0.5672514619883041,0.4575438596491228,0.41017543859649125
dim64-xcov0-fold4-seed912,64,0.0,4,912,75,parun-v1-77d8fbf3364aa756777e8df309d6e4ad2cee9bf62a0e343cd57424a33a9991e5,ebead9009ee83816f5ac1ad5ca37e0cb8e7950fa,9654a265840ef7d8b1fb47e67bbb76458965a62afd55c36c11a398c91dfc98a6,canine_cutaneous_scc_dinov2_paired_acquisition,5db383771614a9018a72d57ba8dd45c8f89adb4cb665103133aa8188496e3e80,a382ed29bc8bd74178282183fcbb9d2a3f66665391a4be234acdb6f3eac995f6,7977eb2ed6639764823c063e8735c9fa703f2f3f8617fd7b6fbccd2612df7bc9,0.35204678362573094,0.35122383039437877,0.3513245017305167,0.33281786922129897,0.44565156992755367,0.9625730994152046,0.888187134502924,0.7456140350877193,0.9017543859649122,0.9014677233722077,0.3643040237061876,0.29660219192353565,0.3854774596267372,0.5929824561403508,0.46830409356725144,0.41005847953216373
dim64-xcov0-fold4-seed913,64,0.0,4,913,75,parun-v1-5c0cff96d7d54aaf91ab929237065b01102d0a3a86360a75ebed3d757b04ec1d,ebead9009ee83816f5ac1ad5ca37e0cb8e7950fa,9654a265840ef7d8b1fb47e67bbb76458965a62afd55c36c11a398c91dfc98a6,canine_cutaneous_scc_dinov2_paired_acquisition,5db383771614a9018a72d57ba8dd45c8f89adb4cb665103133aa8188496e3e80,a382ed29bc8bd74178282183fcbb9d2a3f66665391a4be234acdb6f3eac995f6,5724c813f9aa4839eeef8ab813c481c6c84936ff9e5378f71882e7e12444a99c,0.3906432748538012,0.3858153294823955,0.3610360046457607,0.32841722543117097,0.4299391021070833,0.960233918128655,0.88,0.7416374269005848,0.8959064327485379,0.8955258315606865,0.30409945886784323,0.2502693009920814,0.3231635986960332,0.5883040935672514,0.4488888888888889,0.39461988304093565
dim64-xcov0-fold4-seed914,64,0.0,4,914,75,parun-v1-c551fc93695ba3ad3679528b07d4b06c6a85318f2552dd04531ded29d15a40bb,ebead9009ee83816f5ac1ad5ca37e0cb8e7950fa,9654a265840ef7d8b1fb47e67bbb76458965a62afd55c36c11a398c91dfc98a6,canine_cutaneous_scc_dinov2_paired_acquisition,5db383771614a9018a72d57ba8dd45c8f89adb4cb665103133aa8188496e3e80,a382ed29bc8bd74178282183fcbb9d2a3f66665391a4be234acdb6f3eac995f6,af2713044289b4bbd93440be52ac3568d0b7a4e8368c4b4de8135d354555337e,0.34970760233918124,0.34653568750244423,0.36482083256922787,0.3291904780711304,0.4409997048835133,0.960233918128655,0.8916959064327485,0.7521637426900585,0.8947368421052632,0.8945332033791565,0.37662566404396586,0.29791663405613844,0.3768874774954771,0.5789473684210527,0.4591812865497076,0.4037426900584795
dim64-xcov0-fold4-seed915,64,0.0,4,915,75,parun-v1-da5800b6bc36a3729e4bfeec1e1edb6a87b45acae69b94418a4166f1967ae2d0,ebead9009ee83816f5ac1ad5ca37e0cb8e7950fa,9654a265840ef7d8b1fb47e67bbb76458965a62afd55c36c11a398c91dfc98a6,canine_cutaneous_scc_dinov2_paired_acquisition,5db383771614a9018a72d57ba8dd45c8f89adb4cb665103133aa8188496e3e80,a382ed29bc8bd74178282183fcbb9d2a3f66665391a4be234acdb6f3eac995f6,4a302cb0ad7d6b0713adcb835cee85cbc0eb1cae062a3aa7d7ef4e919c062b4e,0.3672514619883041,0.365254521721334,0.3465314156471317,0.32927425434639473,0.41129737768966285,0.9660818713450292,0.888187134502924,0.7363742690058479,0.8959064327485381,0.8957111379780465,0.2840920652385901,0.25140838895589945,0.3578489983599017,0.583625730994152,0.46362573099415205,0.4072514619883041
dim64-xcov0p05-fold0-seed911,64,0.05,0,911,75,parun-v1-c17222e0de4fef0728e5fa81954babf958e6b8e777bd873641a6c911abc203a2,ebead9009ee83816f5ac1ad5ca37e0cb8e7950fa,9654a265840ef7d8b1fb47e67bbb76458965a62afd55c36c11a398c91dfc98a6,canine_cutaneous_scc_dinov2_paired_acquisition,5db383771614a9018a72d57ba8dd45c8f89adb4cb665103133aa8188496e3e80,19306704f6dc919790d13d0f77bfe2b6975b0fbf34388553f0a31aced97a7081,d569107cee1d5c33dc8acb011b678be13c8287cdff20ecd0d74c69622c527681,0.36527777777777776,0.357036576848397,0.3527046783625731,0.3034418191783683,0.32321056200965836,0.9611111111111111,0.8766666666666667,0.7219444444444445,0.8472222222222221,0.8474793715678819,0.32885020136820037,0.28067382626791954,0.26412588353436317,0.5597222222222222,0.47888888888888886,0.42777777777777776
dim64-xcov0p05-fold0-seed912,64,0.05,0,912,75,parun-v1-78b5286c6d922cb64fba4e4e8aa5659dabc0c4d01de3bd8da3cda24f04a34497,ebead9009ee83816f5ac1ad5ca37e0cb8e7950fa,9654a265840ef7d8b1fb47e67bbb76458965a62afd55c36c11a398c91dfc98a6,canine_cutaneous_scc_dinov2_paired_acquisition,5db383771614a9018a72d57ba8dd45c8f89adb4cb665103133aa8188496e3e80,19306704f6dc919790d13d0f77bfe2b6975b0fbf34388553f0a31aced97a7081,fa4685584229e9ec5493f5f4b7f8bb9add4374fa9aeae6e2719792c727a859b7,0.35416666666666663,0.3522696955568009,0.30487069678914264,0.2560474158356,0.28332917069282193,0.9611111111111111,0.8822222222222222,0.7173611111111111,0.8277777777777778,0.8268545196980039,0.286929801574166,0.2376130936714946,0.21433685022373344,0.5708333333333333,0.4911111111111111,0.4338888888888889
dim64-xcov0p05-fold0-seed913,64,0.05,0,913,75,parun-v1-e92980e216449aa25da97d4a4bbecb5c109a04831aecad7524f2ce27abd2ac04,ebead9009ee83816f5ac1ad5ca37e0cb8e7950fa,9654a265840ef7d8b1fb47e67bbb76458965a62afd55c36c11a398c91dfc98a6,canine_cutaneous_scc_dinov2_paired_acquisition,5db383771614a9018a72d57ba8dd45c8f89adb4cb665103133aa8188496e3e80,19306704f6dc919790d13d0f77bfe2b6975b0fbf34388553f0a31aced97a7081,aaf93a6fcf6e2a9d2a9fde816f911dde3574a64434ebab8795e3d83dc62e9153,0.3361111111111111,0.329316050666569,0.3245100730074663,0.2722018922644523,0.29311530673978126,0.9611111111111111,0.8794444444444445,0.7331944444444445,0.8333333333333334,0.8331143075525723,0.29012187833314945,0.21594558189260385,0.17774409790529935,0.5486111111111112,0.48138888888888887,0.43277777777777776
dim64-xcov0p05-fold0-seed914,64,0.05,0,914,75,parun-v1-aa49fe5890d7a0322f61bcb532f702a9028c4dec0dfa3ad5c7f17f92de22d6f3,ebead9009ee83816f5ac1ad5ca37e0cb8e7950fa,9654a265840ef7d8b1fb47e67bbb76458965a62afd55c36c11a398c91dfc98a6,canine_cutaneous_scc_dinov2_paired_acquisition,5db383771614a9018a72d57ba8dd45c8f89adb4cb665103133aa8188496e3e80,19306704f6dc919790d13d0f77bfe2b6975b0fbf34388553f0a31aced97a7081,471e2cdd2fc6bef98846edeb5ba50f18c4f8656d7f52de795c18ce01d5c0e27c,0.3708333333333333,0.3664872485896725,0.3334788195593806,0.24551943301776377,0.295813301007735,0.9569444444444445,0.8713888888888889,0.7094444444444444,0.8402777777777779,0.8403145876274911,0.2920695869653169,0.19600872042829698,0.19307636175813983,0.5736111111111111,0.4955555555555556,0.43777777777777777
dim64-xcov0p05-fold0-seed915,64,0.05,0,915,75,parun-v1-a13966867ebdab04bd150734c78b8bcab04522a5e661179bebd9aa6cfa1ff609,ebead9009ee83816f5ac1ad5ca37e0cb8e7950fa,9654a265840ef7d8b1fb47e67bbb76458965a62afd55c36c11a398c91dfc98a6,canine_cutaneous_scc_dinov2_paired_acquisition,5db383771614a9018a72d57ba8dd45c8f89adb4cb665103133aa8188496e3e80,19306704f6dc919790d13d0f77bfe2b6975b0fbf34388553f0a31aced97a7081,69e1fa8bfef235e1dcf46339bf46496ef60dc50aa1033dbc9113bcc9dcb09f09,0.36527777777777776,0.3512137602456377,0.29645939074625766,0.21625552546966495,0.26832960292365593,0.9541666666666667,0.8811111111111111,0.7223611111111111,0.825,0.8238203044055716,0.29116736088123873,0.1955776801401905,0.19453806059500434,0.55,0.4930555555555556,0.43
dim64-xcov0p05-fold1-seed911,64,0.05,1,911,75,parun-v1-f2ccbd539537dbe57b7c4a23355a5a1cca5d46289bfe696ca044d2ffa999a927,ebead9009ee83816f5ac1ad5ca37e0cb8e7950fa,9654a265840ef7d8b1fb47e67bbb76458965a62afd55c36c11a398c91dfc98a6,canine_cutaneous_scc_dinov2_paired_acquisition,5db383771614a9018a72d57ba8dd45c8f89adb4cb665103133aa8188496e3e80,96501c9be1258f74c119d9f88a61c6945cf51f8c56ab53147b6c0b10792b3212,4b71f8ec363b6ac63db9f82872fa5c7ab5807a34e9ec5b0b43d6868e5fdbb9c2,0.35978835978835977,0.35615658748916934,0.28993172428788866,0.2524338461845819,0.39996335369753094,0.9925925925925926,0.9051851851851852,0.7623280423280423,0.8497354497354497,0.8489042279930775,0.30529332463579034,0.25965634757410366,0.3922490709218509,0.5767195767195767,0.466031746031746,0.40793650793650793
dim64-xcov0p05-fold1-seed912,64,0.05,1,912,75,parun-v1-875f05f927d0cbcaec3654f8662acef403c16f397f7030da943e44aa2bfcbeed,ebead9009ee83816f5ac1ad5ca37e0cb8e7950fa,9654a265840ef7d8b1fb47e67bbb76458965a62afd55c36c11a398c91dfc98a6,canine_cutaneous_scc_dinov2_paired_acquisition,5db383771614a9018a72d57ba8dd45c8f89adb4cb665103133aa8188496e3e80,96501c9be1258f74c119d9f88a61c6945cf51f8c56ab53147b6c0b10792b3212,f8c616da5b2df50729c7df94506e219d3178fc5210df108a9bd19fdc705bc64c,0.3492063492063492,0.3461013945479415,0.3743465970863231,0.3749459783230307,0.4690902093516897,0.9894179894179894,0.9056084656084656,0.7592592592592593,0.8592592592592594,0.8587940577746209,0.29910893672537503,0.2531523214277675,0.366813957622412,0.5756613756613757,0.4577777777777778,0.4017989417989418
dim64-xcov0p05-fold1-seed913,64,0.05,1,913,75,parun-v1-8d6212914698f8bbf2f8b7f4945ed2c01ee717bb320e118c536aead7489c249c,ebead9009ee83816f5ac1ad5ca37e0cb8e7950fa,9654a265840ef7d8b1fb47e67bbb76458965a62afd55c36c11a398c91dfc98a6,canine_cutaneous_scc_dinov2_paired_acquisition,5db383771614a9018a72d57ba8dd45c8f89adb4cb665103133aa8188496e3e80,96501c9be1258f74c119d9f88a61c6945cf51f8c56ab53147b6c0b10792b3212,15982657a25be52fa73802a18ef4fdcdff3af4a7333ae1226cea85949040fe89,0.3767195767195767,0.37557534813645554,0.398008262665797,0.3988813981491855,0.47717122227639563,0.9904761904761905,0.9087830687830688,0.7594708994708995,0.856084656084656,0.855456084208593,0.29688497499456407,0.2506455164237105,0.35027572189559214,0.5936507936507937,0.4641269841269841,0.4017989417989418
dim64-xcov0p05-fold1-seed914,64,0.05,1,914,75,parun-v1-21d9189105bd89b46b7c50c99648a875d0b649feb269ea7732d4888c46e6783e,ebead9009ee83816f5ac1ad5ca37e0cb8e7950fa,9654a265840ef7d8b1fb47e67bbb76458965a62afd55c36c11a398c91dfc98a6,canine_cutaneous_scc_dinov2_paired_acquisition,5db383771614a9018a72d57ba8dd45c8f89adb4cb665103133aa8188496e3e80,96501c9be1258f74c119d9f88a61c6945cf51f8c56ab53147b6c0b10792b3212,b6d68ca618d55dba9f14a3abab5eab20c9dd642686516063f1b5e92b03aa852a,0.3798941798941799,0.37505732024766547,0.3925222874537943,0.4008010488481781,0.5105427410124249,0.9915343915343915,0.9070899470899471,0.7570370370370371,0.8465608465608465,0.8463064452931972,0.3032459230267449,0.25930151249389555,0.3657163696607159,0.5894179894179894,0.46455026455026455,0.40084656084656084
dim64-xcov0p05-fold1-seed915,64,0.05,1,915,75,parun-v1-b1d1ef1ebc70a9bc9a705e22143d68b92ca64a06584ad9174b902b8685422780,ebead9009ee83816f5ac1ad5ca37e0cb8e7950fa,9654a265840ef7d8b1fb47e67bbb76458965a62afd55c36c11a398c91dfc98a6,canine_cutaneous_scc_dinov2_paired_acquisition,5db383771614a9018a72d57ba8dd45c8f89adb4cb665103133aa8188496e3e80,96501c9be1258f74c119d9f88a61c6945cf51f8c56ab53147b6c0b10792b3212,41209e4d02ee396812654aa1c5f410b4b06c2428fbd18ad896ed92231aa7e68d,0.3724867724867725,0.37150275182253545,0.369577734290063,0.31600539032661495,0.4536343089393799,0.9904761904761905,0.8988359788359789,0.7529100529100529,0.8455026455026455,0.8449727686870544,0.31930115242444007,0.31382801885040906,0.4000420041431058,0.5830687830687831,0.46010582010582013,0.40190476190476193
dim64-xcov0p05-fold2-seed911,64,0.05,2,911,75,parun-v1-e0a08d1bb2c718a9ffc494e4d2f3f7074e76a237791a836c7953593c937a3517,ebead9009ee83816f5ac1ad5ca37e0cb8e7950fa,9654a265840ef7d8b1fb47e67bbb76458965a62afd55c36c11a398c91dfc98a6,canine_cutaneous_scc_dinov2_paired_acquisition,5db383771614a9018a72d57ba8dd45c8f89adb4cb665103133aa8188496e3e80,6d6c2bc39de24244e414816dd4386fd0a61c94fc2e7d66f6e88aef61f66e1f3e,93e99ccaaa2200a6a9d2e8fd3c1050764304a1915e0fa320a1ab37f96adf9f57,0.3503448275862069,0.34770800850185274,0.47306785806785806,0.39208777365691255,0.4798254602187648,0.96,0.8979310344827586,0.7477241379310345,0.8565517241379311,0.8569365763147513,0.44932271432271437,0.39951326983154534,0.39589105556464693,0.543448275862069,0.4460689655172414,0.37917241379310346
dim64-xcov0p05-fold2-seed912,64,0.05,2,912,75,parun-v1-87aa0baa6c1c592130641b845c71d98adc4b463858b165177095d4ac81fb7f07,ebead9009ee83816f5ac1ad5ca37e0cb8e7950fa,9654a265840ef7d8b1fb47e67bbb76458965a62afd55c36c11a398c91dfc98a6,canine_cutaneous_scc_dinov2_paired_acquisition,5db383771614a9018a72d57ba8dd45c8f89adb4cb665103133aa8188496e3e80,6d6c2bc39de24244e414816dd4386fd0a61c94fc2e7d66f6e88aef61f66e1f3e,a8cc4504a50f85b3737249d3bd3e015b1f8d0a87d9b6a9d2a79b6f287630c7c9,0.3613793103448276,0.35754573396696504,0.4491621341621342,0.4515693896053244,0.464689400246561,0.9586206896551724,0.8924137931034483,0.7408275862068966,0.8717241379310344,0.8720953478151896,0.425009065009065,0.3148168904154763,0.36734305651871574,0.5517241379310345,0.4209655172413793,0.36882758620689654
dim64-xcov0p05-fold2-seed913,64,0.05,2,913,75,parun-v1-501b16701da03fe1efb1cbad88338fe9786d3cdd5b2e93edefe1cdf766f4d02f,ebead9009ee83816f5ac1ad5ca37e0cb8e7950fa,9654a265840ef7d8b1fb47e67bbb76458965a62afd55c36c11a398c91dfc98a6,canine_cutaneous_scc_dinov2_paired_acquisition,5db383771614a9018a72d57ba8dd45c8f89adb4cb665103133aa8188496e3e80,6d6c2bc39de24244e414816dd4386fd0a61c94fc2e7d66f6e88aef61f66e1f3e,1b7e89fba89f7566ae185fc800936c590fe515220ab53f006ebc3133b8da59fc,0.3503448275862069,0.3464442738410468,0.4248938098938099,0.3566567646490179,0.43237646914450867,0.9572413793103448,0.8904827586206897,0.7402758620689656,0.8537931034482759,0.854187448971952,0.39698264698264696,0.2992195103331848,0.35731594516163506,0.5558620689655173,0.43917241379310346,0.37089655172413794
dim64-xcov0p05-fold2-seed914,64,0.05,2,914,75,parun-v1-44424919b843dc348f05efb2a6b1766c61001d23b4f0e2384d8aa43daebebf27,ebead9009ee83816f5ac1ad5ca37e0cb8e7950fa,9654a265840ef7d8b1fb47e67bbb76458965a62afd55c36c11a398c91dfc98a6,canine_cutaneous_scc_dinov2_paired_acquisition,5db383771614a9018a72d57ba8dd45c8f89adb4cb665103133aa8188496e3e80,6d6c2bc39de24244e414816dd4386fd0a61c94fc2e7d66f6e88aef61f66e1f3e,c789db08d9ef36d74d4c6c3b9858511f08661765bac3ee799dc3a9982143160a,0.3489655172413793,0.3462203067156219,0.4793110593110593,0.4118707770048715,0.4738851708812254,0.9544827586206897,0.8976551724137931,0.7475862068965518,0.8620689655172413,0.8623563213848771,0.45495596995596993,0.33711226961655794,0.37749618975459037,0.5241379310344828,0.4361379310344828,0.3798620689655172
dim64-xcov0p05-fold2-seed915,64,0.05,2,915,75,parun-v1-36cffa9eca81261805dbf3dc862086dfd4bcf44e20f4e7ac223ccd15c5b57092,ebead9009ee83816f5ac1ad5ca37e0cb8e7950fa,9654a265840ef7d8b1fb47e67bbb76458965a62afd55c36c11a398c91dfc98a6,canine_cutaneous_scc_dinov2_paired_acquisition,5db383771614a9018a72d57ba8dd45c8f89adb4cb665103133aa8188496e3e80,6d6c2bc39de24244e414816dd4386fd0a61c94fc2e7d66f6e88aef61f66e1f3e,d336a73f85511cd34eb983aaf5e39f7ab3033271a7da72741e3648c4fe632bcc,0.3820689655172414,0.37898332154899295,0.4795843045843046,0.4086376405439948,0.48496858482848526,0.9558620689655173,0.8888275862068965,0.7375172413793103,0.8606896551724139,0.860116530629897,0.42667443667443666,0.38526839770455257,0.3936019453578255,0.543448275862069,0.42482758620689653,0.36386206896551726
dim64-xcov0p05-fold3-seed911,64,0.05,3,911,75,parun-v1-f1830e1b889d88c5a9bdcef1ceac868034727e9d24102fe54d52cbe870b3251b,ebead9009ee83816f5ac1ad5ca37e0cb8e7950fa,9654a265840ef7d8b1fb47e67bbb76458965a62afd55c36c11a398c91dfc98a6,canine_cutaneous_scc_dinov2_paired_acquisition,5db383771614a9018a72d57ba8dd45c8f89adb4cb665103133aa8188496e3e80,3396e0fb34d92af27dbd982bd5cea16fbeae7cc3b4d3bb64ee9f04ca959cdaf7,788b680ccd19af1a5078a29468ccedec71924988f53e9d5a9bcec65b838a6f75,0.35641025641025637,0.3484763375409409,0.44057807750192923,0.36556583386678615,0.38254377435301656,0.9923076923076923,0.9256410256410257,0.7928205128205128,0.8794871794871796,0.8798098683562131,0.35319613385689136,0.2382790085934137,0.28496317643225344,0.6128205128205129,0.5330769230769231,0.49564102564102563
dim64-xcov0p05-fold3-seed912,64,0.05,3,912,75,parun-v1-08b94a82f5fab90c3984955ade766fbcfeee45fc3ab40bc72dabc2218240d4c4,ebead9009ee83816f5ac1ad5ca37e0cb8e7950fa,9654a265840ef7d8b1fb47e67bbb76458965a62afd55c36c11a398c91dfc98a6,canine_cutaneous_scc_dinov2_paired_acquisition,5db383771614a9018a72d57ba8dd45c8f89adb4cb665103133aa8188496e3e80,3396e0fb34d92af27dbd982bd5cea16fbeae7cc3b4d3bb64ee9f04ca959cdaf7,9143cda1072e3664a49e6e3b2d1d8494f0763cee9176381e29119d33155f8fac,0.34102564102564104,0.3339969951722926,0.4575381263616558,0.40358657586199764,0.47729492694245496,0.9948717948717949,0.9241025641025641,0.7973076923076923,0.8935897435897436,0.8935571800053609,0.38370219016069135,0.25740453989528617,0.3349624594097123,0.6256410256410256,0.5417948717948718,0.5051282051282051
dim64-xcov0p05-fold3-seed913,64,0.05,3,913,75,parun-v1-8f4d7ee4ed7bc93aa01e903fd4d361252e6705068b3a1759987202713bc432c8,ebead9009ee83816f5ac1ad5ca37e0cb8e7950fa,9654a265840ef7d8b1fb47e67bbb76458965a62afd55c36c11a398c91dfc98a6,canine_cutaneous_scc_dinov2_paired_acquisition,5db383771614a9018a72d57ba8dd45c8f89adb4cb665103133aa8188496e3e80,3396e0fb34d92af27dbd982bd5cea16fbeae7cc3b4d3bb64ee9f04ca959cdaf7,47c382edc2395527f2c22f60c32f9c18fc1f027496589778ff6018dd434a35ba,0.3679487179487179,0.35888154711034803,0.40862101309321286,0.3533001467872141,0.418067671129996,0.9961538461538462,0.9235897435897436,0.7874358974358975,0.8756410256410255,0.8761311065428499,0.36592994427603615,0.285448299031154,0.2977801606089067,0.6384615384615384,0.5628205128205128,0.5207692307692308
dim64-xcov0p05-fold3-seed914,64,0.05,3,914,75,parun-v1-279e9926ff9bea1c65b5a785608b04963f1c7f2968858119f2461ed4486ad5ad,ebead9009ee83816f5ac1ad5ca37e0cb8e7950fa,9654a265840ef7d8b1fb47e67bbb76458965a62afd55c36c11a398c91dfc98a6,canine_cutaneous_scc_dinov2_paired_acquisition,5db383771614a9018a72d57ba8dd45c8f89adb4cb665103133aa8188496e3e80,3396e0fb34d92af27dbd982bd5cea16fbeae7cc3b4d3bb64ee9f04ca959cdaf7,d78a282b3884d291121ce06532ba18e7f669118925ae184dacc36cd7c6b6b431,0.358974358974359,0.3537520801591197,0.4098422824228625,0.31590718932218514,0.46440888537170166,0.9948717948717949,0.9156410256410257,0.7732051282051282,0.8884615384615385,0.8887096358247722,0.3937865328779913,0.26934841533820303,0.34468920118221186,0.6474358974358975,0.5551282051282052,0.5160256410256411
dim64-xcov0p05-fold3-seed915,64,0.05,3,915,75,parun-v1-f6c43151addcefe67fcde2198eb4976fc713ef276a58086d256672eb6a132861,ebead9009ee83816f5ac1ad5ca37e0cb8e7950fa,9654a265840ef7d8b1fb47e67bbb76458965a62afd55c36c11a398c91dfc98a6,canine_cutaneous_scc_dinov2_paired_acquisition,5db383771614a9018a72d57ba8dd45c8f89adb4cb665103133aa8188496e3e80,3396e0fb34d92af27dbd982bd5cea16fbeae7cc3b4d3bb64ee9f04ca959cdaf7,eb78143a1b9c18c92198ec81bb92c912e3219330c6e15c3b8beac6d2a6cc0cc4,0.32948717948717954,0.3297231098572561,0.40692918110927784,0.30200440913551735,0.39413537225904705,0.9948717948717949,0.9225641025641026,0.7903846153846154,0.8833333333333334,0.8838207508749928,0.40309517414271645,0.2765989363858659,0.31535020807474096,0.6076923076923076,0.5423076923076923,0.5143589743589744
dim64-xcov0p05-fold4-seed911,64,0.05,4,911,75,parun-v1-a2c3e0377b7bbae2560a4a6eafa8631e38539c490f1990149b484426ebd0870e,ebead9009ee83816f5ac1ad5ca37e0cb8e7950fa,9654a265840ef7d8b1fb47e67bbb76458965a62afd55c36c11a398c91dfc98a6,canine_cutaneous_scc_dinov2_paired_acquisition,5db383771614a9018a72d57ba8dd45c8f89adb4cb665103133aa8188496e3e80,a382ed29bc8bd74178282183fcbb9d2a3f66665391a4be234acdb6f3eac995f6,6acf6c0707388b5254a70464d25d2a7986f98adff8089ea2d85596136ef93103,0.3742690058479532,0.3728949560825716,0.37071050448420706,0.35188442940439113,0.4525461085994073,0.9637426900584796,0.887953216374269,0.747953216374269,0.887719298245614,0.8872680649131593,0.32965334357962267,0.29404003978480164,0.39151070632203994,0.5415204678362573,0.42175438596491227,0.3760233918128655
dim64-xcov0p05-fold4-seed912,64,0.05,4,912,75,parun-v1-72a6fadbf8e9d6b5dbca97a60ea9b2a5fb28e4f806d8ce9be681acdf4ad389e7,ebead9009ee83816f5ac1ad5ca37e0cb8e7950fa,9654a265840ef7d8b1fb47e67bbb76458965a62afd55c36c11a398c91dfc98a6,canine_cutaneous_scc_dinov2_paired_acquisition,5db383771614a9018a72d57ba8dd45c8f89adb4cb665103133aa8188496e3e80,a382ed29bc8bd74178282183fcbb9d2a3f66665391a4be234acdb6f3eac995f6,7977eb2ed6639764823c063e8735c9fa703f2f3f8617fd7b6fbccd2612df7bc9,0.34269005847953216,0.3395207000921137,0.3441509581153813,0.33195071908767104,0.443125940732353,0.9637426900584796,0.8891228070175439,0.7457309941520468,0.8994152046783626,0.8989818876488329,0.33441775169631394,0.27825811933097894,0.3615043115882539,0.5660818713450292,0.4264327485380117,0.37415204678362574
dim64-xcov0p05-fold4-seed913,64,0.05,4,913,75,parun-v1-87308b851ee1d0fa055a6226b07ecadcfde14a222b51bafcb088a508cdbc3560,ebead9009ee83816f5ac1ad5ca37e0cb8e7950fa,9654a265840ef7d8b1fb47e67bbb76458965a62afd55c36c11a398c91dfc98a6,canine_cutaneous_scc_dinov2_paired_acquisition,5db383771614a9018a72d57ba8dd45c8f89adb4cb665103133aa8188496e3e80,a382ed29bc8bd74178282183fcbb9d2a3f66665391a4be234acdb6f3eac995f6,5724c813f9aa4839eeef8ab813c481c6c84936ff9e5378f71882e7e12444a99c,0.4140350877192982,0.40669554983998263,0.3541555864108587,0.323893728622804,0.4262889937275877,0.960233918128655,0.8816374269005848,0.7421052631578947,0.8970760233918128,0.8970951620824443,0.28772433988571894,0.2340860439620724,0.29707939465067124,0.5473684210526316,0.4177777777777778,0.35883040935672517
dim64-xcov0p05-fold4-seed914,64,0.05,4,914,75,parun-v1-23f7862a08a2d941eef079a6620eb03378016783b57ac1803c1da0b2711bda5d,ebead9009ee83816f5ac1ad5ca37e0cb8e7950fa,9654a265840ef7d8b1fb47e67bbb76458965a62afd55c36c11a398c91dfc98a6,canine_cutaneous_scc_dinov2_paired_acquisition,5db383771614a9018a72d57ba8dd45c8f89adb4cb665103133aa8188496e3e80,a382ed29bc8bd74178282183fcbb9d2a3f66665391a4be234acdb6f3eac995f6,af2713044289b4bbd93440be52ac3568d0b7a4e8368c4b4de8135d354555337e,0.3695906432748538,0.36612503331142415,0.36489365108473854,0.3349601873544154,0.4526727332482893,0.960233918128655,0.8905263157894737,0.7497076023391813,0.8912280701754385,0.8911406345434483,0.3654330483584105,0.28670292313828755,0.365793528604025,0.5485380116959064,0.4266666666666667,0.3778947368421053
dim64-xcov0p05-fold4-seed915,64,0.05,4,915,75,parun-v1-24ec12c23347f27870638137bdaa663c405e2a3399e915b2b2978bad51f71616,ebead9009ee83816f5ac1ad5ca37e0cb8e7950fa,9654a265840ef7d8b1fb47e67bbb76458965a62afd55c36c11a398c91dfc98a6,canine_cutaneous_scc_dinov2_paired_acquisition,5db383771614a9018a72d57ba8dd45c8f89adb4cb665103133aa8188496e3e80,a382ed29bc8bd74178282183fcbb9d2a3f66665391a4be234acdb6f3eac995f6,4a302cb0ad7d6b0713adcb835cee85cbc0eb1cae062a3aa7d7ef4e919c062b4e,0.3578947368421052,0.35755161419076587,0.35056792969648276,0.33107959385699426,0.4128925305099764,0.9672514619883041,0.887953216374269,0.7357894736842105,0.8959064327485379,0.8958747914679532,0.25721367297453857,0.22034492281588003,0.31008544166014357,0.5649122807017544,0.43157894736842106,0.37894736842105264
dim64-xcov0p2-fold0-seed911,64,0.2,0,911,75,parun-v1-34db2a567d0dc65174aacda3d715df5ba117569057a4d506f5c6a21dd831161e,ebead9009ee83816f5ac1ad5ca37e0cb8e7950fa,9654a265840ef7d8b1fb47e67bbb76458965a62afd55c36c11a398c91dfc98a6,canine_cutaneous_scc_dinov2_paired_acquisition,5db383771614a9018a72d57ba8dd45c8f89adb4cb665103133aa8188496e3e80,19306704f6dc919790d13d0f77bfe2b6975b0fbf34388553f0a31aced97a7081,d569107cee1d5c33dc8acb011b678be13c8287cdff20ecd0d74c69622c527681,0.33611111111111114,0.3275838198019215,0.34582574754496304,0.2954976984100551,0.3180240210022683,0.9625,0.8761111111111111,0.7240277777777778,0.8444444444444444,0.8441390819024654,0.29550252399867594,0.21407245677152018,0.23289157913648545,0.55,0.46194444444444444,0.40625
dim64-xcov0p2-fold0-seed912,64,0.2,0,912,75,parun-v1-f474fd1faa81f604ab4bd1b1ab7caa21198fb488da9f2149a765c55f2c14de4e,ebead9009ee83816f5ac1ad5ca37e0cb8e7950fa,9654a265840ef7d8b1fb47e67bbb76458965a62afd55c36c11a398c91dfc98a6,canine_cutaneous_scc_dinov2_paired_acquisition,5db383771614a9018a72d57ba8dd45c8f89adb4cb665103133aa8188496e3e80,19306704f6dc919790d13d0f77bfe2b6975b0fbf34388553f0a31aced97a7081,fa4685584229e9ec5493f5f4b7f8bb9add4374fa9aeae6e2719792c727a859b7,0.35000000000000003,0.34510856346992974,0.3086587406671815,0.25978482749395226,0.28344516355748584,0.9583333333333334,0.8825,0.71625,0.8236111111111111,0.8233030114219654,0.28038972562433334,0.23248134308549936,0.2210101844450934,0.5361111111111111,0.4738888888888889,0.4226388888888889
dim64-xcov0p2-fold0-seed913,64,0.2,0,913,75,parun-v1-1cc82da8855be2b5b474d784c3df6c2b0fda400e33703b51adbc7e62222400f9,ebead9009ee83816f5ac1ad5ca37e0cb8e7950fa,9654a265840ef7d8b1fb47e67bbb76458965a62afd55c36c11a398c91dfc98a6,canine_cutaneous_scc_dinov2_paired_acquisition,5db383771614a9018a72d57ba8dd45c8f89adb4cb665103133aa8188496e3e80,19306704f6dc919790d13d0f77bfe2b6975b0fbf34388553f0a31aced97a7081,aaf93a6fcf6e2a9d2a9fde816f911dde3574a64434ebab8795e3d83dc62e9153,0.35138888888888886,0.3456869497720819,0.33144571333995365,0.27687123213812953,0.2974095478046409,0.9611111111111111,0.8786111111111111,0.7315277777777778,0.8319444444444445,0.8308586444668296,0.23702483081393208,0.15941964152511404,0.17778293438259074,0.5291666666666667,0.46194444444444444,0.4116666666666667
dim64-xcov0p2-fold0-seed914,64,0.2,0,914,75,parun-v1-f47c9a8fc35a74066b6afb69549135ebbc312e60a55de31aeaa51cb2f0b13f57,ebead9009ee83816f5ac1ad5ca37e0cb8e7950fa,9654a265840ef7d8b1fb47e67bbb76458965a62afd55c36c11a398c91dfc98a6,canine_cutaneous_scc_dinov2_paired_acquisition,5db383771614a9018a72d57ba8dd45c8f89adb4cb665103133aa8188496e3e80,19306704f6dc919790d13d0f77bfe2b6975b0fbf34388553f0a31aced97a7081,471e2cdd2fc6bef98846edeb5ba50f18c4f8656d7f52de795c18ce01d5c0e27c,0.375,0.3673972168985106,0.3413743839420354,0.2512532920679513,0.30637407648665144,0.9569444444444445,0.8705555555555555,0.7075,0.8319444444444445,0.8313014109041272,0.2822332790834529,0.18668587519832291,0.18491466772099632,0.5652777777777778,0.4802777777777778,0.42236111111111113
dim64-xcov0p2-fold0-seed915,64,0.2,0,915,75,parun-v1-f7d176dee67fdb43f055469f837a6604a4edb1fe3cedf796504a130c38553fba,ebead9009ee83816f5ac1ad5ca37e0cb8e7950fa,9654a265840ef7d8b1fb47e67bbb76458965a62afd55c36c11a398c91dfc98a6,canine_cutaneous_scc_dinov2_paired_acquisition,5db383771614a9018a72d57ba8dd45c8f89adb4cb665103133aa8188496e3e80,19306704f6dc919790d13d0f77bfe2b6975b0fbf34388553f0a31aced97a7081,69e1fa8bfef235e1dcf46339bf46496ef60dc50aa1033dbc9113bcc9dcb09f09,0.36527777777777776,0.3506374621800942,0.2999130622678289,0.22011278984855462,0.2701746968746309,0.9569444444444445,0.8819444444444444,0.7218055555555556,0.8222222222222222,0.8222454608009999,0.2785692283644121,0.17857974513340627,0.18010525684688367,0.5375,0.4747222222222222,0.41305555555555556
dim64-xcov0p2-fold1-seed911,64,0.2,1,911,75,parun-v1-97006b5ea0a58b15c10fce2cdf0be7590f735d247d1d31847e6f6d2ac39f95e0,ebead9009ee83816f5ac1ad5ca37e0cb8e7950fa,9654a265840ef7d8b1fb47e67bbb76458965a62afd55c36c11a398c91dfc98a6,canine_cutaneous_scc_dinov2_paired_acquisition,5db383771614a9018a72d57ba8dd45c8f89adb4cb665103133aa8188496e3e80,96501c9be1258f74c119d9f88a61c6945cf51f8c56ab53147b6c0b10792b3212,4b71f8ec363b6ac63db9f82872fa5c7ab5807a34e9ec5b0b43d6868e5fdbb9c2,0.3555555555555555,0.3507108424986921,0.30697455968688847,0.2658738210154707,0.40918054007576976,0.9925925925925926,0.9056084656084656,0.7623280423280423,0.8507936507936508,0.8505984851508984,0.2379621656881931,0.20067772035144404,0.29585935729098556,0.546031746031746,0.44634920634920633,0.3871957671957672
dim64-xcov0p2-fold1-seed912,64,0.2,1,912,75,parun-v1-55aca02a35a0c5133358b48e595d9d08bc0cd60e5d55987c6f4cf9906d38500f,ebead9009ee83816f5ac1ad5ca37e0cb8e7950fa,9654a265840ef7d8b1fb47e67bbb76458965a62afd55c36c11a398c91dfc98a6,canine_cutaneous_scc_dinov2_paired_acquisition,5db383771614a9018a72d57ba8dd45c8f89adb4cb665103133aa8188496e3e80,96501c9be1258f74c119d9f88a61c6945cf51f8c56ab53147b6c0b10792b3212,f8c616da5b2df50729c7df94506e219d3178fc5210df108a9bd19fdc705bc64c,0.34708994708994706,0.34545261855859455,0.36238834529245484,0.363925104454476,0.4585578162671732,0.9894179894179894,0.9079365079365079,0.7611640211640212,0.8571428571428571,0.8567192000574633,0.2349341161121983,0.20453101468378782,0.2985666971325595,0.5216931216931217,0.42455026455026457,0.37915343915343913
dim64-xcov0p2-fold1-seed913,64,0.2,1,913,75,parun-v1-17b76d39e0e24d7c664d43d3884bf50232d33a1985923b13c20842d0be2b15cf,ebead9009ee83816f5ac1ad5ca37e0cb8e7950fa,9654a265840ef7d8b1fb47e67bbb76458965a62afd55c36c11a398c91dfc98a6,canine_cutaneous_scc_dinov2_paired_acquisition,5db383771614a9018a72d57ba8dd45c8f89adb4cb665103133aa8188496e3e80,96501c9be1258f74c119d9f88a61c6945cf51f8c56ab53147b6c0b10792b3212,15982657a25be52fa73802a18ef4fdcdff3af4a7333ae1226cea85949040fe89,0.3841269841269841,0.3832734221970678,0.3850289193302892,0.3865606270302897,0.4665063093027723,0.9925925925925926,0.908994708994709,0.7593650793650794,0.8603174603174603,0.8597880965792972,0.2419343335507719,0.1968095287302802,0.26280565531748407,0.5502645502645502,0.42603174603174604,0.37312169312169313
dim64-xcov0p2-fold1-seed914,64,0.2,1,914,75,parun-v1-78c1878a4fe2d5786645445ea8b516696c2e3fba304a4cc818b0badf88f1362a,ebead9009ee83816f5ac1ad5ca37e0cb8e7950fa,9654a265840ef7d8b1fb47e67bbb76458965a62afd55c36c11a398c91dfc98a6,canine_cutaneous_scc_dinov2_paired_acquisition,5db383771614a9018a72d57ba8dd45c8f89adb4cb665103133aa8188496e3e80,96501c9be1258f74c119d9f88a61c6945cf51f8c56ab53147b6c0b10792b3212,b6d68ca618d55dba9f14a3abab5eab20c9dd642686516063f1b5e92b03aa852a,0.3936507936507936,0.38836056398090896,0.39688367036312244,0.40489388503708484,0.516148313936393,0.9915343915343915,0.9075132275132275,0.7587301587301587,0.8433862433862434,0.8433431474112872,0.26975255490323985,0.223577398083558,0.3038580888059348,0.5502645502645502,0.4336507936507937,0.373015873015873
dim64-xcov0p2-fold1-seed915,64,0.2,1,915,75,parun-v1-f5b0eeeb0c10625a91a7b656ae1497455c3871bdff63afb37cd5e0b3ac5a2a37,ebead9009ee83816f5ac1ad5ca37e0cb8e7950fa,9654a265840ef7d8b1fb47e67bbb76458965a62afd55c36c11a398c91dfc98a6,canine_cutaneous_scc_dinov2_paired_acquisition,5db383771614a9018a72d57ba8dd45c8f89adb4cb665103133aa8188496e3e80,96501c9be1258f74c119d9f88a61c6945cf51f8c56ab53147b6c0b10792b3212,41209e4d02ee396812654aa1c5f410b4b06c2428fbd18ad896ed92231aa7e68d,0.38095238095238093,0.3809401356970311,0.39447401609045446,0.3886381508147884,0.4640745867330547,0.9883597883597883,0.9001058201058201,0.7522751322751323,0.8486772486772487,0.8483184544531273,0.2629976081756904,0.21137499838825677,0.3065874096951047,0.544973544973545,0.43047619047619046,0.3784126984126984
dim64-xcov0p2-fold2-seed911,64,0.2,2,911,75,parun-v1-0889666cac7b6a5358f96e0db13e265b3ec3bbfd29d321ca48b920377e080328,ebead9009ee83816f5ac1ad5ca37e0cb8e7950fa,9654a265840ef7d8b1fb47e67bbb76458965a62afd55c36c11a398c91dfc98a6,canine_cutaneous_scc_dinov2_paired_acquisition,5db383771614a9018a72d57ba8dd45c8f89adb4cb665103133aa8188496e3e80,6d6c2bc39de24244e414816dd4386fd0a61c94fc2e7d66f6e88aef61f66e1f3e,93e99ccaaa2200a6a9d2e8fd3c1050764304a1915e0fa320a1ab37f96adf9f57,0.3406896551724138,0.3379717828156182,0.4563416213416214,0.38293530665412784,0.4714613134079427,0.9586206896551724,0.8995862068965518,0.7513103448275862,0.8593103448275862,0.8592967047933902,0.3832646982646983,0.2815281486091041,0.3195292175374036,0.5006896551724138,0.40606896551724136,0.34386206896551724
dim64-xcov0p2-fold2-seed912,64,0.2,2,912,75,parun-v1-f93665553f711b283c014eabc557681594a0d3a7dd8a2c0d37d14ba50d25dd18,ebead9009ee83816f5ac1ad5ca37e0cb8e7950fa,9654a265840ef7d8b1fb47e67bbb76458965a62afd55c36c11a398c91dfc98a6,canine_cutaneous_scc_dinov2_paired_acquisition,5db383771614a9018a72d57ba8dd45c8f89adb4cb665103133aa8188496e3e80,6d6c2bc39de24244e414816dd4386fd0a61c94fc2e7d66f6e88aef61f66e1f3e,a8cc4504a50f85b3737249d3bd3e015b1f8d0a87d9b6a9d2a79b6f287630c7c9,0.3613793103448276,0.352965287787779,0.4545053095053095,0.39028053945471797,0.47361709348678044,0.9586206896551724,0.8907586206896552,0.7444137931034482,0.8758620689655171,0.8760245243355576,0.3474617974617975,0.25624239422203005,0.29432580091659205,0.5117241379310344,0.3870344827586207,0.33489655172413796
dim64-xcov0p2-fold2-seed913,64,0.2,2,913,75,parun-v1-31c7d27d067935e45b5bf13306afe78e8199de5f258da8eba2203c4cbab92aa8,ebead9009ee83816f5ac1ad5ca37e0cb8e7950fa,9654a265840ef7d8b1fb47e67bbb76458965a62afd55c36c11a398c91dfc98a6,canine_cutaneous_scc_dinov2_paired_acquisition,5db383771614a9018a72d57ba8dd45c8f89adb4cb665103133aa8188496e3e80,6d6c2bc39de24244e414816dd4386fd0a61c94fc2e7d66f6e88aef61f66e1f3e,1b7e89fba89f7566ae185fc800936c590fe515220ab53f006ebc3133b8da59fc,0.343448275862069,0.33817987055473486,0.43480056980056975,0.36520996071620043,0.44338483309963866,0.9544827586206897,0.8899310344827587,0.7379310344827587,0.8579310344827586,0.8581798579853215,0.3219230769230769,0.2414418918228635,0.28889591099268347,0.5393103448275862,0.3983448275862069,0.34027586206896554
dim64-xcov0p2-fold2-seed914,64,0.2,2,914,75,parun-v1-3a25bc60ec68258079df8ed4f312e9c61de63dfc5643c292afd16f85dfd01258,ebead9009ee83816f5ac1ad5ca37e0cb8e7950fa,9654a265840ef7d8b1fb47e67bbb76458965a62afd55c36c11a398c91dfc98a6,canine_cutaneous_scc_dinov2_paired_acquisition,5db383771614a9018a72d57ba8dd45c8f89adb4cb665103133aa8188496e3e80,6d6c2bc39de24244e414816dd4386fd0a61c94fc2e7d66f6e88aef61f66e1f3e,c789db08d9ef36d74d4c6c3b9858511f08661765bac3ee799dc3a9982143160a,0.3641379310344828,0.36132975551580204,0.4928774928774929,0.42013361857182746,0.4868733919390921,0.9558620689655173,0.896,0.7468965517241379,0.8593103448275862,0.8599344815781176,0.43810929810929816,0.30948508786470647,0.34050911281191976,0.49517241379310345,0.39117241379310347,0.34579310344827585
dim64-xcov0p2-fold2-seed915,64,0.2,2,915,75,parun-v1-68b7fc727e7743e04aaf718348b92f881db7cbef10f438e8c0fbc90e1bb42ce4,ebead9009ee83816f5ac1ad5ca37e0cb8e7950fa,9654a265840ef7d8b1fb47e67bbb76458965a62afd55c36c11a398c91dfc98a6,canine_cutaneous_scc_dinov2_paired_acquisition,5db383771614a9018a72d57ba8dd45c8f89adb4cb665103133aa8188496e3e80,6d6c2bc39de24244e414816dd4386fd0a61c94fc2e7d66f6e88aef61f66e1f3e,d336a73f85511cd34eb983aaf5e39f7ab3033271a7da72741e3648c4fe632bcc,0.3944827586206897,0.3929763594723395,0.46855866355866355,0.3997715223120038,0.48311013818128185,0.9572413793103448,0.8871724137931034,0.7379310344827587,0.8551724137931034,0.8553193019644464,0.3687037037037037,0.31336224202043556,0.30639408934394785,0.5241379310344828,0.39475862068965517,0.3376551724137931
dim64-xcov0p2-fold3-seed911,64,0.2,3,911,75,parun-v1-d00e1000516aef856936b9cca06167372e31ad27a2702bb2206e0994406a0093,ebead9009ee83816f5ac1ad5ca37e0cb8e7950fa,9654a265840ef7d8b1fb47e67bbb76458965a62afd55c36c11a398c91dfc98a6,canine_cutaneous_scc_dinov2_paired_acquisition,5db383771614a9018a72d57ba8dd45c8f89adb4cb665103133aa8188496e3e80,3396e0fb34d92af27dbd982bd5cea16fbeae7cc3b4d3bb64ee9f04ca959cdaf7,788b680ccd19af1a5078a29468ccedec71924988f53e9d5a9bcec65b838a6f75,0.3666666666666667,0.35692054663102396,0.44053193575756033,0.364827159520321,0.38644515777079136,0.9935897435897436,0.9258974358974359,0.7976923076923077,0.885897435897436,0.8860271381496128,0.2712306490328247,0.17743479531121048,0.2121499669429827,0.5794871794871795,0.5007692307692307,0.46794871794871795
dim64-xcov0p2-fold3-seed912,64,0.2,3,912,75,parun-v1-59e68e3340e7b60b993acaeb5ae84cf54c881e2c31c777eabac1cff6b7d65f5b,ebead9009ee83816f5ac1ad5ca37e0cb8e7950fa,9654a265840ef7d8b1fb47e67bbb76458965a62afd55c36c11a398c91dfc98a6,canine_cutaneous_scc_dinov2_paired_acquisition,5db383771614a9018a72d57ba8dd45c8f89adb4cb665103133aa8188496e3e80,3396e0fb34d92af27dbd982bd5cea16fbeae7cc3b4d3bb64ee9f04ca959cdaf7,9143cda1072e3664a49e6e3b2d1d8494f0763cee9176381e29119d33155f8fac,0.3641025641025641,0.35932926710431,0.43785679111827386,0.38968596504422415,0.4740687549520884,0.9948717948717949,0.9235897435897436,0.7974358974358975,0.8961538461538462,0.8961725363969177,0.31692465113899443,0.2074764385771299,0.2687645972479702,0.5858974358974359,0.5117948717948718,0.4782051282051282
dim64-xcov0p2-fold3-seed913,64,0.2,3,913,75,parun-v1-6db04274bed9a1faef33e2125c13911cbcb2e0ccb4c1d4000a1990b898e4f76f,ebead9009ee83816f5ac1ad5ca37e0cb8e7950fa,9654a265840ef7d8b1fb47e67bbb76458965a62afd55c36c11a398c91dfc98a6,canine_cutaneous_scc_dinov2_paired_acquisition,5db383771614a9018a72d57ba8dd45c8f89adb4cb665103133aa8188496e3e80,3396e0fb34d92af27dbd982bd5cea16fbeae7cc3b4d3bb64ee9f04ca959cdaf7,47c382edc2395527f2c22f60c32f9c18fc1f027496589778ff6018dd434a35ba,0.3935897435897436,0.385679141570539,0.40357090629250175,0.34450354448425746,0.41065704127379477,0.9961538461538462,0.9235897435897436,0.7866666666666666,0.8794871794871796,0.8800384284230569,0.32524277443092914,0.20979706818625596,0.2620716597126721,0.5987179487179487,0.5294871794871795,0.49346153846153845
dim64-xcov0p2-fold3-seed914,64,0.2,3,914,75,parun-v1-eb268e55c7bfd4bb11e09dd480c55cc61ee72052e24c30b3308f45dadad36b25,ebead9009ee83816f5ac1ad5ca37e0cb8e7950fa,9654a265840ef7d8b1fb47e67bbb76458965a62afd55c36c11a398c91dfc98a6,canine_cutaneous_scc_dinov2_paired_acquisition,5db383771614a9018a72d57ba8dd45c8f89adb4cb665103133aa8188496e3e80,3396e0fb34d92af27dbd982bd5cea16fbeae7cc3b4d3bb64ee9f04ca959cdaf7,d78a282b3884d291121ce06532ba18e7f669118925ae184dacc36cd7c6b6b431,0.36025641025641025,0.35445100769162563,0.4181606402073767,0.37420066672942154,0.46594997508127495,0.9923076923076923,0.9184615384615384,0.7788461538461539,0.8910256410256411,0.8913679952173503,0.3631685809788146,0.24366139658117972,0.2971019537618306,0.5961538461538461,0.5215384615384615,0.48307692307692307
dim64-xcov0p2-fold3-seed915,64,0.2,3,915,75,parun-v1-642a3da450c07c71677f7e75b3a631f1e50ed7bffbe67d57843624187c02a344,ebead9009ee83816f5ac1ad5ca37e0cb8e7950fa,9654a265840ef7d8b1fb47e67bbb76458965a62afd55c36c11a398c91dfc98a6,canine_cutaneous_scc_dinov2_paired_acquisition,5db383771614a9018a72d57ba8dd45c8f89adb4cb665103133aa8188496e3e80,3396e0fb34d92af27dbd982bd5cea16fbeae7cc3b4d3bb64ee9f04ca959cdaf7,eb78143a1b9c18c92198ec81bb92c912e3219330c6e15c3b8beac6d2a6cc0cc4,0.3679487179487179,0.3680599055782702,0.4112105785997809,0.30212439678025366,0.3920275368554125,0.9948717948717949,0.9217948717948717,0.7911538461538462,0.8897435897435898,0.8901741367387996,0.3331652021539209,0.23343355551157047,0.28026966297491807,0.5884615384615385,0.5151282051282051,0.48833333333333334
dim64-xcov0p2-fold4-seed911,64,0.2,4,911,75,parun-v1-c805be1a8327924af1f70e5e0e945335f6cd5c8b5575ada21f8dbfe3fab83c66,ebead9009ee83816f5ac1ad5ca37e0cb8e7950fa,9654a265840ef7d8b1fb47e67bbb76458965a62afd55c36c11a398c91dfc98a6,canine_cutaneous_scc_dinov2_paired_acquisition,5db383771614a9018a72d57ba8dd45c8f89adb4cb665103133aa8188496e3e80,a382ed29bc8bd74178282183fcbb9d2a3f66665391a4be234acdb6f3eac995f6,6acf6c0707388b5254a70464d25d2a7986f98adff8089ea2d85596136ef93103,0.39181286549707606,0.3895758503276007,0.36014371585176647,0.3357572481013302,0.43295322787719664,0.9637426900584796,0.8893567251461988,0.7478362573099415,0.888888888888889,0.8886155877366507,0.2791174451808965,0.2478888126245713,0.3301837326630496,0.4865497076023392,0.38900584795321635,0.3457309941520468
dim64-xcov0p2-fold4-seed912,64,0.2,4,912,75,parun-v1-b37c92ae828876b37fc2d3cc6cfd70c54929c952ab89a44d2b4cf61f22c64e76,ebead9009ee83816f5ac1ad5ca37e0cb8e7950fa,9654a265840ef7d8b1fb47e67bbb76458965a62afd55c36c11a398c91dfc98a6,canine_cutaneous_scc_dinov2_paired_acquisition,5db383771614a9018a72d57ba8dd45c8f89adb4cb665103133aa8188496e3e80,a382ed29bc8bd74178282183fcbb9d2a3f66665391a4be234acdb6f3eac995f6,7977eb2ed6639764823c063e8735c9fa703f2f3f8617fd7b6fbccd2612df7bc9,0.36257309941520466,0.35849756456103476,0.353660795426429,0.3347462061873883,0.4384060557683851,0.9649122807017544,0.888421052631579,0.7485380116959064,0.8947368421052632,0.8944705740924036,0.26928218339111426,0.23712575526613744,0.3122296213933058,0.5309941520467836,0.38456140350877194,0.34152046783625734
dim64-xcov0p2-fold4-seed913,64,0.2,4,913,75,parun-v1-20de7e88a38a0382b47ac15a329b1e882c5dc42477586d4ac9282767b8fff6a8,ebead9009ee83816f5ac1ad5ca37e0cb8e7950fa,9654a265840ef7d8b1fb47e67bbb76458965a62afd55c36c11a398c91dfc98a6,canine_cutaneous_scc_dinov2_paired_acquisition,5db383771614a9018a72d57ba8dd45c8f89adb4cb665103133aa8188496e3e80,a382ed29bc8bd74178282183fcbb9d2a3f66665391a4be234acdb6f3eac995f6,5724c813f9aa4839eeef8ab813c481c6c84936ff9e5378f71882e7e12444a99c,0.4128654970760234,0.4035606405803159,0.34846648561007626,0.3174501096229541,0.4222030308448102,0.9590643274853801,0.8823391812865498,0.7432748538011696,0.8947368421052632,0.8946571709733311,0.250000716075904,0.20399682017351767,0.2567475114522105,0.49005847953216375,0.37777777777777777,0.32818713450292397
dim64-xcov0p2-fold4-seed914,64,0.2,4,914,75,parun-v1-9b9ababad6f60baff4f906f9028c2391fdbbc34924ece9e9b4342331522dd764,ebead9009ee83816f5ac1ad5ca37e0cb8e7950fa,9654a265840ef7d8b1fb47e67bbb76458965a62afd55c36c11a398c91dfc98a6,canine_cutaneous_scc_dinov2_paired_acquisition,5db383771614a9018a72d57ba8dd45c8f89adb4cb665103133aa8188496e3e80,a382ed29bc8bd74178282183fcbb9d2a3f66665391a4be234acdb6f3eac995f6,af2713044289b4bbd93440be52ac3568d0b7a4e8368c4b4de8135d354555337e,0.36491228070175435,0.36224807907774637,0.3574808333260561,0.32957913230719527,0.4546810737198227,0.9625730994152046,0.8900584795321638,0.7507602339181286,0.8842105263157893,0.884179747750817,0.3411806170478461,0.2648832092608638,0.3199561793008435,0.5087719298245614,0.3969590643274854,0.3433918128654971
dim64-xcov0p2-fold4-seed915,64,0.2,4,915,75,parun-v1-81d6f08248e97df1d1b8ee9fd7fd084403cfbfbb27728d5a189b1edc4f0f7aee,ebead9009ee83816f5ac1ad5ca37e0cb8e7950fa,9654a265840ef7d8b1fb47e67bbb76458965a62afd55c36c11a398c91dfc98a6,canine_cutaneous_scc_dinov2_paired_acquisition,5db383771614a9018a72d57ba8dd45c8f89adb4cb665103133aa8188496e3e80,a382ed29bc8bd74178282183fcbb9d2a3f66665391a4be234acdb6f3eac995f6,4a302cb0ad7d6b0713adcb835cee85cbc0eb1cae062a3aa7d7ef4e919c062b4e,0.37777777777777777,0.37461698139870186,0.35407107781067065,0.33505597750594945,0.41703614584307463,0.9672514619883041,0.8865497076023392,0.7392982456140351,0.8865497076023392,0.8865749621576967,0.2070540811960214,0.18240007069903338,0.2543852803907082,0.5321637426900585,0.39789473684210525,0.3490058479532164
dim8-xcov0-fold0-seed911,8,0.0,0,911,75,parun-v1-e0b98f7793f390544b11a54bfbb7320e22a8ca5215e9f200bba2f23ade258b03,ebead9009ee83816f5ac1ad5ca37e0cb8e7950fa,9654a265840ef7d8b1fb47e67bbb76458965a62afd55c36c11a398c91dfc98a6,canine_cutaneous_scc_dinov2_paired_acquisition,5db383771614a9018a72d57ba8dd45c8f89adb4cb665103133aa8188496e3e80,19306704f6dc919790d13d0f77bfe2b6975b0fbf34388553f0a31aced97a7081,d569107cee1d5c33dc8acb011b678be13c8287cdff20ecd0d74c69622c527681,0.36666666666666664,0.35643653576862677,0.3191685516201405,0.27467633511092276,0.29804333353577417,0.9597222222222223,0.8783333333333333,0.7156944444444444,0.8236111111111111,0.8234535674489505,0.21730888410754348,0.13795395831684662,0.13157714791467143,0.3333333333333333,0.33944444444444444,0.3161111111111111
dim8-xcov0-fold0-seed912,8,0.0,0,912,75,parun-v1-e2dae23c4a140c4baccfcdab57a982b6eda2f5c9b8f2bd16eb1e5468596cd37b,ebead9009ee83816f5ac1ad5ca37e0cb8e7950fa,9654a265840ef7d8b1fb47e67bbb76458965a62afd55c36c11a398c91dfc98a6,canine_cutaneous_scc_dinov2_paired_acquisition,5db383771614a9018a72d57ba8dd45c8f89adb4cb665103133aa8188496e3e80,19306704f6dc919790d13d0f77bfe2b6975b0fbf34388553f0a31aced97a7081,fa4685584229e9ec5493f5f4b7f8bb9add4374fa9aeae6e2719792c727a859b7,0.33055555555555555,0.32756997310703106,0.29036517525469857,0.24731125244922758,0.2648339793628533,0.9597222222222223,0.8761111111111111,0.7148611111111111,0.8291666666666666,0.8275149063751917,0.23541632185810438,0.15727767392443948,0.1475135566705619,0.3625,0.35444444444444445,0.3318055555555556
dim8-xcov0-fold0-seed913,8,0.0,0,913,75,parun-v1-c90919cb181de037dcf07b591968ee8a72563a21fde85493cc311f4176635e4d,ebead9009ee83816f5ac1ad5ca37e0cb8e7950fa,9654a265840ef7d8b1fb47e67bbb76458965a62afd55c36c11a398c91dfc98a6,canine_cutaneous_scc_dinov2_paired_acquisition,5db383771614a9018a72d57ba8dd45c8f89adb4cb665103133aa8188496e3e80,19306704f6dc919790d13d0f77bfe2b6975b0fbf34388553f0a31aced97a7081,aaf93a6fcf6e2a9d2a9fde816f911dde3574a64434ebab8795e3d83dc62e9153,0.33472222222222225,0.3293682280464353,0.2975033791239104,0.2260204686553262,0.2872243363092059,0.9569444444444445,0.8802777777777778,0.7301388888888889,0.8138888888888889,0.8130925104664908,0.21559741531501708,0.1563257685433362,0.16818811036047984,0.3736111111111111,0.35638888888888887,0.3338888888888889
dim8-xcov0-fold0-seed914,8,0.0,0,914,75,parun-v1-b412bbc0ea5245cccaa33087870a001a0afda8c1545def1cd0fbf061626c4613,ebead9009ee83816f5ac1ad5ca37e0cb8e7950fa,9654a265840ef7d8b1fb47e67bbb76458965a62afd55c36c11a398c91dfc98a6,canine_cutaneous_scc_dinov2_paired_acquisition,5db383771614a9018a72d57ba8dd45c8f89adb4cb665103133aa8188496e3e80,19306704f6dc919790d13d0f77bfe2b6975b0fbf34388553f0a31aced97a7081,471e2cdd2fc6bef98846edeb5ba50f18c4f8656d7f52de795c18ce01d5c0e27c,0.33472222222222225,0.32352410468025516,0.33414917337893996,0.25029996116285136,0.3059044113768211,0.9527777777777777,0.8702777777777778,0.7098611111111112,0.8180555555555555,0.8171367610269211,0.2885804231490676,0.1835204586220453,0.1552627958316611,0.3527777777777778,0.32722222222222225,0.315
dim8-xcov0-fold0-seed915,8,0.0,0,915,75,parun-v1-f561edd79f2932685698b1b45c7dabcf2df0f46040dbfdc9718618e10bcf5c76,ebead9009ee83816f5ac1ad5ca37e0cb8e7950fa,9654a265840ef7d8b1fb47e67bbb76458965a62afd55c36c11a398c91dfc98a6,canine_cutaneous_scc_dinov2_paired_acquisition,5db383771614a9018a72d57ba8dd45c8f89adb4cb665103133aa8188496e3e80,19306704f6dc919790d13d0f77bfe2b6975b0fbf34388553f0a31aced97a7081,69e1fa8bfef235e1dcf46339bf46496ef60dc50aa1033dbc9113bcc9dcb09f09,0.3638888888888889,0.3532548607479348,0.3114897338997389,0.2716446665171592,0.296859394630769,0.9513888888888888,0.8802777777777778,0.7144444444444444,0.7986111111111112,0.7968250838523004,0.2161324202802604,0.15730564645752323,0.158110129360987,0.34444444444444444,0.3236111111111111,0.31305555555555553
dim8-xcov0-fold1-seed911,8,0.0,1,911,75,parun-v1-98a1c6ad432a57465dfc090f3ac9a93b239234cb89ee8d7baf0e17e06d4caf2a,ebead9009ee83816f5ac1ad5ca37e0cb8e7950fa,9654a265840ef7d8b1fb47e67bbb76458965a62afd55c36c11a398c91dfc98a6,canine_cutaneous_scc_dinov2_paired_acquisition,5db383771614a9018a72d57ba8dd45c8f89adb4cb665103133aa8188496e3e80,96501c9be1258f74c119d9f88a61c6945cf51f8c56ab53147b6c0b10792b3212,4b71f8ec363b6ac63db9f82872fa5c7ab5807a34e9ec5b0b43d6868e5fdbb9c2,0.3925925925925926,0.3816712379943841,0.34677016742770167,0.3063296443051033,0.45525484898649166,0.9925925925925926,0.9064550264550264,0.7575661375661376,0.8455026455026454,0.8451541512725548,0.24553468145248966,0.18606695521848032,0.23020562960209828,0.37142857142857144,0.3197883597883598,0.29777777777777775
dim8-xcov0-fold1-seed912,8,0.0,1,912,75,parun-v1-623836705391503158474b82150f4bf6e2df565528fa21f1411f2756b0a1fa95,ebead9009ee83816f5ac1ad5ca37e0cb8e7950fa,9654a265840ef7d8b1fb47e67bbb76458965a62afd55c36c11a398c91dfc98a6,canine_cutaneous_scc_dinov2_paired_acquisition,5db383771614a9018a72d57ba8dd45c8f89adb4cb665103133aa8188496e3e80,96501c9be1258f74c119d9f88a61c6945cf51f8c56ab53147b6c0b10792b3212,f8c616da5b2df50729c7df94506e219d3178fc5210df108a9bd19fdc705bc64c,0.3915343915343915,0.38253273616514866,0.3596099151989563,0.3097300055447225,0.45136040247405335,0.9925925925925926,0.9094179894179895,0.7651851851851852,0.8486772486772486,0.847916948146942,0.20937116764514027,0.15607218004710846,0.19710705002134132,0.3523809523809524,0.32825396825396824,0.30772486772486773
dim8-xcov0-fold1-seed913,8,0.0,1,913,75,parun-v1-4284affeffe8c70f7856f9847ccfc3d2d192395cfc66a13f64b83e22b21a64c8,ebead9009ee83816f5ac1ad5ca37e0cb8e7950fa,9654a265840ef7d8b1fb47e67bbb76458965a62afd55c36c11a398c91dfc98a6,canine_cutaneous_scc_dinov2_paired_acquisition,5db383771614a9018a72d57ba8dd45c8f89adb4cb665103133aa8188496e3e80,96501c9be1258f74c119d9f88a61c6945cf51f8c56ab53147b6c0b10792b3212,15982657a25be52fa73802a18ef4fdcdff3af4a7333ae1226cea85949040fe89,0.3735449735449735,0.37222903169325805,0.3959347684279191,0.4001057272933816,0.4946850803758465,0.9894179894179894,0.9062433862433863,0.758095238095238,0.8328042328042328,0.8324077334147246,0.28462056968906285,0.18659571525417298,0.2499149083951913,0.40634920634920635,0.34793650793650793,0.3148148148148148
dim8-xcov0-fold1-seed914,8,0.0,1,914,75,parun-v1-8867ae1fb03af5ec3ebe447b1352b915ea4e2553992f5053162d31669de5180a,ebead9009ee83816f5ac1ad5ca37e0cb8e7950fa,9654a265840ef7d8b1fb47e67bbb76458965a62afd55c36c11a398c91dfc98a6,canine_cutaneous_scc_dinov2_paired_acquisition,5db383771614a9018a72d57ba8dd45c8f89adb4cb665103133aa8188496e3e80,96501c9be1258f74c119d9f88a61c6945cf51f8c56ab53147b6c0b10792b3212,b6d68ca618d55dba9f14a3abab5eab20c9dd642686516063f1b5e92b03aa852a,0.3851851851851852,0.37951935225424205,0.3460121765601218,0.35683092922717224,0.46530540684133875,0.9904761904761905,0.9053968253968254,0.764021164021164,0.8455026455026454,0.844597229404266,0.28496542726679713,0.18619972068020654,0.22386563958507724,0.344973544973545,0.3208465608465608,0.3046560846560847
dim8-xcov0-fold1-seed915,8,0.0,1,915,75,parun-v1-cb121ff5f1aef3c520535b61d5470ddc779761fa56bdd4290d78b7ad4f59d731,ebead9009ee83816f5ac1ad5ca37e0cb8e7950fa,9654a265840ef7d8b1fb47e67bbb76458965a62afd55c36c11a398c91dfc98a6,canine_cutaneous_scc_dinov2_paired_acquisition,5db383771614a9018a72d57ba8dd45c8f89adb4cb665103133aa8188496e3e80,96501c9be1258f74c119d9f88a61c6945cf51f8c56ab53147b6c0b10792b3212,41209e4d02ee396812654aa1c5f410b4b06c2428fbd18ad896ed92231aa7e68d,0.39788359788359784,0.3943009430395033,0.38268406175255487,0.32889368315755974,0.4713321077685148,0.9915343915343915,0.9039153439153439,0.7540740740740741,0.8433862433862434,0.8424181290386572,0.2662748423570341,0.15749066473480022,0.18446267005393288,0.3693121693121693,0.335026455026455,0.31164021164021166
dim8-xcov0-fold2-seed911,8,0.0,2,911,75,parun-v1-903201b79cb99a6e063d9fda8265f2748f722ad10490b8179908e162ce373fc7,ebead9009ee83816f5ac1ad5ca37e0cb8e7950fa,9654a265840ef7d8b1fb47e67bbb76458965a62afd55c36c11a398c91dfc98a6,canine_cutaneous_scc_dinov2_paired_acquisition,5db383771614a9018a72d57ba8dd45c8f89adb4cb665103133aa8188496e3e80,6d6c2bc39de24244e414816dd4386fd0a61c94fc2e7d66f6e88aef61f66e1f3e,93e99ccaaa2200a6a9d2e8fd3c1050764304a1915e0fa320a1ab37f96adf9f57,0.3586206896551724,0.35304201337513774,0.4607964257964258,0.3874054323057407,0.4826001102049408,0.9558620689655173,0.8990344827586206,0.7489655172413793,0.8579310344827586,0.8579123538217577,0.3979137529137529,0.2278492703929945,0.20021794807946622,0.32689655172413795,0.2926896551724138,0.27282758620689657
dim8-xcov0-fold2-seed912,8,0.0,2,912,75,parun-v1-d8c3d181e4782ba1c3d8c15ad22dfc8dfb4a7a60f3514da06fe4877b88c81744,ebead9009ee83816f5ac1ad5ca37e0cb8e7950fa,9654a265840ef7d8b1fb47e67bbb76458965a62afd55c36c11a398c91dfc98a6,canine_cutaneous_scc_dinov2_paired_acquisition,5db383771614a9018a72d57ba8dd45c8f89adb4cb665103133aa8188496e3e80,6d6c2bc39de24244e414816dd4386fd0a61c94fc2e7d66f6e88aef61f66e1f3e,a8cc4504a50f85b3737249d3bd3e015b1f8d0a87d9b6a9d2a79b6f287630c7c9,0.39172413793103444,0.38653679108989814,0.4608831908831909,0.45692561745027716,0.46434188540952964,0.9572413793103448,0.8915862068965518,0.7390344827586207,0.8496551724137931,0.849604929591109,0.25311965811965814,0.15822476083435014,0.15476243995583244,0.3310344827586207,0.29958620689655174,0.28151724137931033
dim8-xcov0-fold2-seed913,8,0.0,2,913,75,parun-v1-2f163e53890ba187047858192e8b0449aab50402bedbb0763b1745ccd028d78e,ebead9009ee83816f5ac1ad5ca37e0cb8e7950fa,9654a265840ef7d8b1fb47e67bbb76458965a62afd55c36c11a398c91dfc98a6,canine_cutaneous_scc_dinov2_paired_acquisition,5db383771614a9018a72d57ba8dd45c8f89adb4cb665103133aa8188496e3e80,6d6c2bc39de24244e414816dd4386fd0a61c94fc2e7d66f6e88aef61f66e1f3e,1b7e89fba89f7566ae185fc800936c590fe515220ab53f006ebc3133b8da59fc,0.35310344827586204,0.34892489252858794,0.47013338513338515,0.4586129510341772,0.4522571354782396,0.9572413793103448,0.8915862068965518,0.7387586206896551,0.8496551724137931,0.849817326360534,0.30882025382025385,0.21900852347369254,0.2539290112397669,0.33379310344827584,0.32248275862068965,0.2906206896551724
dim8-xcov0-fold2-seed914,8,0.0,2,914,75,parun-v1-ac08e15c7b21db5af825c8a6e5e67bfa4590b09b2e184661ccebe9a277f6ad7e,ebead9009ee83816f5ac1ad5ca37e0cb8e7950fa,9654a265840ef7d8b1fb47e67bbb76458965a62afd55c36c11a398c91dfc98a6,canine_cutaneous_scc_dinov2_paired_acquisition,5db383771614a9018a72d57ba8dd45c8f89adb4cb665103133aa8188496e3e80,6d6c2bc39de24244e414816dd4386fd0a61c94fc2e7d66f6e88aef61f66e1f3e,c789db08d9ef36d74d4c6c3b9858511f08661765bac3ee799dc3a9982143160a,0.3710344827586207,0.3641083433608303,0.5031468531468531,0.428218313191686,0.4813498677326711,0.96,0.8995862068965518,0.7415172413793103,0.8372413793103448,0.8370830287395468,0.33182465682465684,0.1926660786635503,0.18664609051652634,0.33655172413793105,0.2987586206896552,0.2804137931034483
dim8-xcov0-fold2-seed915,8,0.0,2,915,75,parun-v1-7b3e6d09347fce50c4a6b15f79dee6a49a5a9bcd5fa1f70ed96024dc26848aee,ebead9009ee83816f5ac1ad5ca37e0cb8e7950fa,9654a265840ef7d8b1fb47e67bbb76458965a62afd55c36c11a398c91dfc98a6,canine_cutaneous_scc_dinov2_paired_acquisition,5db383771614a9018a72d57ba8dd45c8f89adb4cb665103133aa8188496e3e80,6d6c2bc39de24244e414816dd4386fd0a61c94fc2e7d66f6e88aef61f66e1f3e,d336a73f85511cd34eb983aaf5e39f7ab3033271a7da72741e3648c4fe632bcc,0.3737931034482759,0.3737940432806454,0.47659932659932663,0.47602674066937983,0.4688798820733506,0.9558620689655173,0.8899310344827587,0.7376551724137931,0.8551724137931036,0.855035030477292,0.3371820771820772,0.22258329316408126,0.24970996065505782,0.3158620689655172,0.30703448275862066,0.2886896551724138
dim8-xcov0-fold3-seed911,8,0.0,3,911,75,parun-v1-b7fdc438ad84e3972aae3fa5ebc1ba4ff1fd1f52dde15e44e2ea830d4c270750,ebead9009ee83816f5ac1ad5ca37e0cb8e7950fa,9654a265840ef7d8b1fb47e67bbb76458965a62afd55c36c11a398c91dfc98a6,canine_cutaneous_scc_dinov2_paired_acquisition,5db383771614a9018a72d57ba8dd45c8f89adb4cb665103133aa8188496e3e80,3396e0fb34d92af27dbd982bd5cea16fbeae7cc3b4d3bb64ee9f04ca959cdaf7,788b680ccd19af1a5078a29468ccedec71924988f53e9d5a9bcec65b838a6f75,0.3384615384615385,0.3364200567003213,0.38050035387061976,0.2713636759306413,0.34067104121934094,0.9948717948717949,0.9261538461538461,0.7958974358974359,0.8705128205128204,0.8708915637422743,0.24170867281463573,0.1254950017878064,0.13269144863566737,0.4564102564102564,0.43333333333333335,0.4191025641025641
dim8-xcov0-fold3-seed912,8,0.0,3,912,75,parun-v1-e2e2984c883718145adb09311d566b3eef29576aaad4482579391bbc1ccf14e3,ebead9009ee83816f5ac1ad5ca37e0cb8e7950fa,9654a265840ef7d8b1fb47e67bbb76458965a62afd55c36c11a398c91dfc98a6,canine_cutaneous_scc_dinov2_paired_acquisition,5db383771614a9018a72d57ba8dd45c8f89adb4cb665103133aa8188496e3e80,3396e0fb34d92af27dbd982bd5cea16fbeae7cc3b4d3bb64ee9f04ca959cdaf7,9143cda1072e3664a49e6e3b2d1d8494f0763cee9176381e29119d33155f8fac,0.3615384615384616,0.36176253476797415,0.4177909200209764,0.2997107405926008,0.3816582839948662,0.9923076923076923,0.9251282051282051,0.798974358974359,0.8679487179487179,0.8683655283568135,0.25734246362167396,0.15709175348000937,0.16555729403015326,0.4166666666666667,0.41923076923076924,0.4032051282051282
dim8-xcov0-fold3-seed913,8,0.0,3,913,75,parun-v1-90fccb895e062ff5f30782fa5ef253c1202c04422201f248b380c6e3517933a4,ebead9009ee83816f5ac1ad5ca37e0cb8e7950fa,9654a265840ef7d8b1fb47e67bbb76458965a62afd55c36c11a398c91dfc98a6,canine_cutaneous_scc_dinov2_paired_acquisition,5db383771614a9018a72d57ba8dd45c8f89adb4cb665103133aa8188496e3e80,3396e0fb34d92af27dbd982bd5cea16fbeae7cc3b4d3bb64ee9f04ca959cdaf7,47c382edc2395527f2c22f60c32f9c18fc1f027496589778ff6018dd434a35ba,0.3833333333333333,0.38116212016134476,0.3873122673727025,0.33844904645547325,0.40685417495305387,0.9961538461538462,0.9212820512820513,0.7855128205128206,0.8743589743589743,0.8748432667716608,0.25468073835317995,0.1613893326955178,0.19975366969811786,0.4423076923076923,0.4169230769230769,0.4153846153846154
dim8-xcov0-fold3-seed914,8,0.0,3,914,75,parun-v1-cf79372b29e022acc500b9b30f736c90efbada5b34bd4a021ef0b1711e113f70,ebead9009ee83816f5ac1ad5ca37e0cb8e7950fa,9654a265840ef7d8b1fb47e67bbb76458965a62afd55c36c11a398c91dfc98a6,canine_cutaneous_scc_dinov2_paired_acquisition,5db383771614a9018a72d57ba8dd45c8f89adb4cb665103133aa8188496e3e80,3396e0fb34d92af27dbd982bd5cea16fbeae7cc3b4d3bb64ee9f04ca959cdaf7,d78a282b3884d291121ce06532ba18e7f669118925ae184dacc36cd7c6b6b431,0.35256410256410253,0.34478895395974984,0.4467482594255358,0.39920077210540134,0.45831008771542614,0.9961538461538462,0.9182051282051282,0.7835897435897435,0.8820512820512821,0.8823414609289504,0.23895836264490575,0.1303887804689433,0.1371353174872473,0.40512820512820513,0.42256410256410254,0.40615384615384614
dim8-xcov0-fold3-seed915,8,0.0,3,915,75,parun-v1-ef720e0b2d44f841239e2e1c2f2b0493a272a3b65f0dc5403202ed6d0d5230d1,ebead9009ee83816f5ac1ad5ca37e0cb8e7950fa,9654a265840ef7d8b1fb47e67bbb76458965a62afd55c36c11a398c91dfc98a6,canine_cutaneous_scc_dinov2_paired_acquisition,5db383771614a9018a72d57ba8dd45c8f89adb4cb665103133aa8188496e3e80,3396e0fb34d92af27dbd982bd5cea16fbeae7cc3b4d3bb64ee9f04ca959cdaf7,eb78143a1b9c18c92198ec81bb92c912e3219330c6e15c3b8beac6d2a6cc0cc4,0.3705128205128205,0.36631601187471186,0.40695967580335024,0.3559145588381661,0.4183132411720474,0.9948717948717949,0.9223076923076923,0.7965384615384615,0.876923076923077,0.8774227542189699,0.2559158853800272,0.1375446358866071,0.12259036751710174,0.46282051282051284,0.4335897435897436,0.4208974358974359
dim8-xcov0-fold4-seed911,8,0.0,4,911,75,parun-v1-b2e53b7183512776ba0d0ab89730bb688d2f253b6ee8e560e5f7c4836ea3cb24,ebead9009ee83816f5ac1ad5ca37e0cb8e7950fa,9654a265840ef7d8b1fb47e67bbb76458965a62afd55c36c11a398c91dfc98a6,canine_cutaneous_scc_dinov2_paired_acquisition,5db383771614a9018a72d57ba8dd45c8f89adb4cb665103133aa8188496e3e80,a382ed29bc8bd74178282183fcbb9d2a3f66665391a4be234acdb6f3eac995f6,6acf6c0707388b5254a70464d25d2a7986f98adff8089ea2d85596136ef93103,0.3684210526315789,0.36105237241902977,0.3236986543012583,0.30377829721351496,0.41597896839491544,0.9637426900584796,0.8849122807017544,0.7461988304093568,0.8994152046783626,0.8988175524433709,0.230715033809844,0.1811412415539654,0.2151437187985395,0.30526315789473685,0.28912280701754384,0.2774269005847953
dim8-xcov0-fold4-seed912,8,0.0,4,912,75,parun-v1-add46ae2dca185712cdcdc3f43f942cfed38701b86be5afc694feb5e94028a8d,ebead9009ee83816f5ac1ad5ca37e0cb8e7950fa,9654a265840ef7d8b1fb47e67bbb76458965a62afd55c36c11a398c91dfc98a6,canine_cutaneous_scc_dinov2_paired_acquisition,5db383771614a9018a72d57ba8dd45c8f89adb4cb665103133aa8188496e3e80,a382ed29bc8bd74178282183fcbb9d2a3f66665391a4be234acdb6f3eac995f6,7977eb2ed6639764823c063e8735c9fa703f2f3f8617fd7b6fbccd2612df7bc9,0.3789473684210526,0.3731313941746917,0.35583350944143166,0.32928335532232517,0.4076503014238858,0.9637426900584796,0.8856140350877193,0.7471345029239767,0.8935672514619883,0.8933727347817424,0.20472068673425722,0.15537080909682785,0.187695769044118,0.30526315789473685,0.2928654970760234,0.27614035087719296
dim8-xcov0-fold4-seed913,8,0.0,4,913,75,parun-v1-3cbda23ffa2dc7080f9f4b2112790cc18205a411bfe7e0edbf53a07f9f69f960,ebead9009ee83816f5ac1ad5ca37e0cb8e7950fa,9654a265840ef7d8b1fb47e67bbb76458965a62afd55c36c11a398c91dfc98a6,canine_cutaneous_scc_dinov2_paired_acquisition,5db383771614a9018a72d57ba8dd45c8f89adb4cb665103133aa8188496e3e80,a382ed29bc8bd74178282183fcbb9d2a3f66665391a4be234acdb6f3eac995f6,5724c813f9aa4839eeef8ab813c481c6c84936ff9e5378f71882e7e12444a99c,0.36608187134502923,0.3639295338808977,0.3597615525457081,0.35144897504145295,0.4357342369178673,0.9637426900584796,0.88046783625731,0.7392982456140351,0.8912280701754387,0.89065455350979,0.22031513161533334,0.1813195904047193,0.24596578908198982,0.30526315789473685,0.2814035087719298,0.2777777777777778
dim8-xcov0-fold4-seed914,8,0.0,4,914,75,parun-v1-5686f2ddd3b38862ac32c482c6817ae828a66d1ddb7b44fa236b26405bdbc983,ebead9009ee83816f5ac1ad5ca37e0cb8e7950fa,9654a265840ef7d8b1fb47e67bbb76458965a62afd55c36c11a398c91dfc98a6,canine_cutaneous_scc_dinov2_paired_acquisition,5db383771614a9018a72d57ba8dd45c8f89adb4cb665103133aa8188496e3e80,a382ed29bc8bd74178282183fcbb9d2a3f66665391a4be234acdb6f3eac995f6,af2713044289b4bbd93440be52ac3568d0b7a4e8368c4b4de8135d354555337e,0.38479532163742686,0.3799399059034694,0.3349166644835084,0.3054910342331524,0.414953119742027,0.9672514619883041,0.8853801169590644,0.7423391812865497,0.8842105263157896,0.8844096140566334,0.26387974582216284,0.19771938465657632,0.23583187619213597,0.3146198830409357,0.3045614035087719,0.28982456140350876
dim8-xcov0-fold4-seed915,8,0.0,4,915,75,parun-v1-9fe172fe8c508987effc870544fc888ee0fdd34f6e5cfb428bc8edca9f330ed2,ebead9009ee83816f5ac1ad5ca37e0cb8e7950fa,9654a265840ef7d8b1fb47e67bbb76458965a62afd55c36c11a398c91dfc98a6,canine_cutaneous_scc_dinov2_paired_acquisition,5db383771614a9018a72d57ba8dd45c8f89adb4cb665103133aa8188496e3e80,a382ed29bc8bd74178282183fcbb9d2a3f66665391a4be234acdb6f3eac995f6,4a302cb0ad7d6b0713adcb835cee85cbc0eb1cae062a3aa7d7ef4e919c062b4e,0.3847953216374269,0.3826446631380888,0.36405621486934525,0.3389568297687172,0.4477249337407324,0.9660818713450292,0.8872514619883041,0.7456140350877193,0.8935672514619883,0.8931288303548894,0.22959652324772442,0.16439658256386222,0.19065553724051293,0.3497076023391813,0.3003508771929825,0.28830409356725145
dim8-xcov0p05-fold0-seed911,8,0.05,0,911,75,parun-v1-27ed30aa5e5336bfaf2a2afed614292243760eb39ec379e373f26d4dc4d8e6fb,ebead9009ee83816f5ac1ad5ca37e0cb8e7950fa,9654a265840ef7d8b1fb47e67bbb76458965a62afd55c36c11a398c91dfc98a6,canine_cutaneous_scc_dinov2_paired_acquisition,5db383771614a9018a72d57ba8dd45c8f89adb4cb665103133aa8188496e3e80,19306704f6dc919790d13d0f77bfe2b6975b0fbf34388553f0a31aced97a7081,d569107cee1d5c33dc8acb011b678be13c8287cdff20ecd0d74c69622c527681,0.3388888888888889,0.32227152401652825,0.3357403039832285,0.2870703822368162,0.30181460417017464,0.9611111111111111,0.8794444444444445,0.7140277777777778,0.8333333333333334,0.8324501513534518,0.0983408041855162,0.08406917451402397,0.08755812216750468,0.3138888888888889,0.3075,0.29194444444444445
dim8-xcov0p05-fold0-seed912,8,0.05,0,912,75,parun-v1-a06a4b275e72d156dbd092885f98d5d8209a262f019b75d6ad931b9dfd9eb96f,ebead9009ee83816f5ac1ad5ca37e0cb8e7950fa,9654a265840ef7d8b1fb47e67bbb76458965a62afd55c36c11a398c91dfc98a6,canine_cutaneous_scc_dinov2_paired_acquisition,5db383771614a9018a72d57ba8dd45c8f89adb4cb665103133aa8188496e3e80,19306704f6dc919790d13d0f77bfe2b6975b0fbf34388553f0a31aced97a7081,fa4685584229e9ec5493f5f4b7f8bb9add4374fa9aeae6e2719792c727a859b7,0.3388888888888889,0.32989983223671365,0.2906103341424841,0.24972152930711575,0.2655164169435863,0.9597222222222223,0.8780555555555556,0.7166666666666667,0.8333333333333334,0.8321853412793073,0.11835967670749199,0.09251820154002369,0.09465137633048291,0.33611111111111114,0.31583333333333335,0.29375
dim8-xcov0p05-fold0-seed913,8,0.05,0,913,75,parun-v1-c31b16cde82d44265cc0fbc96e9bcf6b231694d1580613999cb8a91b94d60331,ebead9009ee83816f5ac1ad5ca37e0cb8e7950fa,9654a265840ef7d8b1fb47e67bbb76458965a62afd55c36c11a398c91dfc98a6,canine_cutaneous_scc_dinov2_paired_acquisition,5db383771614a9018a72d57ba8dd45c8f89adb4cb665103133aa8188496e3e80,19306704f6dc919790d13d0f77bfe2b6975b0fbf34388553f0a31aced97a7081,aaf93a6fcf6e2a9d2a9fde816f911dde3574a64434ebab8795e3d83dc62e9153,0.3375,0.33239539108062177,0.30797204292176983,0.2747664853253923,0.2994512153783051,0.9569444444444445,0.8791666666666667,0.7297222222222223,0.8305555555555555,0.8291827501796062,0.12534356725146198,0.09943384564347192,0.09966116174251138,0.3402777777777778,0.31833333333333336,0.29625
dim8-xcov0p05-fold0-seed914,8,0.05,0,914,75,parun-v1-7a330918799aad49dac447b1674e574d1be4310fd5d949c071ab4a15bcfaf693,ebead9009ee83816f5ac1ad5ca37e0cb8e7950fa,9654a265840ef7d8b1fb47e67bbb76458965a62afd55c36c11a398c91dfc98a6,canine_cutaneous_scc_dinov2_paired_acquisition,5db383771614a9018a72d57ba8dd45c8f89adb4cb665103133aa8188496e3e80,19306704f6dc919790d13d0f77bfe2b6975b0fbf34388553f0a31aced97a7081,471e2cdd2fc6bef98846edeb5ba50f18c4f8656d7f52de795c18ce01d5c0e27c,0.3472222222222222,0.3362201022001516,0.3390026987016808,0.2518056406708475,0.3068017154054839,0.9541666666666667,0.8713888888888889,0.70875,0.8444444444444444,0.8438485310863688,0.18326510721247566,0.11517348817089523,0.09093853040771141,0.3194444444444444,0.2997222222222222,0.28125
dim8-xcov0p05-fold0-seed915,8,0.05,0,915,75,parun-v1-e5de190391cc0b960ebe1c6f42a74aaa26f0c07bbf119038d5f283bf5e5344f4,ebead9009ee83816f5ac1ad5ca37e0cb8e7950fa,9654a265840ef7d8b1fb47e67bbb76458965a62afd55c36c11a398c91dfc98a6,canine_cutaneous_scc_dinov2_paired_acquisition,5db383771614a9018a72d57ba8dd45c8f89adb4cb665103133aa8188496e3e80,19306704f6dc919790d13d0f77bfe2b6975b0fbf34388553f0a31aced97a7081,69e1fa8bfef235e1dcf46339bf46496ef60dc50aa1033dbc9113bcc9dcb09f09,0.33055555555555555,0.30606788073319513,0.31621423185847214,0.27501564842304815,0.29389642148517203,0.95,0.8797222222222222,0.7156944444444444,0.8222222222222222,0.8210491553689472,0.1578288324322336,0.1106028138856311,0.09937278210254098,0.29444444444444445,0.2925,0.28541666666666665
dim8-xcov0p05-fold1-seed911,8,0.05,1,911,75,parun-v1-c9ea211a6aeff0bdc85cc4001dd88ccd40caa64b69dcedfcc1c7879dff8680d8,ebead9009ee83816f5ac1ad5ca37e0cb8e7950fa,9654a265840ef7d8b1fb47e67bbb76458965a62afd55c36c11a398c91dfc98a6,canine_cutaneous_scc_dinov2_paired_acquisition,5db383771614a9018a72d57ba8dd45c8f89adb4cb665103133aa8188496e3e80,96501c9be1258f74c119d9f88a61c6945cf51f8c56ab53147b6c0b10792b3212,4b71f8ec363b6ac63db9f82872fa5c7ab5807a34e9ec5b0b43d6868e5fdbb9c2,0.39788359788359784,0.3906381686325843,0.34459186779734724,0.3049588565696803,0.45489691263897186,0.9925925925925926,0.9062433862433863,0.7564021164021164,0.8571428571428571,0.856853732734397,0.13185562078712765,0.0931822484241198,0.1049448964764393,0.3439153439153439,0.2956613756613757,0.2798941798941799
dim8-xcov0p05-fold1-seed912,8,0.05,1,912,75,parun-v1-2dd3b50ace86cd4f775269d1668883cc418f90379fb6ffe2b078bfbeb81b7159,ebead9009ee83816f5ac1ad5ca37e0cb8e7950fa,9654a265840ef7d8b1fb47e67bbb76458965a62afd55c36c11a398c91dfc98a6,canine_cutaneous_scc_dinov2_paired_acquisition,5db383771614a9018a72d57ba8dd45c8f89adb4cb665103133aa8188496e3e80,96501c9be1258f74c119d9f88a61c6945cf51f8c56ab53147b6c0b10792b3212,f8c616da5b2df50729c7df94506e219d3178fc5210df108a9bd19fdc705bc64c,0.401058201058201,0.3900841511674718,0.35642052620134806,0.30652743815581524,0.44933343074105503,0.9915343915343915,0.9075132275132275,0.7660317460317461,0.8444444444444444,0.8439582030138079,0.17602652750597958,0.10277633310987731,0.10895175523614224,0.2962962962962963,0.2905820105820106,0.2805291005291005
dim8-xcov0p05-fold1-seed913,8,0.05,1,913,75,parun-v1-f5bdd6232498a833dc21c6f5d0aefe70f1c370b9fbef80f0f1f192c2e3cd69f8,ebead9009ee83816f5ac1ad5ca37e0cb8e7950fa,9654a265840ef7d8b1fb47e67bbb76458965a62afd55c36c11a398c91dfc98a6,canine_cutaneous_scc_dinov2_paired_acquisition,5db383771614a9018a72d57ba8dd45c8f89adb4cb665103133aa8188496e3e80,96501c9be1258f74c119d9f88a61c6945cf51f8c56ab53147b6c0b10792b3212,15982657a25be52fa73802a18ef4fdcdff3af4a7333ae1226cea85949040fe89,0.3851851851851852,0.38237002533685643,0.38163209393346387,0.3862327755651919,0.48535309158515166,0.9915343915343915,0.9096296296296297,0.7619047619047619,0.8486772486772487,0.8479792308424674,0.16492976734072626,0.10285775310375912,0.11860535004646523,0.346031746031746,0.30624338624338626,0.2878306878306878
dim8-xcov0p05-fold1-seed914,8,0.05,1,914,75,parun-v1-48d2d300487c12cf9441f66f5e2e38d03ffeeed8f5c979def0ae680adaac01aa,ebead9009ee83816f5ac1ad5ca37e0cb8e7950fa,9654a265840ef7d8b1fb47e67bbb76458965a62afd55c36c11a398c91dfc98a6,canine_cutaneous_scc_dinov2_paired_acquisition,5db383771614a9018a72d57ba8dd45c8f89adb4cb665103133aa8188496e3e80,96501c9be1258f74c119d9f88a61c6945cf51f8c56ab53147b6c0b10792b3212,b6d68ca618d55dba9f14a3abab5eab20c9dd642686516063f1b5e92b03aa852a,0.39788359788359784,0.39576420690753344,0.3613507284192216,0.36743297484806897,0.4707496062367481,0.9904761904761905,0.9068783068783068,0.764973544973545,0.8529100529100528,0.8522713459702072,0.19151119808654057,0.09892431825491332,0.10135518816602294,0.33756613756613757,0.29375661375661377,0.2824338624338624
dim8-xcov0p05-fold1-seed915,8,0.05,1,915,75,parun-v1-b602ca737c068d4838870c49dc430c4596da24e2a715d522c6c43d26dc96b334,ebead9009ee83816f5ac1ad5ca37e0cb8e7950fa,9654a265840ef7d8b1fb47e67bbb76458965a62afd55c36c11a398c91dfc98a6,canine_cutaneous_scc_dinov2_paired_acquisition,5db383771614a9018a72d57ba8dd45c8f89adb4cb665103133aa8188496e3e80,96501c9be1258f74c119d9f88a61c6945cf51f8c56ab53147b6c0b10792b3212,41209e4d02ee396812654aa1c5f410b4b06c2428fbd18ad896ed92231aa7e68d,0.3862433862433862,0.38121345718476657,0.39285757773429003,0.3391069445113982,0.48502664886989055,0.9904761904761905,0.9003174603174603,0.7531216931216931,0.8592592592592592,0.8586514179434325,0.188441400304414,0.10990085072803632,0.12250603714558553,0.3343915343915344,0.30095238095238097,0.28465608465608466
dim8-xcov0p05-fold2-seed911,8,0.05,2,911,75,parun-v1-9dbaec86572e64751377ce4d963620f2e5dcf96a341f3eb2fc17c86073c7732f,ebead9009ee83816f5ac1ad5ca37e0cb8e7950fa,9654a265840ef7d8b1fb47e67bbb76458965a62afd55c36c11a398c91dfc98a6,canine_cutaneous_scc_dinov2_paired_acquisition,5db383771614a9018a72d57ba8dd45c8f89adb4cb665103133aa8188496e3e80,6d6c2bc39de24244e414816dd4386fd0a61c94fc2e7d66f6e88aef61f66e1f3e,93e99ccaaa2200a6a9d2e8fd3c1050764304a1915e0fa320a1ab37f96adf9f57,0.3489655172413793,0.342969846677126,0.4703159803159804,0.3937846166119306,0.48319157204127594,0.9586206896551724,0.8993103448275862,0.748551724137931,0.8662068965517241,0.8664715141505746,0.20034706034706032,0.12569190447060669,0.10762363344828298,0.2827586206896552,0.27089655172413796,0.25448275862068964
dim8-xcov0p05-fold2-seed912,8,0.05,2,912,75,parun-v1-f83a92d9c7c39de441e1406b32e785fbdbb95f81b99b9eaf024828114b115ff3,ebead9009ee83816f5ac1ad5ca37e0cb8e7950fa,9654a265840ef7d8b1fb47e67bbb76458965a62afd55c36c11a398c91dfc98a6,canine_cutaneous_scc_dinov2_paired_acquisition,5db383771614a9018a72d57ba8dd45c8f89adb4cb665103133aa8188496e3e80,6d6c2bc39de24244e414816dd4386fd0a61c94fc2e7d66f6e88aef61f66e1f3e,a8cc4504a50f85b3737249d3bd3e015b1f8d0a87d9b6a9d2a79b6f287630c7c9,0.3986206896551724,0.39596841901494706,0.472042217042217,0.4679190409911707,0.4707330082911514,0.9572413793103448,0.8910344827586207,0.7372413793103448,0.8565517241379311,0.8571962736004869,0.14452602952602953,0.10913586114758132,0.11480326783955741,0.27034482758620687,0.2670344827586207,0.25255172413793103
dim8-xcov0p05-fold2-seed913,8,0.05,2,913,75,parun-v1-2cd3e94bfb60df7295b83c8fa28fff86ed200fb3dd74f2768611145e6ebe4c88,ebead9009ee83816f5ac1ad5ca37e0cb8e7950fa,9654a265840ef7d8b1fb47e67bbb76458965a62afd55c36c11a398c91dfc98a6,canine_cutaneous_scc_dinov2_paired_acquisition,5db383771614a9018a72d57ba8dd45c8f89adb4cb665103133aa8188496e3e80,6d6c2bc39de24244e414816dd4386fd0a61c94fc2e7d66f6e88aef61f66e1f3e,1b7e89fba89f7566ae185fc800936c590fe515220ab53f006ebc3133b8da59fc,0.35310344827586204,0.34723888647665896,0.4554519554519554,0.4511995690563002,0.4454079831963211,0.9586206896551724,0.8915862068965518,0.7382068965517241,0.8620689655172413,0.8619962874390158,0.13306138306138307,0.09960294558610386,0.10858377303494975,0.2882758620689655,0.27227586206896554,0.2597241379310345
dim8-xcov0p05-fold2-seed914,8,0.05,2,914,75,parun-v1-99078623bbe02134d5c5ce986cacb66516612ef870571c4872448aba9e81a765,ebead9009ee83816f5ac1ad5ca37e0cb8e7950fa,9654a265840ef7d8b1fb47e67bbb76458965a62afd55c36c11a398c91dfc98a6,canine_cutaneous_scc_dinov2_paired_acquisition,5db383771614a9018a72d57ba8dd45c8f89adb4cb665103133aa8188496e3e80,6d6c2bc39de24244e414816dd4386fd0a61c94fc2e7d66f6e88aef61f66e1f3e,c789db08d9ef36d74d4c6c3b9858511f08661765bac3ee799dc3a9982143160a,0.36,0.3519100635867365,0.5095363895363896,0.43277101975710536,0.4919352589351608,0.96,0.8990344827586206,0.7444137931034482,0.8648275862068966,0.8650212666866552,0.1885211085211085,0.1278145552149391,0.13657170127498533,0.27586206896551724,0.2595862068965517,0.2470344827586207
dim8-xcov0p05-fold2-seed915,8,0.05,2,915,75,parun-v1-f6003ee7b0d9c528d175b8590ecb815483133277170dc2216b384142ddbca19a,ebead9009ee83816f5ac1ad5ca37e0cb8e7950fa,9654a265840ef7d8b1fb47e67bbb76458965a62afd55c36c11a398c91dfc98a6,canine_cutaneous_scc_dinov2_paired_acquisition,5db383771614a9018a72d57ba8dd45c8f89adb4cb665103133aa8188496e3e80,6d6c2bc39de24244e414816dd4386fd0a61c94fc2e7d66f6e88aef61f66e1f3e,d336a73f85511cd34eb983aaf5e39f7ab3033271a7da72741e3648c4fe632bcc,0.36689655172413793,0.364231718906676,0.46753431753431746,0.4042836909542597,0.47275409879842,0.9572413793103448,0.8891034482758621,0.7387586206896551,0.8703448275862069,0.8701464257945666,0.161999481999482,0.10264286303074026,0.08530108883209944,0.2882758620689655,0.27393103448275863,0.2590344827586207
dim8-xcov0p05-fold3-seed911,8,0.05,3,911,75,parun-v1-97e8a75f95ef213c7c6d474c4ae73ff6d2ce905aec5cf3e0e192fb8ed0b034d0,ebead9009ee83816f5ac1ad5ca37e0cb8e7950fa,9654a265840ef7d8b1fb47e67bbb76458965a62afd55c36c11a398c91dfc98a6,canine_cutaneous_scc_dinov2_paired_acquisition,5db383771614a9018a72d57ba8dd45c8f89adb4cb665103133aa8188496e3e80,3396e0fb34d92af27dbd982bd5cea16fbeae7cc3b4d3bb64ee9f04ca959cdaf7,788b680ccd19af1a5078a29468ccedec71924988f53e9d5a9bcec65b838a6f75,0.35,0.3429382944210388,0.39877226080691025,0.2782655895000244,0.3295906317928762,0.9948717948717949,0.926923076923077,0.7961538461538461,0.8807692307692309,0.8810672047599345,0.12258722058077416,0.06977980704158707,0.05971332048809411,0.4012820512820513,0.38871794871794874,0.37141025641025643
dim8-xcov0p05-fold3-seed912,8,0.05,3,912,75,parun-v1-850405052beae8897c7c5a95dc9526abf48e396ad5b940210d86b22d7d5c6d85,ebead9009ee83816f5ac1ad5ca37e0cb8e7950fa,9654a265840ef7d8b1fb47e67bbb76458965a62afd55c36c11a398c91dfc98a6,canine_cutaneous_scc_dinov2_paired_acquisition,5db383771614a9018a72d57ba8dd45c8f89adb4cb665103133aa8188496e3e80,3396e0fb34d92af27dbd982bd5cea16fbeae7cc3b4d3bb64ee9f04ca959cdaf7,9143cda1072e3664a49e6e3b2d1d8494f0763cee9176381e29119d33155f8fac,0.3679487179487179,0.3666424859047366,0.4069861841235733,0.29266910020109965,0.36934456225693535,0.9935897435897436,0.9243589743589744,0.7976923076923077,0.8910256410256411,0.8912573269101747,0.15111560910513366,0.09315590829513735,0.11601731294467692,0.3717948717948718,0.3741025641025641,0.3712820512820513
dim8-xcov0p05-fold3-seed913,8,0.05,3,913,75,parun-v1-28683b71a54a47a62fc2d7d1b94a1f05590a324d6049631eed3b2d69abfb8edc,ebead9009ee83816f5ac1ad5ca37e0cb8e7950fa,9654a265840ef7d8b1fb47e67bbb76458965a62afd55c36c11a398c91dfc98a6,canine_cutaneous_scc_dinov2_paired_acquisition,5db383771614a9018a72d57ba8dd45c8f89adb4cb665103133aa8188496e3e80,3396e0fb34d92af27dbd982bd5cea16fbeae7cc3b4d3bb64ee9f04ca959cdaf7,47c382edc2395527f2c22f60c32f9c18fc1f027496589778ff6018dd434a35ba,0.4025641025641026,0.3998536258631671,0.3874167338168144,0.28324643864639903,0.3870390199981349,0.9961538461538462,0.9212820512820513,0.786923076923077,0.8794871794871796,0.8799976620414391,0.17684640522875816,0.10713408573192595,0.09510649223551722,0.4,0.3869230769230769,0.37474358974358973
dim8-xcov0p05-fold3-seed914,8,0.05,3,914,75,parun-v1-4a50638c9e7b6fa0ea3d9a752abd3266f86d32b4a5965097850ece5e0cfefd7b,ebead9009ee83816f5ac1ad5ca37e0cb8e7950fa,9654a265840ef7d8b1fb47e67bbb76458965a62afd55c36c11a398c91dfc98a6,canine_cutaneous_scc_dinov2_paired_acquisition,5db383771614a9018a72d57ba8dd45c8f89adb4cb665103133aa8188496e3e80,3396e0fb34d92af27dbd982bd5cea16fbeae7cc3b4d3bb64ee9f04ca959cdaf7,d78a282b3884d291121ce06532ba18e7f669118925ae184dacc36cd7c6b6b431,0.36923076923076925,0.3643623748370447,0.47165566683294324,0.41809972725374744,0.47137448089029166,0.9961538461538462,0.9207692307692308,0.7821794871794872,0.8884615384615385,0.8889830062642983,0.12723929754550226,0.07317104763043614,0.07553588058914798,0.40384615384615385,0.381025641025641,0.36705128205128207
dim8-xcov0p05-fold3-seed915,8,0.05,3,915,75,parun-v1-18afff7cdc0c7ec11dbc825c8c553c1f135e8f07568c49ccf02b1e62bb360eba,ebead9009ee83816f5ac1ad5ca37e0cb8e7950fa,9654a265840ef7d8b1fb47e67bbb76458965a62afd55c36c11a398c91dfc98a6,canine_cutaneous_scc_dinov2_paired_acquisition,5db383771614a9018a72d57ba8dd45c8f89adb4cb665103133aa8188496e3e80,3396e0fb34d92af27dbd982bd5cea16fbeae7cc3b4d3bb64ee9f04ca959cdaf7,eb78143a1b9c18c92198ec81bb92c912e3219330c6e15c3b8beac6d2a6cc0cc4,0.4076923076923077,0.4033781978762245,0.417586655666833,0.36542434634863713,0.43244465443737357,0.9948717948717949,0.9223076923076923,0.796025641025641,0.8884615384615385,0.8889029962295405,0.1714936964131162,0.07992278668070242,0.054021476406278,0.41410256410256413,0.38358974358974357,0.37423076923076926
dim8-xcov0p05-fold4-seed911,8,0.05,4,911,75,parun-v1-0745bc86fabaf183011968d766425d41733e4f242ea0d3174cf4f7be01779f7a,ebead9009ee83816f5ac1ad5ca37e0cb8e7950fa,9654a265840ef7d8b1fb47e67bbb76458965a62afd55c36c11a398c91dfc98a6,canine_cutaneous_scc_dinov2_paired_acquisition,5db383771614a9018a72d57ba8dd45c8f89adb4cb665103133aa8188496e3e80,a382ed29bc8bd74178282183fcbb9d2a3f66665391a4be234acdb6f3eac995f6,6acf6c0707388b5254a70464d25d2a7986f98adff8089ea2d85596136ef93103,0.35555555555555557,0.34988098742452334,0.32258049304445785,0.30142459714850167,0.41175040105677163,0.9625730994152046,0.8851461988304093,0.7435087719298246,0.8970760233918128,0.8967913895102075,0.16377649116985263,0.12401822625375347,0.1527417823755949,0.2830409356725146,0.26596491228070174,0.25976608187134503
dim8-xcov0p05-fold4-seed912,8,0.05,4,912,75,parun-v1-a174568d5661fab19686d9a62510b568900fb36b49d2548e735b2c857ff737a8,ebead9009ee83816f5ac1ad5ca37e0cb8e7950fa,9654a265840ef7d8b1fb47e67bbb76458965a62afd55c36c11a398c91dfc98a6,canine_cutaneous_scc_dinov2_paired_acquisition,5db383771614a9018a72d57ba8dd45c8f89adb4cb665103133aa8188496e3e80,a382ed29bc8bd74178282183fcbb9d2a3f66665391a4be234acdb6f3eac995f6,7977eb2ed6639764823c063e8735c9fa703f2f3f8617fd7b6fbccd2612df7bc9,0.3672514619883041,0.3586938671631651,0.333629160008034,0.30754047733134593,0.38446413841803906,0.9649122807017544,0.8844444444444445,0.7485380116959064,0.8865497076023392,0.8864590862209072,0.1642681384064109,0.11969071454590138,0.14280784908690353,0.28888888888888886,0.26456140350877194,0.2545029239766082
dim8-xcov0p05-fold4-seed913,8,0.05,4,913,75,parun-v1-71ffdcdf7830a2b31cb96222ed0b1b26d9c5a2764f26f0d5041a49087b7f5006,ebead9009ee83816f5ac1ad5ca37e0cb8e7950fa,9654a265840ef7d8b1fb47e67bbb76458965a62afd55c36c11a398c91dfc98a6,canine_cutaneous_scc_dinov2_paired_acquisition,5db383771614a9018a72d57ba8dd45c8f89adb4cb665103133aa8188496e3e80,a382ed29bc8bd74178282183fcbb9d2a3f66665391a4be234acdb6f3eac995f6,5724c813f9aa4839eeef8ab813c481c6c84936ff9e5378f71882e7e12444a99c,0.3801169590643275,0.37504707137795334,0.37160352681937125,0.3582758215929905,0.4443963728708461,0.9614035087719298,0.8790643274853801,0.7404678362573099,0.8818713450292398,0.8814747008715568,0.2060588404809934,0.14233594551442869,0.1943630892796744,0.3064327485380117,0.28210526315789475,0.26842105263157895
dim8-xcov0p05-fold4-seed914,8,0.05,4,914,75,parun-v1-52299b7bb7feb88774edfa5b28f4143602a7f1f261d1f6bac6232e6bd28a18e0,ebead9009ee83816f5ac1ad5ca37e0cb8e7950fa,9654a265840ef7d8b1fb47e67bbb76458965a62afd55c36c11a398c91dfc98a6,canine_cutaneous_scc_dinov2_paired_acquisition,5db383771614a9018a72d57ba8dd45c8f89adb4cb665103133aa8188496e3e80,a382ed29bc8bd74178282183fcbb9d2a3f66665391a4be234acdb6f3eac995f6,af2713044289b4bbd93440be52ac3568d0b7a4e8368c4b4de8135d354555337e,0.36023391812865496,0.357348663262914,0.3248012481843401,0.3003952176325919,0.4151826670123241,0.9649122807017544,0.8872514619883041,0.7422222222222222,0.8771929824561404,0.8773622074119249,0.16601842585557972,0.10472972649530297,0.10920332819465875,0.3216374269005848,0.28023391812865495,0.26842105263157895
dim8-xcov0p05-fold4-seed915,8,0.05,4,915,75,parun-v1-b99be8e021042f875030af4c06ee6df0c0629b07dc7092e07f298ccad7fd2efa,ebead9009ee83816f5ac1ad5ca37e0cb8e7950fa,9654a265840ef7d8b1fb47e67bbb76458965a62afd55c36c11a398c91dfc98a6,canine_cutaneous_scc_dinov2_paired_acquisition,5db383771614a9018a72d57ba8dd45c8f89adb4cb665103133aa8188496e3e80,a382ed29bc8bd74178282183fcbb9d2a3f66665391a4be234acdb6f3eac995f6,4a302cb0ad7d6b0713adcb835cee85cbc0eb1cae062a3aa7d7ef4e919c062b4e,0.37777777777777777,0.37363109501445774,0.39302172970172233,0.3660494976789956,0.46900833337226466,0.9649122807017544,0.8872514619883041,0.743859649122807,0.8900584795321638,0.8895777682444349,0.180411388517752,0.12196197462463888,0.13709201855977393,0.30292397660818715,0.2771929824561403,0.26280701754385966
dim8-xcov0p2-fold0-seed911,8,0.2,0,911,75,parun-v1-e9333f700d48d6f9299ab676d3e303fa66678254b905fc9495ba99c9589a7cf2,ebead9009ee83816f5ac1ad5ca37e0cb8e7950fa,9654a265840ef7d8b1fb47e67bbb76458965a62afd55c36c11a398c91dfc98a6,canine_cutaneous_scc_dinov2_paired_acquisition,5db383771614a9018a72d57ba8dd45c8f89adb4cb665103133aa8188496e3e80,19306704f6dc919790d13d0f77bfe2b6975b0fbf34388553f0a31aced97a7081,d569107cee1d5c33dc8acb011b678be13c8287cdff20ecd0d74c69622c527681,0.3416666666666667,0.3308209654398736,0.3331845369450881,0.2857250075886216,0.3023081427115477,0.9583333333333334,0.8783333333333333,0.7129166666666666,0.8416666666666666,0.8404546697099036,0.1250219298245614,0.07692616768653882,0.06357166170880149,0.3013888888888889,0.2966666666666667,0.28291666666666665
dim8-xcov0p2-fold0-seed912,8,0.2,0,912,75,parun-v1-16733d37fae5f4ee49f187b76f157c14b3cfed466cdf40a18dfac9e9cc0e6105,ebead9009ee83816f5ac1ad5ca37e0cb8e7950fa,9654a265840ef7d8b1fb47e67bbb76458965a62afd55c36c11a398c91dfc98a6,canine_cutaneous_scc_dinov2_paired_acquisition,5db383771614a9018a72d57ba8dd45c8f89adb4cb665103133aa8188496e3e80,19306704f6dc919790d13d0f77bfe2b6975b0fbf34388553f0a31aced97a7081,fa4685584229e9ec5493f5f4b7f8bb9add4374fa9aeae6e2719792c727a859b7,0.3388888888888889,0.33293751025094304,0.3016885505167531,0.2604001138865803,0.27573263075229737,0.9597222222222223,0.8775,0.7169444444444445,0.8347222222222224,0.8335673238737676,0.10001250505719224,0.07042987349089352,0.06934715619055064,0.32222222222222224,0.3036111111111111,0.2890277777777778
dim8-xcov0p2-fold0-seed913,8,0.2,0,913,75,parun-v1-9b772037bf8f85249b02bcbf26d69c1d239e4c0d54c4dfc8f0891ffcffe424bd,ebead9009ee83816f5ac1ad5ca37e0cb8e7950fa,9654a265840ef7d8b1fb47e67bbb76458965a62afd55c36c11a398c91dfc98a6,canine_cutaneous_scc_dinov2_paired_acquisition,5db383771614a9018a72d57ba8dd45c8f89adb4cb665103133aa8188496e3e80,19306704f6dc919790d13d0f77bfe2b6975b0fbf34388553f0a31aced97a7081,aaf93a6fcf6e2a9d2a9fde816f911dde3574a64434ebab8795e3d83dc62e9153,0.34444444444444444,0.33407304523340503,0.2852015291110375,0.24888867316035387,0.2667177991780349,0.9569444444444445,0.8802777777777778,0.7273611111111111,0.8152777777777777,0.8134712571360684,0.11366908492405016,0.09343741573859202,0.10398507544860182,0.3388888888888889,0.3011111111111111,0.29097222222222224
dim8-xcov0p2-fold0-seed914,8,0.2,0,914,75,parun-v1-07ae41575a9643fe9a3f96cb73a820c78f57d01fd56a6f6252f5445deb0cb599,ebead9009ee83816f5ac1ad5ca37e0cb8e7950fa,9654a265840ef7d8b1fb47e67bbb76458965a62afd55c36c11a398c91dfc98a6,canine_cutaneous_scc_dinov2_paired_acquisition,5db383771614a9018a72d57ba8dd45c8f89adb4cb665103133aa8188496e3e80,19306704f6dc919790d13d0f77bfe2b6975b0fbf34388553f0a31aced97a7081,471e2cdd2fc6bef98846edeb5ba50f18c4f8656d7f52de795c18ce01d5c0e27c,0.3625,0.35058773505582014,0.3322957813821766,0.28245995687922115,0.2895674547585596,0.95,0.8719444444444444,0.71,0.8416666666666668,0.8409232228269834,0.1377046783625731,0.09538836520580347,0.08426414874689049,0.30833333333333335,0.28305555555555556,0.2788888888888889
dim8-xcov0p2-fold0-seed915,8,0.2,0,915,75,parun-v1-25892b18f659f713ec446e7a2c7b602fe49ac799a41bb30968c787b4af644d55,ebead9009ee83816f5ac1ad5ca37e0cb8e7950fa,9654a265840ef7d8b1fb47e67bbb76458965a62afd55c36c11a398c91dfc98a6,canine_cutaneous_scc_dinov2_paired_acquisition,5db383771614a9018a72d57ba8dd45c8f89adb4cb665103133aa8188496e3e80,19306704f6dc919790d13d0f77bfe2b6975b0fbf34388553f0a31aced97a7081,69e1fa8bfef235e1dcf46339bf46496ef60dc50aa1033dbc9113bcc9dcb09f09,0.32499999999999996,0.3082779184658402,0.3217028945529442,0.2797741826671583,0.2925354737209884,0.95,0.88,0.7161111111111111,0.8277777777777778,0.8257771558798973,0.17027168615984403,0.1184672952295193,0.09492051160182777,0.2777777777777778,0.29305555555555557,0.2873611111111111
dim8-xcov0p2-fold1-seed911,8,0.2,1,911,75,parun-v1-5d1f48d77fb10297c7232dd4b026321a6b3da2bb0c0fc5294779fd304d30ceec,ebead9009ee83816f5ac1ad5ca37e0cb8e7950fa,9654a265840ef7d8b1fb47e67bbb76458965a62afd55c36c11a398c91dfc98a6,canine_cutaneous_scc_dinov2_paired_acquisition,5db383771614a9018a72d57ba8dd45c8f89adb4cb665103133aa8188496e3e80,96501c9be1258f74c119d9f88a61c6945cf51f8c56ab53147b6c0b10792b3212,4b71f8ec363b6ac63db9f82872fa5c7ab5807a34e9ec5b0b43d6868e5fdbb9c2,0.4105820105820105,0.4056541710833891,0.33952685366384,0.30198742293443165,0.4505160323385559,0.9925925925925926,0.9066666666666666,0.7555555555555555,0.8592592592592592,0.8592919669698327,0.0909776038269189,0.08165565658155005,0.13510002750907218,0.34285714285714286,0.30518518518518517,0.282010582010582
dim8-xcov0p2-fold1-seed912,8,0.2,1,912,75,parun-v1-2675599a72e2d42f5486099bf854aeb25351005fad0a2f51d200837b39db57a4,ebead9009ee83816f5ac1ad5ca37e0cb8e7950fa,9654a265840ef7d8b1fb47e67bbb76458965a62afd55c36c11a398c91dfc98a6,canine_cutaneous_scc_dinov2_paired_acquisition,5db383771614a9018a72d57ba8dd45c8f89adb4cb665103133aa8188496e3e80,96501c9be1258f74c119d9f88a61c6945cf51f8c56ab53147b6c0b10792b3212,f8c616da5b2df50729c7df94506e219d3178fc5210df108a9bd19fdc705bc64c,0.3746031746031746,0.3622425741265186,0.3785888236573168,0.32712084720620827,0.46950839140156947,0.9915343915343915,0.9068783068783068,0.7632804232804232,0.8518518518518519,0.8515504701484083,0.17598477929984782,0.09568699976203258,0.10487987356398822,0.30264550264550266,0.291005291005291,0.2785185185185185
dim8-xcov0p2-fold1-seed913,8,0.2,1,913,75,parun-v1-955e5dcdf9abed99ae8a0db826a68a385c2a9457c60a6e1592f27f3d92981062,ebead9009ee83816f5ac1ad5ca37e0cb8e7950fa,9654a265840ef7d8b1fb47e67bbb76458965a62afd55c36c11a398c91dfc98a6,canine_cutaneous_scc_dinov2_paired_acquisition,5db383771614a9018a72d57ba8dd45c8f89adb4cb665103133aa8188496e3e80,96501c9be1258f74c119d9f88a61c6945cf51f8c56ab53147b6c0b10792b3212,15982657a25be52fa73802a18ef4fdcdff3af4a7333ae1226cea85949040fe89,0.3777777777777777,0.37246089048708764,0.39585431615568606,0.34238895021198706,0.49378957493056524,0.9894179894179894,0.9070899470899471,0.7597883597883598,0.8486772486772487,0.8485667676160953,0.10870450097847358,0.09999883827006918,0.13882283604967408,0.3417989417989418,0.3100529100529101,0.29248677248677246
dim8-xcov0p2-fold1-seed914,8,0.2,1,914,75,parun-v1-9e451df787d7e6907f098e83f22c0ffaac52799bf28bea27b5fbf48cf83135e1,ebead9009ee83816f5ac1ad5ca37e0cb8e7950fa,9654a265840ef7d8b1fb47e67bbb76458965a62afd55c36c11a398c91dfc98a6,canine_cutaneous_scc_dinov2_paired_acquisition,5db383771614a9018a72d57ba8dd45c8f89adb4cb665103133aa8188496e3e80,96501c9be1258f74c119d9f88a61c6945cf51f8c56ab53147b6c0b10792b3212,b6d68ca618d55dba9f14a3abab5eab20c9dd642686516063f1b5e92b03aa852a,0.3862433862433862,0.3799322752488605,0.3602909328114808,0.370753621204259,0.47258911914644836,0.9915343915343915,0.9064550264550264,0.764021164021164,0.8497354497354497,0.8494253282141468,0.17784344422700585,0.11940084366023476,0.12052919613296077,0.35873015873015873,0.30052910052910053,0.2873015873015873
dim8-xcov0p2-fold1-seed915,8,0.2,1,915,75,parun-v1-8ef09c283c414b16f10ce1e6f778e53b3765863eb8585fd3510252f222d26723,ebead9009ee83816f5ac1ad5ca37e0cb8e7950fa,9654a265840ef7d8b1fb47e67bbb76458965a62afd55c36c11a398c91dfc98a6,canine_cutaneous_scc_dinov2_paired_acquisition,5db383771614a9018a72d57ba8dd45c8f89adb4cb665103133aa8188496e3e80,96501c9be1258f74c119d9f88a61c6945cf51f8c56ab53147b6c0b10792b3212,41209e4d02ee396812654aa1c5f410b4b06c2428fbd18ad896ed92231aa7e68d,0.3788359788359788,0.3753575252680913,0.38662056968906283,0.33355175441449053,0.4831030037645768,0.9915343915343915,0.9026455026455027,0.7529100529100529,0.8613756613756614,0.8606723345780578,0.1571689497716895,0.09872842771282317,0.11931535226772311,0.3417989417989418,0.3022222222222222,0.2858201058201058
dim8-xcov0p2-fold2-seed911,8,0.2,2,911,75,parun-v1-a8f6057877b27662a0335a6fbfd1b209396316290a13f2a6a6e4dae3ec4167d1,ebead9009ee83816f5ac1ad5ca37e0cb8e7950fa,9654a265840ef7d8b1fb47e67bbb76458965a62afd55c36c11a398c91dfc98a6,canine_cutaneous_scc_dinov2_paired_acquisition,5db383771614a9018a72d57ba8dd45c8f89adb4cb665103133aa8188496e3e80,6d6c2bc39de24244e414816dd4386fd0a61c94fc2e7d66f6e88aef61f66e1f3e,93e99ccaaa2200a6a9d2e8fd3c1050764304a1915e0fa320a1ab37f96adf9f57,0.35724137931034483,0.35380668793305037,0.4724630924630924,0.396990877654361,0.4885043811952842,0.9586206896551724,0.8990344827586206,0.7506206896551724,0.8662068965517241,0.8663740073418603,0.1507718207718208,0.10067753978858404,0.08961779024169039,0.2496551724137931,0.26013793103448274,0.2463448275862069
dim8-xcov0p2-fold2-seed912,8,0.2,2,912,75,parun-v1-587487c63090861bfa0fd5455055ec5051d1fc14653675c031c8eac5d88f7561,ebead9009ee83816f5ac1ad5ca37e0cb8e7950fa,9654a265840ef7d8b1fb47e67bbb76458965a62afd55c36c11a398c91dfc98a6,canine_cutaneous_scc_dinov2_paired_acquisition,5db383771614a9018a72d57ba8dd45c8f89adb4cb665103133aa8188496e3e80,6d6c2bc39de24244e414816dd4386fd0a61c94fc2e7d66f6e88aef61f66e1f3e,a8cc4504a50f85b3737249d3bd3e015b1f8d0a87d9b6a9d2a79b6f287630c7c9,0.3737931034482759,0.36905710765763167,0.49216783216783216,0.48907024176929753,0.4820055998419803,0.9572413793103448,0.8915862068965518,0.7404137931034482,0.8551724137931036,0.8555806306822055,0.1288021238021238,0.09345195991348185,0.10575156528284496,0.24413793103448275,0.2499310344827586,0.24524137931034481
dim8-xcov0p2-fold2-seed913,8,0.2,2,913,75,parun-v1-ac680f460e31ab22ef0c7a49cf39921c549d3f1d996d413e5b5843956feaf906,ebead9009ee83816f5ac1ad5ca37e0cb8e7950fa,9654a265840ef7d8b1fb47e67bbb76458965a62afd55c36c11a398c91dfc98a6,canine_cutaneous_scc_dinov2_paired_acquisition,5db383771614a9018a72d57ba8dd45c8f89adb4cb665103133aa8188496e3e80,6d6c2bc39de24244e414816dd4386fd0a61c94fc2e7d66f6e88aef61f66e1f3e,1b7e89fba89f7566ae185fc800936c590fe515220ab53f006ebc3133b8da59fc,0.3503448275862069,0.34396867697576916,0.461090391090391,0.45032894450866007,0.44071156331684325,0.9586206896551724,0.8929655172413793,0.7380689655172413,0.8634482758620688,0.8632684747150474,0.10341491841491841,0.09279195895481555,0.11371014594243714,0.28413793103448276,0.2670344827586207,0.25255172413793103
dim8-xcov0p2-fold2-seed914,8,0.2,2,914,75,parun-v1-78762b447f8be8b37afcc31bf0586481e2e8212c08eea1171ae38796676a7333,ebead9009ee83816f5ac1ad5ca37e0cb8e7950fa,9654a265840ef7d8b1fb47e67bbb76458965a62afd55c36c11a398c91dfc98a6,canine_cutaneous_scc_dinov2_paired_acquisition,5db383771614a9018a72d57ba8dd45c8f89adb4cb665103133aa8188496e3e80,6d6c2bc39de24244e414816dd4386fd0a61c94fc2e7d66f6e88aef61f66e1f3e,c789db08d9ef36d74d4c6c3b9858511f08661765bac3ee799dc3a9982143160a,0.3503448275862069,0.3428510706449802,0.5133929033929033,0.43756103435103594,0.4964364345410068,0.9586206896551724,0.8995862068965518,0.7468965517241379,0.8703448275862069,0.8706297492209242,0.14733100233100235,0.09451356745140882,0.09447869028722207,0.28,0.26013793103448274,0.24937931034482758
dim8-xcov0p2-fold2-seed915,8,0.2,2,915,75,parun-v1-ef7257fa2a30afa75be23fa08cfe638506283b10c20c1add765e4a903ba1374f,ebead9009ee83816f5ac1ad5ca37e0cb8e7950fa,9654a265840ef7d8b1fb47e67bbb76458965a62afd55c36c11a398c91dfc98a6,canine_cutaneous_scc_dinov2_paired_acquisition,5db383771614a9018a72d57ba8dd45c8f89adb4cb665103133aa8188496e3e80,6d6c2bc39de24244e414816dd4386fd0a61c94fc2e7d66f6e88aef61f66e1f3e,d336a73f85511cd34eb983aaf5e39f7ab3033271a7da72741e3648c4fe632bcc,0.3958620689655173,0.39079893226458456,0.46073944573944575,0.3967074869111185,0.458788288894005,0.9572413793103448,0.8896551724137931,0.7393103448275862,0.8717241379310344,0.8713435731165964,0.14347448847448846,0.10862445928847167,0.10489448624864843,0.27448275862068966,0.2617931034482759,0.25310344827586206
dim8-xcov0p2-fold3-seed911,8,0.2,3,911,75,parun-v1-911c945c6d02e9cdf15ff5bce10b30b8f71c4bc13b4c4d6cabe47fdb993d89c9,ebead9009ee83816f5ac1ad5ca37e0cb8e7950fa,9654a265840ef7d8b1fb47e67bbb76458965a62afd55c36c11a398c91dfc98a6,canine_cutaneous_scc_dinov2_paired_acquisition,5db383771614a9018a72d57ba8dd45c8f89adb4cb665103133aa8188496e3e80,3396e0fb34d92af27dbd982bd5cea16fbeae7cc3b4d3bb64ee9f04ca959cdaf7,788b680ccd19af1a5078a29468ccedec71924988f53e9d5a9bcec65b838a6f75,0.32564102564102565,0.3209714649984721,0.39144379212872366,0.2747177160735124,0.3268238159970733,0.9948717948717949,0.9253846153846154,0.7962820512820513,0.8833333333333334,0.8837199778222425,0.11742363003039875,0.06380023433270596,0.0449655707628716,0.4128205128205128,0.3638461538461538,0.35820512820512823
dim8-xcov0p2-fold3-seed912,8,0.2,3,912,75,parun-v1-f4510603dd1c3f18742644167cb12169534a9a3f8ce55b016a9b9a64b4a555f8,ebead9009ee83816f5ac1ad5ca37e0cb8e7950fa,9654a265840ef7d8b1fb47e67bbb76458965a62afd55c36c11a398c91dfc98a6,canine_cutaneous_scc_dinov2_paired_acquisition,5db383771614a9018a72d57ba8dd45c8f89adb4cb665103133aa8188496e3e80,3396e0fb34d92af27dbd982bd5cea16fbeae7cc3b4d3bb64ee9f04ca959cdaf7,9143cda1072e3664a49e6e3b2d1d8494f0763cee9176381e29119d33155f8fac,0.35769230769230764,0.3563787687556642,0.42011087235503036,0.30245953619084204,0.38084931857967247,0.9923076923076923,0.9238461538461539,0.7974358974358975,0.885897435897436,0.8863147639124357,0.13158729092854796,0.09211782861917572,0.10321521516778728,0.3717948717948718,0.3646153846153846,0.36653846153846154
dim8-xcov0p2-fold3-seed913,8,0.2,3,913,75,parun-v1-4ecb2e633c28d3ea746d0d0170936021fcf806409ec5051a7dd8226fc50e4256,ebead9009ee83816f5ac1ad5ca37e0cb8e7950fa,9654a265840ef7d8b1fb47e67bbb76458965a62afd55c36c11a398c91dfc98a6,canine_cutaneous_scc_dinov2_paired_acquisition,5db383771614a9018a72d57ba8dd45c8f89adb4cb665103133aa8188496e3e80,3396e0fb34d92af27dbd982bd5cea16fbeae7cc3b4d3bb64ee9f04ca959cdaf7,47c382edc2395527f2c22f60c32f9c18fc1f027496589778ff6018dd434a35ba,0.4076923076923077,0.40205762903008263,0.3823090057940985,0.28172723710785547,0.3866459957173627,0.9961538461538462,0.9215384615384615,0.7892307692307692,0.8897435897435898,0.8900180348194562,0.12545362589480236,0.0770444255113896,0.06152803229729608,0.38974358974358975,0.3728205128205128,0.3632051282051282
dim8-xcov0p2-fold3-seed914,8,0.2,3,914,75,parun-v1-25fa9973c1e7e9f6ea188beef093a2dfa7df83f96dcb91b9f5cd8a3fc730ddd6,ebead9009ee83816f5ac1ad5ca37e0cb8e7950fa,9654a265840ef7d8b1fb47e67bbb76458965a62afd55c36c11a398c91dfc98a6,canine_cutaneous_scc_dinov2_paired_acquisition,5db383771614a9018a72d57ba8dd45c8f89adb4cb665103133aa8188496e3e80,3396e0fb34d92af27dbd982bd5cea16fbeae7cc3b4d3bb64ee9f04ca959cdaf7,d78a282b3884d291121ce06532ba18e7f669118925ae184dacc36cd7c6b6b431,0.35769230769230764,0.3505155434188099,0.4682503975715096,0.4175465785330656,0.47169468879956183,0.9961538461538462,0.9194871794871795,0.7817948717948718,0.8910256410256411,0.8915076429940114,0.12254166506785362,0.08283077493798299,0.08279547116363059,0.4,0.3682051282051282,0.3678205128205128
dim8-xcov0p2-fold3-seed915,8,0.2,3,915,75,parun-v1-7344a4d4e628ff807b94d93c5e7a4deddbc419db26fbdf15ec3d01433c995420,ebead9009ee83816f5ac1ad5ca37e0cb8e7950fa,9654a265840ef7d8b1fb47e67bbb76458965a62afd55c36c11a398c91dfc98a6,canine_cutaneous_scc_dinov2_paired_acquisition,5db383771614a9018a72d57ba8dd45c8f89adb4cb665103133aa8188496e3e80,3396e0fb34d92af27dbd982bd5cea16fbeae7cc3b4d3bb64ee9f04ca959cdaf7,eb78143a1b9c18c92198ec81bb92c912e3219330c6e15c3b8beac6d2a6cc0cc4,0.3948717948717949,0.39091754966790376,0.4054660859777701,0.36188425134831775,0.44034329208282824,0.9948717948717949,0.9235897435897436,0.7956410256410257,0.8923076923076924,0.892448046186632,0.15420350331913588,0.09014221488045807,0.07891883849724453,0.38846153846153847,0.3787179487179487,0.3667948717948718
dim8-xcov0p2-fold4-seed911,8,0.2,4,911,75,parun-v1-b609949bf4ae0a1517486b263a1a00e6d895df27376c0f9775fe7ac772e66fb3,ebead9009ee83816f5ac1ad5ca37e0cb8e7950fa,9654a265840ef7d8b1fb47e67bbb76458965a62afd55c36c11a398c91dfc98a6,canine_cutaneous_scc_dinov2_paired_acquisition,5db383771614a9018a72d57ba8dd45c8f89adb4cb665103133aa8188496e3e80,a382ed29bc8bd74178282183fcbb9d2a3f66665391a4be234acdb6f3eac995f6,6acf6c0707388b5254a70464d25d2a7986f98adff8089ea2d85596136ef93103,0.37543859649122807,0.3706895421616845,0.3367631040435001,0.31263487490676656,0.4273723352373646,0.9625730994152046,0.8846783625730994,0.7429239766081871,0.888888888888889,0.8885141487107544,0.16047050262124535,0.125863880585969,0.17276781723371362,0.26783625730994154,0.26994152046783626,0.2625730994152047
dim8-xcov0p2-fold4-seed912,8,0.2,4,912,75,parun-v1-997ee7508c410c47b3fb929d324aec9ed84c8b27687111a9235acd981505243a,ebead9009ee83816f5ac1ad5ca37e0cb8e7950fa,9654a265840ef7d8b1fb47e67bbb76458965a62afd55c36c11a398c91dfc98a6,canine_cutaneous_scc_dinov2_paired_acquisition,5db383771614a9018a72d57ba8dd45c8f89adb4cb665103133aa8188496e3e80,a382ed29bc8bd74178282183fcbb9d2a3f66665391a4be234acdb6f3eac995f6,7977eb2ed6639764823c063e8735c9fa703f2f3f8617fd7b6fbccd2612df7bc9,0.3473684210526316,0.3421765920097114,0.327831204026326,0.3043418702916646,0.3819391111876246,0.9649122807017544,0.8863157894736842,0.7478362573099415,0.8818713450292396,0.8816397203344953,0.1340806604199232,0.10213346998262116,0.12491763334963979,0.2736842105263158,0.26128654970760234,0.25415204678362574
dim8-xcov0p2-fold4-seed913,8,0.2,4,913,75,parun-v1-4491aa0af66291776a5bc2a1e4246bac255ab3aeba7bf3c74063b8a85fe4bd10,ebead9009ee83816f5ac1ad5ca37e0cb8e7950fa,9654a265840ef7d8b1fb47e67bbb76458965a62afd55c36c11a398c91dfc98a6,canine_cutaneous_scc_dinov2_paired_acquisition,5db383771614a9018a72d57ba8dd45c8f89adb4cb665103133aa8188496e3e80,a382ed29bc8bd74178282183fcbb9d2a3f66665391a4be234acdb6f3eac995f6,5724c813f9aa4839eeef8ab813c481c6c84936ff9e5378f71882e7e12444a99c,0.3929824561403509,0.39067499916992376,0.36673313946888125,0.35350198642624353,0.44581214361623095,0.9625730994152046,0.879766081871345,0.7390643274853801,0.8842105263157896,0.8839004035519082,0.15892387181659143,0.1111161476092672,0.13225998101170142,0.30760233918128654,0.2685380116959064,0.25859649122807016
dim8-xcov0p2-fold4-seed914,8,0.2,4,914,75,parun-v1-303e2f99833e0ad37a27625aa8f466a6eb8dd22184f92b049ff861388ca6e228,ebead9009ee83816f5ac1ad5ca37e0cb8e7950fa,9654a265840ef7d8b1fb47e67bbb76458965a62afd55c36c11a398c91dfc98a6,canine_cutaneous_scc_dinov2_paired_acquisition,5db383771614a9018a72d57ba8dd45c8f89adb4cb665103133aa8188496e3e80,a382ed29bc8bd74178282183fcbb9d2a3f66665391a4be234acdb6f3eac995f6,af2713044289b4bbd93440be52ac3568d0b7a4e8368c4b4de8135d354555337e,0.3684210526315789,0.36580164902932966,0.34050551465772444,0.31272154741405794,0.42280516634585247,0.9637426900584796,0.888187134502924,0.7447953216374269,0.8830409356725145,0.8830218940600426,0.13219533153441093,0.10494441148652568,0.13474846807887236,0.30058479532163745,0.2818713450292398,0.2667836257309942
dim8-xcov0p2-fold4-seed915,8,0.2,4,915,75,parun-v1-bdfd503d2c9192c32642151db1ac4516d9ad5fd6b62930e440e577afb5ed4eeb,ebead9009ee83816f5ac1ad5ca37e0cb8e7950fa,9654a265840ef7d8b1fb47e67bbb76458965a62afd55c36c11a398c91dfc98a6,canine_cutaneous_scc_dinov2_paired_acquisition,5db383771614a9018a72d57ba8dd45c8f89adb4cb665103133aa8188496e3e80,a382ed29bc8bd74178282183fcbb9d2a3f66665391a4be234acdb6f3eac995f6,4a302cb0ad7d6b0713adcb835cee85cbc0eb1cae062a3aa7d7ef4e919c062b4e,0.3590643274853801,0.3570422417696781,0.38578831515490236,0.3637765672345945,0.4740532575912916,0.9660818713450292,0.8874853801169591,0.7442105263157894,0.8970760233918128,0.8967809759741161,0.1457527209428915,0.08835112801606022,0.10298497420129522,0.295906432748538,0.2694736842105263,0.26035087719298244
