cell_key,acquisition_dim,cross_covariance_weight,fold,seed,epochs,classification,run_id,record_sha256,code_commit,environment_sha256,dataset_source_sha256,split_manifest_sha256,pair_assignments_sha256
dim16-xcov0-fold0-seed911,16,0.0,0,911,75,valid and complete,parun-v1-ec895c446a2fb32716d4048c8bf19432e24187da819b5a73d11701f161d85dac,9a9a7efe4eb28328dbea0a7ce71f46cfd6e436552c856f954f47375aa07cff76,ebead9009ee83816f5ac1ad5ca37e0cb8e7950fa,9654a265840ef7d8b1fb47e67bbb76458965a62afd55c36c11a398c91dfc98a6,5db383771614a9018a72d57ba8dd45c8f89adb4cb665103133aa8188496e3e80,19306704f6dc919790d13d0f77bfe2b6975b0fbf34388553f0a31aced97a7081,d569107cee1d5c33dc8acb011b678be13c8287cdff20ecd0d74c69622c527681
dim16-xcov0-fold0-seed912,16,0.0,0,912,75,valid and complete,parun-v1-61f3dca7cfcaf8bd74bbb6f7a070b83c8b07ba66a1c6b2318b5b6fe756a320bd,a0a7328b5dda265f89ce738558760336c62fc7fedf53e58fcb955f167bb57821,ebead9009ee83816f5ac1ad5ca37e0cb8e7950fa,9654a265840ef7d8b1fb47e67bbb76458965a62afd55c36c11a398c91dfc98a6,5db383771614a9018a72d57ba8dd45c8f89adb4cb665103133aa8188496e3e80,19306704f6dc919790d13d0f77bfe2b6975b0fbf34388553f0a31aced97a7081,fa4685584229e9ec5493f5f4b7f8bb9add4374fa9aeae6e2719792c727a859b7
dim16-xcov0-fold0-seed913,16,0.0,0,913,75,valid and complete,parun-v1-24a846f1c03508e5deb2d1000279880456f0e0da21eff0b5fb290decac091058,3ad448ce338a761d95f509709f345d14519088cfb08c829768aaee1d30429e2f,ebead9009ee83816f5ac1ad5ca37e0cb8e7950fa,9654a265840ef7d8b1fb47e67bbb76458965a62afd55c36c11a398c91dfc98a6,5db383771614a9018a72d57ba8dd45c8f89adb4cb665103133aa8188496e3e80,19306704f6dc919790d13d0f77bfe2b6975b0fbf34388553f0a31aced97a7081,aaf93a6fcf6e2a9d2a9fde816f911dde3574a64434ebab8795e3d83dc62e9153
dim16-xcov0-fold0-seed914,16,0.0,0,914,75,valid and complete,parun-v1-c23a9fb7df8d955faed711c1752960239ed00a7d33a7cac52bc43a85a36065f1,05cdedf548004a3e678c91b4503db52b2ac509d9ec483979003ee1285b5790f4,ebead9009ee83816f5ac1ad5ca37e0cb8e7950fa,9654a265840ef7d8b1fb47e67bbb76458965a62afd55c36c11a398c91dfc98a6,5db383771614a9018a72d57ba8dd45c8f89adb4cb665103133aa8188496e3e80,19306704f6dc919790d13d0f77bfe2b6975b0fbf34388553f0a31aced97a7081,471e2cdd2fc6bef98846edeb5ba50f18c4f8656d7f52de795c18ce01d5c0e27c
dim16-xcov0-fold0-seed915,16,0.0,0,915,75,valid and complete,parun-v1-680f8f93f09b27cfe8f91ba37d7781133d2d91167c23a2f66488c6ea59f90580,559e1296652f8bd78558d2627a9c6f72bf611eeee321d1c9c963d1a83544bc82,ebead9009ee83816f5ac1ad5ca37e0cb8e7950fa,9654a265840ef7d8b1fb47e67bbb76458965a62afd55c36c11a398c91dfc98a6,5db383771614a9018a72d57ba8dd45c8f89adb4cb665103133aa8188496e3e80,19306704f6dc919790d13d0f77bfe2b6975b0fbf34388553f0a31aced97a7081,69e1fa8bfef235e1dcf46339bf46496ef60dc50aa1033dbc9113bcc9dcb09f09
dim16-xcov0-fold1-seed911,16,0.0,1,911,75,valid and complete,parun-v1-3cdacea862dbf7c24b3fec406442ada794829e7c4aa7e9cbfdcc8d644096d1d2,78dca721f7d95aaa6bf3958f26a4a281fec3acd2da7e5e166898d0989be66ae8,ebead9009ee83816f5ac1ad5ca37e0cb8e7950fa,9654a265840ef7d8b1fb47e67bbb76458965a62afd55c36c11a398c91dfc98a6,5db383771614a9018a72d57ba8dd45c8f89adb4cb665103133aa8188496e3e80,96501c9be1258f74c119d9f88a61c6945cf51f8c56ab53147b6c0b10792b3212,4b71f8ec363b6ac63db9f82872fa5c7ab5807a34e9ec5b0b43d6868e5fdbb9c2
dim16-xcov0-fold1-seed912,16,0.0,1,912,75,valid and complete,parun-v1-8197096270ab0870ee99248de16e974a7035bef20df13ca4abcd7fa677c8cf56,de72caf996bbcbbda02612c5255e6b5b545f165f10535ee569d553bd1ef5c7a5,ebead9009ee83816f5ac1ad5ca37e0cb8e7950fa,9654a265840ef7d8b1fb47e67bbb76458965a62afd55c36c11a398c91dfc98a6,5db383771614a9018a72d57ba8dd45c8f89adb4cb665103133aa8188496e3e80,96501c9be1258f74c119d9f88a61c6945cf51f8c56ab53147b6c0b10792b3212,f8c616da5b2df50729c7df94506e219d3178fc5210df108a9bd19fdc705bc64c
dim16-xcov0-fold1-seed913,16,0.0,1,913,75,valid and complete,parun-v1-8fbd6663b5a715a558b0c4907efebcbc5d218128ae56f77a08eeb5b4e640b5e9,fedfadbdc0966efd6246d0ec7261c81ea8bc5c06897b648662f7e581d32ef278,ebead9009ee83816f5ac1ad5ca37e0cb8e7950fa,9654a265840ef7d8b1fb47e67bbb76458965a62afd55c36c11a398c91dfc98a6,5db383771614a9018a72d57ba8dd45c8f89adb4cb665103133aa8188496e3e80,96501c9be1258f74c119d9f88a61c6945cf51f8c56ab53147b6c0b10792b3212,15982657a25be52fa73802a18ef4fdcdff3af4a7333ae1226cea85949040fe89
dim16-xcov0-fold1-seed914,16,0.0,1,914,75,valid and complete,parun-v1-8d328c68a3edbf48c70078fec319894893c211d94f29dc12856b13c0a0c02aed,609c3d60bae927286fc886bc4b15df0daf8485f57c276c4f7a07371e86965fbf,ebead9009ee83816f5ac1ad5ca37e0cb8e7950fa,9654a265840ef7d8b1fb47e67bbb76458965a62afd55c36c11a398c91dfc98a6,5db383771614a9018a72d57ba8dd45c8f89adb4cb665103133aa8188496e3e80,96501c9be1258f74c119d9f88a61c6945cf51f8c56ab53147b6c0b10792b3212,b6d68ca618d55dba9f14a3abab5eab20c9dd642686516063f1b5e92b03aa852a
dim16-xcov0-fold1-seed915,16,0.0,1,915,75,valid and complete,parun-v1-6e48207ed52fa86f1e90e6ea2085649e64898b22c21895ebae94984e3ce7b3d1,07363b951b8fd9c4274f782ce79d7ebaf28764f184820ce57c76c9e9ec2534da,ebead9009ee83816f5ac1ad5ca37e0cb8e7950fa,9654a265840ef7d8b1fb47e67bbb76458965a62afd55c36c11a398c91dfc98a6,5db383771614a9018a72d57ba8dd45c8f89adb4cb665103133aa8188496e3e80,96501c9be1258f74c119d9f88a61c6945cf51f8c56ab53147b6c0b10792b3212,41209e4d02ee396812654aa1c5f410b4b06c2428fbd18ad896ed92231aa7e68d
dim16-xcov0-fold2-seed911,16,0.0,2,911,75,valid and complete,parun-v1-a400fca73eed184933fc987dd7e3f584111106fe20ee385dab83ce9d2e541f06,75acb6f794e2419ad39af7b508d51c052385dd7dbb962cf24c067c2b684145f1,ebead9009ee83816f5ac1ad5ca37e0cb8e7950fa,9654a265840ef7d8b1fb47e67bbb76458965a62afd55c36c11a398c91dfc98a6,5db383771614a9018a72d57ba8dd45c8f89adb4cb665103133aa8188496e3e80,6d6c2bc39de24244e414816dd4386fd0a61c94fc2e7d66f6e88aef61f66e1f3e,93e99ccaaa2200a6a9d2e8fd3c1050764304a1915e0fa320a1ab37f96adf9f57
dim16-xcov0-fold2-seed912,16,0.0,2,912,75,valid and complete,parun-v1-3c14e0f1c97edbe667ed08692135776de50b99eb757fa97e9427dd0d4a5a2d06,b5e3c300b34d17e3b758f45227be12c6a47acaaef50e79d0a45e89eeed299b9c,ebead9009ee83816f5ac1ad5ca37e0cb8e7950fa,9654a265840ef7d8b1fb47e67bbb76458965a62afd55c36c11a398c91dfc98a6,5db383771614a9018a72d57ba8dd45c8f89adb4cb665103133aa8188496e3e80,6d6c2bc39de24244e414816dd4386fd0a61c94fc2e7d66f6e88aef61f66e1f3e,a8cc4504a50f85b3737249d3bd3e015b1f8d0a87d9b6a9d2a79b6f287630c7c9
dim16-xcov0-fold2-seed913,16,0.0,2,913,75,valid and complete,parun-v1-1e2557cbc1e3761bc00667826d331e0fda5f65387b5969fcfffdcab474ff05dd,c308509cc44b20b35218d41dab145e73ff2a4b1a5cea8412d011511fd8d4f5a5,ebead9009ee83816f5ac1ad5ca37e0cb8e7950fa,9654a265840ef7d8b1fb47e67bbb76458965a62afd55c36c11a398c91dfc98a6,5db383771614a9018a72d57ba8dd45c8f89adb4cb665103133aa8188496e3e80,6d6c2bc39de24244e414816dd4386fd0a61c94fc2e7d66f6e88aef61f66e1f3e,1b7e89fba89f7566ae185fc800936c590fe515220ab53f006ebc3133b8da59fc
dim16-xcov0-fold2-seed914,16,0.0,2,914,75,valid and complete,parun-v1-ca8f33dba412876353047baf0f09858e1acd45fb5543b700cc68b1482f6ecf25,c1d02e59c08ae8a983883cb78baaf973707c30e7576a44ca35db835ecb7114fd,ebead9009ee83816f5ac1ad5ca37e0cb8e7950fa,9654a265840ef7d8b1fb47e67bbb76458965a62afd55c36c11a398c91dfc98a6,5db383771614a9018a72d57ba8dd45c8f89adb4cb665103133aa8188496e3e80,6d6c2bc39de24244e414816dd4386fd0a61c94fc2e7d66f6e88aef61f66e1f3e,c789db08d9ef36d74d4c6c3b9858511f08661765bac3ee799dc3a9982143160a
dim16-xcov0-fold2-seed915,16,0.0,2,915,75,valid and complete,parun-v1-395be44e72672a9814321311c39593edf7ba14a66f4b8fba59eaa19bed8a7832,fa80847f87789a11f56f06a044670c2c46a121171ec407ce18dc2cc8288d3e5c,ebead9009ee83816f5ac1ad5ca37e0cb8e7950fa,9654a265840ef7d8b1fb47e67bbb76458965a62afd55c36c11a398c91dfc98a6,5db383771614a9018a72d57ba8dd45c8f89adb4cb665103133aa8188496e3e80,6d6c2bc39de24244e414816dd4386fd0a61c94fc2e7d66f6e88aef61f66e1f3e,d336a73f85511cd34eb983aaf5e39f7ab3033271a7da72741e3648c4fe632bcc
dim16-xcov0-fold3-seed911,16,0.0,3,911,75,valid and complete,parun-v1-c9bf0111de6950db414647539ab4bd9431d6ee75cea8d73a77e7386eb0305a05,3b1e77f7b148846ba2a3f15727caab9cfcdbfab4dd92263d2aeb81e75df2adbe,ebead9009ee83816f5ac1ad5ca37e0cb8e7950fa,9654a265840ef7d8b1fb47e67bbb76458965a62afd55c36c11a398c91dfc98a6,5db383771614a9018a72d57ba8dd45c8f89adb4cb665103133aa8188496e3e80,3396e0fb34d92af27dbd982bd5cea16fbeae7cc3b4d3bb64ee9f04ca959cdaf7,788b680ccd19af1a5078a29468ccedec71924988f53e9d5a9bcec65b838a6f75
dim16-xcov0-fold3-seed912,16,0.0,3,912,75,valid and complete,parun-v1-2cf563d1ed0098e2e3da9f3c4af3b6c563a3c879e8dafd06d646459c9b6a3e3f,4c186fa60a90e31879e8d91a30e960403b25396e88bbf9eb7aa5f35f0fed8710,ebead9009ee83816f5ac1ad5ca37e0cb8e7950fa,9654a265840ef7d8b1fb47e67bbb76458965a62afd55c36c11a398c91dfc98a6,5db383771614a9018a72d57ba8dd45c8f89adb4cb665103133aa8188496e3e80,3396e0fb34d92af27dbd982bd5cea16fbeae7cc3b4d3bb64ee9f04ca959cdaf7,9143cda1072e3664a49e6e3b2d1d8494f0763cee9176381e29119d33155f8fac
dim16-xcov0-fold3-seed913,16,0.0,3,913,75,valid and complete,parun-v1-2f798737adbdf947b3afd8325a339162e6d0b4ac999ecf62519616da4e10122c,6d6fbe0bca1bacc83e04a080d5e9a0a25fa7a8330ceed11aa4a0fbcae8882794,ebead9009ee83816f5ac1ad5ca37e0cb8e7950fa,9654a265840ef7d8b1fb47e67bbb76458965a62afd55c36c11a398c91dfc98a6,5db383771614a9018a72d57ba8dd45c8f89adb4cb665103133aa8188496e3e80,3396e0fb34d92af27dbd982bd5cea16fbeae7cc3b4d3bb64ee9f04ca959cdaf7,47c382edc2395527f2c22f60c32f9c18fc1f027496589778ff6018dd434a35ba
dim16-xcov0-fold3-seed914,16,0.0,3,914,75,valid and complete,parun-v1-efecd572f5ba6f6af76b25087288f0d272a97738bcd20ea534a8744144cc0cbd,39aee4fb3ee18fb01f11036f5a7bb39c855efe337b3e8fa47c65604a4deae929,ebead9009ee83816f5ac1ad5ca37e0cb8e7950fa,9654a265840ef7d8b1fb47e67bbb76458965a62afd55c36c11a398c91dfc98a6,5db383771614a9018a72d57ba8dd45c8f89adb4cb665103133aa8188496e3e80,3396e0fb34d92af27dbd982bd5cea16fbeae7cc3b4d3bb64ee9f04ca959cdaf7,d78a282b3884d291121ce06532ba18e7f669118925ae184dacc36cd7c6b6b431
dim16-xcov0-fold3-seed915,16,0.0,3,915,75,valid and complete,parun-v1-b8b3e14f2ed3b8dbf05f91f61ee4a02447636571c17120fe0161f08810305cbb,c13dc7531ba1a8a1ac1ceda9a7f6540d53ad15606935839e27ac18b9cb9b65b1,ebead9009ee83816f5ac1ad5ca37e0cb8e7950fa,9654a265840ef7d8b1fb47e67bbb76458965a62afd55c36c11a398c91dfc98a6,5db383771614a9018a72d57ba8dd45c8f89adb4cb665103133aa8188496e3e80,3396e0fb34d92af27dbd982bd5cea16fbeae7cc3b4d3bb64ee9f04ca959cdaf7,eb78143a1b9c18c92198ec81bb92c912e3219330c6e15c3b8beac6d2a6cc0cc4
dim16-xcov0-fold4-seed911,16,0.0,4,911,75,valid and complete,parun-v1-74991e8969fabc2b02d2980d7ffc207c1bdb78e987e508efe89a5add4d13a682,f57ce6a66c9bc4e4fc8acd58a69823f491e0a05ec78082e8f41d68fbb8e47a93,ebead9009ee83816f5ac1ad5ca37e0cb8e7950fa,9654a265840ef7d8b1fb47e67bbb76458965a62afd55c36c11a398c91dfc98a6,5db383771614a9018a72d57ba8dd45c8f89adb4cb665103133aa8188496e3e80,a382ed29bc8bd74178282183fcbb9d2a3f66665391a4be234acdb6f3eac995f6,6acf6c0707388b5254a70464d25d2a7986f98adff8089ea2d85596136ef93103
dim16-xcov0-fold4-seed912,16,0.0,4,912,75,valid and complete,parun-v1-458227dae33602974e9d3325c8b08a6d8e953ee5c22760b6b2f465e981145731,be0dd4d3dfb4806ac3f2061e561ecee9bcdbff2a63b957bb840b40fe6a994ffa,ebead9009ee83816f5ac1ad5ca37e0cb8e7950fa,9654a265840ef7d8b1fb47e67bbb76458965a62afd55c36c11a398c91dfc98a6,5db383771614a9018a72d57ba8dd45c8f89adb4cb665103133aa8188496e3e80,a382ed29bc8bd74178282183fcbb9d2a3f66665391a4be234acdb6f3eac995f6,7977eb2ed6639764823c063e8735c9fa703f2f3f8617fd7b6fbccd2612df7bc9
dim16-xcov0-fold4-seed913,16,0.0,4,913,75,valid and complete,parun-v1-7411aa9ebd3d00cea47e7c1ed1faab0c4fc7aeae96cce5f0bc1ef01c5d3d1a9f,d81476354e80a687ca5ca447b09439f288813b1645fa68f6074c52c1ab84d9ec,ebead9009ee83816f5ac1ad5ca37e0cb8e7950fa,9654a265840ef7d8b1fb47e67bbb76458965a62afd55c36c11a398c91dfc98a6,5db383771614a9018a72d57ba8dd45c8f89adb4cb665103133aa8188496e3e80,a382ed29bc8bd74178282183fcbb9d2a3f66665391a4be234acdb6f3eac995f6,5724c813f9aa4839eeef8ab813c481c6c84936ff9e5378f71882e7e12444a99c
dim16-xcov0-fold4-seed914,16,0.0,4,914,75,valid and complete,parun-v1-23f5507b4da56cbfecc46c75d32cd74c0ee2b28aae5fe838d9deca632821dd3c,076bbe552fc28d18fcf9e3a8c051ed637147cb99398e115d197310d4be3a8632,ebead9009ee83816f5ac1ad5ca37e0cb8e7950fa,9654a265840ef7d8b1fb47e67bbb76458965a62afd55c36c11a398c91dfc98a6,5db383771614a9018a72d57ba8dd45c8f89adb4cb665103133aa8188496e3e80,a382ed29bc8bd74178282183fcbb9d2a3f66665391a4be234acdb6f3eac995f6,af2713044289b4bbd93440be52ac3568d0b7a4e8368c4b4de8135d354555337e
dim16-xcov0-fold4-seed915,16,0.0,4,915,75,valid and complete,parun-v1-3440b0cf36308e2cbb841e291d94af1720691431f30a6e22daec4401f50706d0,febd78e52708f4bb18498af38109645e29d529ec540690d5d83c153632818170,ebead9009ee83816f5ac1ad5ca37e0cb8e7950fa,9654a265840ef7d8b1fb47e67bbb76458965a62afd55c36c11a398c91dfc98a6,5db383771614a9018a72d57ba8dd45c8f89adb4cb665103133aa8188496e3e80,a382ed29bc8bd74178282183fcbb9d2a3f66665391a4be234acdb6f3eac995f6,4a302cb0ad7d6b0713adcb835cee85cbc0eb1cae062a3aa7d7ef4e919c062b4e
dim16-xcov0p05-fold0-seed911,16,0.05,0,911,75,valid and complete,parun-v1-c2049a3386ddf12039f2accb838e02617192317eb481ff81fcbeb078febbe54f,60c835501a048085092f5892471a97289659c7d2776882042f2dfb2aa8e58d8d,ebead9009ee83816f5ac1ad5ca37e0cb8e7950fa,9654a265840ef7d8b1fb47e67bbb76458965a62afd55c36c11a398c91dfc98a6,5db383771614a9018a72d57ba8dd45c8f89adb4cb665103133aa8188496e3e80,19306704f6dc919790d13d0f77bfe2b6975b0fbf34388553f0a31aced97a7081,d569107cee1d5c33dc8acb011b678be13c8287cdff20ecd0d74c69622c527681
dim16-xcov0p05-fold0-seed912,16,0.05,0,912,75,valid and complete,parun-v1-aa8c7756fb03c4097d18ff763b0190f8eb5c4b724debc9da1eee56e40424efd4,33ab7fb3adbc82ce401f57846b29d3895ee1a85b67a699d9a6c6e90ce0a82ad4,ebead9009ee83816f5ac1ad5ca37e0cb8e7950fa,9654a265840ef7d8b1fb47e67bbb76458965a62afd55c36c11a398c91dfc98a6,5db383771614a9018a72d57ba8dd45c8f89adb4cb665103133aa8188496e3e80,19306704f6dc919790d13d0f77bfe2b6975b0fbf34388553f0a31aced97a7081,fa4685584229e9ec5493f5f4b7f8bb9add4374fa9aeae6e2719792c727a859b7
dim16-xcov0p05-fold0-seed913,16,0.05,0,913,75,valid and complete,parun-v1-030371fcf0747ca4433f1aa0c36b6025076cea886fa0cb24d82b93e1cdbb5e1b,45cde25a9dfc3924699a8d5eafce493c859bc7547a7c0a3255bc81951f81d6b7,ebead9009ee83816f5ac1ad5ca37e0cb8e7950fa,9654a265840ef7d8b1fb47e67bbb76458965a62afd55c36c11a398c91dfc98a6,5db383771614a9018a72d57ba8dd45c8f89adb4cb665103133aa8188496e3e80,19306704f6dc919790d13d0f77bfe2b6975b0fbf34388553f0a31aced97a7081,aaf93a6fcf6e2a9d2a9fde816f911dde3574a64434ebab8795e3d83dc62e9153
dim16-xcov0p05-fold0-seed914,16,0.05,0,914,75,valid and complete,parun-v1-6762d15a2b71929cf6f337f1791faeb74e7d4cbaaa666be824f41b05d8bcaf47,e1129694a25193a78f48e4fb7edfb4a94866a7ef4e604a4542aa02df6bf399b8,ebead9009ee83816f5ac1ad5ca37e0cb8e7950fa,9654a265840ef7d8b1fb47e67bbb76458965a62afd55c36c11a398c91dfc98a6,5db383771614a9018a72d57ba8dd45c8f89adb4cb665103133aa8188496e3e80,19306704f6dc919790d13d0f77bfe2b6975b0fbf34388553f0a31aced97a7081,471e2cdd2fc6bef98846edeb5ba50f18c4f8656d7f52de795c18ce01d5c0e27c
dim16-xcov0p05-fold0-seed915,16,0.05,0,915,75,valid and complete,parun-v1-9dd844fbe9cac9e4a22e3e26c7207ec7f466204d0b02b7b56c999f1de81d59dd,7f45274010def8133a49763b60bcd53e988c3a02621ab109776104ed6e8af4f8,ebead9009ee83816f5ac1ad5ca37e0cb8e7950fa,9654a265840ef7d8b1fb47e67bbb76458965a62afd55c36c11a398c91dfc98a6,5db383771614a9018a72d57ba8dd45c8f89adb4cb665103133aa8188496e3e80,19306704f6dc919790d13d0f77bfe2b6975b0fbf34388553f0a31aced97a7081,69e1fa8bfef235e1dcf46339bf46496ef60dc50aa1033dbc9113bcc9dcb09f09
dim16-xcov0p05-fold1-seed911,16,0.05,1,911,75,valid and complete,parun-v1-9afe2ee0baca88c0f146d964832be5a8c3290702e1c5fe20bc49999fd8c0c039,b4bd12848e2c53c2dde06b471c11d72c2b51a7cb436816b65b4825dd84a9b6cb,ebead9009ee83816f5ac1ad5ca37e0cb8e7950fa,9654a265840ef7d8b1fb47e67bbb76458965a62afd55c36c11a398c91dfc98a6,5db383771614a9018a72d57ba8dd45c8f89adb4cb665103133aa8188496e3e80,96501c9be1258f74c119d9f88a61c6945cf51f8c56ab53147b6c0b10792b3212,4b71f8ec363b6ac63db9f82872fa5c7ab5807a34e9ec5b0b43d6868e5fdbb9c2
dim16-xcov0p05-fold1-seed912,16,0.05,1,912,75,valid and complete,parun-v1-c682528b4abbb5343ce0f65e8b1a279e74f239839b2277d7e7b65c83b014ef57,14c2d49a863cc63e292ab19b45e5e3d0e1991cd43602427f9147ff8ee6dbd201,ebead9009ee83816f5ac1ad5ca37e0cb8e7950fa,9654a265840ef7d8b1fb47e67bbb76458965a62afd55c36c11a398c91dfc98a6,5db383771614a9018a72d57ba8dd45c8f89adb4cb665103133aa8188496e3e80,96501c9be1258f74c119d9f88a61c6945cf51f8c56ab53147b6c0b10792b3212,f8c616da5b2df50729c7df94506e219d3178fc5210df108a9bd19fdc705bc64c
dim16-xcov0p05-fold1-seed913,16,0.05,1,913,75,valid and complete,parun-v1-642513ce99518066d9b6ab2abef17f88e4686d5563112cafa5826b759c2e6512,9262e07916b5af6d5fb92b350f60fc341cf48cf7aa74a632012d22356f3edd7a,ebead9009ee83816f5ac1ad5ca37e0cb8e7950fa,9654a265840ef7d8b1fb47e67bbb76458965a62afd55c36c11a398c91dfc98a6,5db383771614a9018a72d57ba8dd45c8f89adb4cb665103133aa8188496e3e80,96501c9be1258f74c119d9f88a61c6945cf51f8c56ab53147b6c0b10792b3212,15982657a25be52fa73802a18ef4fdcdff3af4a7333ae1226cea85949040fe89
dim16-xcov0p05-fold1-seed914,16,0.05,1,914,75,valid and complete,parun-v1-7dc53281b0d051eec2ca117a969bdb158a1a4402d90646185ef6383796e84c12,b13c06ff32fba3f571e9edcb3ae8194d52055e7b517e0aa41bd2fcde362af0a7,ebead9009ee83816f5ac1ad5ca37e0cb8e7950fa,9654a265840ef7d8b1fb47e67bbb76458965a62afd55c36c11a398c91dfc98a6,5db383771614a9018a72d57ba8dd45c8f89adb4cb665103133aa8188496e3e80,96501c9be1258f74c119d9f88a61c6945cf51f8c56ab53147b6c0b10792b3212,b6d68ca618d55dba9f14a3abab5eab20c9dd642686516063f1b5e92b03aa852a
dim16-xcov0p05-fold1-seed915,16,0.05,1,915,75,valid and complete,parun-v1-9215811d53f6cec5368d0e909153e67eed944fa8389ed1755cc29e19d06ab9b6,228f68d75ba58a2a5b8a2dd9e0e1572545a8ab3fd3507aaab1cf7514e300c5ca,ebead9009ee83816f5ac1ad5ca37e0cb8e7950fa,9654a265840ef7d8b1fb47e67bbb76458965a62afd55c36c11a398c91dfc98a6,5db383771614a9018a72d57ba8dd45c8f89adb4cb665103133aa8188496e3e80,96501c9be1258f74c119d9f88a61c6945cf51f8c56ab53147b6c0b10792b3212,41209e4d02ee396812654aa1c5f410b4b06c2428fbd18ad896ed92231aa7e68d
dim16-xcov0p05-fold2-seed911,16,0.05,2,911,75,valid and complete,parun-v1-01ac11777d83639b599bfeaa163f38a07832c796552abb6837a32a4501d8e7b0,4fa5c6f75e4a98d8c1fdd2a03349a8503224d560c85da40744f61a0e838d0e35,ebead9009ee83816f5ac1ad5ca37e0cb8e7950fa,9654a265840ef7d8b1fb47e67bbb76458965a62afd55c36c11a398c91dfc98a6,5db383771614a9018a72d57ba8dd45c8f89adb4cb665103133aa8188496e3e80,6d6c2bc39de24244e414816dd4386fd0a61c94fc2e7d66f6e88aef61f66e1f3e,93e99ccaaa2200a6a9d2e8fd3c1050764304a1915e0fa320a1ab37f96adf9f57
dim16-xcov0p05-fold2-seed912,16,0.05,2,912,75,valid and complete,parun-v1-af7b0288a7fee42ee4e28173b048f6fe76fdde20e551a4833192889cd4c450af,fcaa860c40eac81c66722b5152f4d9cb4fe7294d56be9afc8017fe7912dde03d,ebead9009ee83816f5ac1ad5ca37e0cb8e7950fa,9654a265840ef7d8b1fb47e67bbb76458965a62afd55c36c11a398c91dfc98a6,5db383771614a9018a72d57ba8dd45c8f89adb4cb665103133aa8188496e3e80,6d6c2bc39de24244e414816dd4386fd0a61c94fc2e7d66f6e88aef61f66e1f3e,a8cc4504a50f85b3737249d3bd3e015b1f8d0a87d9b6a9d2a79b6f287630c7c9
dim16-xcov0p05-fold2-seed913,16,0.05,2,913,75,valid and complete,parun-v1-f3d5786559e6fef7494df02450fff8b8ba909c69f57af5956431ee06615e57c4,05f40b30e0c7d0df9ef083b479f06317689977781d61e23a0cb8b9eef66a3eca,ebead9009ee83816f5ac1ad5ca37e0cb8e7950fa,9654a265840ef7d8b1fb47e67bbb76458965a62afd55c36c11a398c91dfc98a6,5db383771614a9018a72d57ba8dd45c8f89adb4cb665103133aa8188496e3e80,6d6c2bc39de24244e414816dd4386fd0a61c94fc2e7d66f6e88aef61f66e1f3e,1b7e89fba89f7566ae185fc800936c590fe515220ab53f006ebc3133b8da59fc
dim16-xcov0p05-fold2-seed914,16,0.05,2,914,75,valid and complete,parun-v1-57a0aecd232612f555cb2675ffcd6b1d1d19f433960953613a4021e34c3cc3bc,73afafd6e54619f724d4ec044ff7f09097ec866ea0cff855de773e0f0495c532,ebead9009ee83816f5ac1ad5ca37e0cb8e7950fa,9654a265840ef7d8b1fb47e67bbb76458965a62afd55c36c11a398c91dfc98a6,5db383771614a9018a72d57ba8dd45c8f89adb4cb665103133aa8188496e3e80,6d6c2bc39de24244e414816dd4386fd0a61c94fc2e7d66f6e88aef61f66e1f3e,c789db08d9ef36d74d4c6c3b9858511f08661765bac3ee799dc3a9982143160a
dim16-xcov0p05-fold2-seed915,16,0.05,2,915,75,valid and complete,parun-v1-c6521086c5b77552472e3c03b904036932df4cdeaf622c059827cf269716a15b,d81ac9f12749eaea0c7cf68f778b22f09f827dda77c7a7e6a18e3fb51abada06,ebead9009ee83816f5ac1ad5ca37e0cb8e7950fa,9654a265840ef7d8b1fb47e67bbb76458965a62afd55c36c11a398c91dfc98a6,5db383771614a9018a72d57ba8dd45c8f89adb4cb665103133aa8188496e3e80,6d6c2bc39de24244e414816dd4386fd0a61c94fc2e7d66f6e88aef61f66e1f3e,d336a73f85511cd34eb983aaf5e39f7ab3033271a7da72741e3648c4fe632bcc
dim16-xcov0p05-fold3-seed911,16,0.05,3,911,75,valid and complete,parun-v1-0f29d23a338bc1321d0da12283b2b1242182af699efb1892beb7700ed0d1f548,55651b6cb46b713a7131869103d7001a674761e5f954025447fd29c3d114e5cf,ebead9009ee83816f5ac1ad5ca37e0cb8e7950fa,9654a265840ef7d8b1fb47e67bbb76458965a62afd55c36c11a398c91dfc98a6,5db383771614a9018a72d57ba8dd45c8f89adb4cb665103133aa8188496e3e80,3396e0fb34d92af27dbd982bd5cea16fbeae7cc3b4d3bb64ee9f04ca959cdaf7,788b680ccd19af1a5078a29468ccedec71924988f53e9d5a9bcec65b838a6f75
dim16-xcov0p05-fold3-seed912,16,0.05,3,912,75,valid and complete,parun-v1-a4af465a8d7a013ba6c5dcb62a475fc09679a38a9cc61685a0795eb09ad1998c,6508d1d0252b941f4bf8cda9ca7e9ba8f8f4dc398a939a23b18cc48af95e3ec0,ebead9009ee83816f5ac1ad5ca37e0cb8e7950fa,9654a265840ef7d8b1fb47e67bbb76458965a62afd55c36c11a398c91dfc98a6,5db383771614a9018a72d57ba8dd45c8f89adb4cb665103133aa8188496e3e80,3396e0fb34d92af27dbd982bd5cea16fbeae7cc3b4d3bb64ee9f04ca959cdaf7,9143cda1072e3664a49e6e3b2d1d8494f0763cee9176381e29119d33155f8fac
dim16-xcov0p05-fold3-seed913,16,0.05,3,913,75,valid and complete,parun-v1-998cc5cc4eab7fbbc0cab7a8d3143bc4ddf83727ce36922b21fdf63f43d2ba29,0cc613abae05ce9ba536816468ba802f316d8a748cb02a7deb9637af58735c4a,ebead9009ee83816f5ac1ad5ca37e0cb8e7950fa,9654a265840ef7d8b1fb47e67bbb76458965a62afd55c36c11a398c91dfc98a6,5db383771614a9018a72d57ba8dd45c8f89adb4cb665103133aa8188496e3e80,3396e0fb34d92af27dbd982bd5cea16fbeae7cc3b4d3bb64ee9f04ca959cdaf7,47c382edc2395527f2c22f60c32f9c18fc1f027496589778ff6018dd434a35ba
dim16-xcov0p05-fold3-seed914,16,0.05,3,914,75,valid and complete,parun-v1-02184929f90612e678ca6105a5ca46d22b9fec5d249a167091abb8655047692b,2c6a2dd4cb7519718152e6512d33ac83ef43991311b513867400d86b650c0388,ebead9009ee83816f5ac1ad5ca37e0cb8e7950fa,9654a265840ef7d8b1fb47e67bbb76458965a62afd55c36c11a398c91dfc98a6,5db383771614a9018a72d57ba8dd45c8f89adb4cb665103133aa8188496e3e80,3396e0fb34d92af27dbd982bd5cea16fbeae7cc3b4d3bb64ee9f04ca959cdaf7,d78a282b3884d291121ce06532ba18e7f669118925ae184dacc36cd7c6b6b431
dim16-xcov0p05-fold3-seed915,16,0.05,3,915,75,valid and complete,parun-v1-5a63d794d60e3d75cba5dbe9a3d3a713daae7023af4168bbbad2d1c3d9dc42a1,3d5fbf38d2ed816f05e117218730ec9bec403fea5a1dc09364917bfa420c0a0b,ebead9009ee83816f5ac1ad5ca37e0cb8e7950fa,9654a265840ef7d8b1fb47e67bbb76458965a62afd55c36c11a398c91dfc98a6,5db383771614a9018a72d57ba8dd45c8f89adb4cb665103133aa8188496e3e80,3396e0fb34d92af27dbd982bd5cea16fbeae7cc3b4d3bb64ee9f04ca959cdaf7,eb78143a1b9c18c92198ec81bb92c912e3219330c6e15c3b8beac6d2a6cc0cc4
dim16-xcov0p05-fold4-seed911,16,0.05,4,911,75,valid and complete,parun-v1-d58ca674c5aeb5c90a89c88e2109cf2841ea1509675bca436e9696026291858d,f4aba28ef9470ab1af2d5fdaeb9c3d4b566bb22ab98d3d51e85e0f695e3cd0e1,ebead9009ee83816f5ac1ad5ca37e0cb8e7950fa,9654a265840ef7d8b1fb47e67bbb76458965a62afd55c36c11a398c91dfc98a6,5db383771614a9018a72d57ba8dd45c8f89adb4cb665103133aa8188496e3e80,a382ed29bc8bd74178282183fcbb9d2a3f66665391a4be234acdb6f3eac995f6,6acf6c0707388b5254a70464d25d2a7986f98adff8089ea2d85596136ef93103
dim16-xcov0p05-fold4-seed912,16,0.05,4,912,75,valid and complete,parun-v1-4f956bb47887def44ec8faf42f12725b91ce811a19caab6777ffe1f5cffef33c,f4cc70b81d3b23d9c5f0a0f7ab6f63742c5b2bb68461ab298487bc450f6c0735,ebead9009ee83816f5ac1ad5ca37e0cb8e7950fa,9654a265840ef7d8b1fb47e67bbb76458965a62afd55c36c11a398c91dfc98a6,5db383771614a9018a72d57ba8dd45c8f89adb4cb665103133aa8188496e3e80,a382ed29bc8bd74178282183fcbb9d2a3f66665391a4be234acdb6f3eac995f6,7977eb2ed6639764823c063e8735c9fa703f2f3f8617fd7b6fbccd2612df7bc9
dim16-xcov0p05-fold4-seed913,16,0.05,4,913,75,valid and complete,parun-v1-042fc4c6b08f99defc5f1990298fdff620a65f4c7616969bd6f5ce1fb1e23ae1,366f9c6801b1f88fb569216fb815c8d88ed013dc2d10de061c87f963671c6739,ebead9009ee83816f5ac1ad5ca37e0cb8e7950fa,9654a265840ef7d8b1fb47e67bbb76458965a62afd55c36c11a398c91dfc98a6,5db383771614a9018a72d57ba8dd45c8f89adb4cb665103133aa8188496e3e80,a382ed29bc8bd74178282183fcbb9d2a3f66665391a4be234acdb6f3eac995f6,5724c813f9aa4839eeef8ab813c481c6c84936ff9e5378f71882e7e12444a99c
dim16-xcov0p05-fold4-seed914,16,0.05,4,914,75,valid and complete,parun-v1-673b734dabcdf8d5e9fc509cf768e4a018795d9dd284909bcf9da4b89c8d4458,84b0774c6ce53eb2f12a919e2f5343fac6f68b45ffe66607cc25a64e61ba22d0,ebead9009ee83816f5ac1ad5ca37e0cb8e7950fa,9654a265840ef7d8b1fb47e67bbb76458965a62afd55c36c11a398c91dfc98a6,5db383771614a9018a72d57ba8dd45c8f89adb4cb665103133aa8188496e3e80,a382ed29bc8bd74178282183fcbb9d2a3f66665391a4be234acdb6f3eac995f6,af2713044289b4bbd93440be52ac3568d0b7a4e8368c4b4de8135d354555337e
dim16-xcov0p05-fold4-seed915,16,0.05,4,915,75,valid and complete,parun-v1-f8931ecc9d694c7f853afbd853319fa29b03f10d960e43fc1e6599b2ab4781b4,073e718c38f3800c6dd1a61a2e74f98ddaf7ff2d046ea7f314c3c6b25cb5866b,ebead9009ee83816f5ac1ad5ca37e0cb8e7950fa,9654a265840ef7d8b1fb47e67bbb76458965a62afd55c36c11a398c91dfc98a6,5db383771614a9018a72d57ba8dd45c8f89adb4cb665103133aa8188496e3e80,a382ed29bc8bd74178282183fcbb9d2a3f66665391a4be234acdb6f3eac995f6,4a302cb0ad7d6b0713adcb835cee85cbc0eb1cae062a3aa7d7ef4e919c062b4e
dim16-xcov0p2-fold0-seed911,16,0.2,0,911,75,valid and complete,parun-v1-eae201ccd012756dbfd219ecb60a01ab3e57e63e7d04d86bedd96bb99a4c9c56,791f8e64846d9ea530201684b28ac0fb505aa1ff20e110fab7bedf86e59b96b8,ebead9009ee83816f5ac1ad5ca37e0cb8e7950fa,9654a265840ef7d8b1fb47e67bbb76458965a62afd55c36c11a398c91dfc98a6,5db383771614a9018a72d57ba8dd45c8f89adb4cb665103133aa8188496e3e80,19306704f6dc919790d13d0f77bfe2b6975b0fbf34388553f0a31aced97a7081,d569107cee1d5c33dc8acb011b678be13c8287cdff20ecd0d74c69622c527681
dim16-xcov0p2-fold0-seed912,16,0.2,0,912,75,valid and complete,parun-v1-c1289f961f95821b9fee0e5a27bef69ba1b128cf5c56702f277862eedce5e578,3a03fa3bdbbfc507b509eb56b6eb75918e3b50edfc30a92a559d369200c26967,ebead9009ee83816f5ac1ad5ca37e0cb8e7950fa,9654a265840ef7d8b1fb47e67bbb76458965a62afd55c36c11a398c91dfc98a6,5db383771614a9018a72d57ba8dd45c8f89adb4cb665103133aa8188496e3e80,19306704f6dc919790d13d0f77bfe2b6975b0fbf34388553f0a31aced97a7081,fa4685584229e9ec5493f5f4b7f8bb9add4374fa9aeae6e2719792c727a859b7
dim16-xcov0p2-fold0-seed913,16,0.2,0,913,75,valid and complete,parun-v1-3640ea7dd19723d9c116a5cf0d59f09a127868f473a3fde3bd604cd0256d6ad9,1a5404769b0a653306658b3f2564afc7aebce58bdd6ff879d4ad2b6d12d49d7c,ebead9009ee83816f5ac1ad5ca37e0cb8e7950fa,9654a265840ef7d8b1fb47e67bbb76458965a62afd55c36c11a398c91dfc98a6,5db383771614a9018a72d57ba8dd45c8f89adb4cb665103133aa8188496e3e80,19306704f6dc919790d13d0f77bfe2b6975b0fbf34388553f0a31aced97a7081,aaf93a6fcf6e2a9d2a9fde816f911dde3574a64434ebab8795e3d83dc62e9153
dim16-xcov0p2-fold0-seed914,16,0.2,0,914,75,valid and complete,parun-v1-d6491fb7cfcab9b7d4b9c68ba3a454d33e714f2242b423cbf7db6753d99ecf3c,68f7702a4d843199dc99b3b18f523c03a5bfbeff05473834e63d2214706e6dd8,ebead9009ee83816f5ac1ad5ca37e0cb8e7950fa,9654a265840ef7d8b1fb47e67bbb76458965a62afd55c36c11a398c91dfc98a6,5db383771614a9018a72d57ba8dd45c8f89adb4cb665103133aa8188496e3e80,19306704f6dc919790d13d0f77bfe2b6975b0fbf34388553f0a31aced97a7081,471e2cdd2fc6bef98846edeb5ba50f18c4f8656d7f52de795c18ce01d5c0e27c
dim16-xcov0p2-fold0-seed915,16,0.2,0,915,75,valid and complete,parun-v1-869c3eb670112f3bea74448282203dd18c7b62071c14f6259c265e62369e2b93,7986fb25efbd3f2bb37406b6a5579984a9d10dc4bfc5380a0e04a4f57ce1783d,ebead9009ee83816f5ac1ad5ca37e0cb8e7950fa,9654a265840ef7d8b1fb47e67bbb76458965a62afd55c36c11a398c91dfc98a6,5db383771614a9018a72d57ba8dd45c8f89adb4cb665103133aa8188496e3e80,19306704f6dc919790d13d0f77bfe2b6975b0fbf34388553f0a31aced97a7081,69e1fa8bfef235e1dcf46339bf46496ef60dc50aa1033dbc9113bcc9dcb09f09
dim16-xcov0p2-fold1-seed911,16,0.2,1,911,75,valid and complete,parun-v1-540ca8d91f621129162383f2dda32c9618c335dc174c4c509bbf66cbc659be0b,fe1dbb16d12470b37bc9ce775ba4899c990959630a1b9545469fcf5ff957d7eb,ebead9009ee83816f5ac1ad5ca37e0cb8e7950fa,9654a265840ef7d8b1fb47e67bbb76458965a62afd55c36c11a398c91dfc98a6,5db383771614a9018a72d57ba8dd45c8f89adb4cb665103133aa8188496e3e80,96501c9be1258f74c119d9f88a61c6945cf51f8c56ab53147b6c0b10792b3212,4b71f8ec363b6ac63db9f82872fa5c7ab5807a34e9ec5b0b43d6868e5fdbb9c2
dim16-xcov0p2-fold1-seed912,16,0.2,1,912,75,valid and complete,parun-v1-c253d7565f045ae0fb3b09602b973da62170eee4d452bf93cbff567c1e6f3091,f61d9833badce0490581e0b8906b489905351d151592cc7623822c030e2c2889,ebead9009ee83816f5ac1ad5ca37e0cb8e7950fa,9654a265840ef7d8b1fb47e67bbb76458965a62afd55c36c11a398c91dfc98a6,5db383771614a9018a72d57ba8dd45c8f89adb4cb665103133aa8188496e3e80,96501c9be1258f74c119d9f88a61c6945cf51f8c56ab53147b6c0b10792b3212,f8c616da5b2df50729c7df94506e219d3178fc5210df108a9bd19fdc705bc64c
dim16-xcov0p2-fold1-seed913,16,0.2,1,913,75,valid and complete,parun-v1-630aee9595bef6f44f67d10a5ad41bd60cbc83e07c20b6e0658344ac6669d5fa,39ba63c25a55aaa66935cf0da1910368e5e1c08f09ecd75e07d77dec45cf698a,ebead9009ee83816f5ac1ad5ca37e0cb8e7950fa,9654a265840ef7d8b1fb47e67bbb76458965a62afd55c36c11a398c91dfc98a6,5db383771614a9018a72d57ba8dd45c8f89adb4cb665103133aa8188496e3e80,96501c9be1258f74c119d9f88a61c6945cf51f8c56ab53147b6c0b10792b3212,15982657a25be52fa73802a18ef4fdcdff3af4a7333ae1226cea85949040fe89
dim16-xcov0p2-fold1-seed914,16,0.2,1,914,75,valid and complete,parun-v1-f4b98a547981286584ad1205fc0734a670da704e9f79ccdefca32efc29fefa7a,e4a78bdb04ef22416b624cbc46c9170ea97dec9aebbe5b1e358abd95dbe95903,ebead9009ee83816f5ac1ad5ca37e0cb8e7950fa,9654a265840ef7d8b1fb47e67bbb76458965a62afd55c36c11a398c91dfc98a6,5db383771614a9018a72d57ba8dd45c8f89adb4cb665103133aa8188496e3e80,96501c9be1258f74c119d9f88a61c6945cf51f8c56ab53147b6c0b10792b3212,b6d68ca618d55dba9f14a3abab5eab20c9dd642686516063f1b5e92b03aa852a
dim16-xcov0p2-fold1-seed915,16,0.2,1,915,75,valid and complete,parun-v1-63f59d8ed7c5480e80e21144bfdb2456e23b86b6edd34715b5dba4e35688cc7a,8f8a8c0cd1a56111170119a9d243ed498000e5b923c88d3b8da5b4b382c1703c,ebead9009ee83816f5ac1ad5ca37e0cb8e7950fa,9654a265840ef7d8b1fb47e67bbb76458965a62afd55c36c11a398c91dfc98a6,5db383771614a9018a72d57ba8dd45c8f89adb4cb665103133aa8188496e3e80,96501c9be1258f74c119d9f88a61c6945cf51f8c56ab53147b6c0b10792b3212,41209e4d02ee396812654aa1c5f410b4b06c2428fbd18ad896ed92231aa7e68d
dim16-xcov0p2-fold2-seed911,16,0.2,2,911,75,valid and complete,parun-v1-5b689a4977ff3c719701553b8fa92b7a1b03206825e484dbf3ffc8dba6f015ec,c42fa387464d9d5281f87fc5f2fb63aa54b2961894376d3fab3270632230c48d,ebead9009ee83816f5ac1ad5ca37e0cb8e7950fa,9654a265840ef7d8b1fb47e67bbb76458965a62afd55c36c11a398c91dfc98a6,5db383771614a9018a72d57ba8dd45c8f89adb4cb665103133aa8188496e3e80,6d6c2bc39de24244e414816dd4386fd0a61c94fc2e7d66f6e88aef61f66e1f3e,93e99ccaaa2200a6a9d2e8fd3c1050764304a1915e0fa320a1ab37f96adf9f57
dim16-xcov0p2-fold2-seed912,16,0.2,2,912,75,valid and complete,parun-v1-7b47c77eca9b9982bb19dfd2996e9e9dcd95cf95c0661cd3ed129e1edcbe2b28,a0e5024ec6fa78a1558134980eac785b8439f307eaf3c1fd74f008b965ce9580,ebead9009ee83816f5ac1ad5ca37e0cb8e7950fa,9654a265840ef7d8b1fb47e67bbb76458965a62afd55c36c11a398c91dfc98a6,5db383771614a9018a72d57ba8dd45c8f89adb4cb665103133aa8188496e3e80,6d6c2bc39de24244e414816dd4386fd0a61c94fc2e7d66f6e88aef61f66e1f3e,a8cc4504a50f85b3737249d3bd3e015b1f8d0a87d9b6a9d2a79b6f287630c7c9
dim16-xcov0p2-fold2-seed913,16,0.2,2,913,75,valid and complete,parun-v1-57a9e351b28faf6b45ee87a72f6152d6d400e691512e7dace21f709dfe5ce74e,14f36dbb4c120a6fecc8f74f2fce8eaccb974306a8bfbe03cdc834b12dae8574,ebead9009ee83816f5ac1ad5ca37e0cb8e7950fa,9654a265840ef7d8b1fb47e67bbb76458965a62afd55c36c11a398c91dfc98a6,5db383771614a9018a72d57ba8dd45c8f89adb4cb665103133aa8188496e3e80,6d6c2bc39de24244e414816dd4386fd0a61c94fc2e7d66f6e88aef61f66e1f3e,1b7e89fba89f7566ae185fc800936c590fe515220ab53f006ebc3133b8da59fc
dim16-xcov0p2-fold2-seed914,16,0.2,2,914,75,valid and complete,parun-v1-dd77413aa379ca19f17993e9d180d85b6c58a986b7920d8bf0516ea52da5a71c,ffa34d885e2387e1d49359192b9a0cdac3c0199fa01ad537836f475b47a84cd1,ebead9009ee83816f5ac1ad5ca37e0cb8e7950fa,9654a265840ef7d8b1fb47e67bbb76458965a62afd55c36c11a398c91dfc98a6,5db383771614a9018a72d57ba8dd45c8f89adb4cb665103133aa8188496e3e80,6d6c2bc39de24244e414816dd4386fd0a61c94fc2e7d66f6e88aef61f66e1f3e,c789db08d9ef36d74d4c6c3b9858511f08661765bac3ee799dc3a9982143160a
dim16-xcov0p2-fold2-seed915,16,0.2,2,915,75,valid and complete,parun-v1-482b904b2b3d60e862df681170767b04f7ff8089cb4e32050569c6d482541c0a,26880abc6087a863df313ab3f5158d3b2435c3485caf70d9eec636a69406b6f9,ebead9009ee83816f5ac1ad5ca37e0cb8e7950fa,9654a265840ef7d8b1fb47e67bbb76458965a62afd55c36c11a398c91dfc98a6,5db383771614a9018a72d57ba8dd45c8f89adb4cb665103133aa8188496e3e80,6d6c2bc39de24244e414816dd4386fd0a61c94fc2e7d66f6e88aef61f66e1f3e,d336a73f85511cd34eb983aaf5e39f7ab3033271a7da72741e3648c4fe632bcc
dim16-xcov0p2-fold3-seed911,16,0.2,3,911,75,valid and complete,parun-v1-c7ac4fcb7430697f8d66e68a24a812cdbf04d2401d091b53eaf5b427533c5bad,f9a6ec8b9be7a9dfeb2892d63f5707b2deed16dd09d8599dc3aae6c70afad00d,ebead9009ee83816f5ac1ad5ca37e0cb8e7950fa,9654a265840ef7d8b1fb47e67bbb76458965a62afd55c36c11a398c91dfc98a6,5db383771614a9018a72d57ba8dd45c8f89adb4cb665103133aa8188496e3e80,3396e0fb34d92af27dbd982bd5cea16fbeae7cc3b4d3bb64ee9f04ca959cdaf7,788b680ccd19af1a5078a29468ccedec71924988f53e9d5a9bcec65b838a6f75
dim16-xcov0p2-fold3-seed912,16,0.2,3,912,75,valid and complete,parun-v1-a53ef49a6a8895a5a5c2c4e69ac7139cbb0743013d022cc8678f2f009708b687,c5a67f61ba4b7161265c36288ed5dafa6b81bbb5b13ab52b79836497cf2a2a20,ebead9009ee83816f5ac1ad5ca37e0cb8e7950fa,9654a265840ef7d8b1fb47e67bbb76458965a62afd55c36c11a398c91dfc98a6,5db383771614a9018a72d57ba8dd45c8f89adb4cb665103133aa8188496e3e80,3396e0fb34d92af27dbd982bd5cea16fbeae7cc3b4d3bb64ee9f04ca959cdaf7,9143cda1072e3664a49e6e3b2d1d8494f0763cee9176381e29119d33155f8fac
dim16-xcov0p2-fold3-seed913,16,0.2,3,913,75,valid and complete,parun-v1-2517e63c362a250095d68316706ee0a9f76d6451a38959d5429e5fc6cfb26491,9a13bb36b76999b5e797aa89d717a961aec45af709809b2cc0aa02f385e70744,ebead9009ee83816f5ac1ad5ca37e0cb8e7950fa,9654a265840ef7d8b1fb47e67bbb76458965a62afd55c36c11a398c91dfc98a6,5db383771614a9018a72d57ba8dd45c8f89adb4cb665103133aa8188496e3e80,3396e0fb34d92af27dbd982bd5cea16fbeae7cc3b4d3bb64ee9f04ca959cdaf7,47c382edc2395527f2c22f60c32f9c18fc1f027496589778ff6018dd434a35ba
dim16-xcov0p2-fold3-seed914,16,0.2,3,914,75,valid and complete,parun-v1-f848ec6ef3d2256c81bc656055be8ed2c9a4c817377d4c047f9e7744de2f0aa3,2cc28fbf6017b3095d7f11113de851edf916939c217280d000023352d0ed28c5,ebead9009ee83816f5ac1ad5ca37e0cb8e7950fa,9654a265840ef7d8b1fb47e67bbb76458965a62afd55c36c11a398c91dfc98a6,5db383771614a9018a72d57ba8dd45c8f89adb4cb665103133aa8188496e3e80,3396e0fb34d92af27dbd982bd5cea16fbeae7cc3b4d3bb64ee9f04ca959cdaf7,d78a282b3884d291121ce06532ba18e7f669118925ae184dacc36cd7c6b6b431
dim16-xcov0p2-fold3-seed915,16,0.2,3,915,75,valid and complete,parun-v1-a893e06905d9b4c13eb09505126ca886b08c71bb5f0fba7c5388816c21538d60,1feb4f198455763939d9c3ccf49a12cc160ed78b46e1cefd5cfe5a393208ea88,ebead9009ee83816f5ac1ad5ca37e0cb8e7950fa,9654a265840ef7d8b1fb47e67bbb76458965a62afd55c36c11a398c91dfc98a6,5db383771614a9018a72d57ba8dd45c8f89adb4cb665103133aa8188496e3e80,3396e0fb34d92af27dbd982bd5cea16fbeae7cc3b4d3bb64ee9f04ca959cdaf7,eb78143a1b9c18c92198ec81bb92c912e3219330c6e15c3b8beac6d2a6cc0cc4
dim16-xcov0p2-fold4-seed911,16,0.2,4,911,75,valid and complete,parun-v1-25702f1a1f758c7d39ea140a4e4c76057047697ce89901a4684cb05a4b990fc3,97cd660fdfe0c391eb89673bf51a1b1e035cd40919d5f5c685372d15c00fb868,ebead9009ee83816f5ac1ad5ca37e0cb8e7950fa,9654a265840ef7d8b1fb47e67bbb76458965a62afd55c36c11a398c91dfc98a6,5db383771614a9018a72d57ba8dd45c8f89adb4cb665103133aa8188496e3e80,a382ed29bc8bd74178282183fcbb9d2a3f66665391a4be234acdb6f3eac995f6,6acf6c0707388b5254a70464d25d2a7986f98adff8089ea2d85596136ef93103
dim16-xcov0p2-fold4-seed912,16,0.2,4,912,75,valid and complete,parun-v1-d8bf5d500b80b597a596806d59ac975facf9111367d78fcdf5674063d4464a88,e6ce0a374c6369cb5e477feaad9454c256ee6237966a7f1a2a94d4b3769aa171,ebead9009ee83816f5ac1ad5ca37e0cb8e7950fa,9654a265840ef7d8b1fb47e67bbb76458965a62afd55c36c11a398c91dfc98a6,5db383771614a9018a72d57ba8dd45c8f89adb4cb665103133aa8188496e3e80,a382ed29bc8bd74178282183fcbb9d2a3f66665391a4be234acdb6f3eac995f6,7977eb2ed6639764823c063e8735c9fa703f2f3f8617fd7b6fbccd2612df7bc9
dim16-xcov0p2-fold4-seed913,16,0.2,4,913,75,valid and complete,parun-v1-27f637fbd955e6c196396fa349b5d443b9394f85999e634fd45c4a37e7150690,539a1100a51e86f190ffabd3b0320ef4c60ba77fcfb934f9f6cb61e8c36492aa,ebead9009ee83816f5ac1ad5ca37e0cb8e7950fa,9654a265840ef7d8b1fb47e67bbb76458965a62afd55c36c11a398c91dfc98a6,5db383771614a9018a72d57ba8dd45c8f89adb4cb665103133aa8188496e3e80,a382ed29bc8bd74178282183fcbb9d2a3f66665391a4be234acdb6f3eac995f6,5724c813f9aa4839eeef8ab813c481c6c84936ff9e5378f71882e7e12444a99c
dim16-xcov0p2-fold4-seed914,16,0.2,4,914,75,valid and complete,parun-v1-c305515776ead4dd52f0a5ea914bc60fb4a5164fb8b1af70cad0f7eacc975bfe,66759f0c1950fd274d002ea64c811000a2277fc41259514c3a035d4757fbed9f,ebead9009ee83816f5ac1ad5ca37e0cb8e7950fa,9654a265840ef7d8b1fb47e67bbb76458965a62afd55c36c11a398c91dfc98a6,5db383771614a9018a72d57ba8dd45c8f89adb4cb665103133aa8188496e3e80,a382ed29bc8bd74178282183fcbb9d2a3f66665391a4be234acdb6f3eac995f6,af2713044289b4bbd93440be52ac3568d0b7a4e8368c4b4de8135d354555337e
dim16-xcov0p2-fold4-seed915,16,0.2,4,915,75,valid and complete,parun-v1-c9ef3b889f5e0152ac38a9e6322c10438b3791d66c60b809b4e1a73dd220e218,75b9dec1159a4f49b437a583eb3972af2b411955bb97ecbaa5a31a4ee7115204,ebead9009ee83816f5ac1ad5ca37e0cb8e7950fa,9654a265840ef7d8b1fb47e67bbb76458965a62afd55c36c11a398c91dfc98a6,5db383771614a9018a72d57ba8dd45c8f89adb4cb665103133aa8188496e3e80,a382ed29bc8bd74178282183fcbb9d2a3f66665391a4be234acdb6f3eac995f6,4a302cb0ad7d6b0713adcb835cee85cbc0eb1cae062a3aa7d7ef4e919c062b4e
dim2-xcov0-fold0-seed911,2,0.0,0,911,75,valid and complete,parun-v1-cf56af2914f77323a3da0fb93afb25c0f80662fd1547a1b48d91d9493297dec2,48d43ce20f587f11f79e345226aaddde6cc1d1bc26d4fc95d0d47ad26c7ffd53,ebead9009ee83816f5ac1ad5ca37e0cb8e7950fa,9654a265840ef7d8b1fb47e67bbb76458965a62afd55c36c11a398c91dfc98a6,5db383771614a9018a72d57ba8dd45c8f89adb4cb665103133aa8188496e3e80,19306704f6dc919790d13d0f77bfe2b6975b0fbf34388553f0a31aced97a7081,d569107cee1d5c33dc8acb011b678be13c8287cdff20ecd0d74c69622c527681
dim2-xcov0-fold0-seed912,2,0.0,0,912,75,valid and complete,parun-v1-d3ed5bf7c9653530a62c16cb1cdedb4af41898733d5c8091b2b0fba75c161337,39f2f8749d9942df92a3824b7a6fb547f5e91debffa95d21ecef9712b48b65d8,ebead9009ee83816f5ac1ad5ca37e0cb8e7950fa,9654a265840ef7d8b1fb47e67bbb76458965a62afd55c36c11a398c91dfc98a6,5db383771614a9018a72d57ba8dd45c8f89adb4cb665103133aa8188496e3e80,19306704f6dc919790d13d0f77bfe2b6975b0fbf34388553f0a31aced97a7081,fa4685584229e9ec5493f5f4b7f8bb9add4374fa9aeae6e2719792c727a859b7
dim2-xcov0-fold0-seed913,2,0.0,0,913,75,valid and complete,parun-v1-5a59e2ebdd2ff066f9455e43a8f25cce2ff06c885d776fc06ebec0de0d682b04,6ac9093d84e7ff39d438ba5382be54a3d037f8771b7bbbe06d04ed8b3e6c8cd0,ebead9009ee83816f5ac1ad5ca37e0cb8e7950fa,9654a265840ef7d8b1fb47e67bbb76458965a62afd55c36c11a398c91dfc98a6,5db383771614a9018a72d57ba8dd45c8f89adb4cb665103133aa8188496e3e80,19306704f6dc919790d13d0f77bfe2b6975b0fbf34388553f0a31aced97a7081,aaf93a6fcf6e2a9d2a9fde816f911dde3574a64434ebab8795e3d83dc62e9153
dim2-xcov0-fold0-seed914,2,0.0,0,914,75,valid and complete,parun-v1-ed1cd83fe32d5ab54a3c96f6570936af5095ed82458a53a1bc37aed36a7638f5,70da7ca32c099f8aebb3924997c41688188257007ecc7486ef13356152ea623b,ebead9009ee83816f5ac1ad5ca37e0cb8e7950fa,9654a265840ef7d8b1fb47e67bbb76458965a62afd55c36c11a398c91dfc98a6,5db383771614a9018a72d57ba8dd45c8f89adb4cb665103133aa8188496e3e80,19306704f6dc919790d13d0f77bfe2b6975b0fbf34388553f0a31aced97a7081,471e2cdd2fc6bef98846edeb5ba50f18c4f8656d7f52de795c18ce01d5c0e27c
dim2-xcov0-fold0-seed915,2,0.0,0,915,75,valid and complete,parun-v1-8e90002db289492dc5f80a83fc3417a2b9db2c2b772ca8dac64cc78c3196ef25,52a7a6258f45eb7ee1c7d42225acef857180936eefd20b5d44d4071d6f158440,ebead9009ee83816f5ac1ad5ca37e0cb8e7950fa,9654a265840ef7d8b1fb47e67bbb76458965a62afd55c36c11a398c91dfc98a6,5db383771614a9018a72d57ba8dd45c8f89adb4cb665103133aa8188496e3e80,19306704f6dc919790d13d0f77bfe2b6975b0fbf34388553f0a31aced97a7081,69e1fa8bfef235e1dcf46339bf46496ef60dc50aa1033dbc9113bcc9dcb09f09
dim2-xcov0-fold1-seed911,2,0.0,1,911,75,valid and complete,parun-v1-3fa12fe7fcf3842126709c8d6e7b04b90de0a2cd106cf5950756032e601dd751,e363e451c435d2d5e4168a9cc86a449d8729f3181fb8bbb815671dbe69673818,ebead9009ee83816f5ac1ad5ca37e0cb8e7950fa,9654a265840ef7d8b1fb47e67bbb76458965a62afd55c36c11a398c91dfc98a6,5db383771614a9018a72d57ba8dd45c8f89adb4cb665103133aa8188496e3e80,96501c9be1258f74c119d9f88a61c6945cf51f8c56ab53147b6c0b10792b3212,4b71f8ec363b6ac63db9f82872fa5c7ab5807a34e9ec5b0b43d6868e5fdbb9c2
dim2-xcov0-fold1-seed912,2,0.0,1,912,75,valid and complete,parun-v1-94c39a82db0c701e3e1eb19b64efa2295799b9e0631c64ce9165a1b481a8f529,e4109797a1a69c37d1035b433318af0fdf0717c2a34c5bdc925b6bc9f1d78767,ebead9009ee83816f5ac1ad5ca37e0cb8e7950fa,9654a265840ef7d8b1fb47e67bbb76458965a62afd55c36c11a398c91dfc98a6,5db383771614a9018a72d57ba8dd45c8f89adb4cb665103133aa8188496e3e80,96501c9be1258f74c119d9f88a61c6945cf51f8c56ab53147b6c0b10792b3212,f8c616da5b2df50729c7df94506e219d3178fc5210df108a9bd19fdc705bc64c
dim2-xcov0-fold1-seed913,2,0.0,1,913,75,valid and complete,parun-v1-9ecd55c1c662ca8397c75fabbeea95e7fc94bda0d9a44421d1df528618b6c580,9dc6a70dd8a2a1b2f4ec881243775b48fed47ddc1ae8164aa3886f482697d826,ebead9009ee83816f5ac1ad5ca37e0cb8e7950fa,9654a265840ef7d8b1fb47e67bbb76458965a62afd55c36c11a398c91dfc98a6,5db383771614a9018a72d57ba8dd45c8f89adb4cb665103133aa8188496e3e80,96501c9be1258f74c119d9f88a61c6945cf51f8c56ab53147b6c0b10792b3212,15982657a25be52fa73802a18ef4fdcdff3af4a7333ae1226cea85949040fe89
dim2-xcov0-fold1-seed914,2,0.0,1,914,75,valid and complete,parun-v1-9fbbadd156eaad910b23cbfc9daab5700e49b85104458a60cb9a469a4582902e,0a3be6bf1be36fe0cfe2688a2ba1f12eb7ca623ab0798b0458dadd6623e41718,ebead9009ee83816f5ac1ad5ca37e0cb8e7950fa,9654a265840ef7d8b1fb47e67bbb76458965a62afd55c36c11a398c91dfc98a6,5db383771614a9018a72d57ba8dd45c8f89adb4cb665103133aa8188496e3e80,96501c9be1258f74c119d9f88a61c6945cf51f8c56ab53147b6c0b10792b3212,b6d68ca618d55dba9f14a3abab5eab20c9dd642686516063f1b5e92b03aa852a
dim2-xcov0-fold1-seed915,2,0.0,1,915,75,valid and complete,parun-v1-d5f576e265c0f451375bed99b60666eb6cef0414b77fffd0a7db07dc12501d7d,54bf7861812b1e4c6e35cd65947c39abb3a35a2ca5d2ae894cc72ab5f0626b08,ebead9009ee83816f5ac1ad5ca37e0cb8e7950fa,9654a265840ef7d8b1fb47e67bbb76458965a62afd55c36c11a398c91dfc98a6,5db383771614a9018a72d57ba8dd45c8f89adb4cb665103133aa8188496e3e80,96501c9be1258f74c119d9f88a61c6945cf51f8c56ab53147b6c0b10792b3212,41209e4d02ee396812654aa1c5f410b4b06c2428fbd18ad896ed92231aa7e68d
dim2-xcov0-fold2-seed911,2,0.0,2,911,75,valid and complete,parun-v1-2af1253bb5bc5e6eadf53772fc966a92abbfd5809096e08d023e2e95e60ab07f,1de98b25f78dadf92f148fe03a1acd16e144cd664843d66d43c08519d8ba9d90,ebead9009ee83816f5ac1ad5ca37e0cb8e7950fa,9654a265840ef7d8b1fb47e67bbb76458965a62afd55c36c11a398c91dfc98a6,5db383771614a9018a72d57ba8dd45c8f89adb4cb665103133aa8188496e3e80,6d6c2bc39de24244e414816dd4386fd0a61c94fc2e7d66f6e88aef61f66e1f3e,93e99ccaaa2200a6a9d2e8fd3c1050764304a1915e0fa320a1ab37f96adf9f57
dim2-xcov0-fold2-seed912,2,0.0,2,912,75,valid and complete,parun-v1-c2cb17bfa7a54f0f74c0f1fb6bc8423d725921dbaa3d4a0faa7617dbb9deeb30,bb7d2470d97ea06a8eb583c4016206045545ca1dc80e9c06c8753d88d6141dd1,ebead9009ee83816f5ac1ad5ca37e0cb8e7950fa,9654a265840ef7d8b1fb47e67bbb76458965a62afd55c36c11a398c91dfc98a6,5db383771614a9018a72d57ba8dd45c8f89adb4cb665103133aa8188496e3e80,6d6c2bc39de24244e414816dd4386fd0a61c94fc2e7d66f6e88aef61f66e1f3e,a8cc4504a50f85b3737249d3bd3e015b1f8d0a87d9b6a9d2a79b6f287630c7c9
dim2-xcov0-fold2-seed913,2,0.0,2,913,75,valid and complete,parun-v1-1e89b7547f8ada0c9acd6dca652f2f4362b1b9a70f3967c02dc2dc9f7dba8f2b,5dd1882685174d297750797beb8de102c67e79e49795c62f6d1070c378fc26e5,ebead9009ee83816f5ac1ad5ca37e0cb8e7950fa,9654a265840ef7d8b1fb47e67bbb76458965a62afd55c36c11a398c91dfc98a6,5db383771614a9018a72d57ba8dd45c8f89adb4cb665103133aa8188496e3e80,6d6c2bc39de24244e414816dd4386fd0a61c94fc2e7d66f6e88aef61f66e1f3e,1b7e89fba89f7566ae185fc800936c590fe515220ab53f006ebc3133b8da59fc
dim2-xcov0-fold2-seed914,2,0.0,2,914,75,valid and complete,parun-v1-124eed078ef6006e0e45d602abc310dbd1b752dde303499379d93866206ccc78,4f2a93d8e7771f30e833ca7ac5873fe83f574e271561cd7b578200a4b01e7f4c,ebead9009ee83816f5ac1ad5ca37e0cb8e7950fa,9654a265840ef7d8b1fb47e67bbb76458965a62afd55c36c11a398c91dfc98a6,5db383771614a9018a72d57ba8dd45c8f89adb4cb665103133aa8188496e3e80,6d6c2bc39de24244e414816dd4386fd0a61c94fc2e7d66f6e88aef61f66e1f3e,c789db08d9ef36d74d4c6c3b9858511f08661765bac3ee799dc3a9982143160a
dim2-xcov0-fold2-seed915,2,0.0,2,915,75,valid and complete,parun-v1-83aec5dbfbcf56f2eebb513d53ece4315605229a288a3932e37283f4411ea56d,267287dde657a2d5d7d43ac20f432805c937689908ccace2e37182c2a95a1d1e,ebead9009ee83816f5ac1ad5ca37e0cb8e7950fa,9654a265840ef7d8b1fb47e67bbb76458965a62afd55c36c11a398c91dfc98a6,5db383771614a9018a72d57ba8dd45c8f89adb4cb665103133aa8188496e3e80,6d6c2bc39de24244e414816dd4386fd0a61c94fc2e7d66f6e88aef61f66e1f3e,d336a73f85511cd34eb983aaf5e39f7ab3033271a7da72741e3648c4fe632bcc
dim2-xcov0-fold3-seed911,2,0.0,3,911,75,valid and complete,parun-v1-b08d273148c93b4b895768cc1a054882b7bd28ca3c665ba2e052670d7f22bb5e,c2999c63ae8c811effb0cc2478f9a158481403813d2a7d4efec2f8e71eba96bc,ebead9009ee83816f5ac1ad5ca37e0cb8e7950fa,9654a265840ef7d8b1fb47e67bbb76458965a62afd55c36c11a398c91dfc98a6,5db383771614a9018a72d57ba8dd45c8f89adb4cb665103133aa8188496e3e80,3396e0fb34d92af27dbd982bd5cea16fbeae7cc3b4d3bb64ee9f04ca959cdaf7,788b680ccd19af1a5078a29468ccedec71924988f53e9d5a9bcec65b838a6f75
dim2-xcov0-fold3-seed912,2,0.0,3,912,75,valid and complete,parun-v1-31321d802a84ce5da69f94bb8dd4dfdfd161df5d036df5ac741e063a11a35d97,1a8cacf0057bddc880104b5943d1a3e8d7f90167228c1247f047d3417a62b334,ebead9009ee83816f5ac1ad5ca37e0cb8e7950fa,9654a265840ef7d8b1fb47e67bbb76458965a62afd55c36c11a398c91dfc98a6,5db383771614a9018a72d57ba8dd45c8f89adb4cb665103133aa8188496e3e80,3396e0fb34d92af27dbd982bd5cea16fbeae7cc3b4d3bb64ee9f04ca959cdaf7,9143cda1072e3664a49e6e3b2d1d8494f0763cee9176381e29119d33155f8fac
dim2-xcov0-fold3-seed913,2,0.0,3,913,75,valid and complete,parun-v1-8742813f01623ea6b86c41d545de7712c0e5aa2eea5c16674af549b6d934e76a,722ad00e9a56e62be7a46c2434db7a7cb8fc0488185170527a621544134ffb9f,ebead9009ee83816f5ac1ad5ca37e0cb8e7950fa,9654a265840ef7d8b1fb47e67bbb76458965a62afd55c36c11a398c91dfc98a6,5db383771614a9018a72d57ba8dd45c8f89adb4cb665103133aa8188496e3e80,3396e0fb34d92af27dbd982bd5cea16fbeae7cc3b4d3bb64ee9f04ca959cdaf7,47c382edc2395527f2c22f60c32f9c18fc1f027496589778ff6018dd434a35ba
dim2-xcov0-fold3-seed914,2,0.0,3,914,75,valid and complete,parun-v1-c9cab249766cef7180fce12777d913e5e5d671bf14809417a6a0d7dc9e7fc472,c4aa33a7688dd8a52d002dcbf121c7b727db6a8e80ba1b6a99b6a574c3bcfc71,ebead9009ee83816f5ac1ad5ca37e0cb8e7950fa,9654a265840ef7d8b1fb47e67bbb76458965a62afd55c36c11a398c91dfc98a6,5db383771614a9018a72d57ba8dd45c8f89adb4cb665103133aa8188496e3e80,3396e0fb34d92af27dbd982bd5cea16fbeae7cc3b4d3bb64ee9f04ca959cdaf7,d78a282b3884d291121ce06532ba18e7f669118925ae184dacc36cd7c6b6b431
dim2-xcov0-fold3-seed915,2,0.0,3,915,75,valid and complete,parun-v1-29218537e71841a59caf2a6c2990d0d7fc9ec8bf311d33921cb6a86b29fa4ff5,baa29c3b04922e25e8772ee28212e8fa4c4bba443513b5ac6d8773ae3253666e,ebead9009ee83816f5ac1ad5ca37e0cb8e7950fa,9654a265840ef7d8b1fb47e67bbb76458965a62afd55c36c11a398c91dfc98a6,5db383771614a9018a72d57ba8dd45c8f89adb4cb665103133aa8188496e3e80,3396e0fb34d92af27dbd982bd5cea16fbeae7cc3b4d3bb64ee9f04ca959cdaf7,eb78143a1b9c18c92198ec81bb92c912e3219330c6e15c3b8beac6d2a6cc0cc4
dim2-xcov0-fold4-seed911,2,0.0,4,911,75,valid and complete,parun-v1-e38369bf5ce49680eca9fce336973e728bfe092b72efd27d1fb016f0a503e1e4,73118a60d3cf9122830ef022d411925e62a69c82f04895b9d4c47c0d5c03284b,ebead9009ee83816f5ac1ad5ca37e0cb8e7950fa,9654a265840ef7d8b1fb47e67bbb76458965a62afd55c36c11a398c91dfc98a6,5db383771614a9018a72d57ba8dd45c8f89adb4cb665103133aa8188496e3e80,a382ed29bc8bd74178282183fcbb9d2a3f66665391a4be234acdb6f3eac995f6,6acf6c0707388b5254a70464d25d2a7986f98adff8089ea2d85596136ef93103
dim2-xcov0-fold4-seed912,2,0.0,4,912,75,valid and complete,parun-v1-5f92eef69a54accdc2e5503b4d0033e640080a2e20232b62566d851f378af8c5,bb9befccd47811853c135e9d9bd97c381c0407bcd696a68e79ca6545e2b1f654,ebead9009ee83816f5ac1ad5ca37e0cb8e7950fa,9654a265840ef7d8b1fb47e67bbb76458965a62afd55c36c11a398c91dfc98a6,5db383771614a9018a72d57ba8dd45c8f89adb4cb665103133aa8188496e3e80,a382ed29bc8bd74178282183fcbb9d2a3f66665391a4be234acdb6f3eac995f6,7977eb2ed6639764823c063e8735c9fa703f2f3f8617fd7b6fbccd2612df7bc9
dim2-xcov0-fold4-seed913,2,0.0,4,913,75,valid and complete,parun-v1-32fad0b7e317da21e17c96d524b5bb98c929cef574ffd893b29697f4c40401a8,75f8d839715d321abd8ec15ac8ea07e3a413544e3ea609a08b332a41de5aa87d,ebead9009ee83816f5ac1ad5ca37e0cb8e7950fa,9654a265840ef7d8b1fb47e67bbb76458965a62afd55c36c11a398c91dfc98a6,5db383771614a9018a72d57ba8dd45c8f89adb4cb665103133aa8188496e3e80,a382ed29bc8bd74178282183fcbb9d2a3f66665391a4be234acdb6f3eac995f6,5724c813f9aa4839eeef8ab813c481c6c84936ff9e5378f71882e7e12444a99c
dim2-xcov0-fold4-seed914,2,0.0,4,914,75,valid and complete,parun-v1-d0e59911d0971ea72febfb9956c670218e8b7d871e3525aa552aa363b706c893,5f48d765ad723b289e9a8830ff9d190aabf9c8504e5fc6c98fe93b78ddc10a2e,ebead9009ee83816f5ac1ad5ca37e0cb8e7950fa,9654a265840ef7d8b1fb47e67bbb76458965a62afd55c36c11a398c91dfc98a6,5db383771614a9018a72d57ba8dd45c8f89adb4cb665103133aa8188496e3e80,a382ed29bc8bd74178282183fcbb9d2a3f66665391a4be234acdb6f3eac995f6,af2713044289b4bbd93440be52ac3568d0b7a4e8368c4b4de8135d354555337e
dim2-xcov0-fold4-seed915,2,0.0,4,915,75,valid and complete,parun-v1-d174a459c96a9a37966840213c210832e01a9ba17191f3c60bcad8df5a1a79ee,503adc74324baf3b1644b91ff846acdc2211813516f9cb9b4232f7a4537d89b4,ebead9009ee83816f5ac1ad5ca37e0cb8e7950fa,9654a265840ef7d8b1fb47e67bbb76458965a62afd55c36c11a398c91dfc98a6,5db383771614a9018a72d57ba8dd45c8f89adb4cb665103133aa8188496e3e80,a382ed29bc8bd74178282183fcbb9d2a3f66665391a4be234acdb6f3eac995f6,4a302cb0ad7d6b0713adcb835cee85cbc0eb1cae062a3aa7d7ef4e919c062b4e
dim2-xcov0p05-fold0-seed911,2,0.05,0,911,75,valid and complete,parun-v1-f1cbfbfd1be7f646ba459d24debb16007fb6e24374347f6fe3de3a1d3a2413a5,8079ee1b523340788404251017bbd65ea4cd7c0f2c65ab8ea7e999bf549bacb5,ebead9009ee83816f5ac1ad5ca37e0cb8e7950fa,9654a265840ef7d8b1fb47e67bbb76458965a62afd55c36c11a398c91dfc98a6,5db383771614a9018a72d57ba8dd45c8f89adb4cb665103133aa8188496e3e80,19306704f6dc919790d13d0f77bfe2b6975b0fbf34388553f0a31aced97a7081,d569107cee1d5c33dc8acb011b678be13c8287cdff20ecd0d74c69622c527681
dim2-xcov0p05-fold0-seed912,2,0.05,0,912,75,valid and complete,parun-v1-62d29b0c5225063616104c3df0da8e1c9b02183855f641d0d05028031bafbae0,744515df4b29a46abdb124452fb7abc92b9746633b713c95336ef8f6807de03a,ebead9009ee83816f5ac1ad5ca37e0cb8e7950fa,9654a265840ef7d8b1fb47e67bbb76458965a62afd55c36c11a398c91dfc98a6,5db383771614a9018a72d57ba8dd45c8f89adb4cb665103133aa8188496e3e80,19306704f6dc919790d13d0f77bfe2b6975b0fbf34388553f0a31aced97a7081,fa4685584229e9ec5493f5f4b7f8bb9add4374fa9aeae6e2719792c727a859b7
dim2-xcov0p05-fold0-seed913,2,0.05,0,913,75,valid and complete,parun-v1-8f1caf127bd802aeb0d05cbe2c0d6670c36eddbd35839d4b1751f7c1c1a17498,51705fd37c8b85b2d4566d8b09e5c2355f5691d48d59e8a0fc1e1942784dff4a,ebead9009ee83816f5ac1ad5ca37e0cb8e7950fa,9654a265840ef7d8b1fb47e67bbb76458965a62afd55c36c11a398c91dfc98a6,5db383771614a9018a72d57ba8dd45c8f89adb4cb665103133aa8188496e3e80,19306704f6dc919790d13d0f77bfe2b6975b0fbf34388553f0a31aced97a7081,aaf93a6fcf6e2a9d2a9fde816f911dde3574a64434ebab8795e3d83dc62e9153
dim2-xcov0p05-fold0-seed914,2,0.05,0,914,75,valid and complete,parun-v1-15200ca4192ca870f95deb31f4c392500e638cbe5b0e5bf86c84bf5c967e97de,56839fff2b3fe17e207f5b1633f134989786c5e752690589d090ef8e68dc1499,ebead9009ee83816f5ac1ad5ca37e0cb8e7950fa,9654a265840ef7d8b1fb47e67bbb76458965a62afd55c36c11a398c91dfc98a6,5db383771614a9018a72d57ba8dd45c8f89adb4cb665103133aa8188496e3e80,19306704f6dc919790d13d0f77bfe2b6975b0fbf34388553f0a31aced97a7081,471e2cdd2fc6bef98846edeb5ba50f18c4f8656d7f52de795c18ce01d5c0e27c
dim2-xcov0p05-fold0-seed915,2,0.05,0,915,75,valid and complete,parun-v1-f37dc62a0cbaf8639efaf4bd9f74917c5147e5c53d8e2f9a452c3723cec165e2,aa6354c09710dcc171bb6a1a2fcf4660f3a2993aa09d4eaf8bb84744ae90fbba,ebead9009ee83816f5ac1ad5ca37e0cb8e7950fa,9654a265840ef7d8b1fb47e67bbb76458965a62afd55c36c11a398c91dfc98a6,5db383771614a9018a72d57ba8dd45c8f89adb4cb665103133aa8188496e3e80,19306704f6dc919790d13d0f77bfe2b6975b0fbf34388553f0a31aced97a7081,69e1fa8bfef235e1dcf46339bf46496ef60dc50aa1033dbc9113bcc9dcb09f09
dim2-xcov0p05-fold1-seed911,2,0.05,1,911,75,valid and complete,parun-v1-5d24b66a36ff67cab20a3e7604b2b8041e3db0d322ae4973b9c17ed7ded3fa23,5222a79bdd740b4b1f08d999db57a22e7833876c83f1095daead0c0b7f5f448d,ebead9009ee83816f5ac1ad5ca37e0cb8e7950fa,9654a265840ef7d8b1fb47e67bbb76458965a62afd55c36c11a398c91dfc98a6,5db383771614a9018a72d57ba8dd45c8f89adb4cb665103133aa8188496e3e80,96501c9be1258f74c119d9f88a61c6945cf51f8c56ab53147b6c0b10792b3212,4b71f8ec363b6ac63db9f82872fa5c7ab5807a34e9ec5b0b43d6868e5fdbb9c2
dim2-xcov0p05-fold1-seed912,2,0.05,1,912,75,valid and complete,parun-v1-2a53db89e3a56cd4b82daa07027eca02137787d0121cf6b415b7f84790d76431,4451a5f580789c0446743bfcfda3865ee656fe9d3d0a6440257e69fd4e78d548,ebead9009ee83816f5ac1ad5ca37e0cb8e7950fa,9654a265840ef7d8b1fb47e67bbb76458965a62afd55c36c11a398c91dfc98a6,5db383771614a9018a72d57ba8dd45c8f89adb4cb665103133aa8188496e3e80,96501c9be1258f74c119d9f88a61c6945cf51f8c56ab53147b6c0b10792b3212,f8c616da5b2df50729c7df94506e219d3178fc5210df108a9bd19fdc705bc64c
dim2-xcov0p05-fold1-seed913,2,0.05,1,913,75,valid and complete,parun-v1-f26b79aba9467e80fa93910bae4359baf918817e35134d9d052eac8e5f5177bc,5c4bd6223c458e8094089eb1f1326cca8f3c9a6737c58795301849f559ed7d45,ebead9009ee83816f5ac1ad5ca37e0cb8e7950fa,9654a265840ef7d8b1fb47e67bbb76458965a62afd55c36c11a398c91dfc98a6,5db383771614a9018a72d57ba8dd45c8f89adb4cb665103133aa8188496e3e80,96501c9be1258f74c119d9f88a61c6945cf51f8c56ab53147b6c0b10792b3212,15982657a25be52fa73802a18ef4fdcdff3af4a7333ae1226cea85949040fe89
dim2-xcov0p05-fold1-seed914,2,0.05,1,914,75,valid and complete,parun-v1-8c0fd29799f38f29e314c15b2d60451cbfe5d2879370dad42eb3be75f3119c93,fd1b0b99edfe6fa0bdfe32504187a0e3c28113b64d4ace4f745e5d95a4211f67,ebead9009ee83816f5ac1ad5ca37e0cb8e7950fa,9654a265840ef7d8b1fb47e67bbb76458965a62afd55c36c11a398c91dfc98a6,5db383771614a9018a72d57ba8dd45c8f89adb4cb665103133aa8188496e3e80,96501c9be1258f74c119d9f88a61c6945cf51f8c56ab53147b6c0b10792b3212,b6d68ca618d55dba9f14a3abab5eab20c9dd642686516063f1b5e92b03aa852a
dim2-xcov0p05-fold1-seed915,2,0.05,1,915,75,valid and complete,parun-v1-81edc96162605380b071a5efd98bbbfcdb8ea3d310885dcc7013db2b014ee442,7be2792e1446e3d5452a9d5dcbcf52003b936bfccc24f9f5335277a298d4878b,ebead9009ee83816f5ac1ad5ca37e0cb8e7950fa,9654a265840ef7d8b1fb47e67bbb76458965a62afd55c36c11a398c91dfc98a6,5db383771614a9018a72d57ba8dd45c8f89adb4cb665103133aa8188496e3e80,96501c9be1258f74c119d9f88a61c6945cf51f8c56ab53147b6c0b10792b3212,41209e4d02ee396812654aa1c5f410b4b06c2428fbd18ad896ed92231aa7e68d
dim2-xcov0p05-fold2-seed911,2,0.05,2,911,75,valid and complete,parun-v1-dfc990e1ac30161bac99c283da1e560c13926efea2d498b73180d937cc0b95b9,3ef48e3f592655d859580feaefde6ff9ccfb0363bc77bfc7412c0e04263edd6c,ebead9009ee83816f5ac1ad5ca37e0cb8e7950fa,9654a265840ef7d8b1fb47e67bbb76458965a62afd55c36c11a398c91dfc98a6,5db383771614a9018a72d57ba8dd45c8f89adb4cb665103133aa8188496e3e80,6d6c2bc39de24244e414816dd4386fd0a61c94fc2e7d66f6e88aef61f66e1f3e,93e99ccaaa2200a6a9d2e8fd3c1050764304a1915e0fa320a1ab37f96adf9f57
dim2-xcov0p05-fold2-seed912,2,0.05,2,912,75,valid and complete,parun-v1-70315621892382ad96320e84294c6c918bfeef5e44a90f2a9d05cb4f7a494741,a967f7cd6951547ae9d88c975ccb9a29929ecc930a07435fed7792a38cb9191a,ebead9009ee83816f5ac1ad5ca37e0cb8e7950fa,9654a265840ef7d8b1fb47e67bbb76458965a62afd55c36c11a398c91dfc98a6,5db383771614a9018a72d57ba8dd45c8f89adb4cb665103133aa8188496e3e80,6d6c2bc39de24244e414816dd4386fd0a61c94fc2e7d66f6e88aef61f66e1f3e,a8cc4504a50f85b3737249d3bd3e015b1f8d0a87d9b6a9d2a79b6f287630c7c9
dim2-xcov0p05-fold2-seed913,2,0.05,2,913,75,valid and complete,parun-v1-493198bb09476ad91c923688b5ac2eb6fba56e693ac5047ee355fe2c5812c44a,f3bc5a99903820f34f75c0291415e2ac39f3076e967473a4ff5678c8ddd777dd,ebead9009ee83816f5ac1ad5ca37e0cb8e7950fa,9654a265840ef7d8b1fb47e67bbb76458965a62afd55c36c11a398c91dfc98a6,5db383771614a9018a72d57ba8dd45c8f89adb4cb665103133aa8188496e3e80,6d6c2bc39de24244e414816dd4386fd0a61c94fc2e7d66f6e88aef61f66e1f3e,1b7e89fba89f7566ae185fc800936c590fe515220ab53f006ebc3133b8da59fc
dim2-xcov0p05-fold2-seed914,2,0.05,2,914,75,valid and complete,parun-v1-19a029ee4030b499675fa4e660052169fddea7c238462264fb8f18bc7efb83c5,6f705d1d2a464ba44ca29dfeb683a8d602dcad15cb17a73312e7398ac4aa2471,ebead9009ee83816f5ac1ad5ca37e0cb8e7950fa,9654a265840ef7d8b1fb47e67bbb76458965a62afd55c36c11a398c91dfc98a6,5db383771614a9018a72d57ba8dd45c8f89adb4cb665103133aa8188496e3e80,6d6c2bc39de24244e414816dd4386fd0a61c94fc2e7d66f6e88aef61f66e1f3e,c789db08d9ef36d74d4c6c3b9858511f08661765bac3ee799dc3a9982143160a
dim2-xcov0p05-fold2-seed915,2,0.05,2,915,75,valid and complete,parun-v1-2a0394114eb221b5403c0e87c54b280f6905cb2213a1ae933b4a7fb49afabad2,2a19b27091030843c79d46926fe7c850c1d916bd8c7e849d7b4ace874d2edf4b,ebead9009ee83816f5ac1ad5ca37e0cb8e7950fa,9654a265840ef7d8b1fb47e67bbb76458965a62afd55c36c11a398c91dfc98a6,5db383771614a9018a72d57ba8dd45c8f89adb4cb665103133aa8188496e3e80,6d6c2bc39de24244e414816dd4386fd0a61c94fc2e7d66f6e88aef61f66e1f3e,d336a73f85511cd34eb983aaf5e39f7ab3033271a7da72741e3648c4fe632bcc
dim2-xcov0p05-fold3-seed911,2,0.05,3,911,75,valid and complete,parun-v1-55170f2a9b89186ad876bf82b7d205001faf948ab87ad6e3a925476ce1f5d136,bc4a0d4b3b7a56767374a707cefb61a30d0bbaa83cde258f3401392073a1b838,ebead9009ee83816f5ac1ad5ca37e0cb8e7950fa,9654a265840ef7d8b1fb47e67bbb76458965a62afd55c36c11a398c91dfc98a6,5db383771614a9018a72d57ba8dd45c8f89adb4cb665103133aa8188496e3e80,3396e0fb34d92af27dbd982bd5cea16fbeae7cc3b4d3bb64ee9f04ca959cdaf7,788b680ccd19af1a5078a29468ccedec71924988f53e9d5a9bcec65b838a6f75
dim2-xcov0p05-fold3-seed912,2,0.05,3,912,75,valid and complete,parun-v1-243368fa07df2e7ba35d9bce8393822849e325d10689ef3ee9a66281e3c2997f,413e48b99c5e5c4b9146b062b078397ab972685accd61d4f31990d2fc0d065f5,ebead9009ee83816f5ac1ad5ca37e0cb8e7950fa,9654a265840ef7d8b1fb47e67bbb76458965a62afd55c36c11a398c91dfc98a6,5db383771614a9018a72d57ba8dd45c8f89adb4cb665103133aa8188496e3e80,3396e0fb34d92af27dbd982bd5cea16fbeae7cc3b4d3bb64ee9f04ca959cdaf7,9143cda1072e3664a49e6e3b2d1d8494f0763cee9176381e29119d33155f8fac
dim2-xcov0p05-fold3-seed913,2,0.05,3,913,75,valid and complete,parun-v1-235452825e97a085a78421801648f9d50a46519217ce9e707aea3527c3756029,e07a69150f558cd38fb5cced3aecac0577ee00d214f359474cb4dc31a8bec907,ebead9009ee83816f5ac1ad5ca37e0cb8e7950fa,9654a265840ef7d8b1fb47e67bbb76458965a62afd55c36c11a398c91dfc98a6,5db383771614a9018a72d57ba8dd45c8f89adb4cb665103133aa8188496e3e80,3396e0fb34d92af27dbd982bd5cea16fbeae7cc3b4d3bb64ee9f04ca959cdaf7,47c382edc2395527f2c22f60c32f9c18fc1f027496589778ff6018dd434a35ba
dim2-xcov0p05-fold3-seed914,2,0.05,3,914,75,valid and complete,parun-v1-09dfdac24a12671c28f2922051eaa8795cc3f0fc800069ccf9fb79f13c0544d5,28df7d3ccac8f8a787bda2079ad10a8d5aa39fdd3f9859004e710d4807598e90,ebead9009ee83816f5ac1ad5ca37e0cb8e7950fa,9654a265840ef7d8b1fb47e67bbb76458965a62afd55c36c11a398c91dfc98a6,5db383771614a9018a72d57ba8dd45c8f89adb4cb665103133aa8188496e3e80,3396e0fb34d92af27dbd982bd5cea16fbeae7cc3b4d3bb64ee9f04ca959cdaf7,d78a282b3884d291121ce06532ba18e7f669118925ae184dacc36cd7c6b6b431
dim2-xcov0p05-fold3-seed915,2,0.05,3,915,75,valid and complete,parun-v1-8e6b9bc87916c18bec0d675c2d794eec58f91c8565cc8f79ec26020ba33e87f1,b994539a070802b0ffc3a52ace351886a88a3c84cadd28999c7e8e0af38faa0a,ebead9009ee83816f5ac1ad5ca37e0cb8e7950fa,9654a265840ef7d8b1fb47e67bbb76458965a62afd55c36c11a398c91dfc98a6,5db383771614a9018a72d57ba8dd45c8f89adb4cb665103133aa8188496e3e80,3396e0fb34d92af27dbd982bd5cea16fbeae7cc3b4d3bb64ee9f04ca959cdaf7,eb78143a1b9c18c92198ec81bb92c912e3219330c6e15c3b8beac6d2a6cc0cc4
dim2-xcov0p05-fold4-seed911,2,0.05,4,911,75,valid and complete,parun-v1-a64496417e50a47b7a5e543f23a2f9251e40fe43df417867af8fd31dd5f63322,b54352248c88c000fd1be7ddc5e308b7b6aa0c58f6710848fec47e86e4537ca5,ebead9009ee83816f5ac1ad5ca37e0cb8e7950fa,9654a265840ef7d8b1fb47e67bbb76458965a62afd55c36c11a398c91dfc98a6,5db383771614a9018a72d57ba8dd45c8f89adb4cb665103133aa8188496e3e80,a382ed29bc8bd74178282183fcbb9d2a3f66665391a4be234acdb6f3eac995f6,6acf6c0707388b5254a70464d25d2a7986f98adff8089ea2d85596136ef93103
dim2-xcov0p05-fold4-seed912,2,0.05,4,912,75,valid and complete,parun-v1-c25723f4eb0a39ba0ee7c4f57972094a7c77c1504062e1841fff2aa35b0e959d,34bd9fad98f9fdcd8cd27c8e11c491d21795caf388b2a2ea20a3dd246ced82fd,ebead9009ee83816f5ac1ad5ca37e0cb8e7950fa,9654a265840ef7d8b1fb47e67bbb76458965a62afd55c36c11a398c91dfc98a6,5db383771614a9018a72d57ba8dd45c8f89adb4cb665103133aa8188496e3e80,a382ed29bc8bd74178282183fcbb9d2a3f66665391a4be234acdb6f3eac995f6,7977eb2ed6639764823c063e8735c9fa703f2f3f8617fd7b6fbccd2612df7bc9
dim2-xcov0p05-fold4-seed913,2,0.05,4,913,75,valid and complete,parun-v1-b43c6e1d51a86f19b4565d11adbccfc4ba167f1b7d68725105dfc5186563de68,ff8351fd14d20aabd3fc20fe7cc1f1e65646f5cc7a42bb6c5b26d67105087e41,ebead9009ee83816f5ac1ad5ca37e0cb8e7950fa,9654a265840ef7d8b1fb47e67bbb76458965a62afd55c36c11a398c91dfc98a6,5db383771614a9018a72d57ba8dd45c8f89adb4cb665103133aa8188496e3e80,a382ed29bc8bd74178282183fcbb9d2a3f66665391a4be234acdb6f3eac995f6,5724c813f9aa4839eeef8ab813c481c6c84936ff9e5378f71882e7e12444a99c
dim2-xcov0p05-fold4-seed914,2,0.05,4,914,75,valid and complete,parun-v1-b2d137123a3b369f3f08f335544ef9c709eaff3c9aeb92b9e856a1bbac4550a8,087625231f09c7eb4c7b28cc76608f5d65ca88de768c14715251ce0113dabe93,ebead9009ee83816f5ac1ad5ca37e0cb8e7950fa,9654a265840ef7d8b1fb47e67bbb76458965a62afd55c36c11a398c91dfc98a6,5db383771614a9018a72d57ba8dd45c8f89adb4cb665103133aa8188496e3e80,a382ed29bc8bd74178282183fcbb9d2a3f66665391a4be234acdb6f3eac995f6,af2713044289b4bbd93440be52ac3568d0b7a4e8368c4b4de8135d354555337e
dim2-xcov0p05-fold4-seed915,2,0.05,4,915,75,valid and complete,parun-v1-bc0e83dbfa9e29459e3948b5887f360c0817722e10cb705828cfd098428c16dd,5a006acad9601b2afd5e04b3ef962a8eed175de1abe1da48e47c3b29215072c9,ebead9009ee83816f5ac1ad5ca37e0cb8e7950fa,9654a265840ef7d8b1fb47e67bbb76458965a62afd55c36c11a398c91dfc98a6,5db383771614a9018a72d57ba8dd45c8f89adb4cb665103133aa8188496e3e80,a382ed29bc8bd74178282183fcbb9d2a3f66665391a4be234acdb6f3eac995f6,4a302cb0ad7d6b0713adcb835cee85cbc0eb1cae062a3aa7d7ef4e919c062b4e
dim2-xcov0p2-fold0-seed911,2,0.2,0,911,75,valid and complete,parun-v1-c8c2c0523f536ba4a6948ba5796ae105fcea863ddf477792d7c742ef964f42ee,8e5bd62faf1a4977fbf0d74595f69c8808631d78b00133fe1269e650dc3821e1,ebead9009ee83816f5ac1ad5ca37e0cb8e7950fa,9654a265840ef7d8b1fb47e67bbb76458965a62afd55c36c11a398c91dfc98a6,5db383771614a9018a72d57ba8dd45c8f89adb4cb665103133aa8188496e3e80,19306704f6dc919790d13d0f77bfe2b6975b0fbf34388553f0a31aced97a7081,d569107cee1d5c33dc8acb011b678be13c8287cdff20ecd0d74c69622c527681
dim2-xcov0p2-fold0-seed912,2,0.2,0,912,75,valid and complete,parun-v1-b3d4c11865cd0046e22291760f1023460898a19ca718c89420cfbe641d3fdea6,6d973bb447348d466a1c66302a090067fc6be4f12106dac357f0b69b56ab4ee8,ebead9009ee83816f5ac1ad5ca37e0cb8e7950fa,9654a265840ef7d8b1fb47e67bbb76458965a62afd55c36c11a398c91dfc98a6,5db383771614a9018a72d57ba8dd45c8f89adb4cb665103133aa8188496e3e80,19306704f6dc919790d13d0f77bfe2b6975b0fbf34388553f0a31aced97a7081,fa4685584229e9ec5493f5f4b7f8bb9add4374fa9aeae6e2719792c727a859b7
dim2-xcov0p2-fold0-seed913,2,0.2,0,913,75,valid and complete,parun-v1-058b6ba63d8741c34878aa940b5dc1fe73c9424b1df1fc32d560391c7abe6c22,4976fc4abe5279eaf1670b69a8d3746db6e0581a7682afe7f4d3848e4ffd5be4,ebead9009ee83816f5ac1ad5ca37e0cb8e7950fa,9654a265840ef7d8b1fb47e67bbb76458965a62afd55c36c11a398c91dfc98a6,5db383771614a9018a72d57ba8dd45c8f89adb4cb665103133aa8188496e3e80,19306704f6dc919790d13d0f77bfe2b6975b0fbf34388553f0a31aced97a7081,aaf93a6fcf6e2a9d2a9fde816f911dde3574a64434ebab8795e3d83dc62e9153
dim2-xcov0p2-fold0-seed914,2,0.2,0,914,75,valid and complete,parun-v1-2d2cb212ed5dd67f3d305485e8964341f8a7fa7177624f8edfa4af03a71c5d42,443f2b3e04eced238309878d769b62906d8732fa086a28dd0f6f51781bda4832,ebead9009ee83816f5ac1ad5ca37e0cb8e7950fa,9654a265840ef7d8b1fb47e67bbb76458965a62afd55c36c11a398c91dfc98a6,5db383771614a9018a72d57ba8dd45c8f89adb4cb665103133aa8188496e3e80,19306704f6dc919790d13d0f77bfe2b6975b0fbf34388553f0a31aced97a7081,471e2cdd2fc6bef98846edeb5ba50f18c4f8656d7f52de795c18ce01d5c0e27c
dim2-xcov0p2-fold0-seed915,2,0.2,0,915,75,valid and complete,parun-v1-dee9f2ea63041b1b5b3ea9a409a9e69445b8680a9c59c9084d15b3a61f6a9879,632c2c0db2f5f039f10df27e2f8c953c3a36a54149d48d0f7621b90c2d47c2eb,ebead9009ee83816f5ac1ad5ca37e0cb8e7950fa,9654a265840ef7d8b1fb47e67bbb76458965a62afd55c36c11a398c91dfc98a6,5db383771614a9018a72d57ba8dd45c8f89adb4cb665103133aa8188496e3e80,19306704f6dc919790d13d0f77bfe2b6975b0fbf34388553f0a31aced97a7081,69e1fa8bfef235e1dcf46339bf46496ef60dc50aa1033dbc9113bcc9dcb09f09
dim2-xcov0p2-fold1-seed911,2,0.2,1,911,75,valid and complete,parun-v1-95338a343ab12d341533daf54a0927dcf53924ed164c185626cd067a91058021,df8fe376d74b9cf4e1c987694c2cc1520e495a01fb30f4e78fbd222c67d336dc,ebead9009ee83816f5ac1ad5ca37e0cb8e7950fa,9654a265840ef7d8b1fb47e67bbb76458965a62afd55c36c11a398c91dfc98a6,5db383771614a9018a72d57ba8dd45c8f89adb4cb665103133aa8188496e3e80,96501c9be1258f74c119d9f88a61c6945cf51f8c56ab53147b6c0b10792b3212,4b71f8ec363b6ac63db9f82872fa5c7ab5807a34e9ec5b0b43d6868e5fdbb9c2
dim2-xcov0p2-fold1-seed912,2,0.2,1,912,75,valid and complete,parun-v1-d55bbf3cf8711f798dd2b577e90085bcac1d3511414775a6f4d728def7242115,8db82620cc565d293b79f3d08ac7ad342bfd7f307d34cc30d7a738323079b981,ebead9009ee83816f5ac1ad5ca37e0cb8e7950fa,9654a265840ef7d8b1fb47e67bbb76458965a62afd55c36c11a398c91dfc98a6,5db383771614a9018a72d57ba8dd45c8f89adb4cb665103133aa8188496e3e80,96501c9be1258f74c119d9f88a61c6945cf51f8c56ab53147b6c0b10792b3212,f8c616da5b2df50729c7df94506e219d3178fc5210df108a9bd19fdc705bc64c
dim2-xcov0p2-fold1-seed913,2,0.2,1,913,75,valid and complete,parun-v1-47da2ebc6c6e0fae5899325b424048159944bc6879bbe72dd3fdd1e839cf9f3f,a5511ad642f51f19ae8bb92e949d8cfcb53e48eab461ef9251fb498b9c8ceb64,ebead9009ee83816f5ac1ad5ca37e0cb8e7950fa,9654a265840ef7d8b1fb47e67bbb76458965a62afd55c36c11a398c91dfc98a6,5db383771614a9018a72d57ba8dd45c8f89adb4cb665103133aa8188496e3e80,96501c9be1258f74c119d9f88a61c6945cf51f8c56ab53147b6c0b10792b3212,15982657a25be52fa73802a18ef4fdcdff3af4a7333ae1226cea85949040fe89
dim2-xcov0p2-fold1-seed914,2,0.2,1,914,75,valid and complete,parun-v1-297b8978d02231eefea39fdcfa238bb2ecc6433d7df61475172bf905e198c026,a0ab2b487d797820b9976740699664d387ccf5bde15aab9cfae6d257daa228af,ebead9009ee83816f5ac1ad5ca37e0cb8e7950fa,9654a265840ef7d8b1fb47e67bbb76458965a62afd55c36c11a398c91dfc98a6,5db383771614a9018a72d57ba8dd45c8f89adb4cb665103133aa8188496e3e80,96501c9be1258f74c119d9f88a61c6945cf51f8c56ab53147b6c0b10792b3212,b6d68ca618d55dba9f14a3abab5eab20c9dd642686516063f1b5e92b03aa852a
dim2-xcov0p2-fold1-seed915,2,0.2,1,915,75,valid and complete,parun-v1-cb12ec26236a9b331479eee18a023b63c3c22f82d9471091dd8ed5ca2edc25dc,c98682a781cdb7323010771db32d0c340bdf99ae9a9382ae81ad050997e8299a,ebead9009ee83816f5ac1ad5ca37e0cb8e7950fa,9654a265840ef7d8b1fb47e67bbb76458965a62afd55c36c11a398c91dfc98a6,5db383771614a9018a72d57ba8dd45c8f89adb4cb665103133aa8188496e3e80,96501c9be1258f74c119d9f88a61c6945cf51f8c56ab53147b6c0b10792b3212,41209e4d02ee396812654aa1c5f410b4b06c2428fbd18ad896ed92231aa7e68d
dim2-xcov0p2-fold2-seed911,2,0.2,2,911,75,valid and complete,parun-v1-7f06e202a5259400c7cf0e3fcc368d7e214456313b49552f200a00ef49e01f9a,cd73e292f4653ce803d94fd46d9b2cb97f4fbb6e96f946e1c3262538f182f977,ebead9009ee83816f5ac1ad5ca37e0cb8e7950fa,9654a265840ef7d8b1fb47e67bbb76458965a62afd55c36c11a398c91dfc98a6,5db383771614a9018a72d57ba8dd45c8f89adb4cb665103133aa8188496e3e80,6d6c2bc39de24244e414816dd4386fd0a61c94fc2e7d66f6e88aef61f66e1f3e,93e99ccaaa2200a6a9d2e8fd3c1050764304a1915e0fa320a1ab37f96adf9f57
dim2-xcov0p2-fold2-seed912,2,0.2,2,912,75,valid and complete,parun-v1-e38f4502b9338adc47b7f52196032acf5684a908f332325e897d79cbbbbd7b5e,ea3389061acdddcf7267f25a6c9c197f4ba0b5961f27856a963ed10e79895d37,ebead9009ee83816f5ac1ad5ca37e0cb8e7950fa,9654a265840ef7d8b1fb47e67bbb76458965a62afd55c36c11a398c91dfc98a6,5db383771614a9018a72d57ba8dd45c8f89adb4cb665103133aa8188496e3e80,6d6c2bc39de24244e414816dd4386fd0a61c94fc2e7d66f6e88aef61f66e1f3e,a8cc4504a50f85b3737249d3bd3e015b1f8d0a87d9b6a9d2a79b6f287630c7c9
dim2-xcov0p2-fold2-seed913,2,0.2,2,913,75,valid and complete,parun-v1-e1317b3a6eb747396861d641f177cc2a3dffd19f57f931666e82b00efb2088c4,dec9a01c2a9d2001e355a78a9222adc8294287221a41c0eb5e10e9ec6e5bbd3c,ebead9009ee83816f5ac1ad5ca37e0cb8e7950fa,9654a265840ef7d8b1fb47e67bbb76458965a62afd55c36c11a398c91dfc98a6,5db383771614a9018a72d57ba8dd45c8f89adb4cb665103133aa8188496e3e80,6d6c2bc39de24244e414816dd4386fd0a61c94fc2e7d66f6e88aef61f66e1f3e,1b7e89fba89f7566ae185fc800936c590fe515220ab53f006ebc3133b8da59fc
dim2-xcov0p2-fold2-seed914,2,0.2,2,914,75,valid and complete,parun-v1-cc5fd0883e3c5d7e2c63b976a82cb7d4be7930f1335784141223265d1f637a69,181bb63fb4f489f4b01ca1a3efe768f26e5c77987d51504ca5ab1e59415a7ff5,ebead9009ee83816f5ac1ad5ca37e0cb8e7950fa,9654a265840ef7d8b1fb47e67bbb76458965a62afd55c36c11a398c91dfc98a6,5db383771614a9018a72d57ba8dd45c8f89adb4cb665103133aa8188496e3e80,6d6c2bc39de24244e414816dd4386fd0a61c94fc2e7d66f6e88aef61f66e1f3e,c789db08d9ef36d74d4c6c3b9858511f08661765bac3ee799dc3a9982143160a
dim2-xcov0p2-fold2-seed915,2,0.2,2,915,75,valid and complete,parun-v1-f9f1456930e6df59e9264cecd471d9adb78362149988b7a71230fb1dca5de95c,5f9d51584409a54303ae3e0c3e4cd98a8c2f42b7eb0f59a70e5e7c037fe3e257,ebead9009ee83816f5ac1ad5ca37e0cb8e7950fa,9654a265840ef7d8b1fb47e67bbb76458965a62afd55c36c11a398c91dfc98a6,5db383771614a9018a72d57ba8dd45c8f89adb4cb665103133aa8188496e3e80,6d6c2bc39de24244e414816dd4386fd0a61c94fc2e7d66f6e88aef61f66e1f3e,d336a73f85511cd34eb983aaf5e39f7ab3033271a7da72741e3648c4fe632bcc
dim2-xcov0p2-fold3-seed911,2,0.2,3,911,75,valid and complete,parun-v1-7fd2acb830e036fea2b3df5a2452b0314d395fef4af66bb1bef7b541978f063c,b498fc98e7b57f09d4bf1c7f37bba55fde4c19a16bb064cc692084c7bccbaaf3,ebead9009ee83816f5ac1ad5ca37e0cb8e7950fa,9654a265840ef7d8b1fb47e67bbb76458965a62afd55c36c11a398c91dfc98a6,5db383771614a9018a72d57ba8dd45c8f89adb4cb665103133aa8188496e3e80,3396e0fb34d92af27dbd982bd5cea16fbeae7cc3b4d3bb64ee9f04ca959cdaf7,788b680ccd19af1a5078a29468ccedec71924988f53e9d5a9bcec65b838a6f75
dim2-xcov0p2-fold3-seed912,2,0.2,3,912,75,valid and complete,parun-v1-bf3afab652ee429cdb837424c5ee3d0d65b0e61f2600c678712e9e4da0ce935e,2909281931bf34142c0613fb94bf6d2debe6f180e9d43283770fddd7f860d472,ebead9009ee83816f5ac1ad5ca37e0cb8e7950fa,9654a265840ef7d8b1fb47e67bbb76458965a62afd55c36c11a398c91dfc98a6,5db383771614a9018a72d57ba8dd45c8f89adb4cb665103133aa8188496e3e80,3396e0fb34d92af27dbd982bd5cea16fbeae7cc3b4d3bb64ee9f04ca959cdaf7,9143cda1072e3664a49e6e3b2d1d8494f0763cee9176381e29119d33155f8fac
dim2-xcov0p2-fold3-seed913,2,0.2,3,913,75,valid and complete,parun-v1-8ea90a811a9bf68381feeaf3e025d42d7bc19d5a5bd64bc888942b4158dfced7,bea0d4dc5edfb514abe5959d062680b4fab5d47fdfd3714b0e191a82e578fdb1,ebead9009ee83816f5ac1ad5ca37e0cb8e7950fa,9654a265840ef7d8b1fb47e67bbb76458965a62afd55c36c11a398c91dfc98a6,5db383771614a9018a72d57ba8dd45c8f89adb4cb665103133aa8188496e3e80,3396e0fb34d92af27dbd982bd5cea16fbeae7cc3b4d3bb64ee9f04ca959cdaf7,47c382edc2395527f2c22f60c32f9c18fc1f027496589778ff6018dd434a35ba
dim2-xcov0p2-fold3-seed914,2,0.2,3,914,75,valid and complete,parun-v1-d4f7b546596c582f4de5293a030b0984e0dc5d3ac599174459268d6216c450ef,2da4f4b0b0276bc71f0e46432d3585a2bc4f6540d3cd8015e186650ab93a9bb4,ebead9009ee83816f5ac1ad5ca37e0cb8e7950fa,9654a265840ef7d8b1fb47e67bbb76458965a62afd55c36c11a398c91dfc98a6,5db383771614a9018a72d57ba8dd45c8f89adb4cb665103133aa8188496e3e80,3396e0fb34d92af27dbd982bd5cea16fbeae7cc3b4d3bb64ee9f04ca959cdaf7,d78a282b3884d291121ce06532ba18e7f669118925ae184dacc36cd7c6b6b431
dim2-xcov0p2-fold3-seed915,2,0.2,3,915,75,valid and complete,parun-v1-c6ebd1d5fa316d02cbf7542c82fb024aee3ca94f6415bd586a5101488e845046,c854f1be00081e287e6908b378181b89686c0ff290ccd2f9bbcb7672b65bcea6,ebead9009ee83816f5ac1ad5ca37e0cb8e7950fa,9654a265840ef7d8b1fb47e67bbb76458965a62afd55c36c11a398c91dfc98a6,5db383771614a9018a72d57ba8dd45c8f89adb4cb665103133aa8188496e3e80,3396e0fb34d92af27dbd982bd5cea16fbeae7cc3b4d3bb64ee9f04ca959cdaf7,eb78143a1b9c18c92198ec81bb92c912e3219330c6e15c3b8beac6d2a6cc0cc4
dim2-xcov0p2-fold4-seed911,2,0.2,4,911,75,valid and complete,parun-v1-05683bf15d255f63f3c839598c302e81589770a6c6b86965ef1d0454b15d66c4,071928e735480bb0e071d1b713ff8a56dbf974e1759fb3588b61652d3ac41829,ebead9009ee83816f5ac1ad5ca37e0cb8e7950fa,9654a265840ef7d8b1fb47e67bbb76458965a62afd55c36c11a398c91dfc98a6,5db383771614a9018a72d57ba8dd45c8f89adb4cb665103133aa8188496e3e80,a382ed29bc8bd74178282183fcbb9d2a3f66665391a4be234acdb6f3eac995f6,6acf6c0707388b5254a70464d25d2a7986f98adff8089ea2d85596136ef93103
dim2-xcov0p2-fold4-seed912,2,0.2,4,912,75,valid and complete,parun-v1-b057322def66aafa8db23eecd4b2fc01b51aae1aae5bd64b8b3330a01b824e83,48e9a435d415bde28bee09f934da8e3cfc96ff6e474df865fec6c4cc2bab0a23,ebead9009ee83816f5ac1ad5ca37e0cb8e7950fa,9654a265840ef7d8b1fb47e67bbb76458965a62afd55c36c11a398c91dfc98a6,5db383771614a9018a72d57ba8dd45c8f89adb4cb665103133aa8188496e3e80,a382ed29bc8bd74178282183fcbb9d2a3f66665391a4be234acdb6f3eac995f6,7977eb2ed6639764823c063e8735c9fa703f2f3f8617fd7b6fbccd2612df7bc9
dim2-xcov0p2-fold4-seed913,2,0.2,4,913,75,valid and complete,parun-v1-15b99b571a5b6352437d2818e330be2219f0266580ae2300a6ebab0ee1eb7d9b,3f08e0b440dfc21ee1f36a3f488300c224872de4f1f4e8578feb66d576a99256,ebead9009ee83816f5ac1ad5ca37e0cb8e7950fa,9654a265840ef7d8b1fb47e67bbb76458965a62afd55c36c11a398c91dfc98a6,5db383771614a9018a72d57ba8dd45c8f89adb4cb665103133aa8188496e3e80,a382ed29bc8bd74178282183fcbb9d2a3f66665391a4be234acdb6f3eac995f6,5724c813f9aa4839eeef8ab813c481c6c84936ff9e5378f71882e7e12444a99c
dim2-xcov0p2-fold4-seed914,2,0.2,4,914,75,valid and complete,parun-v1-ed09de6f8a1cc818ef4a4c9f3c10f1806c425604e637a68641032fb29053ff3a,9dab1f46cdb1b80858232669c931155d564148599dd5e06dff6e22f4ad5fa45c,ebead9009ee83816f5ac1ad5ca37e0cb8e7950fa,9654a265840ef7d8b1fb47e67bbb76458965a62afd55c36c11a398c91dfc98a6,5db383771614a9018a72d57ba8dd45c8f89adb4cb665103133aa8188496e3e80,a382ed29bc8bd74178282183fcbb9d2a3f66665391a4be234acdb6f3eac995f6,af2713044289b4bbd93440be52ac3568d0b7a4e8368c4b4de8135d354555337e
dim2-xcov0p2-fold4-seed915,2,0.2,4,915,75,valid and complete,parun-v1-d58daa607570c542b13eb83456d0be62f3cae9cc2ee493dbfb4c8f34c93c7701,ff3bfadb0505da3742e59a8284bfd0c3e1272cf65e5f492934e8ba96755f8473,ebead9009ee83816f5ac1ad5ca37e0cb8e7950fa,9654a265840ef7d8b1fb47e67bbb76458965a62afd55c36c11a398c91dfc98a6,5db383771614a9018a72d57ba8dd45c8f89adb4cb665103133aa8188496e3e80,a382ed29bc8bd74178282183fcbb9d2a3f66665391a4be234acdb6f3eac995f6,4a302cb0ad7d6b0713adcb835cee85cbc0eb1cae062a3aa7d7ef4e919c062b4e
dim32-xcov0-fold0-seed911,32,0.0,0,911,75,valid and complete,parun-v1-ace62a0a54779073fbb896620641d14095871d1706524aee139f16d24288723d,ac1b72d1871a0162e6edd4ed9474e091d5496d99f38fdb3e3392bd63d50eb3e6,ebead9009ee83816f5ac1ad5ca37e0cb8e7950fa,9654a265840ef7d8b1fb47e67bbb76458965a62afd55c36c11a398c91dfc98a6,5db383771614a9018a72d57ba8dd45c8f89adb4cb665103133aa8188496e3e80,19306704f6dc919790d13d0f77bfe2b6975b0fbf34388553f0a31aced97a7081,d569107cee1d5c33dc8acb011b678be13c8287cdff20ecd0d74c69622c527681
dim32-xcov0-fold0-seed912,32,0.0,0,912,75,valid and complete,parun-v1-6887a91656e00e78b678befd5cdba43010417f62681624e161ff9833db82825c,1e4d11b6dce388f96473ffa1ccd1fb21befd288777d26fd10f62c59a2b428328,ebead9009ee83816f5ac1ad5ca37e0cb8e7950fa,9654a265840ef7d8b1fb47e67bbb76458965a62afd55c36c11a398c91dfc98a6,5db383771614a9018a72d57ba8dd45c8f89adb4cb665103133aa8188496e3e80,19306704f6dc919790d13d0f77bfe2b6975b0fbf34388553f0a31aced97a7081,fa4685584229e9ec5493f5f4b7f8bb9add4374fa9aeae6e2719792c727a859b7
dim32-xcov0-fold0-seed913,32,0.0,0,913,75,valid and complete,parun-v1-5c4ff6fd22128217a8ca855e0e00c7df96fcf4f014cf05d44b45492f07489f5f,80732b6dfe0b0239e8892d5848dc4efc75494dee5a41b4dd4ab9b6b4f28ea318,ebead9009ee83816f5ac1ad5ca37e0cb8e7950fa,9654a265840ef7d8b1fb47e67bbb76458965a62afd55c36c11a398c91dfc98a6,5db383771614a9018a72d57ba8dd45c8f89adb4cb665103133aa8188496e3e80,19306704f6dc919790d13d0f77bfe2b6975b0fbf34388553f0a31aced97a7081,aaf93a6fcf6e2a9d2a9fde816f911dde3574a64434ebab8795e3d83dc62e9153
dim32-xcov0-fold0-seed914,32,0.0,0,914,75,valid and complete,parun-v1-6d30d9c7c35fe80d783f68a7dd001cff9a7918ee5c1b0f53f70d5360f2bdae82,a6f91dba2ae4d061269a158108fa48a8d189e893deda1669a8c025e9979bc01a,ebead9009ee83816f5ac1ad5ca37e0cb8e7950fa,9654a265840ef7d8b1fb47e67bbb76458965a62afd55c36c11a398c91dfc98a6,5db383771614a9018a72d57ba8dd45c8f89adb4cb665103133aa8188496e3e80,19306704f6dc919790d13d0f77bfe2b6975b0fbf34388553f0a31aced97a7081,471e2cdd2fc6bef98846edeb5ba50f18c4f8656d7f52de795c18ce01d5c0e27c
dim32-xcov0-fold0-seed915,32,0.0,0,915,75,valid and complete,parun-v1-78a6e54cfd2b2e7ecf03b51d6faf83b40202836ec6edfc2719922c1454c50bf8,6c77b5ddad7779db18c3e40008eb8560806d6a84859bc9b25b9be801a4fa68bc,ebead9009ee83816f5ac1ad5ca37e0cb8e7950fa,9654a265840ef7d8b1fb47e67bbb76458965a62afd55c36c11a398c91dfc98a6,5db383771614a9018a72d57ba8dd45c8f89adb4cb665103133aa8188496e3e80,19306704f6dc919790d13d0f77bfe2b6975b0fbf34388553f0a31aced97a7081,69e1fa8bfef235e1dcf46339bf46496ef60dc50aa1033dbc9113bcc9dcb09f09
dim32-xcov0-fold1-seed911,32,0.0,1,911,75,valid and complete,parun-v1-7a1aa85f56a11db4bdeb7368b55556638845ec186dec15e37cc3984bbfb35b9e,0d03f7ad828d4440d721e04cec54663de662ece4840149e609a5bc85771666ac,ebead9009ee83816f5ac1ad5ca37e0cb8e7950fa,9654a265840ef7d8b1fb47e67bbb76458965a62afd55c36c11a398c91dfc98a6,5db383771614a9018a72d57ba8dd45c8f89adb4cb665103133aa8188496e3e80,96501c9be1258f74c119d9f88a61c6945cf51f8c56ab53147b6c0b10792b3212,4b71f8ec363b6ac63db9f82872fa5c7ab5807a34e9ec5b0b43d6868e5fdbb9c2
dim32-xcov0-fold1-seed912,32,0.0,1,912,75,valid and complete,parun-v1-96eaaac356404055def4bffefa858ac9f3d376a49ca7914ece190f4fa2aa1c1d,9d2fc5ee9a63958ce071eb3c4dac8155aae2e52c1fd71cb40823ae7ec4dc7c31,ebead9009ee83816f5ac1ad5ca37e0cb8e7950fa,9654a265840ef7d8b1fb47e67bbb76458965a62afd55c36c11a398c91dfc98a6,5db383771614a9018a72d57ba8dd45c8f89adb4cb665103133aa8188496e3e80,96501c9be1258f74c119d9f88a61c6945cf51f8c56ab53147b6c0b10792b3212,f8c616da5b2df50729c7df94506e219d3178fc5210df108a9bd19fdc705bc64c
dim32-xcov0-fold1-seed913,32,0.0,1,913,75,valid and complete,parun-v1-fee936fa84307e1697e79c95b472d66b904ed8e2aa495260936d8bb474aed6fb,c3fdd180dba37d1b0f1a736e486b42dea93189edc94a5d38bf36b93e89ecc0eb,ebead9009ee83816f5ac1ad5ca37e0cb8e7950fa,9654a265840ef7d8b1fb47e67bbb76458965a62afd55c36c11a398c91dfc98a6,5db383771614a9018a72d57ba8dd45c8f89adb4cb665103133aa8188496e3e80,96501c9be1258f74c119d9f88a61c6945cf51f8c56ab53147b6c0b10792b3212,15982657a25be52fa73802a18ef4fdcdff3af4a7333ae1226cea85949040fe89
dim32-xcov0-fold1-seed914,32,0.0,1,914,75,valid and complete,parun-v1-a0d6d463a88e0adbed5099bc613485a964c345b4bef97190aa50407ec7acfe76,25abeaa9c8efcc7108263e330112cef1a6164c75a524845ccb8ca8a9bef26600,ebead9009ee83816f5ac1ad5ca37e0cb8e7950fa,9654a265840ef7d8b1fb47e67bbb76458965a62afd55c36c11a398c91dfc98a6,5db383771614a9018a72d57ba8dd45c8f89adb4cb665103133aa8188496e3e80,96501c9be1258f74c119d9f88a61c6945cf51f8c56ab53147b6c0b10792b3212,b6d68ca618d55dba9f14a3abab5eab20c9dd642686516063f1b5e92b03aa852a
dim32-xcov0-fold1-seed915,32,0.0,1,915,75,valid and complete,parun-v1-86012936958bc620febf16b9ac9e311925c2554309347bfdb97885bacaa79a91,629000c086eb81bb3cdc4630b9486e86dc84eaf588e623598b50bba68c11b728,ebead9009ee83816f5ac1ad5ca37e0cb8e7950fa,9654a265840ef7d8b1fb47e67bbb76458965a62afd55c36c11a398c91dfc98a6,5db383771614a9018a72d57ba8dd45c8f89adb4cb665103133aa8188496e3e80,96501c9be1258f74c119d9f88a61c6945cf51f8c56ab53147b6c0b10792b3212,41209e4d02ee396812654aa1c5f410b4b06c2428fbd18ad896ed92231aa7e68d
dim32-xcov0-fold2-seed911,32,0.0,2,911,75,valid and complete,parun-v1-977f4c7ac04a85f18e7d5594c4eb254a0a8ef6518d88c2158e2f7283f585ba20,3c78ca12b8d260f0684afbf5abae9db9e52a1ce61505eda1051e8a4bcd89b137,ebead9009ee83816f5ac1ad5ca37e0cb8e7950fa,9654a265840ef7d8b1fb47e67bbb76458965a62afd55c36c11a398c91dfc98a6,5db383771614a9018a72d57ba8dd45c8f89adb4cb665103133aa8188496e3e80,6d6c2bc39de24244e414816dd4386fd0a61c94fc2e7d66f6e88aef61f66e1f3e,93e99ccaaa2200a6a9d2e8fd3c1050764304a1915e0fa320a1ab37f96adf9f57
dim32-xcov0-fold2-seed912,32,0.0,2,912,75,valid and complete,parun-v1-9ae3d27e1455ee7838ae57a244efd17c92b5243fa664ac2b59e466bddd76d39f,942e6ad1c1640f3c28958fa8a9a8348ea2c4c9093c7c31a419e96e2533c0102f,ebead9009ee83816f5ac1ad5ca37e0cb8e7950fa,9654a265840ef7d8b1fb47e67bbb76458965a62afd55c36c11a398c91dfc98a6,5db383771614a9018a72d57ba8dd45c8f89adb4cb665103133aa8188496e3e80,6d6c2bc39de24244e414816dd4386fd0a61c94fc2e7d66f6e88aef61f66e1f3e,a8cc4504a50f85b3737249d3bd3e015b1f8d0a87d9b6a9d2a79b6f287630c7c9
dim32-xcov0-fold2-seed913,32,0.0,2,913,75,valid and complete,parun-v1-5b9d4873fbc3ed31378e3a5cea4d5cc843a733b832ad033dcf610026ab824e24,ec78e4b18bc95c2e279841fe28971c52572a743abab0aac33c23a377b7eb5869,ebead9009ee83816f5ac1ad5ca37e0cb8e7950fa,9654a265840ef7d8b1fb47e67bbb76458965a62afd55c36c11a398c91dfc98a6,5db383771614a9018a72d57ba8dd45c8f89adb4cb665103133aa8188496e3e80,6d6c2bc39de24244e414816dd4386fd0a61c94fc2e7d66f6e88aef61f66e1f3e,1b7e89fba89f7566ae185fc800936c590fe515220ab53f006ebc3133b8da59fc
dim32-xcov0-fold2-seed914,32,0.0,2,914,75,valid and complete,parun-v1-1e0ba5aeacf0dc364510ecb5b7492ff0700d241bf9460fe88a303a3b2c9d27a5,2b3717d3b8a91937a74fa43f042435a4148111f58a1e305be6ce2a3a18fb624e,ebead9009ee83816f5ac1ad5ca37e0cb8e7950fa,9654a265840ef7d8b1fb47e67bbb76458965a62afd55c36c11a398c91dfc98a6,5db383771614a9018a72d57ba8dd45c8f89adb4cb665103133aa8188496e3e80,6d6c2bc39de24244e414816dd4386fd0a61c94fc2e7d66f6e88aef61f66e1f3e,c789db08d9ef36d74d4c6c3b9858511f08661765bac3ee799dc3a9982143160a
dim32-xcov0-fold2-seed915,32,0.0,2,915,75,valid and complete,parun-v1-a6dea98477dc62a7eda55e30f16d170d77354f95ce31162d672ea1eb535bf316,9d636c44aaf7969467a886bb5b8eae26df5f3920cc7449d522037adb78751b17,ebead9009ee83816f5ac1ad5ca37e0cb8e7950fa,9654a265840ef7d8b1fb47e67bbb76458965a62afd55c36c11a398c91dfc98a6,5db383771614a9018a72d57ba8dd45c8f89adb4cb665103133aa8188496e3e80,6d6c2bc39de24244e414816dd4386fd0a61c94fc2e7d66f6e88aef61f66e1f3e,d336a73f85511cd34eb983aaf5e39f7ab3033271a7da72741e3648c4fe632bcc
dim32-xcov0-fold3-seed911,32,0.0,3,911,75,valid and complete,parun-v1-506eefc5ed923dbd88e661db679379c097ed53760957941901857a1296d1a26a,316d1757c6e782d04837f80c67b6ed5f5d137c447cc81af17bd4db93f4a2d379,ebead9009ee83816f5ac1ad5ca37e0cb8e7950fa,9654a265840ef7d8b1fb47e67bbb76458965a62afd55c36c11a398c91dfc98a6,5db383771614a9018a72d57ba8dd45c8f89adb4cb665103133aa8188496e3e80,3396e0fb34d92af27dbd982bd5cea16fbeae7cc3b4d3bb64ee9f04ca959cdaf7,788b680ccd19af1a5078a29468ccedec71924988f53e9d5a9bcec65b838a6f75
dim32-xcov0-fold3-seed912,32,0.0,3,912,75,valid and complete,parun-v1-0aac514779083d33b8ccba9aabdee02f27b56cad4e93f245cb6609550adc4774,42dd34322257bf804e2d5834d536ae7cc01992fbe5700610b5f1cafd0e2d4a9a,ebead9009ee83816f5ac1ad5ca37e0cb8e7950fa,9654a265840ef7d8b1fb47e67bbb76458965a62afd55c36c11a398c91dfc98a6,5db383771614a9018a72d57ba8dd45c8f89adb4cb665103133aa8188496e3e80,3396e0fb34d92af27dbd982bd5cea16fbeae7cc3b4d3bb64ee9f04ca959cdaf7,9143cda1072e3664a49e6e3b2d1d8494f0763cee9176381e29119d33155f8fac
dim32-xcov0-fold3-seed913,32,0.0,3,913,75,valid and complete,parun-v1-90133a30ffbeb6a2dffb8ace589d32e53968bdaefb6b96f332261892fc7f1110,0d5594e8e51edf3c226aa87356f203e1b6ae6fb23de54ae69b3ce608224e3f61,ebead9009ee83816f5ac1ad5ca37e0cb8e7950fa,9654a265840ef7d8b1fb47e67bbb76458965a62afd55c36c11a398c91dfc98a6,5db383771614a9018a72d57ba8dd45c8f89adb4cb665103133aa8188496e3e80,3396e0fb34d92af27dbd982bd5cea16fbeae7cc3b4d3bb64ee9f04ca959cdaf7,47c382edc2395527f2c22f60c32f9c18fc1f027496589778ff6018dd434a35ba
dim32-xcov0-fold3-seed914,32,0.0,3,914,75,valid and complete,parun-v1-72e291f186ddbd323193fc2509dd527dba21c0c1836555d4c31f5c7da58fd06c,d9805a6db9d7eaa6f4ea143ad9be05da65ab67876ea3e52c560264052554028c,ebead9009ee83816f5ac1ad5ca37e0cb8e7950fa,9654a265840ef7d8b1fb47e67bbb76458965a62afd55c36c11a398c91dfc98a6,5db383771614a9018a72d57ba8dd45c8f89adb4cb665103133aa8188496e3e80,3396e0fb34d92af27dbd982bd5cea16fbeae7cc3b4d3bb64ee9f04ca959cdaf7,d78a282b3884d291121ce06532ba18e7f669118925ae184dacc36cd7c6b6b431
dim32-xcov0-fold3-seed915,32,0.0,3,915,75,valid and complete,parun-v1-3f6cd240d3e0449460e808d14e575551074c35a9e085960a0e654dcba76d36ec,51fe585a579e876e68165651cb1fb930e04f287332340d5cb2b0448cf28fc694,ebead9009ee83816f5ac1ad5ca37e0cb8e7950fa,9654a265840ef7d8b1fb47e67bbb76458965a62afd55c36c11a398c91dfc98a6,5db383771614a9018a72d57ba8dd45c8f89adb4cb665103133aa8188496e3e80,3396e0fb34d92af27dbd982bd5cea16fbeae7cc3b4d3bb64ee9f04ca959cdaf7,eb78143a1b9c18c92198ec81bb92c912e3219330c6e15c3b8beac6d2a6cc0cc4
dim32-xcov0-fold4-seed911,32,0.0,4,911,75,valid and complete,parun-v1-5e1232164969815637ad32c5617972b563cee845026b2736bb9ef67467226240,89b94e4eeb0bf3af334e245882e55a3d18da6ce5a4cdb9753604a8dccebb4132,ebead9009ee83816f5ac1ad5ca37e0cb8e7950fa,9654a265840ef7d8b1fb47e67bbb76458965a62afd55c36c11a398c91dfc98a6,5db383771614a9018a72d57ba8dd45c8f89adb4cb665103133aa8188496e3e80,a382ed29bc8bd74178282183fcbb9d2a3f66665391a4be234acdb6f3eac995f6,6acf6c0707388b5254a70464d25d2a7986f98adff8089ea2d85596136ef93103
dim32-xcov0-fold4-seed912,32,0.0,4,912,75,valid and complete,parun-v1-7f3df800f5974a60ba8fa9d86f5120150c204df2f11f83fc87fac188e75d8cdf,9457aeaf68802c41d533f4dbe840a98720a41f94572565050df53198c380a9dd,ebead9009ee83816f5ac1ad5ca37e0cb8e7950fa,9654a265840ef7d8b1fb47e67bbb76458965a62afd55c36c11a398c91dfc98a6,5db383771614a9018a72d57ba8dd45c8f89adb4cb665103133aa8188496e3e80,a382ed29bc8bd74178282183fcbb9d2a3f66665391a4be234acdb6f3eac995f6,7977eb2ed6639764823c063e8735c9fa703f2f3f8617fd7b6fbccd2612df7bc9
dim32-xcov0-fold4-seed913,32,0.0,4,913,75,valid and complete,parun-v1-81d83baea1c2a159db77b51f0df280f6d166a14d4aa93cedce320b5e9bbb4220,7abe5ad300263c9882ca43d54c3cde55dfb04b93802e71decf7119111f009e64,ebead9009ee83816f5ac1ad5ca37e0cb8e7950fa,9654a265840ef7d8b1fb47e67bbb76458965a62afd55c36c11a398c91dfc98a6,5db383771614a9018a72d57ba8dd45c8f89adb4cb665103133aa8188496e3e80,a382ed29bc8bd74178282183fcbb9d2a3f66665391a4be234acdb6f3eac995f6,5724c813f9aa4839eeef8ab813c481c6c84936ff9e5378f71882e7e12444a99c
dim32-xcov0-fold4-seed914,32,0.0,4,914,75,valid and complete,parun-v1-a0adb66ddb0f3c9835622d1a1250dfaf891b53d1f1edb1fe918f84ff97f7eff5,71f004425d90d5ce89ac712489f53537ae71818d04704e53b9e97cd6ab66ff13,ebead9009ee83816f5ac1ad5ca37e0cb8e7950fa,9654a265840ef7d8b1fb47e67bbb76458965a62afd55c36c11a398c91dfc98a6,5db383771614a9018a72d57ba8dd45c8f89adb4cb665103133aa8188496e3e80,a382ed29bc8bd74178282183fcbb9d2a3f66665391a4be234acdb6f3eac995f6,af2713044289b4bbd93440be52ac3568d0b7a4e8368c4b4de8135d354555337e
dim32-xcov0-fold4-seed915,32,0.0,4,915,75,valid and complete,parun-v1-729cf1bb269a37d5b8f33465f16325940cdd817f58bb0b77be63e18d07c051e3,d5b7fd96d9c32fe71f07a650ea821f3b6f720f6bd0159302c58a38dc2736c98a,ebead9009ee83816f5ac1ad5ca37e0cb8e7950fa,9654a265840ef7d8b1fb47e67bbb76458965a62afd55c36c11a398c91dfc98a6,5db383771614a9018a72d57ba8dd45c8f89adb4cb665103133aa8188496e3e80,a382ed29bc8bd74178282183fcbb9d2a3f66665391a4be234acdb6f3eac995f6,4a302cb0ad7d6b0713adcb835cee85cbc0eb1cae062a3aa7d7ef4e919c062b4e
dim32-xcov0p05-fold0-seed911,32,0.05,0,911,75,valid and complete,parun-v1-a13231b16f3ceeaad5cc2b2b64152047d2df5b9f516172fe76c4307694376ced,8d3b48749b3b7d10a0781ba1b061e83d0ca9f1094be25ff17fdbd6a2be9371cf,ebead9009ee83816f5ac1ad5ca37e0cb8e7950fa,9654a265840ef7d8b1fb47e67bbb76458965a62afd55c36c11a398c91dfc98a6,5db383771614a9018a72d57ba8dd45c8f89adb4cb665103133aa8188496e3e80,19306704f6dc919790d13d0f77bfe2b6975b0fbf34388553f0a31aced97a7081,d569107cee1d5c33dc8acb011b678be13c8287cdff20ecd0d74c69622c527681
dim32-xcov0p05-fold0-seed912,32,0.05,0,912,75,valid and complete,parun-v1-d60d54b98c46114a6fbcb948f4a1ecd64e2d5593931c9944e3527dac621e7808,4e0dcaa0a60d56deb51cd0f22cc6af53c4eaf2f88ec932f7d9f7089a309f6d44,ebead9009ee83816f5ac1ad5ca37e0cb8e7950fa,9654a265840ef7d8b1fb47e67bbb76458965a62afd55c36c11a398c91dfc98a6,5db383771614a9018a72d57ba8dd45c8f89adb4cb665103133aa8188496e3e80,19306704f6dc919790d13d0f77bfe2b6975b0fbf34388553f0a31aced97a7081,fa4685584229e9ec5493f5f4b7f8bb9add4374fa9aeae6e2719792c727a859b7
dim32-xcov0p05-fold0-seed913,32,0.05,0,913,75,valid and complete,parun-v1-7a126403bc6e3f547c852a76e6a9595afd86180c580d43396b1624725c76faab,16653943e453ff32f7b762ab3e47d777bce50b287fce53f4871daf796836af19,ebead9009ee83816f5ac1ad5ca37e0cb8e7950fa,9654a265840ef7d8b1fb47e67bbb76458965a62afd55c36c11a398c91dfc98a6,5db383771614a9018a72d57ba8dd45c8f89adb4cb665103133aa8188496e3e80,19306704f6dc919790d13d0f77bfe2b6975b0fbf34388553f0a31aced97a7081,aaf93a6fcf6e2a9d2a9fde816f911dde3574a64434ebab8795e3d83dc62e9153
dim32-xcov0p05-fold0-seed914,32,0.05,0,914,75,valid and complete,parun-v1-ce7939349c8de5effb5807cb8cee1f062679e673038c075a710aef304cd42863,6674fb8854394751eed2ead614395073188e9c7ea1ecc7adf7137267114daea5,ebead9009ee83816f5ac1ad5ca37e0cb8e7950fa,9654a265840ef7d8b1fb47e67bbb76458965a62afd55c36c11a398c91dfc98a6,5db383771614a9018a72d57ba8dd45c8f89adb4cb665103133aa8188496e3e80,19306704f6dc919790d13d0f77bfe2b6975b0fbf34388553f0a31aced97a7081,471e2cdd2fc6bef98846edeb5ba50f18c4f8656d7f52de795c18ce01d5c0e27c
dim32-xcov0p05-fold0-seed915,32,0.05,0,915,75,valid and complete,parun-v1-e7a9205dc7d7f0b6534f366882e0c0755cf07c696f844d8c74639ec7dd22c39f,9ee8f5719d14953f93b9777ac308a45699eef7f9fd4e57a9953b3870a91a42b5,ebead9009ee83816f5ac1ad5ca37e0cb8e7950fa,9654a265840ef7d8b1fb47e67bbb76458965a62afd55c36c11a398c91dfc98a6,5db383771614a9018a72d57ba8dd45c8f89adb4cb665103133aa8188496e3e80,19306704f6dc919790d13d0f77bfe2b6975b0fbf34388553f0a31aced97a7081,69e1fa8bfef235e1dcf46339bf46496ef60dc50aa1033dbc9113bcc9dcb09f09
dim32-xcov0p05-fold1-seed911,32,0.05,1,911,75,valid and complete,parun-v1-d8fb342f5309c5775382e64267c74bf448542c9616ce68f168f424a1041d7c88,6bb103ecf813b6943b763fed233d2dd4fe77ae626503a39a7e676d75ad4c1b67,ebead9009ee83816f5ac1ad5ca37e0cb8e7950fa,9654a265840ef7d8b1fb47e67bbb76458965a62afd55c36c11a398c91dfc98a6,5db383771614a9018a72d57ba8dd45c8f89adb4cb665103133aa8188496e3e80,96501c9be1258f74c119d9f88a61c6945cf51f8c56ab53147b6c0b10792b3212,4b71f8ec363b6ac63db9f82872fa5c7ab5807a34e9ec5b0b43d6868e5fdbb9c2
dim32-xcov0p05-fold1-seed912,32,0.05,1,912,75,valid and complete,parun-v1-2f895e702de7bb28c26a880ef95cb03ad3a2a1f9f83da618469d4b23d087d8b8,7bbecb1d1e11891ba90e74d2c6ebd841b855141ec66d2ef0884b3662393d357b,ebead9009ee83816f5ac1ad5ca37e0cb8e7950fa,9654a265840ef7d8b1fb47e67bbb76458965a62afd55c36c11a398c91dfc98a6,5db383771614a9018a72d57ba8dd45c8f89adb4cb665103133aa8188496e3e80,96501c9be1258f74c119d9f88a61c6945cf51f8c56ab53147b6c0b10792b3212,f8c616da5b2df50729c7df94506e219d3178fc5210df108a9bd19fdc705bc64c
dim32-xcov0p05-fold1-seed913,32,0.05,1,913,75,valid and complete,parun-v1-a148ef936baad70926905cc1a6004d4f95dba905869b8c1383aed284c12c4761,c401943a0c78138b5ca7c736527cb1ed459d134a1a734e11b7af60a27dc3ce62,ebead9009ee83816f5ac1ad5ca37e0cb8e7950fa,9654a265840ef7d8b1fb47e67bbb76458965a62afd55c36c11a398c91dfc98a6,5db383771614a9018a72d57ba8dd45c8f89adb4cb665103133aa8188496e3e80,96501c9be1258f74c119d9f88a61c6945cf51f8c56ab53147b6c0b10792b3212,15982657a25be52fa73802a18ef4fdcdff3af4a7333ae1226cea85949040fe89
dim32-xcov0p05-fold1-seed914,32,0.05,1,914,75,valid and complete,parun-v1-c6da22f17ccec70e6920a628c3270f62153e66028a48d81bde38214ce895b9da,6f8f1a3462d93c0884597d43777bdd530a0c05c4ce2604470e53d0c88f9edd6e,ebead9009ee83816f5ac1ad5ca37e0cb8e7950fa,9654a265840ef7d8b1fb47e67bbb76458965a62afd55c36c11a398c91dfc98a6,5db383771614a9018a72d57ba8dd45c8f89adb4cb665103133aa8188496e3e80,96501c9be1258f74c119d9f88a61c6945cf51f8c56ab53147b6c0b10792b3212,b6d68ca618d55dba9f14a3abab5eab20c9dd642686516063f1b5e92b03aa852a
dim32-xcov0p05-fold1-seed915,32,0.05,1,915,75,valid and complete,parun-v1-ce75c8e881c393ee42f0122ed91b1d46cca6eb7f9c6f7049cbc2102981020ca8,768f3eec7dd34202c3e18ae9c854a9cc366fe4f935083fe8fa7085b009495dae,ebead9009ee83816f5ac1ad5ca37e0cb8e7950fa,9654a265840ef7d8b1fb47e67bbb76458965a62afd55c36c11a398c91dfc98a6,5db383771614a9018a72d57ba8dd45c8f89adb4cb665103133aa8188496e3e80,96501c9be1258f74c119d9f88a61c6945cf51f8c56ab53147b6c0b10792b3212,41209e4d02ee396812654aa1c5f410b4b06c2428fbd18ad896ed92231aa7e68d
dim32-xcov0p05-fold2-seed911,32,0.05,2,911,75,valid and complete,parun-v1-3c2e60757aeafcf1706bc1b3ab3a08365764eced5fd48a0b3f6ad853507e17a9,fd4c23924f4e085adf425836af3059742b11d7937b240e1e8a6683164a11b0ec,ebead9009ee83816f5ac1ad5ca37e0cb8e7950fa,9654a265840ef7d8b1fb47e67bbb76458965a62afd55c36c11a398c91dfc98a6,5db383771614a9018a72d57ba8dd45c8f89adb4cb665103133aa8188496e3e80,6d6c2bc39de24244e414816dd4386fd0a61c94fc2e7d66f6e88aef61f66e1f3e,93e99ccaaa2200a6a9d2e8fd3c1050764304a1915e0fa320a1ab37f96adf9f57
dim32-xcov0p05-fold2-seed912,32,0.05,2,912,75,valid and complete,parun-v1-76c2de083fa1bef50e5f5fddb24c687ac59ae83bf15231c6122454187aee53b8,db6e2db8f1f02451c6f8a40fff34425b892132df0e6509c54a927fde2b2c0d3c,ebead9009ee83816f5ac1ad5ca37e0cb8e7950fa,9654a265840ef7d8b1fb47e67bbb76458965a62afd55c36c11a398c91dfc98a6,5db383771614a9018a72d57ba8dd45c8f89adb4cb665103133aa8188496e3e80,6d6c2bc39de24244e414816dd4386fd0a61c94fc2e7d66f6e88aef61f66e1f3e,a8cc4504a50f85b3737249d3bd3e015b1f8d0a87d9b6a9d2a79b6f287630c7c9
dim32-xcov0p05-fold2-seed913,32,0.05,2,913,75,valid and complete,parun-v1-f59088eabc9a498b8271da7b866c1337c6e7f1bc38913267a63552f41654ce69,b078d4b088173fc7f3fb8677d75428b013613574a9bfbc5e51c279d9da8e5a7c,ebead9009ee83816f5ac1ad5ca37e0cb8e7950fa,9654a265840ef7d8b1fb47e67bbb76458965a62afd55c36c11a398c91dfc98a6,5db383771614a9018a72d57ba8dd45c8f89adb4cb665103133aa8188496e3e80,6d6c2bc39de24244e414816dd4386fd0a61c94fc2e7d66f6e88aef61f66e1f3e,1b7e89fba89f7566ae185fc800936c590fe515220ab53f006ebc3133b8da59fc
dim32-xcov0p05-fold2-seed914,32,0.05,2,914,75,valid and complete,parun-v1-c0abf9abfac99a2bcf2f8a1033d70c41f7e3d07647366df37014350b051a7e2c,96557e1e3188022e384193f764cba653d6db3097dd6379a98181c1854b336491,ebead9009ee83816f5ac1ad5ca37e0cb8e7950fa,9654a265840ef7d8b1fb47e67bbb76458965a62afd55c36c11a398c91dfc98a6,5db383771614a9018a72d57ba8dd45c8f89adb4cb665103133aa8188496e3e80,6d6c2bc39de24244e414816dd4386fd0a61c94fc2e7d66f6e88aef61f66e1f3e,c789db08d9ef36d74d4c6c3b9858511f08661765bac3ee799dc3a9982143160a
dim32-xcov0p05-fold2-seed915,32,0.05,2,915,75,valid and complete,parun-v1-cdeb23d0bfe5d23b4720c95ee9bc4c385a021d5d783ae18deddbe0b236b66261,f8c16b65e0b9cbc0d9a4a6788a3c14c7c96ba91df35b124083aa2ed4dda65702,ebead9009ee83816f5ac1ad5ca37e0cb8e7950fa,9654a265840ef7d8b1fb47e67bbb76458965a62afd55c36c11a398c91dfc98a6,5db383771614a9018a72d57ba8dd45c8f89adb4cb665103133aa8188496e3e80,6d6c2bc39de24244e414816dd4386fd0a61c94fc2e7d66f6e88aef61f66e1f3e,d336a73f85511cd34eb983aaf5e39f7ab3033271a7da72741e3648c4fe632bcc
dim32-xcov0p05-fold3-seed911,32,0.05,3,911,75,valid and complete,parun-v1-69d52321ed71c3479d98289c8f566bed44b0073eeb2ab06189815e4d8dbed05d,3bf0cd84cae3a2aeb4d9c71f4022a9a7e3264af107465558bb1034940263229b,ebead9009ee83816f5ac1ad5ca37e0cb8e7950fa,9654a265840ef7d8b1fb47e67bbb76458965a62afd55c36c11a398c91dfc98a6,5db383771614a9018a72d57ba8dd45c8f89adb4cb665103133aa8188496e3e80,3396e0fb34d92af27dbd982bd5cea16fbeae7cc3b4d3bb64ee9f04ca959cdaf7,788b680ccd19af1a5078a29468ccedec71924988f53e9d5a9bcec65b838a6f75
dim32-xcov0p05-fold3-seed912,32,0.05,3,912,75,valid and complete,parun-v1-2786c3a3ab6a80b589b43a7555aa94981001e4df8b7377a6a9796e00bc56eb70,834fcd3243d0df27467463f920dff45c96857d7cd1443a501f383ef586578d89,ebead9009ee83816f5ac1ad5ca37e0cb8e7950fa,9654a265840ef7d8b1fb47e67bbb76458965a62afd55c36c11a398c91dfc98a6,5db383771614a9018a72d57ba8dd45c8f89adb4cb665103133aa8188496e3e80,3396e0fb34d92af27dbd982bd5cea16fbeae7cc3b4d3bb64ee9f04ca959cdaf7,9143cda1072e3664a49e6e3b2d1d8494f0763cee9176381e29119d33155f8fac
dim32-xcov0p05-fold3-seed913,32,0.05,3,913,75,valid and complete,parun-v1-61371efec45e3546d68db677d6b23e99a9ebd58500dd580bd80afeb91089809b,c0a810cb35e748b1aaf7aa2fe91ab02dcbf9ed299cb721a23f09247efed658b9,ebead9009ee83816f5ac1ad5ca37e0cb8e7950fa,9654a265840ef7d8b1fb47e67bbb76458965a62afd55c36c11a398c91dfc98a6,5db383771614a9018a72d57ba8dd45c8f89adb4cb665103133aa8188496e3e80,3396e0fb34d92af27dbd982bd5cea16fbeae7cc3b4d3bb64ee9f04ca959cdaf7,47c382edc2395527f2c22f60c32f9c18fc1f027496589778ff6018dd434a35ba
dim32-xcov0p05-fold3-seed914,32,0.05,3,914,75,valid and complete,parun-v1-816c83ca4f6230fc9cfd08d72ceaa56ec413a94fcde6f524f6e70d53d11ded23,92cacdfa5ba52c0e71b0b70c88e82f98ce3b851a9ff31a89a2379cc6813f9532,ebead9009ee83816f5ac1ad5ca37e0cb8e7950fa,9654a265840ef7d8b1fb47e67bbb76458965a62afd55c36c11a398c91dfc98a6,5db383771614a9018a72d57ba8dd45c8f89adb4cb665103133aa8188496e3e80,3396e0fb34d92af27dbd982bd5cea16fbeae7cc3b4d3bb64ee9f04ca959cdaf7,d78a282b3884d291121ce06532ba18e7f669118925ae184dacc36cd7c6b6b431
dim32-xcov0p05-fold3-seed915,32,0.05,3,915,75,valid and complete,parun-v1-72acfe6cdec390547f385cbac53a9a53561750362c8df8b7c9dd74f4f4026d6f,14a0ae69b264f53957df73b670c49e0167873dcb842445558dd02669363c4c9b,ebead9009ee83816f5ac1ad5ca37e0cb8e7950fa,9654a265840ef7d8b1fb47e67bbb76458965a62afd55c36c11a398c91dfc98a6,5db383771614a9018a72d57ba8dd45c8f89adb4cb665103133aa8188496e3e80,3396e0fb34d92af27dbd982bd5cea16fbeae7cc3b4d3bb64ee9f04ca959cdaf7,eb78143a1b9c18c92198ec81bb92c912e3219330c6e15c3b8beac6d2a6cc0cc4
dim32-xcov0p05-fold4-seed911,32,0.05,4,911,75,valid and complete,parun-v1-9814a4a2782eb0ec8debda16c8ce916120a0638d8940bcad8927c2058038b807,4846dc8e8eee2e7c34a97043407eec2a436d7bc28d4dfa07c06b7452c1d73efc,ebead9009ee83816f5ac1ad5ca37e0cb8e7950fa,9654a265840ef7d8b1fb47e67bbb76458965a62afd55c36c11a398c91dfc98a6,5db383771614a9018a72d57ba8dd45c8f89adb4cb665103133aa8188496e3e80,a382ed29bc8bd74178282183fcbb9d2a3f66665391a4be234acdb6f3eac995f6,6acf6c0707388b5254a70464d25d2a7986f98adff8089ea2d85596136ef93103
dim32-xcov0p05-fold4-seed912,32,0.05,4,912,75,valid and complete,parun-v1-71647d489e64b160465cbb2bdb16bfb627363e1cc75ce9e2764ab4ff3c6c6666,1fc6039b7049241e94c6d2b52e3f15b26ce3112668dcac62f9e3aa47d4f0f4ab,ebead9009ee83816f5ac1ad5ca37e0cb8e7950fa,9654a265840ef7d8b1fb47e67bbb76458965a62afd55c36c11a398c91dfc98a6,5db383771614a9018a72d57ba8dd45c8f89adb4cb665103133aa8188496e3e80,a382ed29bc8bd74178282183fcbb9d2a3f66665391a4be234acdb6f3eac995f6,7977eb2ed6639764823c063e8735c9fa703f2f3f8617fd7b6fbccd2612df7bc9
dim32-xcov0p05-fold4-seed913,32,0.05,4,913,75,valid and complete,parun-v1-a703d2fa2e85926c348c8d82e20ced2591b8e636d99aa5e14ed3032976c936c6,fbd1f9eb07fe71ad928fd18e0c749eaf81dec7c116137fc93f5ca3fd712bb41d,ebead9009ee83816f5ac1ad5ca37e0cb8e7950fa,9654a265840ef7d8b1fb47e67bbb76458965a62afd55c36c11a398c91dfc98a6,5db383771614a9018a72d57ba8dd45c8f89adb4cb665103133aa8188496e3e80,a382ed29bc8bd74178282183fcbb9d2a3f66665391a4be234acdb6f3eac995f6,5724c813f9aa4839eeef8ab813c481c6c84936ff9e5378f71882e7e12444a99c
dim32-xcov0p05-fold4-seed914,32,0.05,4,914,75,valid and complete,parun-v1-5a582dddc0f941f41055bf83d9c31708f3dab93bec1adc4c13458239b19cc11f,0ca0bd92a4db8d094d970be92e3b0364fff98890b24d0a3313a17ccd92159269,ebead9009ee83816f5ac1ad5ca37e0cb8e7950fa,9654a265840ef7d8b1fb47e67bbb76458965a62afd55c36c11a398c91dfc98a6,5db383771614a9018a72d57ba8dd45c8f89adb4cb665103133aa8188496e3e80,a382ed29bc8bd74178282183fcbb9d2a3f66665391a4be234acdb6f3eac995f6,af2713044289b4bbd93440be52ac3568d0b7a4e8368c4b4de8135d354555337e
dim32-xcov0p05-fold4-seed915,32,0.05,4,915,75,valid and complete,parun-v1-b91e7cca86a15139c122908130bd78f027fc84eec2c4d7d1f5d30812c05a575d,2e17a3c1cef27e4f9004db9ff6512144b12154ff3ca3398e01243e403181b6d9,ebead9009ee83816f5ac1ad5ca37e0cb8e7950fa,9654a265840ef7d8b1fb47e67bbb76458965a62afd55c36c11a398c91dfc98a6,5db383771614a9018a72d57ba8dd45c8f89adb4cb665103133aa8188496e3e80,a382ed29bc8bd74178282183fcbb9d2a3f66665391a4be234acdb6f3eac995f6,4a302cb0ad7d6b0713adcb835cee85cbc0eb1cae062a3aa7d7ef4e919c062b4e
dim32-xcov0p2-fold0-seed911,32,0.2,0,911,75,valid and complete,parun-v1-f1a9daf6b47aef43100f0cffa39da7678f3597f75587ccee5bd13529395bcc80,38af306a2efc65c77b6ec0cdd64c6d57a0400b1f8e251c555765874054842746,ebead9009ee83816f5ac1ad5ca37e0cb8e7950fa,9654a265840ef7d8b1fb47e67bbb76458965a62afd55c36c11a398c91dfc98a6,5db383771614a9018a72d57ba8dd45c8f89adb4cb665103133aa8188496e3e80,19306704f6dc919790d13d0f77bfe2b6975b0fbf34388553f0a31aced97a7081,d569107cee1d5c33dc8acb011b678be13c8287cdff20ecd0d74c69622c527681
dim32-xcov0p2-fold0-seed912,32,0.2,0,912,75,valid and complete,parun-v1-6b25d0063b6d0e41604b9f98b05f176faf878d7a1fb10838559d688a40006000,10834f92d466ded61819e9b0ac1ac6f3c22b8dd5ad9513c50804f5795c87e754,ebead9009ee83816f5ac1ad5ca37e0cb8e7950fa,9654a265840ef7d8b1fb47e67bbb76458965a62afd55c36c11a398c91dfc98a6,5db383771614a9018a72d57ba8dd45c8f89adb4cb665103133aa8188496e3e80,19306704f6dc919790d13d0f77bfe2b6975b0fbf34388553f0a31aced97a7081,fa4685584229e9ec5493f5f4b7f8bb9add4374fa9aeae6e2719792c727a859b7
dim32-xcov0p2-fold0-seed913,32,0.2,0,913,75,valid and complete,parun-v1-9ae66133a82eb67dd17430a5fd4074a3cb9d0261e5fa6a8548eba40f7ff81365,64d2b5f4bac4859ed256bcca8adcd2a7a51c702f4411f17bbf7da31c72fc49c3,ebead9009ee83816f5ac1ad5ca37e0cb8e7950fa,9654a265840ef7d8b1fb47e67bbb76458965a62afd55c36c11a398c91dfc98a6,5db383771614a9018a72d57ba8dd45c8f89adb4cb665103133aa8188496e3e80,19306704f6dc919790d13d0f77bfe2b6975b0fbf34388553f0a31aced97a7081,aaf93a6fcf6e2a9d2a9fde816f911dde3574a64434ebab8795e3d83dc62e9153
dim32-xcov0p2-fold0-seed914,32,0.2,0,914,75,valid and complete,parun-v1-b5f990c4d1f5524dd75bae89072a7896e2f31ac57ee1c784abe790c1ac46dc84,3acd1c1e74b7316301dc2df7888c10d81556970dc924a5303a351d2b5002cfb7,ebead9009ee83816f5ac1ad5ca37e0cb8e7950fa,9654a265840ef7d8b1fb47e67bbb76458965a62afd55c36c11a398c91dfc98a6,5db383771614a9018a72d57ba8dd45c8f89adb4cb665103133aa8188496e3e80,19306704f6dc919790d13d0f77bfe2b6975b0fbf34388553f0a31aced97a7081,471e2cdd2fc6bef98846edeb5ba50f18c4f8656d7f52de795c18ce01d5c0e27c
dim32-xcov0p2-fold0-seed915,32,0.2,0,915,75,valid and complete,parun-v1-cca0498e4a50a7a7994b122aac97ecfb688b7d5829abc3a73dd173aa8c7a46c3,e4bb0bc80f2154261efecf79a253c21629db3dd6400be67cebcbde632d5e1896,ebead9009ee83816f5ac1ad5ca37e0cb8e7950fa,9654a265840ef7d8b1fb47e67bbb76458965a62afd55c36c11a398c91dfc98a6,5db383771614a9018a72d57ba8dd45c8f89adb4cb665103133aa8188496e3e80,19306704f6dc919790d13d0f77bfe2b6975b0fbf34388553f0a31aced97a7081,69e1fa8bfef235e1dcf46339bf46496ef60dc50aa1033dbc9113bcc9dcb09f09
dim32-xcov0p2-fold1-seed911,32,0.2,1,911,75,valid and complete,parun-v1-fa4d707c0e0d8ebaa39c098390b838113fdbc28ae976e7f3ba67fc7a8f9040fc,aee250178c185efdabe9f26cacacafcfca6030b2371e9336813d80ec43ff5bea,ebead9009ee83816f5ac1ad5ca37e0cb8e7950fa,9654a265840ef7d8b1fb47e67bbb76458965a62afd55c36c11a398c91dfc98a6,5db383771614a9018a72d57ba8dd45c8f89adb4cb665103133aa8188496e3e80,96501c9be1258f74c119d9f88a61c6945cf51f8c56ab53147b6c0b10792b3212,4b71f8ec363b6ac63db9f82872fa5c7ab5807a34e9ec5b0b43d6868e5fdbb9c2
dim32-xcov0p2-fold1-seed912,32,0.2,1,912,75,valid and complete,parun-v1-6f1c2b7158caa69fcf15efcdfc9f0be619848ece846b1b3051268c161a32b44a,8c89fa57792d76bcab4780a75178c222957efc955f4cc8c77255349a55146698,ebead9009ee83816f5ac1ad5ca37e0cb8e7950fa,9654a265840ef7d8b1fb47e67bbb76458965a62afd55c36c11a398c91dfc98a6,5db383771614a9018a72d57ba8dd45c8f89adb4cb665103133aa8188496e3e80,96501c9be1258f74c119d9f88a61c6945cf51f8c56ab53147b6c0b10792b3212,f8c616da5b2df50729c7df94506e219d3178fc5210df108a9bd19fdc705bc64c
dim32-xcov0p2-fold1-seed913,32,0.2,1,913,75,valid and complete,parun-v1-63df200a6beb77a518746e3274688a5a1f044c3441202c6ef22b7fdc2bef06c6,53cd8061ba239b672f42340d6ce9b4ea818112b6410e87941cdb57f3ba316c43,ebead9009ee83816f5ac1ad5ca37e0cb8e7950fa,9654a265840ef7d8b1fb47e67bbb76458965a62afd55c36c11a398c91dfc98a6,5db383771614a9018a72d57ba8dd45c8f89adb4cb665103133aa8188496e3e80,96501c9be1258f74c119d9f88a61c6945cf51f8c56ab53147b6c0b10792b3212,15982657a25be52fa73802a18ef4fdcdff3af4a7333ae1226cea85949040fe89
dim32-xcov0p2-fold1-seed914,32,0.2,1,914,75,valid and complete,parun-v1-dc314d8861c66cf2f0e87ea63b92d8d300c19a0850ec2d0e3d251c4d8e28e15d,edb708a01f8b7ef74d13447e4cc42e114a7af8bb85177904ed01372c07e030fd,ebead9009ee83816f5ac1ad5ca37e0cb8e7950fa,9654a265840ef7d8b1fb47e67bbb76458965a62afd55c36c11a398c91dfc98a6,5db383771614a9018a72d57ba8dd45c8f89adb4cb665103133aa8188496e3e80,96501c9be1258f74c119d9f88a61c6945cf51f8c56ab53147b6c0b10792b3212,b6d68ca618d55dba9f14a3abab5eab20c9dd642686516063f1b5e92b03aa852a
dim32-xcov0p2-fold1-seed915,32,0.2,1,915,75,valid and complete,parun-v1-f867e938d453bbe64a7c3484b29d342ce8146d10a4fc0d47f51a5f37ed6bc411,eca5350d7ca474034961117c46dc61b4cb631d2f95c14a1e805499e1e3fd55e9,ebead9009ee83816f5ac1ad5ca37e0cb8e7950fa,9654a265840ef7d8b1fb47e67bbb76458965a62afd55c36c11a398c91dfc98a6,5db383771614a9018a72d57ba8dd45c8f89adb4cb665103133aa8188496e3e80,96501c9be1258f74c119d9f88a61c6945cf51f8c56ab53147b6c0b10792b3212,41209e4d02ee396812654aa1c5f410b4b06c2428fbd18ad896ed92231aa7e68d
dim32-xcov0p2-fold2-seed911,32,0.2,2,911,75,valid and complete,parun-v1-25a72f197b1da0cbd7de5d94cfd27d20d9d6b1fc52e0c42c8cdb607318443a94,93c7064c18895e866c3b6cff2589b6b7cb296f26c0a001bbea7941c4b77048ec,ebead9009ee83816f5ac1ad5ca37e0cb8e7950fa,9654a265840ef7d8b1fb47e67bbb76458965a62afd55c36c11a398c91dfc98a6,5db383771614a9018a72d57ba8dd45c8f89adb4cb665103133aa8188496e3e80,6d6c2bc39de24244e414816dd4386fd0a61c94fc2e7d66f6e88aef61f66e1f3e,93e99ccaaa2200a6a9d2e8fd3c1050764304a1915e0fa320a1ab37f96adf9f57
dim32-xcov0p2-fold2-seed912,32,0.2,2,912,75,valid and complete,parun-v1-6c7b740e8b557f51dae0fff9ac5286884d8f8a73242ba94380137109baad06c8,ee263f41c527292fb2d0d0ae14588637934dfc00791fd7ce5142decb7a88bc03,ebead9009ee83816f5ac1ad5ca37e0cb8e7950fa,9654a265840ef7d8b1fb47e67bbb76458965a62afd55c36c11a398c91dfc98a6,5db383771614a9018a72d57ba8dd45c8f89adb4cb665103133aa8188496e3e80,6d6c2bc39de24244e414816dd4386fd0a61c94fc2e7d66f6e88aef61f66e1f3e,a8cc4504a50f85b3737249d3bd3e015b1f8d0a87d9b6a9d2a79b6f287630c7c9
dim32-xcov0p2-fold2-seed913,32,0.2,2,913,75,valid and complete,parun-v1-f4f7e350a3a60188c6bbaa430a0dea939a9a7096277261700b0abe9d0dcd1c6f,bce8661c371b26245e8e5f545f721eb2400ec8516be8d7dc4321be701dcef322,ebead9009ee83816f5ac1ad5ca37e0cb8e7950fa,9654a265840ef7d8b1fb47e67bbb76458965a62afd55c36c11a398c91dfc98a6,5db383771614a9018a72d57ba8dd45c8f89adb4cb665103133aa8188496e3e80,6d6c2bc39de24244e414816dd4386fd0a61c94fc2e7d66f6e88aef61f66e1f3e,1b7e89fba89f7566ae185fc800936c590fe515220ab53f006ebc3133b8da59fc
dim32-xcov0p2-fold2-seed914,32,0.2,2,914,75,valid and complete,parun-v1-53ab9908d83ebb14b97d816cadd9e44fdcfaea42770c2fafc2e615dc79f29054,fb4aad13a7d5e0fde160fcb6be45366c7dae5cb356b9cb9503cb11900e27f531,ebead9009ee83816f5ac1ad5ca37e0cb8e7950fa,9654a265840ef7d8b1fb47e67bbb76458965a62afd55c36c11a398c91dfc98a6,5db383771614a9018a72d57ba8dd45c8f89adb4cb665103133aa8188496e3e80,6d6c2bc39de24244e414816dd4386fd0a61c94fc2e7d66f6e88aef61f66e1f3e,c789db08d9ef36d74d4c6c3b9858511f08661765bac3ee799dc3a9982143160a
dim32-xcov0p2-fold2-seed915,32,0.2,2,915,75,valid and complete,parun-v1-aa4ad3a7c1fb957b43a81a86a3060a0d271008d61570638e019edb13bae056bf,7b1d78816c314df3cf293e8b78de6105728b0380cce776de28b734a20ce0616f,ebead9009ee83816f5ac1ad5ca37e0cb8e7950fa,9654a265840ef7d8b1fb47e67bbb76458965a62afd55c36c11a398c91dfc98a6,5db383771614a9018a72d57ba8dd45c8f89adb4cb665103133aa8188496e3e80,6d6c2bc39de24244e414816dd4386fd0a61c94fc2e7d66f6e88aef61f66e1f3e,d336a73f85511cd34eb983aaf5e39f7ab3033271a7da72741e3648c4fe632bcc
dim32-xcov0p2-fold3-seed911,32,0.2,3,911,75,valid and complete,parun-v1-f062fe5601836f747f35f25d797a6d60af36de890ea33d2df129475132e090fa,7cda8a8123c131e5ab087db8199cd6607c7f6fbc8eea4ac2031734760ff3209e,ebead9009ee83816f5ac1ad5ca37e0cb8e7950fa,9654a265840ef7d8b1fb47e67bbb76458965a62afd55c36c11a398c91dfc98a6,5db383771614a9018a72d57ba8dd45c8f89adb4cb665103133aa8188496e3e80,3396e0fb34d92af27dbd982bd5cea16fbeae7cc3b4d3bb64ee9f04ca959cdaf7,788b680ccd19af1a5078a29468ccedec71924988f53e9d5a9bcec65b838a6f75
dim32-xcov0p2-fold3-seed912,32,0.2,3,912,75,valid and complete,parun-v1-259e4ba49c0bb4bf0f2d6e89e5acdde36d92978604e0b6e4e1eddb6ee585dcc5,841df53461e24b6ea98bfd4593df9584172710da86f1bc954fa33b782a3cfbe7,ebead9009ee83816f5ac1ad5ca37e0cb8e7950fa,9654a265840ef7d8b1fb47e67bbb76458965a62afd55c36c11a398c91dfc98a6,5db383771614a9018a72d57ba8dd45c8f89adb4cb665103133aa8188496e3e80,3396e0fb34d92af27dbd982bd5cea16fbeae7cc3b4d3bb64ee9f04ca959cdaf7,9143cda1072e3664a49e6e3b2d1d8494f0763cee9176381e29119d33155f8fac
dim32-xcov0p2-fold3-seed913,32,0.2,3,913,75,valid and complete,parun-v1-e265dcd479944618b9729ffec3097bfacf7101c23ca32979ddeab492967a89e8,9ee61d7b9522942913bd1c40ccc4387daffa702a943a9edae7b5ec5bad2c1987,ebead9009ee83816f5ac1ad5ca37e0cb8e7950fa,9654a265840ef7d8b1fb47e67bbb76458965a62afd55c36c11a398c91dfc98a6,5db383771614a9018a72d57ba8dd45c8f89adb4cb665103133aa8188496e3e80,3396e0fb34d92af27dbd982bd5cea16fbeae7cc3b4d3bb64ee9f04ca959cdaf7,47c382edc2395527f2c22f60c32f9c18fc1f027496589778ff6018dd434a35ba
dim32-xcov0p2-fold3-seed914,32,0.2,3,914,75,valid and complete,parun-v1-b3649ff13982ad4ca80daa8ca29fc7960cfc496fd8be0e510e124bc84f6ea315,2fa1ffacee5f0ed951c9aa64c6d9c0c0e226dc22f163929890c258a215bd9282,ebead9009ee83816f5ac1ad5ca37e0cb8e7950fa,9654a265840ef7d8b1fb47e67bbb76458965a62afd55c36c11a398c91dfc98a6,5db383771614a9018a72d57ba8dd45c8f89adb4cb665103133aa8188496e3e80,3396e0fb34d92af27dbd982bd5cea16fbeae7cc3b4d3bb64ee9f04ca959cdaf7,d78a282b3884d291121ce06532ba18e7f669118925ae184dacc36cd7c6b6b431
dim32-xcov0p2-fold3-seed915,32,0.2,3,915,75,valid and complete,parun-v1-553aa75c42137b2f3aa2b1a2b3b7c3db56f1374b74e86e076a8af39c8733a7f2,b6a0f38712bda08df7ca00d6609faf5f06927bd8ecc6f3e6609ae14bd533f4d7,ebead9009ee83816f5ac1ad5ca37e0cb8e7950fa,9654a265840ef7d8b1fb47e67bbb76458965a62afd55c36c11a398c91dfc98a6,5db383771614a9018a72d57ba8dd45c8f89adb4cb665103133aa8188496e3e80,3396e0fb34d92af27dbd982bd5cea16fbeae7cc3b4d3bb64ee9f04ca959cdaf7,eb78143a1b9c18c92198ec81bb92c912e3219330c6e15c3b8beac6d2a6cc0cc4
dim32-xcov0p2-fold4-seed911,32,0.2,4,911,75,valid and complete,parun-v1-bb83182f63257d0ea1ef314570af1ec7ed1b3f8869f96925a73719b1ca111ab3,2f5be49689f2bb5ec8653db1eb3c86e5b53d6799d0c1965d3e20194a33ad1c9c,ebead9009ee83816f5ac1ad5ca37e0cb8e7950fa,9654a265840ef7d8b1fb47e67bbb76458965a62afd55c36c11a398c91dfc98a6,5db383771614a9018a72d57ba8dd45c8f89adb4cb665103133aa8188496e3e80,a382ed29bc8bd74178282183fcbb9d2a3f66665391a4be234acdb6f3eac995f6,6acf6c0707388b5254a70464d25d2a7986f98adff8089ea2d85596136ef93103
dim32-xcov0p2-fold4-seed912,32,0.2,4,912,75,valid and complete,parun-v1-2068e6e846fa6c68d3ed3140325c2a4731700d0137feb75bd9bf8d2610eeba1d,0f53b33b30d4dc210a0c558bcb090bc8c002cba9059e65e5e491ddfcadafa3b3,ebead9009ee83816f5ac1ad5ca37e0cb8e7950fa,9654a265840ef7d8b1fb47e67bbb76458965a62afd55c36c11a398c91dfc98a6,5db383771614a9018a72d57ba8dd45c8f89adb4cb665103133aa8188496e3e80,a382ed29bc8bd74178282183fcbb9d2a3f66665391a4be234acdb6f3eac995f6,7977eb2ed6639764823c063e8735c9fa703f2f3f8617fd7b6fbccd2612df7bc9
dim32-xcov0p2-fold4-seed913,32,0.2,4,913,75,valid and complete,parun-v1-94356f0a7e9c638620d8375283ed49d864cf37d3af2c2fcbc376784798ca0400,e84f12bf41f46be65687bfa4675b56f2431e04d7b3a459fd7cdfa54cdd36f7b3,ebead9009ee83816f5ac1ad5ca37e0cb8e7950fa,9654a265840ef7d8b1fb47e67bbb76458965a62afd55c36c11a398c91dfc98a6,5db383771614a9018a72d57ba8dd45c8f89adb4cb665103133aa8188496e3e80,a382ed29bc8bd74178282183fcbb9d2a3f66665391a4be234acdb6f3eac995f6,5724c813f9aa4839eeef8ab813c481c6c84936ff9e5378f71882e7e12444a99c
dim32-xcov0p2-fold4-seed914,32,0.2,4,914,75,valid and complete,parun-v1-90f23279ee3db4b5b93e35fcb84ff24f74e04749bc48d5018d0121cfa15f6a85,b221eefb0253161cda22c0d503bb3e447cc6d81509dcbf7d34ace5a6cb661175,ebead9009ee83816f5ac1ad5ca37e0cb8e7950fa,9654a265840ef7d8b1fb47e67bbb76458965a62afd55c36c11a398c91dfc98a6,5db383771614a9018a72d57ba8dd45c8f89adb4cb665103133aa8188496e3e80,a382ed29bc8bd74178282183fcbb9d2a3f66665391a4be234acdb6f3eac995f6,af2713044289b4bbd93440be52ac3568d0b7a4e8368c4b4de8135d354555337e
dim32-xcov0p2-fold4-seed915,32,0.2,4,915,75,valid and complete,parun-v1-ca5fc879fca7c8764e0c70b73d2548b83414282611119972b0ce8acfde9e6963,8fdbdc7391b75d4c69a2293134ea5bfadbef1c0d005d1d6dc760e98a7eab2dc2,ebead9009ee83816f5ac1ad5ca37e0cb8e7950fa,9654a265840ef7d8b1fb47e67bbb76458965a62afd55c36c11a398c91dfc98a6,5db383771614a9018a72d57ba8dd45c8f89adb4cb665103133aa8188496e3e80,a382ed29bc8bd74178282183fcbb9d2a3f66665391a4be234acdb6f3eac995f6,4a302cb0ad7d6b0713adcb835cee85cbc0eb1cae062a3aa7d7ef4e919c062b4e
dim4-xcov0-fold0-seed911,4,0.0,0,911,75,valid and complete,parun-v1-098ebf9ce6249e9dce3e21de7de58dc71a44075cce53da31a53ef0bf13924c6d,b4e1f1d1f6387a9a1be1259cdb06527dc1f3e9f3aff0bea7e89f5ca506206a58,ebead9009ee83816f5ac1ad5ca37e0cb8e7950fa,9654a265840ef7d8b1fb47e67bbb76458965a62afd55c36c11a398c91dfc98a6,5db383771614a9018a72d57ba8dd45c8f89adb4cb665103133aa8188496e3e80,19306704f6dc919790d13d0f77bfe2b6975b0fbf34388553f0a31aced97a7081,d569107cee1d5c33dc8acb011b678be13c8287cdff20ecd0d74c69622c527681
dim4-xcov0-fold0-seed912,4,0.0,0,912,75,valid and complete,parun-v1-0f008c1d4b71d16f8b290b05c4112bba68beacaca98eb7c1c88a8c0d746a52e7,f5a0989884d2ef7a0ef8e5fdaf0ac94cf96a994121d9b9e73a787983afcf26ef,ebead9009ee83816f5ac1ad5ca37e0cb8e7950fa,9654a265840ef7d8b1fb47e67bbb76458965a62afd55c36c11a398c91dfc98a6,5db383771614a9018a72d57ba8dd45c8f89adb4cb665103133aa8188496e3e80,19306704f6dc919790d13d0f77bfe2b6975b0fbf34388553f0a31aced97a7081,fa4685584229e9ec5493f5f4b7f8bb9add4374fa9aeae6e2719792c727a859b7
dim4-xcov0-fold0-seed913,4,0.0,0,913,75,valid and complete,parun-v1-f535f224425a6b553c39ced97a98a30e9df0fec98158fb89f9611cf98a5cf7df,466196a96765f10e5dd9f83f229fe60cc4edebdb736c2c11106e90819659577b,ebead9009ee83816f5ac1ad5ca37e0cb8e7950fa,9654a265840ef7d8b1fb47e67bbb76458965a62afd55c36c11a398c91dfc98a6,5db383771614a9018a72d57ba8dd45c8f89adb4cb665103133aa8188496e3e80,19306704f6dc919790d13d0f77bfe2b6975b0fbf34388553f0a31aced97a7081,aaf93a6fcf6e2a9d2a9fde816f911dde3574a64434ebab8795e3d83dc62e9153
dim4-xcov0-fold0-seed914,4,0.0,0,914,75,valid and complete,parun-v1-e12a647154ef41b5f266924b394b7b64924364538bccc40b69777433952b41f7,7669b0fd691f2cc46a0db7e0dd73be6da90f058debd0d618cefa316ce13e5761,ebead9009ee83816f5ac1ad5ca37e0cb8e7950fa,9654a265840ef7d8b1fb47e67bbb76458965a62afd55c36c11a398c91dfc98a6,5db383771614a9018a72d57ba8dd45c8f89adb4cb665103133aa8188496e3e80,19306704f6dc919790d13d0f77bfe2b6975b0fbf34388553f0a31aced97a7081,471e2cdd2fc6bef98846edeb5ba50f18c4f8656d7f52de795c18ce01d5c0e27c
dim4-xcov0-fold0-seed915,4,0.0,0,915,75,valid and complete,parun-v1-a4671f26185611cd3a84fccf750726f39592bbcb20dbecbc64e46a9102eaa2df,29a1830b0591c1f8015f1f252f9a59a682f6117a1b3a56ea8cc83549db1fb0e3,ebead9009ee83816f5ac1ad5ca37e0cb8e7950fa,9654a265840ef7d8b1fb47e67bbb76458965a62afd55c36c11a398c91dfc98a6,5db383771614a9018a72d57ba8dd45c8f89adb4cb665103133aa8188496e3e80,19306704f6dc919790d13d0f77bfe2b6975b0fbf34388553f0a31aced97a7081,69e1fa8bfef235e1dcf46339bf46496ef60dc50aa1033dbc9113bcc9dcb09f09
dim4-xcov0-fold1-seed911,4,0.0,1,911,75,valid and complete,parun-v1-8c3979dad7ac3a960ee8b8f581a289fbe09e6b73296e6659f5fc55b82caf5a30,9661641198e7c9c43d2b1528826835f70ea6bce289a0798bf080fb97e3044909,ebead9009ee83816f5ac1ad5ca37e0cb8e7950fa,9654a265840ef7d8b1fb47e67bbb76458965a62afd55c36c11a398c91dfc98a6,5db383771614a9018a72d57ba8dd45c8f89adb4cb665103133aa8188496e3e80,96501c9be1258f74c119d9f88a61c6945cf51f8c56ab53147b6c0b10792b3212,4b71f8ec363b6ac63db9f82872fa5c7ab5807a34e9ec5b0b43d6868e5fdbb9c2
dim4-xcov0-fold1-seed912,4,0.0,1,912,75,valid and complete,parun-v1-c246ce36b70d2630cdeac8a8a7a3de03c3b708c04dc4ca483e4ba454d730084d,eec344522c62ab7f85058e763fee30043e805d9dfd5d3bc1f3cfb81b5bb94bba,ebead9009ee83816f5ac1ad5ca37e0cb8e7950fa,9654a265840ef7d8b1fb47e67bbb76458965a62afd55c36c11a398c91dfc98a6,5db383771614a9018a72d57ba8dd45c8f89adb4cb665103133aa8188496e3e80,96501c9be1258f74c119d9f88a61c6945cf51f8c56ab53147b6c0b10792b3212,f8c616da5b2df50729c7df94506e219d3178fc5210df108a9bd19fdc705bc64c
dim4-xcov0-fold1-seed913,4,0.0,1,913,75,valid and complete,parun-v1-04ebe66ad79740733ffb245da2f8007210ea9125dc732a5bf0a0b2076abdd0b5,5d3f73f213254b0f559e614ae9bfe2f885e16d5955bcb631c9cce1afb386f892,ebead9009ee83816f5ac1ad5ca37e0cb8e7950fa,9654a265840ef7d8b1fb47e67bbb76458965a62afd55c36c11a398c91dfc98a6,5db383771614a9018a72d57ba8dd45c8f89adb4cb665103133aa8188496e3e80,96501c9be1258f74c119d9f88a61c6945cf51f8c56ab53147b6c0b10792b3212,15982657a25be52fa73802a18ef4fdcdff3af4a7333ae1226cea85949040fe89
dim4-xcov0-fold1-seed914,4,0.0,1,914,75,valid and complete,parun-v1-a2b901480fa9f3768422636dc7baaa42b6d6cf903920d5007d4a220f97a6ee83,813e2ba37daef1df56f80309be5adc4cdfa0aa84fcaec90b8dbad789d58fb174,ebead9009ee83816f5ac1ad5ca37e0cb8e7950fa,9654a265840ef7d8b1fb47e67bbb76458965a62afd55c36c11a398c91dfc98a6,5db383771614a9018a72d57ba8dd45c8f89adb4cb665103133aa8188496e3e80,96501c9be1258f74c119d9f88a61c6945cf51f8c56ab53147b6c0b10792b3212,b6d68ca618d55dba9f14a3abab5eab20c9dd642686516063f1b5e92b03aa852a
dim4-xcov0-fold1-seed915,4,0.0,1,915,75,valid and complete,parun-v1-230a7b2d07c902b5e327289dfa7b949cd56bcf06b2bc00300f297748b532cdee,dd5a485b393a26f7e5cb803d04c402957ffa823b12d480a020eb5cdafbcfe660,ebead9009ee83816f5ac1ad5ca37e0cb8e7950fa,9654a265840ef7d8b1fb47e67bbb76458965a62afd55c36c11a398c91dfc98a6,5db383771614a9018a72d57ba8dd45c8f89adb4cb665103133aa8188496e3e80,96501c9be1258f74c119d9f88a61c6945cf51f8c56ab53147b6c0b10792b3212,41209e4d02ee396812654aa1c5f410b4b06c2428fbd18ad896ed92231aa7e68d
dim4-xcov0-fold2-seed911,4,0.0,2,911,75,valid and complete,parun-v1-ec7a7ad008fe689e296fc7b3e4cc9b00f5aaf76594b6ab2ff0653e2abf331903,57fee1e98d34573911d120c6fb80009c8fde17b0e45991050000a22a3a6e5bfe,ebead9009ee83816f5ac1ad5ca37e0cb8e7950fa,9654a265840ef7d8b1fb47e67bbb76458965a62afd55c36c11a398c91dfc98a6,5db383771614a9018a72d57ba8dd45c8f89adb4cb665103133aa8188496e3e80,6d6c2bc39de24244e414816dd4386fd0a61c94fc2e7d66f6e88aef61f66e1f3e,93e99ccaaa2200a6a9d2e8fd3c1050764304a1915e0fa320a1ab37f96adf9f57
dim4-xcov0-fold2-seed912,4,0.0,2,912,75,valid and complete,parun-v1-31650e84b5b80fb231c2126dce583854aac63d5533912e9b203669a0ec455247,c51c93b53b5f50c8a3840baa3eebe109d3d965c0539cb9079bf0e94b61ac7131,ebead9009ee83816f5ac1ad5ca37e0cb8e7950fa,9654a265840ef7d8b1fb47e67bbb76458965a62afd55c36c11a398c91dfc98a6,5db383771614a9018a72d57ba8dd45c8f89adb4cb665103133aa8188496e3e80,6d6c2bc39de24244e414816dd4386fd0a61c94fc2e7d66f6e88aef61f66e1f3e,a8cc4504a50f85b3737249d3bd3e015b1f8d0a87d9b6a9d2a79b6f287630c7c9
dim4-xcov0-fold2-seed913,4,0.0,2,913,75,valid and complete,parun-v1-5beeb4b6646a33acd135c349ac73d7684cc3292c866344e547716eeb654e0fb8,6a465b9f0ec2a6f567ef138f00d599cf4a176b028d2ecd552687c1e6149cfdd3,ebead9009ee83816f5ac1ad5ca37e0cb8e7950fa,9654a265840ef7d8b1fb47e67bbb76458965a62afd55c36c11a398c91dfc98a6,5db383771614a9018a72d57ba8dd45c8f89adb4cb665103133aa8188496e3e80,6d6c2bc39de24244e414816dd4386fd0a61c94fc2e7d66f6e88aef61f66e1f3e,1b7e89fba89f7566ae185fc800936c590fe515220ab53f006ebc3133b8da59fc
dim4-xcov0-fold2-seed914,4,0.0,2,914,75,valid and complete,parun-v1-deb2f02a7e5f97108862fad4d944dec6b1c4cf830c22f306b283def58a5f7551,f0e6f64d915475baddcc80a5be2e51b8aa8302358cc1f5c812ed45493b2ee4e5,ebead9009ee83816f5ac1ad5ca37e0cb8e7950fa,9654a265840ef7d8b1fb47e67bbb76458965a62afd55c36c11a398c91dfc98a6,5db383771614a9018a72d57ba8dd45c8f89adb4cb665103133aa8188496e3e80,6d6c2bc39de24244e414816dd4386fd0a61c94fc2e7d66f6e88aef61f66e1f3e,c789db08d9ef36d74d4c6c3b9858511f08661765bac3ee799dc3a9982143160a
dim4-xcov0-fold2-seed915,4,0.0,2,915,75,valid and complete,parun-v1-ec0fe02bf16c9afd42bc76cb79eba1b10fe0ee553bf98a582e3093db538c6073,1587cbe2c9924564965bde0ec62d09c05195f916199c59f84d88bd16ea6bce6d,ebead9009ee83816f5ac1ad5ca37e0cb8e7950fa,9654a265840ef7d8b1fb47e67bbb76458965a62afd55c36c11a398c91dfc98a6,5db383771614a9018a72d57ba8dd45c8f89adb4cb665103133aa8188496e3e80,6d6c2bc39de24244e414816dd4386fd0a61c94fc2e7d66f6e88aef61f66e1f3e,d336a73f85511cd34eb983aaf5e39f7ab3033271a7da72741e3648c4fe632bcc
dim4-xcov0-fold3-seed911,4,0.0,3,911,75,valid and complete,parun-v1-cadc3491db7e3980f4be31713a78a4ed543dd1f0d424f9a21e9d340dce6a583a,864a7a5017b85d5fb93eaabe937f9cb1c42e572d8df6f0d07551ce34d332f670,ebead9009ee83816f5ac1ad5ca37e0cb8e7950fa,9654a265840ef7d8b1fb47e67bbb76458965a62afd55c36c11a398c91dfc98a6,5db383771614a9018a72d57ba8dd45c8f89adb4cb665103133aa8188496e3e80,3396e0fb34d92af27dbd982bd5cea16fbeae7cc3b4d3bb64ee9f04ca959cdaf7,788b680ccd19af1a5078a29468ccedec71924988f53e9d5a9bcec65b838a6f75
dim4-xcov0-fold3-seed912,4,0.0,3,912,75,valid and complete,parun-v1-472375d093e17978987e5122ec2f774efcc8591caeabfe741008b853bd6ab53d,a875f3ae29377236d24f5af2b6e87c3e78f339625bde026b41a938006a608a02,ebead9009ee83816f5ac1ad5ca37e0cb8e7950fa,9654a265840ef7d8b1fb47e67bbb76458965a62afd55c36c11a398c91dfc98a6,5db383771614a9018a72d57ba8dd45c8f89adb4cb665103133aa8188496e3e80,3396e0fb34d92af27dbd982bd5cea16fbeae7cc3b4d3bb64ee9f04ca959cdaf7,9143cda1072e3664a49e6e3b2d1d8494f0763cee9176381e29119d33155f8fac
dim4-xcov0-fold3-seed913,4,0.0,3,913,75,valid and complete,parun-v1-8a5386a8a52ae429197248c25bfad0cf2b67ca4430e4bbe1b331979d806b6d0e,97325600310b7b9878756da1adb89ccc30bee0e8a3fc5a48afa8a4442d5d8dc8,ebead9009ee83816f5ac1ad5ca37e0cb8e7950fa,9654a265840ef7d8b1fb47e67bbb76458965a62afd55c36c11a398c91dfc98a6,5db383771614a9018a72d57ba8dd45c8f89adb4cb665103133aa8188496e3e80,3396e0fb34d92af27dbd982bd5cea16fbeae7cc3b4d3bb64ee9f04ca959cdaf7,47c382edc2395527f2c22f60c32f9c18fc1f027496589778ff6018dd434a35ba
dim4-xcov0-fold3-seed914,4,0.0,3,914,75,valid and complete,parun-v1-01e9befce7a83d00264d26605907a817ef97e0048c4fb8698dbec2220cd4c5e6,1a13b867b02963178f19e5c05a22c51a9e69a0d47905b7535bb8a949a920ff8b,ebead9009ee83816f5ac1ad5ca37e0cb8e7950fa,9654a265840ef7d8b1fb47e67bbb76458965a62afd55c36c11a398c91dfc98a6,5db383771614a9018a72d57ba8dd45c8f89adb4cb665103133aa8188496e3e80,3396e0fb34d92af27dbd982bd5cea16fbeae7cc3b4d3bb64ee9f04ca959cdaf7,d78a282b3884d291121ce06532ba18e7f669118925ae184dacc36cd7c6b6b431
dim4-xcov0-fold3-seed915,4,0.0,3,915,75,valid and complete,parun-v1-982d16f380b21739e308b2110f8366ff2534c0468e9e490510eaa104856dbeac,99d1bdf499cf8bd98c90c2c8c25dd47a400fa031dd5d3c0f3b0c5c254de235a8,ebead9009ee83816f5ac1ad5ca37e0cb8e7950fa,9654a265840ef7d8b1fb47e67bbb76458965a62afd55c36c11a398c91dfc98a6,5db383771614a9018a72d57ba8dd45c8f89adb4cb665103133aa8188496e3e80,3396e0fb34d92af27dbd982bd5cea16fbeae7cc3b4d3bb64ee9f04ca959cdaf7,eb78143a1b9c18c92198ec81bb92c912e3219330c6e15c3b8beac6d2a6cc0cc4
dim4-xcov0-fold4-seed911,4,0.0,4,911,75,valid and complete,parun-v1-27279ca47138b8c715373c3aaf13892a56022be04c3903f2f7ec360cb2c731f6,d84b0519a1d4012de51e2c986298e85dd324f541dae4a9f55f42733de9bc5608,ebead9009ee83816f5ac1ad5ca37e0cb8e7950fa,9654a265840ef7d8b1fb47e67bbb76458965a62afd55c36c11a398c91dfc98a6,5db383771614a9018a72d57ba8dd45c8f89adb4cb665103133aa8188496e3e80,a382ed29bc8bd74178282183fcbb9d2a3f66665391a4be234acdb6f3eac995f6,6acf6c0707388b5254a70464d25d2a7986f98adff8089ea2d85596136ef93103
dim4-xcov0-fold4-seed912,4,0.0,4,912,75,valid and complete,parun-v1-a7cbfce21e714c3591a6b5d1f40cb47a67319285202f46ae0068aeffebd78169,8adcbe2f6709d3d74f5a1d3648aefcd68c39ac8128949fc6feb2fb5e9e353b76,ebead9009ee83816f5ac1ad5ca37e0cb8e7950fa,9654a265840ef7d8b1fb47e67bbb76458965a62afd55c36c11a398c91dfc98a6,5db383771614a9018a72d57ba8dd45c8f89adb4cb665103133aa8188496e3e80,a382ed29bc8bd74178282183fcbb9d2a3f66665391a4be234acdb6f3eac995f6,7977eb2ed6639764823c063e8735c9fa703f2f3f8617fd7b6fbccd2612df7bc9
dim4-xcov0-fold4-seed913,4,0.0,4,913,75,valid and complete,parun-v1-e0c4dfb071739f392ec0f62812bf68c24722a12164ccb595dad6baa6b933a149,5698a5b1c2229bef1ebb8f524e84aa5bc02d26cf0310fa1723551653153cebd6,ebead9009ee83816f5ac1ad5ca37e0cb8e7950fa,9654a265840ef7d8b1fb47e67bbb76458965a62afd55c36c11a398c91dfc98a6,5db383771614a9018a72d57ba8dd45c8f89adb4cb665103133aa8188496e3e80,a382ed29bc8bd74178282183fcbb9d2a3f66665391a4be234acdb6f3eac995f6,5724c813f9aa4839eeef8ab813c481c6c84936ff9e5378f71882e7e12444a99c
dim4-xcov0-fold4-seed914,4,0.0,4,914,75,valid and complete,parun-v1-2b1ab9f4b79e4c713107b7815c7c324edb145b6e9c131611bb89e5fb15b9905a,386492c009383002a1b51b8591f50b76fc59997a5c124098dd86dfe5b8d415a1,ebead9009ee83816f5ac1ad5ca37e0cb8e7950fa,9654a265840ef7d8b1fb47e67bbb76458965a62afd55c36c11a398c91dfc98a6,5db383771614a9018a72d57ba8dd45c8f89adb4cb665103133aa8188496e3e80,a382ed29bc8bd74178282183fcbb9d2a3f66665391a4be234acdb6f3eac995f6,af2713044289b4bbd93440be52ac3568d0b7a4e8368c4b4de8135d354555337e
dim4-xcov0-fold4-seed915,4,0.0,4,915,75,valid and complete,parun-v1-aac7dcddb9e30321bd0bb72cd27826beb4b81e30667045f89b92e2006b69d507,df9be977177b07370f17b54c3a45c781910c92e966d2d3738fedc72a407b8fae,ebead9009ee83816f5ac1ad5ca37e0cb8e7950fa,9654a265840ef7d8b1fb47e67bbb76458965a62afd55c36c11a398c91dfc98a6,5db383771614a9018a72d57ba8dd45c8f89adb4cb665103133aa8188496e3e80,a382ed29bc8bd74178282183fcbb9d2a3f66665391a4be234acdb6f3eac995f6,4a302cb0ad7d6b0713adcb835cee85cbc0eb1cae062a3aa7d7ef4e919c062b4e
dim4-xcov0p05-fold0-seed911,4,0.05,0,911,75,valid and complete,parun-v1-a64ddda13c75cfbeae9aa351b1b47033ba6efd2377f458aa6e9e5b6928346828,bc906624efbb260ee184231a88cc5a25e55293f84127766cf312a8a490e5f20b,ebead9009ee83816f5ac1ad5ca37e0cb8e7950fa,9654a265840ef7d8b1fb47e67bbb76458965a62afd55c36c11a398c91dfc98a6,5db383771614a9018a72d57ba8dd45c8f89adb4cb665103133aa8188496e3e80,19306704f6dc919790d13d0f77bfe2b6975b0fbf34388553f0a31aced97a7081,d569107cee1d5c33dc8acb011b678be13c8287cdff20ecd0d74c69622c527681
dim4-xcov0p05-fold0-seed912,4,0.05,0,912,75,valid and complete,parun-v1-19125e4061a3ba896049c0866ea18cdcb83ccdd5c33d63e90c39598ac57946b3,34cab8fb4c071ad028a5bf0bac24131fecb708dc4afd0b3780a17a0b4220bb84,ebead9009ee83816f5ac1ad5ca37e0cb8e7950fa,9654a265840ef7d8b1fb47e67bbb76458965a62afd55c36c11a398c91dfc98a6,5db383771614a9018a72d57ba8dd45c8f89adb4cb665103133aa8188496e3e80,19306704f6dc919790d13d0f77bfe2b6975b0fbf34388553f0a31aced97a7081,fa4685584229e9ec5493f5f4b7f8bb9add4374fa9aeae6e2719792c727a859b7
dim4-xcov0p05-fold0-seed913,4,0.05,0,913,75,valid and complete,parun-v1-3abd594da78356ded65e50421f5c7c666d81e5767d0c10dbb077d6ec87f5d514,5b7c72ea223ac3aaa0c57bf5ab26ff091ca531405767cd62178abc0ea89e89dd,ebead9009ee83816f5ac1ad5ca37e0cb8e7950fa,9654a265840ef7d8b1fb47e67bbb76458965a62afd55c36c11a398c91dfc98a6,5db383771614a9018a72d57ba8dd45c8f89adb4cb665103133aa8188496e3e80,19306704f6dc919790d13d0f77bfe2b6975b0fbf34388553f0a31aced97a7081,aaf93a6fcf6e2a9d2a9fde816f911dde3574a64434ebab8795e3d83dc62e9153
dim4-xcov0p05-fold0-seed914,4,0.05,0,914,75,valid and complete,parun-v1-7018650ec768c13406ab99b7955284f8669ae68fd7bd830b867e30494c544e80,c3f8a6fdda5f72a474c7ed7b2641823bc315a3435c373c95ec01f283c7600a2b,ebead9009ee83816f5ac1ad5ca37e0cb8e7950fa,9654a265840ef7d8b1fb47e67bbb76458965a62afd55c36c11a398c91dfc98a6,5db383771614a9018a72d57ba8dd45c8f89adb4cb665103133aa8188496e3e80,19306704f6dc919790d13d0f77bfe2b6975b0fbf34388553f0a31aced97a7081,471e2cdd2fc6bef98846edeb5ba50f18c4f8656d7f52de795c18ce01d5c0e27c
dim4-xcov0p05-fold0-seed915,4,0.05,0,915,75,valid and complete,parun-v1-9d8b5891c02e0ab73f9ef73cd66379b5dab160af61f2af167172e6fd8c4d4404,127396b39ceed2df6d8ea1fb10f731aa547967206f0fb39e8bd12525dc7ce9b5,ebead9009ee83816f5ac1ad5ca37e0cb8e7950fa,9654a265840ef7d8b1fb47e67bbb76458965a62afd55c36c11a398c91dfc98a6,5db383771614a9018a72d57ba8dd45c8f89adb4cb665103133aa8188496e3e80,19306704f6dc919790d13d0f77bfe2b6975b0fbf34388553f0a31aced97a7081,69e1fa8bfef235e1dcf46339bf46496ef60dc50aa1033dbc9113bcc9dcb09f09
dim4-xcov0p05-fold1-seed911,4,0.05,1,911,75,valid and complete,parun-v1-ea6524ca450490ebfeface72fec89f3f3e92436b57e4d58bdc42a65163f26361,7a64d963d8d6583a3a35dedf2fd647f47053459761a0b3bfd8fefba4f1b7f0aa,ebead9009ee83816f5ac1ad5ca37e0cb8e7950fa,9654a265840ef7d8b1fb47e67bbb76458965a62afd55c36c11a398c91dfc98a6,5db383771614a9018a72d57ba8dd45c8f89adb4cb665103133aa8188496e3e80,96501c9be1258f74c119d9f88a61c6945cf51f8c56ab53147b6c0b10792b3212,4b71f8ec363b6ac63db9f82872fa5c7ab5807a34e9ec5b0b43d6868e5fdbb9c2
dim4-xcov0p05-fold1-seed912,4,0.05,1,912,75,valid and complete,parun-v1-bf823511c6c545ff0643b08d9dcee61696f389cb09247f103c30b908d0b44701,bf78f98c52585a512330c9426961b62237483e52fd1fd67f6cbed6fd8e98d976,ebead9009ee83816f5ac1ad5ca37e0cb8e7950fa,9654a265840ef7d8b1fb47e67bbb76458965a62afd55c36c11a398c91dfc98a6,5db383771614a9018a72d57ba8dd45c8f89adb4cb665103133aa8188496e3e80,96501c9be1258f74c119d9f88a61c6945cf51f8c56ab53147b6c0b10792b3212,f8c616da5b2df50729c7df94506e219d3178fc5210df108a9bd19fdc705bc64c
dim4-xcov0p05-fold1-seed913,4,0.05,1,913,75,valid and complete,parun-v1-636d2ca82176e35118957ff1c036385c1976f10c71de80bc9f3ba7433b21d619,d9ce56ac0c1c40b4ab3d74b8786bb3b97cca58ab6bede41290ba3c7e7ca502ce,ebead9009ee83816f5ac1ad5ca37e0cb8e7950fa,9654a265840ef7d8b1fb47e67bbb76458965a62afd55c36c11a398c91dfc98a6,5db383771614a9018a72d57ba8dd45c8f89adb4cb665103133aa8188496e3e80,96501c9be1258f74c119d9f88a61c6945cf51f8c56ab53147b6c0b10792b3212,15982657a25be52fa73802a18ef4fdcdff3af4a7333ae1226cea85949040fe89
dim4-xcov0p05-fold1-seed914,4,0.05,1,914,75,valid and complete,parun-v1-032f290100ac2586b1dda05d0e0aaab6e92e41eeecc4c7fa1026fa01f41d077b,3eb7473be9d571468599b74af04dd225584a481948844b47d66744ae780aa3bb,ebead9009ee83816f5ac1ad5ca37e0cb8e7950fa,9654a265840ef7d8b1fb47e67bbb76458965a62afd55c36c11a398c91dfc98a6,5db383771614a9018a72d57ba8dd45c8f89adb4cb665103133aa8188496e3e80,96501c9be1258f74c119d9f88a61c6945cf51f8c56ab53147b6c0b10792b3212,b6d68ca618d55dba9f14a3abab5eab20c9dd642686516063f1b5e92b03aa852a
dim4-xcov0p05-fold1-seed915,4,0.05,1,915,75,valid and complete,parun-v1-3cf45a9237f7a19d426b71cef152ea4066212c989c5d16695aad14dc7dde2f27,1b24bffa41e81ba324056c3aa8a19496293b8e9c336d6d5c6279ac8da8895ff6,ebead9009ee83816f5ac1ad5ca37e0cb8e7950fa,9654a265840ef7d8b1fb47e67bbb76458965a62afd55c36c11a398c91dfc98a6,5db383771614a9018a72d57ba8dd45c8f89adb4cb665103133aa8188496e3e80,96501c9be1258f74c119d9f88a61c6945cf51f8c56ab53147b6c0b10792b3212,41209e4d02ee396812654aa1c5f410b4b06c2428fbd18ad896ed92231aa7e68d
dim4-xcov0p05-fold2-seed911,4,0.05,2,911,75,valid and complete,parun-v1-acc59b5acd85ab6f34e82b1663300f05adce870b79370214eed97fe95ea920ed,bf7d98623a456af11ff01da18bf4740263c012871d2616c656789d1762b05b39,ebead9009ee83816f5ac1ad5ca37e0cb8e7950fa,9654a265840ef7d8b1fb47e67bbb76458965a62afd55c36c11a398c91dfc98a6,5db383771614a9018a72d57ba8dd45c8f89adb4cb665103133aa8188496e3e80,6d6c2bc39de24244e414816dd4386fd0a61c94fc2e7d66f6e88aef61f66e1f3e,93e99ccaaa2200a6a9d2e8fd3c1050764304a1915e0fa320a1ab37f96adf9f57
dim4-xcov0p05-fold2-seed912,4,0.05,2,912,75,valid and complete,parun-v1-02da2efe23362dcc107064e3f522091ff4f025bdab165e1474503842367fc6f2,2f3e7ed67787ce85c93e5777c266e5adf45e7d87a3146788c63e336252a2d565,ebead9009ee83816f5ac1ad5ca37e0cb8e7950fa,9654a265840ef7d8b1fb47e67bbb76458965a62afd55c36c11a398c91dfc98a6,5db383771614a9018a72d57ba8dd45c8f89adb4cb665103133aa8188496e3e80,6d6c2bc39de24244e414816dd4386fd0a61c94fc2e7d66f6e88aef61f66e1f3e,a8cc4504a50f85b3737249d3bd3e015b1f8d0a87d9b6a9d2a79b6f287630c7c9
dim4-xcov0p05-fold2-seed913,4,0.05,2,913,75,valid and complete,parun-v1-1dcc93f1b908a03f59efc91f9fca62539d154990f9dcfe4e586b00e716c17668,3242c31c2f02e0a8b001fe3a8552675d6684f1b7465cc6d65bc04b773c5db877,ebead9009ee83816f5ac1ad5ca37e0cb8e7950fa,9654a265840ef7d8b1fb47e67bbb76458965a62afd55c36c11a398c91dfc98a6,5db383771614a9018a72d57ba8dd45c8f89adb4cb665103133aa8188496e3e80,6d6c2bc39de24244e414816dd4386fd0a61c94fc2e7d66f6e88aef61f66e1f3e,1b7e89fba89f7566ae185fc800936c590fe515220ab53f006ebc3133b8da59fc
dim4-xcov0p05-fold2-seed914,4,0.05,2,914,75,valid and complete,parun-v1-6bd3bc3927fbc5eba1b2ec613ae22e662ba01837b75d1957be19e450811d2d1a,0b275db4fff0bd46b9dd7e78f1acf9dec953cdac5d697447f43a65429b8d33ed,ebead9009ee83816f5ac1ad5ca37e0cb8e7950fa,9654a265840ef7d8b1fb47e67bbb76458965a62afd55c36c11a398c91dfc98a6,5db383771614a9018a72d57ba8dd45c8f89adb4cb665103133aa8188496e3e80,6d6c2bc39de24244e414816dd4386fd0a61c94fc2e7d66f6e88aef61f66e1f3e,c789db08d9ef36d74d4c6c3b9858511f08661765bac3ee799dc3a9982143160a
dim4-xcov0p05-fold2-seed915,4,0.05,2,915,75,valid and complete,parun-v1-0882af1d16731c677d8ee54cd9c4fffcde8e027aa0f646ab75d487a83ba799c7,23c539cb67b8d7cb8f31c69dfc4cd09af0a0c177bc06faeb0ec240c1a54b4a4e,ebead9009ee83816f5ac1ad5ca37e0cb8e7950fa,9654a265840ef7d8b1fb47e67bbb76458965a62afd55c36c11a398c91dfc98a6,5db383771614a9018a72d57ba8dd45c8f89adb4cb665103133aa8188496e3e80,6d6c2bc39de24244e414816dd4386fd0a61c94fc2e7d66f6e88aef61f66e1f3e,d336a73f85511cd34eb983aaf5e39f7ab3033271a7da72741e3648c4fe632bcc
dim4-xcov0p05-fold3-seed911,4,0.05,3,911,75,valid and complete,parun-v1-0520fee12e33818fec40f69ccb4be6866e029412b0b47fdd3a1fc290a5cd05e8,9b945279f72d2f55fa4be9d89126e205cd7ccf3e33721831eb0fc2c4790a2d5c,ebead9009ee83816f5ac1ad5ca37e0cb8e7950fa,9654a265840ef7d8b1fb47e67bbb76458965a62afd55c36c11a398c91dfc98a6,5db383771614a9018a72d57ba8dd45c8f89adb4cb665103133aa8188496e3e80,3396e0fb34d92af27dbd982bd5cea16fbeae7cc3b4d3bb64ee9f04ca959cdaf7,788b680ccd19af1a5078a29468ccedec71924988f53e9d5a9bcec65b838a6f75
dim4-xcov0p05-fold3-seed912,4,0.05,3,912,75,valid and complete,parun-v1-e062310b5482b67403c78ea509a192134d1470cd467fe2ad23e94af4e39f7961,b5f891d910eae971e40904d6b6c05733724a4fdb817453e0548458cc2c28d945,ebead9009ee83816f5ac1ad5ca37e0cb8e7950fa,9654a265840ef7d8b1fb47e67bbb76458965a62afd55c36c11a398c91dfc98a6,5db383771614a9018a72d57ba8dd45c8f89adb4cb665103133aa8188496e3e80,3396e0fb34d92af27dbd982bd5cea16fbeae7cc3b4d3bb64ee9f04ca959cdaf7,9143cda1072e3664a49e6e3b2d1d8494f0763cee9176381e29119d33155f8fac
dim4-xcov0p05-fold3-seed913,4,0.05,3,913,75,valid and complete,parun-v1-ee79e967c1326fd365f87ff82353183bd19b2a10f1084b805d6eec936528f806,e12a87f7fd9c95939885434e0cd1a8dcea1da1391af3492a7e6f7c6a0e5cc703,ebead9009ee83816f5ac1ad5ca37e0cb8e7950fa,9654a265840ef7d8b1fb47e67bbb76458965a62afd55c36c11a398c91dfc98a6,5db383771614a9018a72d57ba8dd45c8f89adb4cb665103133aa8188496e3e80,3396e0fb34d92af27dbd982bd5cea16fbeae7cc3b4d3bb64ee9f04ca959cdaf7,47c382edc2395527f2c22f60c32f9c18fc1f027496589778ff6018dd434a35ba
dim4-xcov0p05-fold3-seed914,4,0.05,3,914,75,valid and complete,parun-v1-e2a16651f5514bd3496ef2d16e2b1fb45e5848ecc346be04a2dd24b11b7f263e,2b2e63ce44bd486bfc8ce9d3604d2ecf38769fe9de563c801c536e05155103cb,ebead9009ee83816f5ac1ad5ca37e0cb8e7950fa,9654a265840ef7d8b1fb47e67bbb76458965a62afd55c36c11a398c91dfc98a6,5db383771614a9018a72d57ba8dd45c8f89adb4cb665103133aa8188496e3e80,3396e0fb34d92af27dbd982bd5cea16fbeae7cc3b4d3bb64ee9f04ca959cdaf7,d78a282b3884d291121ce06532ba18e7f669118925ae184dacc36cd7c6b6b431
dim4-xcov0p05-fold3-seed915,4,0.05,3,915,75,valid and complete,parun-v1-e900f5a3178b18c7a4eba73566e3e053a1e44a8eee1f2a1dbef4a040b45843bc,9b174592b01365c2c647e86352fd3719f4b47926b5ebe8170bbe3eff093b3a66,ebead9009ee83816f5ac1ad5ca37e0cb8e7950fa,9654a265840ef7d8b1fb47e67bbb76458965a62afd55c36c11a398c91dfc98a6,5db383771614a9018a72d57ba8dd45c8f89adb4cb665103133aa8188496e3e80,3396e0fb34d92af27dbd982bd5cea16fbeae7cc3b4d3bb64ee9f04ca959cdaf7,eb78143a1b9c18c92198ec81bb92c912e3219330c6e15c3b8beac6d2a6cc0cc4
dim4-xcov0p05-fold4-seed911,4,0.05,4,911,75,valid and complete,parun-v1-f7d8dcbbd8fca4ec4fe924d388cf13ff4c3cabfc6ca24405ada922c27fd6e0cb,7df5951ea61b9143c152c4e32e0584fe35e1906f11dd695275e7f97412a7e93a,ebead9009ee83816f5ac1ad5ca37e0cb8e7950fa,9654a265840ef7d8b1fb47e67bbb76458965a62afd55c36c11a398c91dfc98a6,5db383771614a9018a72d57ba8dd45c8f89adb4cb665103133aa8188496e3e80,a382ed29bc8bd74178282183fcbb9d2a3f66665391a4be234acdb6f3eac995f6,6acf6c0707388b5254a70464d25d2a7986f98adff8089ea2d85596136ef93103
dim4-xcov0p05-fold4-seed912,4,0.05,4,912,75,valid and complete,parun-v1-a456698608c5117d4c0c8ca53e8f2168447ac512b8ce92c2944a526c3cf67445,2193ad6ccf27e13377d92789d5a4ca6f3df2c5c6488ffc437bd7b0f3beeb6481,ebead9009ee83816f5ac1ad5ca37e0cb8e7950fa,9654a265840ef7d8b1fb47e67bbb76458965a62afd55c36c11a398c91dfc98a6,5db383771614a9018a72d57ba8dd45c8f89adb4cb665103133aa8188496e3e80,a382ed29bc8bd74178282183fcbb9d2a3f66665391a4be234acdb6f3eac995f6,7977eb2ed6639764823c063e8735c9fa703f2f3f8617fd7b6fbccd2612df7bc9
dim4-xcov0p05-fold4-seed913,4,0.05,4,913,75,valid and complete,parun-v1-810dbf935979af9621d7a69520afb5e3ea1a73f07443f248e73928c33ec0e053,80a133cb1658fad69babd3847e7c0ed27c1feff2dfc4ecff5e086a19e0eddc31,ebead9009ee83816f5ac1ad5ca37e0cb8e7950fa,9654a265840ef7d8b1fb47e67bbb76458965a62afd55c36c11a398c91dfc98a6,5db383771614a9018a72d57ba8dd45c8f89adb4cb665103133aa8188496e3e80,a382ed29bc8bd74178282183fcbb9d2a3f66665391a4be234acdb6f3eac995f6,5724c813f9aa4839eeef8ab813c481c6c84936ff9e5378f71882e7e12444a99c
dim4-xcov0p05-fold4-seed914,4,0.05,4,914,75,valid and complete,parun-v1-a5f8e8e9f11e614942d5a01ed4358002a09ee490980d127e8e636ee660758f26,6f47cc88e7053c388e93643d9337477f3f36031093561ca165ebd52259ca0d44,ebead9009ee83816f5ac1ad5ca37e0cb8e7950fa,9654a265840ef7d8b1fb47e67bbb76458965a62afd55c36c11a398c91dfc98a6,5db383771614a9018a72d57ba8dd45c8f89adb4cb665103133aa8188496e3e80,a382ed29bc8bd74178282183fcbb9d2a3f66665391a4be234acdb6f3eac995f6,af2713044289b4bbd93440be52ac3568d0b7a4e8368c4b4de8135d354555337e
dim4-xcov0p05-fold4-seed915,4,0.05,4,915,75,valid and complete,parun-v1-262b389269e49a6968b4eba251adbfe8d7817d46b4608ebf4801704159946454,736336015825f895a6e32444b56acfb8b53799eebf83ca3b53fb1c89b3a5a615,ebead9009ee83816f5ac1ad5ca37e0cb8e7950fa,9654a265840ef7d8b1fb47e67bbb76458965a62afd55c36c11a398c91dfc98a6,5db383771614a9018a72d57ba8dd45c8f89adb4cb665103133aa8188496e3e80,a382ed29bc8bd74178282183fcbb9d2a3f66665391a4be234acdb6f3eac995f6,4a302cb0ad7d6b0713adcb835cee85cbc0eb1cae062a3aa7d7ef4e919c062b4e
dim4-xcov0p2-fold0-seed911,4,0.2,0,911,75,valid and complete,parun-v1-7ff05b2dc1c7b9e11175051d31f7e11ea73e0639a9f4c48b8ea478334a219172,5063162bc833e878738a83d970a9db7ecd7707567973ebf3791f2485388c9ebe,ebead9009ee83816f5ac1ad5ca37e0cb8e7950fa,9654a265840ef7d8b1fb47e67bbb76458965a62afd55c36c11a398c91dfc98a6,5db383771614a9018a72d57ba8dd45c8f89adb4cb665103133aa8188496e3e80,19306704f6dc919790d13d0f77bfe2b6975b0fbf34388553f0a31aced97a7081,d569107cee1d5c33dc8acb011b678be13c8287cdff20ecd0d74c69622c527681
dim4-xcov0p2-fold0-seed912,4,0.2,0,912,75,valid and complete,parun-v1-826b61c152fe31acb5b8f15ce7418928c30d63bbb7db2394ef076ebe91e243cf,e5ee9827b6d59ece78c11cfa18461a66905f801fdc55c70626bedba9e3703fc2,ebead9009ee83816f5ac1ad5ca37e0cb8e7950fa,9654a265840ef7d8b1fb47e67bbb76458965a62afd55c36c11a398c91dfc98a6,5db383771614a9018a72d57ba8dd45c8f89adb4cb665103133aa8188496e3e80,19306704f6dc919790d13d0f77bfe2b6975b0fbf34388553f0a31aced97a7081,fa4685584229e9ec5493f5f4b7f8bb9add4374fa9aeae6e2719792c727a859b7
dim4-xcov0p2-fold0-seed913,4,0.2,0,913,75,valid and complete,parun-v1-4a789c53cbaba362a1c04cc0f23eabe1f82065973556afe1f3aa7d34da692c6f,4aeb8d96c8c37b7f27877eb050a1606db45a6c7a67dd41a9af67e7243445cef7,ebead9009ee83816f5ac1ad5ca37e0cb8e7950fa,9654a265840ef7d8b1fb47e67bbb76458965a62afd55c36c11a398c91dfc98a6,5db383771614a9018a72d57ba8dd45c8f89adb4cb665103133aa8188496e3e80,19306704f6dc919790d13d0f77bfe2b6975b0fbf34388553f0a31aced97a7081,aaf93a6fcf6e2a9d2a9fde816f911dde3574a64434ebab8795e3d83dc62e9153
dim4-xcov0p2-fold0-seed914,4,0.2,0,914,75,valid and complete,parun-v1-63d73f19b7fa8875c18ba46d123151c8976555ef6ed4d68e4c890a94c1b4a650,210e59794373448e6be9f6f5e317761d3a34323275e01069929ff252a95d8c1c,ebead9009ee83816f5ac1ad5ca37e0cb8e7950fa,9654a265840ef7d8b1fb47e67bbb76458965a62afd55c36c11a398c91dfc98a6,5db383771614a9018a72d57ba8dd45c8f89adb4cb665103133aa8188496e3e80,19306704f6dc919790d13d0f77bfe2b6975b0fbf34388553f0a31aced97a7081,471e2cdd2fc6bef98846edeb5ba50f18c4f8656d7f52de795c18ce01d5c0e27c
dim4-xcov0p2-fold0-seed915,4,0.2,0,915,75,valid and complete,parun-v1-5e80c0742cc5e65bb51b058bce8bc9fdf58ad28a3e49874b7eb6964a9631038c,1a26d4fe9e6ebce42dd52b2d411142210bc7b8a676d8e62859a9c2f3560e2657,ebead9009ee83816f5ac1ad5ca37e0cb8e7950fa,9654a265840ef7d8b1fb47e67bbb76458965a62afd55c36c11a398c91dfc98a6,5db383771614a9018a72d57ba8dd45c8f89adb4cb665103133aa8188496e3e80,19306704f6dc919790d13d0f77bfe2b6975b0fbf34388553f0a31aced97a7081,69e1fa8bfef235e1dcf46339bf46496ef60dc50aa1033dbc9113bcc9dcb09f09
dim4-xcov0p2-fold1-seed911,4,0.2,1,911,75,valid and complete,parun-v1-b76089644597405d4f7a9bb3482324e8b3e589163004f979e7affd34577cb9a2,082552d540909dc92909fe0c63723def23ed433331a747b98cf9e67db02bb3d7,ebead9009ee83816f5ac1ad5ca37e0cb8e7950fa,9654a265840ef7d8b1fb47e67bbb76458965a62afd55c36c11a398c91dfc98a6,5db383771614a9018a72d57ba8dd45c8f89adb4cb665103133aa8188496e3e80,96501c9be1258f74c119d9f88a61c6945cf51f8c56ab53147b6c0b10792b3212,4b71f8ec363b6ac63db9f82872fa5c7ab5807a34e9ec5b0b43d6868e5fdbb9c2
dim4-xcov0p2-fold1-seed912,4,0.2,1,912,75,valid and complete,parun-v1-803c79bfbeb1f11921b50cf63cbe6b9a3edc9fa0c10a0a7d757812bbb747af61,918950e86008c2debb3c21e20d7116d2ffaff635e1f091f305caf4f9f302cd63,ebead9009ee83816f5ac1ad5ca37e0cb8e7950fa,9654a265840ef7d8b1fb47e67bbb76458965a62afd55c36c11a398c91dfc98a6,5db383771614a9018a72d57ba8dd45c8f89adb4cb665103133aa8188496e3e80,96501c9be1258f74c119d9f88a61c6945cf51f8c56ab53147b6c0b10792b3212,f8c616da5b2df50729c7df94506e219d3178fc5210df108a9bd19fdc705bc64c
dim4-xcov0p2-fold1-seed913,4,0.2,1,913,75,valid and complete,parun-v1-ee009fe43a508487645d8e24bfd697b84c682ba071b2d815dddd9a2962d380ad,d9a1152ac26e9badcf19d97fc3e6b5be857622cbd311e51d15a4cb3f10418ac8,ebead9009ee83816f5ac1ad5ca37e0cb8e7950fa,9654a265840ef7d8b1fb47e67bbb76458965a62afd55c36c11a398c91dfc98a6,5db383771614a9018a72d57ba8dd45c8f89adb4cb665103133aa8188496e3e80,96501c9be1258f74c119d9f88a61c6945cf51f8c56ab53147b6c0b10792b3212,15982657a25be52fa73802a18ef4fdcdff3af4a7333ae1226cea85949040fe89
dim4-xcov0p2-fold1-seed914,4,0.2,1,914,75,valid and complete,parun-v1-019f72900657bcdac0c07cd37d37738a18be69ae0c401fe937b27944cfc4a60b,1fe59124441aea051a1ae9430a956917fe56eefeb01e80fa86af665be5347d54,ebead9009ee83816f5ac1ad5ca37e0cb8e7950fa,9654a265840ef7d8b1fb47e67bbb76458965a62afd55c36c11a398c91dfc98a6,5db383771614a9018a72d57ba8dd45c8f89adb4cb665103133aa8188496e3e80,96501c9be1258f74c119d9f88a61c6945cf51f8c56ab53147b6c0b10792b3212,b6d68ca618d55dba9f14a3abab5eab20c9dd642686516063f1b5e92b03aa852a
dim4-xcov0p2-fold1-seed915,4,0.2,1,915,75,valid and complete,parun-v1-a1ca22c52da508e9e677369608ee3d526c22764573798401f7ce916263bbbeb3,fcbac60b330467e7f885ac0428b6fee31eb65c76611dc8d1276903b3bf7f2504,ebead9009ee83816f5ac1ad5ca37e0cb8e7950fa,9654a265840ef7d8b1fb47e67bbb76458965a62afd55c36c11a398c91dfc98a6,5db383771614a9018a72d57ba8dd45c8f89adb4cb665103133aa8188496e3e80,96501c9be1258f74c119d9f88a61c6945cf51f8c56ab53147b6c0b10792b3212,41209e4d02ee396812654aa1c5f410b4b06c2428fbd18ad896ed92231aa7e68d
dim4-xcov0p2-fold2-seed911,4,0.2,2,911,75,valid and complete,parun-v1-4504e02c7aaa07fd9641116e5b273853a44d2bfdbce5657a89816ca0c635497d,0a5c0ea558cb13545de7ee9f6f2d964338804c7b537504d4dcc4270865ccec08,ebead9009ee83816f5ac1ad5ca37e0cb8e7950fa,9654a265840ef7d8b1fb47e67bbb76458965a62afd55c36c11a398c91dfc98a6,5db383771614a9018a72d57ba8dd45c8f89adb4cb665103133aa8188496e3e80,6d6c2bc39de24244e414816dd4386fd0a61c94fc2e7d66f6e88aef61f66e1f3e,93e99ccaaa2200a6a9d2e8fd3c1050764304a1915e0fa320a1ab37f96adf9f57
dim4-xcov0p2-fold2-seed912,4,0.2,2,912,75,valid and complete,parun-v1-6d2535b18858f9ddcae508c807b59de0339187c599315bbaeb2cb7c1c6b74618,69ebf415dedb793d51e56322c891f1a31835f73db24cdebedb2ff810de1abe17,ebead9009ee83816f5ac1ad5ca37e0cb8e7950fa,9654a265840ef7d8b1fb47e67bbb76458965a62afd55c36c11a398c91dfc98a6,5db383771614a9018a72d57ba8dd45c8f89adb4cb665103133aa8188496e3e80,6d6c2bc39de24244e414816dd4386fd0a61c94fc2e7d66f6e88aef61f66e1f3e,a8cc4504a50f85b3737249d3bd3e015b1f8d0a87d9b6a9d2a79b6f287630c7c9
dim4-xcov0p2-fold2-seed913,4,0.2,2,913,75,valid and complete,parun-v1-3e2d5820490bd07839dfbac968a160ade959b190363509c1f1f9bb0536090d16,2edc67bf2bb070f2030d4c1b3352e603704684b686c6b74e2aa0408aaf87fec7,ebead9009ee83816f5ac1ad5ca37e0cb8e7950fa,9654a265840ef7d8b1fb47e67bbb76458965a62afd55c36c11a398c91dfc98a6,5db383771614a9018a72d57ba8dd45c8f89adb4cb665103133aa8188496e3e80,6d6c2bc39de24244e414816dd4386fd0a61c94fc2e7d66f6e88aef61f66e1f3e,1b7e89fba89f7566ae185fc800936c590fe515220ab53f006ebc3133b8da59fc
dim4-xcov0p2-fold2-seed914,4,0.2,2,914,75,valid and complete,parun-v1-e9e95ab391ab7e237109d5b8ba875178b8eedab3d5d540b1c073e27e19fc7e3b,b8f858003855f78b4afeddad8807a4f147a453b6b710ffb53fb2b523d3575f3a,ebead9009ee83816f5ac1ad5ca37e0cb8e7950fa,9654a265840ef7d8b1fb47e67bbb76458965a62afd55c36c11a398c91dfc98a6,5db383771614a9018a72d57ba8dd45c8f89adb4cb665103133aa8188496e3e80,6d6c2bc39de24244e414816dd4386fd0a61c94fc2e7d66f6e88aef61f66e1f3e,c789db08d9ef36d74d4c6c3b9858511f08661765bac3ee799dc3a9982143160a
dim4-xcov0p2-fold2-seed915,4,0.2,2,915,75,valid and complete,parun-v1-90f536a27e45f31b0efe9412b3a3149d5046e0851004b2483886cb069b86219c,24f1e52b54c334c835c85732a5f531bbbd5b7c77335655a03a75be692cae3572,ebead9009ee83816f5ac1ad5ca37e0cb8e7950fa,9654a265840ef7d8b1fb47e67bbb76458965a62afd55c36c11a398c91dfc98a6,5db383771614a9018a72d57ba8dd45c8f89adb4cb665103133aa8188496e3e80,6d6c2bc39de24244e414816dd4386fd0a61c94fc2e7d66f6e88aef61f66e1f3e,d336a73f85511cd34eb983aaf5e39f7ab3033271a7da72741e3648c4fe632bcc
dim4-xcov0p2-fold3-seed911,4,0.2,3,911,75,valid and complete,parun-v1-4cf48fc9593b0ce1bc0e9af485b009a52c21d83d86e19ba2f0e2bae0e29d4d02,2f7d55fb4921062b46510357a904ebfbc29e2941d2e8f49df41c966fa36d6c51,ebead9009ee83816f5ac1ad5ca37e0cb8e7950fa,9654a265840ef7d8b1fb47e67bbb76458965a62afd55c36c11a398c91dfc98a6,5db383771614a9018a72d57ba8dd45c8f89adb4cb665103133aa8188496e3e80,3396e0fb34d92af27dbd982bd5cea16fbeae7cc3b4d3bb64ee9f04ca959cdaf7,788b680ccd19af1a5078a29468ccedec71924988f53e9d5a9bcec65b838a6f75
dim4-xcov0p2-fold3-seed912,4,0.2,3,912,75,valid and complete,parun-v1-d8ed3b20c5aa510e285fa52f0d66db9082f8e809ff6e7fdb35fb67cf9383fc2f,0ad39a3d96ca0fb3d260847cdb38296db3800130862db3802c655944b7faf970,ebead9009ee83816f5ac1ad5ca37e0cb8e7950fa,9654a265840ef7d8b1fb47e67bbb76458965a62afd55c36c11a398c91dfc98a6,5db383771614a9018a72d57ba8dd45c8f89adb4cb665103133aa8188496e3e80,3396e0fb34d92af27dbd982bd5cea16fbeae7cc3b4d3bb64ee9f04ca959cdaf7,9143cda1072e3664a49e6e3b2d1d8494f0763cee9176381e29119d33155f8fac
dim4-xcov0p2-fold3-seed913,4,0.2,3,913,75,valid and complete,parun-v1-d37b200d067ed8d3137d454aba7105f83b86ea6f8c8d00d7cb9d9191bd4fc696,8b157f7fb04a59a217907b539f368ac6f03ad6dad6a262e2c31b4953cec00fbd,ebead9009ee83816f5ac1ad5ca37e0cb8e7950fa,9654a265840ef7d8b1fb47e67bbb76458965a62afd55c36c11a398c91dfc98a6,5db383771614a9018a72d57ba8dd45c8f89adb4cb665103133aa8188496e3e80,3396e0fb34d92af27dbd982bd5cea16fbeae7cc3b4d3bb64ee9f04ca959cdaf7,47c382edc2395527f2c22f60c32f9c18fc1f027496589778ff6018dd434a35ba
dim4-xcov0p2-fold3-seed914,4,0.2,3,914,75,valid and complete,parun-v1-79bbc96d53321fb11e4ff0c69c05bd484e489aed359178ba4c8067fee10bfe4d,602da13a8b784f19dc085e835271acd58a961635b7e0e67274b83388259da022,ebead9009ee83816f5ac1ad5ca37e0cb8e7950fa,9654a265840ef7d8b1fb47e67bbb76458965a62afd55c36c11a398c91dfc98a6,5db383771614a9018a72d57ba8dd45c8f89adb4cb665103133aa8188496e3e80,3396e0fb34d92af27dbd982bd5cea16fbeae7cc3b4d3bb64ee9f04ca959cdaf7,d78a282b3884d291121ce06532ba18e7f669118925ae184dacc36cd7c6b6b431
dim4-xcov0p2-fold3-seed915,4,0.2,3,915,75,valid and complete,parun-v1-e71306374608c699bd096c5e7c727320fcf0c3a07ad454095c3b3dc35223ce6a,4172357aa501090eb3c2e58de46bb9b9700318e776000ee7d5a8b19805702c56,ebead9009ee83816f5ac1ad5ca37e0cb8e7950fa,9654a265840ef7d8b1fb47e67bbb76458965a62afd55c36c11a398c91dfc98a6,5db383771614a9018a72d57ba8dd45c8f89adb4cb665103133aa8188496e3e80,3396e0fb34d92af27dbd982bd5cea16fbeae7cc3b4d3bb64ee9f04ca959cdaf7,eb78143a1b9c18c92198ec81bb92c912e3219330c6e15c3b8beac6d2a6cc0cc4
dim4-xcov0p2-fold4-seed911,4,0.2,4,911,75,valid and complete,parun-v1-42e248eba3ddaf342c17f1e7c2b01de6b20e0b2e399c768887462e159be7e438,6c9b9218ffe37b03dcddb5d7c9c4fc74b5979a3daed28a2a5f3909462c14c040,ebead9009ee83816f5ac1ad5ca37e0cb8e7950fa,9654a265840ef7d8b1fb47e67bbb76458965a62afd55c36c11a398c91dfc98a6,5db383771614a9018a72d57ba8dd45c8f89adb4cb665103133aa8188496e3e80,a382ed29bc8bd74178282183fcbb9d2a3f66665391a4be234acdb6f3eac995f6,6acf6c0707388b5254a70464d25d2a7986f98adff8089ea2d85596136ef93103
dim4-xcov0p2-fold4-seed912,4,0.2,4,912,75,valid and complete,parun-v1-e7592826e6b52efcf8421bfec4757911976ce1d8488fd3ee280d0bbc28824199,f989c3b6868ebca3234a19f3146e33b0dadd4a99d81cb430ca958edfab0fb45b,ebead9009ee83816f5ac1ad5ca37e0cb8e7950fa,9654a265840ef7d8b1fb47e67bbb76458965a62afd55c36c11a398c91dfc98a6,5db383771614a9018a72d57ba8dd45c8f89adb4cb665103133aa8188496e3e80,a382ed29bc8bd74178282183fcbb9d2a3f66665391a4be234acdb6f3eac995f6,7977eb2ed6639764823c063e8735c9fa703f2f3f8617fd7b6fbccd2612df7bc9
dim4-xcov0p2-fold4-seed913,4,0.2,4,913,75,valid and complete,parun-v1-26c9b34ffd511dba7354e9e6fd663d33e62faabde3127fe8bab06451114fe541,2a92d11570175d5502c14fc089bdfd8a68e381ff3a75489c509baca43883e7d6,ebead9009ee83816f5ac1ad5ca37e0cb8e7950fa,9654a265840ef7d8b1fb47e67bbb76458965a62afd55c36c11a398c91dfc98a6,5db383771614a9018a72d57ba8dd45c8f89adb4cb665103133aa8188496e3e80,a382ed29bc8bd74178282183fcbb9d2a3f66665391a4be234acdb6f3eac995f6,5724c813f9aa4839eeef8ab813c481c6c84936ff9e5378f71882e7e12444a99c
dim4-xcov0p2-fold4-seed914,4,0.2,4,914,75,valid and complete,parun-v1-987f2df5b795643efcc8505267c46749e753b71d8b23f898c6825d4445501a2b,536a33d39722cd6e2bd0b720f5237f70a167b246936d421346f1bdef706d1238,ebead9009ee83816f5ac1ad5ca37e0cb8e7950fa,9654a265840ef7d8b1fb47e67bbb76458965a62afd55c36c11a398c91dfc98a6,5db383771614a9018a72d57ba8dd45c8f89adb4cb665103133aa8188496e3e80,a382ed29bc8bd74178282183fcbb9d2a3f66665391a4be234acdb6f3eac995f6,af2713044289b4bbd93440be52ac3568d0b7a4e8368c4b4de8135d354555337e
dim4-xcov0p2-fold4-seed915,4,0.2,4,915,75,valid and complete,parun-v1-d3302f13b076c6a58b8bea95f817906c8592ca7ea8cde0d9ba616498bd285c9d,7ab43c4656f73736db29c4c0e32be6909dc5e3421dbe42c8d9d8447081cf3834,ebead9009ee83816f5ac1ad5ca37e0cb8e7950fa,9654a265840ef7d8b1fb47e67bbb76458965a62afd55c36c11a398c91dfc98a6,5db383771614a9018a72d57ba8dd45c8f89adb4cb665103133aa8188496e3e80,a382ed29bc8bd74178282183fcbb9d2a3f66665391a4be234acdb6f3eac995f6,4a302cb0ad7d6b0713adcb835cee85cbc0eb1cae062a3aa7d7ef4e919c062b4e
dim64-xcov0-fold0-seed911,64,0.0,0,911,75,valid and complete,parun-v1-1692c72325fdbaefe9d8b293d2fee87839394f8a1ca6095cf8ad71d0efdc755c,09111536f0d7f1d4ef033bd5a28d7230083289f8e4a0cd6556700537608297ae,ebead9009ee83816f5ac1ad5ca37e0cb8e7950fa,9654a265840ef7d8b1fb47e67bbb76458965a62afd55c36c11a398c91dfc98a6,5db383771614a9018a72d57ba8dd45c8f89adb4cb665103133aa8188496e3e80,19306704f6dc919790d13d0f77bfe2b6975b0fbf34388553f0a31aced97a7081,d569107cee1d5c33dc8acb011b678be13c8287cdff20ecd0d74c69622c527681
dim64-xcov0-fold0-seed912,64,0.0,0,912,75,valid and complete,parun-v1-d16f7192f4ce0df5c08f72e067e38d5f46a48ab589c0cf47d2ea63182ba1e2ea,581742ee62679a50d585ee9c8f4d9d7ae2c6a031b7ef5cef0f1a2a6955c1b8a2,ebead9009ee83816f5ac1ad5ca37e0cb8e7950fa,9654a265840ef7d8b1fb47e67bbb76458965a62afd55c36c11a398c91dfc98a6,5db383771614a9018a72d57ba8dd45c8f89adb4cb665103133aa8188496e3e80,19306704f6dc919790d13d0f77bfe2b6975b0fbf34388553f0a31aced97a7081,fa4685584229e9ec5493f5f4b7f8bb9add4374fa9aeae6e2719792c727a859b7
dim64-xcov0-fold0-seed913,64,0.0,0,913,75,valid and complete,parun-v1-f08f82fbff8be9dc68f879028a797e1ba55c32bc042d52f2a8d1025f608405bc,509cfb83a5878fecdfc599ff4e787e62ce485cf7e194f7ecee3d5e6c8abf6dcd,ebead9009ee83816f5ac1ad5ca37e0cb8e7950fa,9654a265840ef7d8b1fb47e67bbb76458965a62afd55c36c11a398c91dfc98a6,5db383771614a9018a72d57ba8dd45c8f89adb4cb665103133aa8188496e3e80,19306704f6dc919790d13d0f77bfe2b6975b0fbf34388553f0a31aced97a7081,aaf93a6fcf6e2a9d2a9fde816f911dde3574a64434ebab8795e3d83dc62e9153
dim64-xcov0-fold0-seed914,64,0.0,0,914,75,valid and complete,parun-v1-66fc01feac989e573a0ac0772ea4ef1355d0373ea7c1201af644677a40c04c67,0504d1258b89ea4a0f76633987be89291e134787f52b9dd6788c6704d970cbad,ebead9009ee83816f5ac1ad5ca37e0cb8e7950fa,9654a265840ef7d8b1fb47e67bbb76458965a62afd55c36c11a398c91dfc98a6,5db383771614a9018a72d57ba8dd45c8f89adb4cb665103133aa8188496e3e80,19306704f6dc919790d13d0f77bfe2b6975b0fbf34388553f0a31aced97a7081,471e2cdd2fc6bef98846edeb5ba50f18c4f8656d7f52de795c18ce01d5c0e27c
dim64-xcov0-fold0-seed915,64,0.0,0,915,75,valid and complete,parun-v1-3520e1b560a8a986da4ecf054330e76ba9689066b5f76eba12ed5ecf49be0a30,3e861f36f82ba43035eec585be7d5af32149b77ec1e325ad328aaf0ab06767a2,ebead9009ee83816f5ac1ad5ca37e0cb8e7950fa,9654a265840ef7d8b1fb47e67bbb76458965a62afd55c36c11a398c91dfc98a6,5db383771614a9018a72d57ba8dd45c8f89adb4cb665103133aa8188496e3e80,19306704f6dc919790d13d0f77bfe2b6975b0fbf34388553f0a31aced97a7081,69e1fa8bfef235e1dcf46339bf46496ef60dc50aa1033dbc9113bcc9dcb09f09
dim64-xcov0-fold1-seed911,64,0.0,1,911,75,valid and complete,parun-v1-1f072e2ead339535c4914fff1ea7e404c144a33397a6a0a6d364540db2da4202,b31ad7b2a6a147e12b432f4926bd7db983e6eaa910f3e3fb8102ce2768bcf152,ebead9009ee83816f5ac1ad5ca37e0cb8e7950fa,9654a265840ef7d8b1fb47e67bbb76458965a62afd55c36c11a398c91dfc98a6,5db383771614a9018a72d57ba8dd45c8f89adb4cb665103133aa8188496e3e80,96501c9be1258f74c119d9f88a61c6945cf51f8c56ab53147b6c0b10792b3212,4b71f8ec363b6ac63db9f82872fa5c7ab5807a34e9ec5b0b43d6868e5fdbb9c2
dim64-xcov0-fold1-seed912,64,0.0,1,912,75,valid and complete,parun-v1-d056d6cb66f7cf180965514cae17ff933a83b16abff529cb470db52b978bf565,149d8545f174a956f6c86b57a54c21b7b9dd4092adcc398d83492bce4a3ceeda,ebead9009ee83816f5ac1ad5ca37e0cb8e7950fa,9654a265840ef7d8b1fb47e67bbb76458965a62afd55c36c11a398c91dfc98a6,5db383771614a9018a72d57ba8dd45c8f89adb4cb665103133aa8188496e3e80,96501c9be1258f74c119d9f88a61c6945cf51f8c56ab53147b6c0b10792b3212,f8c616da5b2df50729c7df94506e219d3178fc5210df108a9bd19fdc705bc64c
dim64-xcov0-fold1-seed913,64,0.0,1,913,75,valid and complete,parun-v1-c8963e06f6817000b9d384aeb4be1b63a0b1a02ecf85d25f5d575ef005529f65,e787f9c3341f748cff8a4a1bd690bf9007b4ec986f90ee687e987758313ed62e,ebead9009ee83816f5ac1ad5ca37e0cb8e7950fa,9654a265840ef7d8b1fb47e67bbb76458965a62afd55c36c11a398c91dfc98a6,5db383771614a9018a72d57ba8dd45c8f89adb4cb665103133aa8188496e3e80,96501c9be1258f74c119d9f88a61c6945cf51f8c56ab53147b6c0b10792b3212,15982657a25be52fa73802a18ef4fdcdff3af4a7333ae1226cea85949040fe89
dim64-xcov0-fold1-seed914,64,0.0,1,914,75,valid and complete,parun-v1-707812f2d6d27792d7c9d4304617777d3bf9f7a947676b3f19360efd41d488a0,139decd7ee76dbc9abfd496998ef538cdfe80b752f91b5c16cb8f09f081c9c0a,ebead9009ee83816f5ac1ad5ca37e0cb8e7950fa,9654a265840ef7d8b1fb47e67bbb76458965a62afd55c36c11a398c91dfc98a6,5db383771614a9018a72d57ba8dd45c8f89adb4cb665103133aa8188496e3e80,96501c9be1258f74c119d9f88a61c6945cf51f8c56ab53147b6c0b10792b3212,b6d68ca618d55dba9f14a3abab5eab20c9dd642686516063f1b5e92b03aa852a
dim64-xcov0-fold1-seed915,64,0.0,1,915,75,valid and complete,parun-v1-c90246ff57e2736fc8db11f318f24139cd26cc27c6cbcec442fab513df4ccadf,504d457fd4987e75888ffe4f2deeee1618c091dd596a0cdf5eb00f2a18536500,ebead9009ee83816f5ac1ad5ca37e0cb8e7950fa,9654a265840ef7d8b1fb47e67bbb76458965a62afd55c36c11a398c91dfc98a6,5db383771614a9018a72d57ba8dd45c8f89adb4cb665103133aa8188496e3e80,96501c9be1258f74c119d9f88a61c6945cf51f8c56ab53147b6c0b10792b3212,41209e4d02ee396812654aa1c5f410b4b06c2428fbd18ad896ed92231aa7e68d
dim64-xcov0-fold2-seed911,64,0.0,2,911,75,valid and complete,parun-v1-294cf889889f5bae0aa3461f09bf6a94bcca8f8c358e152cb91818220808d1db,f80251b473f6068ef2dc2de66468944b4a48d394bc066f4718c42a2a4dc80322,ebead9009ee83816f5ac1ad5ca37e0cb8e7950fa,9654a265840ef7d8b1fb47e67bbb76458965a62afd55c36c11a398c91dfc98a6,5db383771614a9018a72d57ba8dd45c8f89adb4cb665103133aa8188496e3e80,6d6c2bc39de24244e414816dd4386fd0a61c94fc2e7d66f6e88aef61f66e1f3e,93e99ccaaa2200a6a9d2e8fd3c1050764304a1915e0fa320a1ab37f96adf9f57
dim64-xcov0-fold2-seed912,64,0.0,2,912,75,valid and complete,parun-v1-ed68cc05f8e2457b2cb140b1c4c2256abb37211b587797964f91b638926b68a1,9a03f762414ded4a5c6b12d43cd3269b0b62fa9992f21d672ae0949e279e69e4,ebead9009ee83816f5ac1ad5ca37e0cb8e7950fa,9654a265840ef7d8b1fb47e67bbb76458965a62afd55c36c11a398c91dfc98a6,5db383771614a9018a72d57ba8dd45c8f89adb4cb665103133aa8188496e3e80,6d6c2bc39de24244e414816dd4386fd0a61c94fc2e7d66f6e88aef61f66e1f3e,a8cc4504a50f85b3737249d3bd3e015b1f8d0a87d9b6a9d2a79b6f287630c7c9
dim64-xcov0-fold2-seed913,64,0.0,2,913,75,valid and complete,parun-v1-d5269fbf51d12c832cbdc7f9d5db43410c3547ef39a25fd9ed5f27290e845981,573ee7d944b1b40533d0061ca0d081866f26281f0628c26bfc14e5281af70c7b,ebead9009ee83816f5ac1ad5ca37e0cb8e7950fa,9654a265840ef7d8b1fb47e67bbb76458965a62afd55c36c11a398c91dfc98a6,5db383771614a9018a72d57ba8dd45c8f89adb4cb665103133aa8188496e3e80,6d6c2bc39de24244e414816dd4386fd0a61c94fc2e7d66f6e88aef61f66e1f3e,1b7e89fba89f7566ae185fc800936c590fe515220ab53f006ebc3133b8da59fc
dim64-xcov0-fold2-seed914,64,0.0,2,914,75,valid and complete,parun-v1-17ce773bb8f64304fb016143a702276d03ff71d37e3a4e2377815856242013a3,9552ea57920feadeac2c6012b4ab994aebb201bec20832605e07cb8f8f846982,ebead9009ee83816f5ac1ad5ca37e0cb8e7950fa,9654a265840ef7d8b1fb47e67bbb76458965a62afd55c36c11a398c91dfc98a6,5db383771614a9018a72d57ba8dd45c8f89adb4cb665103133aa8188496e3e80,6d6c2bc39de24244e414816dd4386fd0a61c94fc2e7d66f6e88aef61f66e1f3e,c789db08d9ef36d74d4c6c3b9858511f08661765bac3ee799dc3a9982143160a
dim64-xcov0-fold2-seed915,64,0.0,2,915,75,valid and complete,parun-v1-729fb9098d58ddef08e97ddfe2d57448db6b2b47ffa660579126d1e9fac17d42,9351b639d850a1fcfadee8a3cb87bb1d2bfd116b00ab72d7103657fb3bf06197,ebead9009ee83816f5ac1ad5ca37e0cb8e7950fa,9654a265840ef7d8b1fb47e67bbb76458965a62afd55c36c11a398c91dfc98a6,5db383771614a9018a72d57ba8dd45c8f89adb4cb665103133aa8188496e3e80,6d6c2bc39de24244e414816dd4386fd0a61c94fc2e7d66f6e88aef61f66e1f3e,d336a73f85511cd34eb983aaf5e39f7ab3033271a7da72741e3648c4fe632bcc
dim64-xcov0-fold3-seed911,64,0.0,3,911,75,valid and complete,parun-v1-9925f459d6d5c51dfa4694130c58baf8c0daebeea0500494152e6286908271ca,5ca2904167c6a24357e099311aff67360e20d05d242bbb0b0688bdbd88578ae2,ebead9009ee83816f5ac1ad5ca37e0cb8e7950fa,9654a265840ef7d8b1fb47e67bbb76458965a62afd55c36c11a398c91dfc98a6,5db383771614a9018a72d57ba8dd45c8f89adb4cb665103133aa8188496e3e80,3396e0fb34d92af27dbd982bd5cea16fbeae7cc3b4d3bb64ee9f04ca959cdaf7,788b680ccd19af1a5078a29468ccedec71924988f53e9d5a9bcec65b838a6f75
dim64-xcov0-fold3-seed912,64,0.0,3,912,75,valid and complete,parun-v1-a22484e04c1ec58c2f156b625f14d81f1856015fe38a5f9e60ea3343f936ea5a,5dd0dcffffd8273a26249011ab14b23ae3607b958251462a6b8ea9ee92051509,ebead9009ee83816f5ac1ad5ca37e0cb8e7950fa,9654a265840ef7d8b1fb47e67bbb76458965a62afd55c36c11a398c91dfc98a6,5db383771614a9018a72d57ba8dd45c8f89adb4cb665103133aa8188496e3e80,3396e0fb34d92af27dbd982bd5cea16fbeae7cc3b4d3bb64ee9f04ca959cdaf7,9143cda1072e3664a49e6e3b2d1d8494f0763cee9176381e29119d33155f8fac
dim64-xcov0-fold3-seed913,64,0.0,3,913,75,valid and complete,parun-v1-71e47face3a93e098b43dae1245cf9331dc70bc3c6cc1a611a2e29d83559960b,a554cdc85fbfc6294014abf7d1792f4f19b4470266132667bdb9bc4b5c8e00bd,ebead9009ee83816f5ac1ad5ca37e0cb8e7950fa,9654a265840ef7d8b1fb47e67bbb76458965a62afd55c36c11a398c91dfc98a6,5db383771614a9018a72d57ba8dd45c8f89adb4cb665103133aa8188496e3e80,3396e0fb34d92af27dbd982bd5cea16fbeae7cc3b4d3bb64ee9f04ca959cdaf7,47c382edc2395527f2c22f60c32f9c18fc1f027496589778ff6018dd434a35ba
dim64-xcov0-fold3-seed914,64,0.0,3,914,75,valid and complete,parun-v1-1478c8f34dbbdd482008a3622485b167fe57f1042fec3069b71c41b1130be33a,80bba02a0d3dc7481499e5f5de90d267b1f7d6898555af540873da5fad51de14,ebead9009ee83816f5ac1ad5ca37e0cb8e7950fa,9654a265840ef7d8b1fb47e67bbb76458965a62afd55c36c11a398c91dfc98a6,5db383771614a9018a72d57ba8dd45c8f89adb4cb665103133aa8188496e3e80,3396e0fb34d92af27dbd982bd5cea16fbeae7cc3b4d3bb64ee9f04ca959cdaf7,d78a282b3884d291121ce06532ba18e7f669118925ae184dacc36cd7c6b6b431
dim64-xcov0-fold3-seed915,64,0.0,3,915,75,valid and complete,parun-v1-be60a427fe0afe77d3974a831774f2dd0a1f367dd37b44b86a0b9928770576a4,f33be81312e272ee99a83580fbb4ad9801f78c031f2346bc7861fd4c164a75f3,ebead9009ee83816f5ac1ad5ca37e0cb8e7950fa,9654a265840ef7d8b1fb47e67bbb76458965a62afd55c36c11a398c91dfc98a6,5db383771614a9018a72d57ba8dd45c8f89adb4cb665103133aa8188496e3e80,3396e0fb34d92af27dbd982bd5cea16fbeae7cc3b4d3bb64ee9f04ca959cdaf7,eb78143a1b9c18c92198ec81bb92c912e3219330c6e15c3b8beac6d2a6cc0cc4
dim64-xcov0-fold4-seed911,64,0.0,4,911,75,valid and complete,parun-v1-2547a5804d3414230b83964f9ada55b77cfafcfcf39b16b09576f06a5d2d03a4,722edde437e036994229ab1ba75a16aa37ffa27ebc5282cc9c614c517a47ea4e,ebead9009ee83816f5ac1ad5ca37e0cb8e7950fa,9654a265840ef7d8b1fb47e67bbb76458965a62afd55c36c11a398c91dfc98a6,5db383771614a9018a72d57ba8dd45c8f89adb4cb665103133aa8188496e3e80,a382ed29bc8bd74178282183fcbb9d2a3f66665391a4be234acdb6f3eac995f6,6acf6c0707388b5254a70464d25d2a7986f98adff8089ea2d85596136ef93103
dim64-xcov0-fold4-seed912,64,0.0,4,912,75,valid and complete,parun-v1-77d8fbf3364aa756777e8df309d6e4ad2cee9bf62a0e343cd57424a33a9991e5,a2455b4eb6cf5697a5b459c45017bffbb5142b22c783ba8afa530b8ee7920ab1,ebead9009ee83816f5ac1ad5ca37e0cb8e7950fa,9654a265840ef7d8b1fb47e67bbb76458965a62afd55c36c11a398c91dfc98a6,5db383771614a9018a72d57ba8dd45c8f89adb4cb665103133aa8188496e3e80,a382ed29bc8bd74178282183fcbb9d2a3f66665391a4be234acdb6f3eac995f6,7977eb2ed6639764823c063e8735c9fa703f2f3f8617fd7b6fbccd2612df7bc9
dim64-xcov0-fold4-seed913,64,0.0,4,913,75,valid and complete,parun-v1-5c0cff96d7d54aaf91ab929237065b01102d0a3a86360a75ebed3d757b04ec1d,5506bad7527e7ab4383740dd088142bef86a08986afb1aec00fac6ae250d1c1c,ebead9009ee83816f5ac1ad5ca37e0cb8e7950fa,9654a265840ef7d8b1fb47e67bbb76458965a62afd55c36c11a398c91dfc98a6,5db383771614a9018a72d57ba8dd45c8f89adb4cb665103133aa8188496e3e80,a382ed29bc8bd74178282183fcbb9d2a3f66665391a4be234acdb6f3eac995f6,5724c813f9aa4839eeef8ab813c481c6c84936ff9e5378f71882e7e12444a99c
dim64-xcov0-fold4-seed914,64,0.0,4,914,75,valid and complete,parun-v1-c551fc93695ba3ad3679528b07d4b06c6a85318f2552dd04531ded29d15a40bb,b4d0f81d48dc947497cbb40325174c69f23e0382dae995100ef48f793e853b41,ebead9009ee83816f5ac1ad5ca37e0cb8e7950fa,9654a265840ef7d8b1fb47e67bbb76458965a62afd55c36c11a398c91dfc98a6,5db383771614a9018a72d57ba8dd45c8f89adb4cb665103133aa8188496e3e80,a382ed29bc8bd74178282183fcbb9d2a3f66665391a4be234acdb6f3eac995f6,af2713044289b4bbd93440be52ac3568d0b7a4e8368c4b4de8135d354555337e
dim64-xcov0-fold4-seed915,64,0.0,4,915,75,valid and complete,parun-v1-da5800b6bc36a3729e4bfeec1e1edb6a87b45acae69b94418a4166f1967ae2d0,0d89a9b4da40454e7ffab97b26047a68c59fa3fbc2e11c73936ad1b5155e5548,ebead9009ee83816f5ac1ad5ca37e0cb8e7950fa,9654a265840ef7d8b1fb47e67bbb76458965a62afd55c36c11a398c91dfc98a6,5db383771614a9018a72d57ba8dd45c8f89adb4cb665103133aa8188496e3e80,a382ed29bc8bd74178282183fcbb9d2a3f66665391a4be234acdb6f3eac995f6,4a302cb0ad7d6b0713adcb835cee85cbc0eb1cae062a3aa7d7ef4e919c062b4e
dim64-xcov0p05-fold0-seed911,64,0.05,0,911,75,valid and complete,parun-v1-c17222e0de4fef0728e5fa81954babf958e6b8e777bd873641a6c911abc203a2,e4b092c41e3d927a2e054d87c1038e5e17d38ca537353ed511d0829bb225c0e8,ebead9009ee83816f5ac1ad5ca37e0cb8e7950fa,9654a265840ef7d8b1fb47e67bbb76458965a62afd55c36c11a398c91dfc98a6,5db383771614a9018a72d57ba8dd45c8f89adb4cb665103133aa8188496e3e80,19306704f6dc919790d13d0f77bfe2b6975b0fbf34388553f0a31aced97a7081,d569107cee1d5c33dc8acb011b678be13c8287cdff20ecd0d74c69622c527681
dim64-xcov0p05-fold0-seed912,64,0.05,0,912,75,valid and complete,parun-v1-78b5286c6d922cb64fba4e4e8aa5659dabc0c4d01de3bd8da3cda24f04a34497,27c6760da95fda35d69bf745c67c5569a4f3553ddd772214c9b87e6e172228c2,ebead9009ee83816f5ac1ad5ca37e0cb8e7950fa,9654a265840ef7d8b1fb47e67bbb76458965a62afd55c36c11a398c91dfc98a6,5db383771614a9018a72d57ba8dd45c8f89adb4cb665103133aa8188496e3e80,19306704f6dc919790d13d0f77bfe2b6975b0fbf34388553f0a31aced97a7081,fa4685584229e9ec5493f5f4b7f8bb9add4374fa9aeae6e2719792c727a859b7
dim64-xcov0p05-fold0-seed913,64,0.05,0,913,75,valid and complete,parun-v1-e92980e216449aa25da97d4a4bbecb5c109a04831aecad7524f2ce27abd2ac04,cfb98bc026fc82481611098267db8ee943d60f6de11a0829514b30b27ab486ed,ebead9009ee83816f5ac1ad5ca37e0cb8e7950fa,9654a265840ef7d8b1fb47e67bbb76458965a62afd55c36c11a398c91dfc98a6,5db383771614a9018a72d57ba8dd45c8f89adb4cb665103133aa8188496e3e80,19306704f6dc919790d13d0f77bfe2b6975b0fbf34388553f0a31aced97a7081,aaf93a6fcf6e2a9d2a9fde816f911dde3574a64434ebab8795e3d83dc62e9153
dim64-xcov0p05-fold0-seed914,64,0.05,0,914,75,valid and complete,parun-v1-aa49fe5890d7a0322f61bcb532f702a9028c4dec0dfa3ad5c7f17f92de22d6f3,f4c32c2686826849bdf84ce0abbce8b2f7d5dc6e6158ede0d16e1c1f0f6bbbd8,ebead9009ee83816f5ac1ad5ca37e0cb8e7950fa,9654a265840ef7d8b1fb47e67bbb76458965a62afd55c36c11a398c91dfc98a6,5db383771614a9018a72d57ba8dd45c8f89adb4cb665103133aa8188496e3e80,19306704f6dc919790d13d0f77bfe2b6975b0fbf34388553f0a31aced97a7081,471e2cdd2fc6bef98846edeb5ba50f18c4f8656d7f52de795c18ce01d5c0e27c
dim64-xcov0p05-fold0-seed915,64,0.05,0,915,75,valid and complete,parun-v1-a13966867ebdab04bd150734c78b8bcab04522a5e661179bebd9aa6cfa1ff609,3a001cd23a10fee5b2227490af7379958a7ab8fd131101ada8fe74e1b6a75c50,ebead9009ee83816f5ac1ad5ca37e0cb8e7950fa,9654a265840ef7d8b1fb47e67bbb76458965a62afd55c36c11a398c91dfc98a6,5db383771614a9018a72d57ba8dd45c8f89adb4cb665103133aa8188496e3e80,19306704f6dc919790d13d0f77bfe2b6975b0fbf34388553f0a31aced97a7081,69e1fa8bfef235e1dcf46339bf46496ef60dc50aa1033dbc9113bcc9dcb09f09
dim64-xcov0p05-fold1-seed911,64,0.05,1,911,75,valid and complete,parun-v1-f2ccbd539537dbe57b7c4a23355a5a1cca5d46289bfe696ca044d2ffa999a927,b0dbd9189719ce82b3ea7ab292d9aa7a117f55d0d9a07f263e132500a6a1f91b,ebead9009ee83816f5ac1ad5ca37e0cb8e7950fa,9654a265840ef7d8b1fb47e67bbb76458965a62afd55c36c11a398c91dfc98a6,5db383771614a9018a72d57ba8dd45c8f89adb4cb665103133aa8188496e3e80,96501c9be1258f74c119d9f88a61c6945cf51f8c56ab53147b6c0b10792b3212,4b71f8ec363b6ac63db9f82872fa5c7ab5807a34e9ec5b0b43d6868e5fdbb9c2
dim64-xcov0p05-fold1-seed912,64,0.05,1,912,75,valid and complete,parun-v1-875f05f927d0cbcaec3654f8662acef403c16f397f7030da943e44aa2bfcbeed,6cdda7c279fe6c60605f7eaee7810e86d311d37ceec64b8a958a15b61450bb91,ebead9009ee83816f5ac1ad5ca37e0cb8e7950fa,9654a265840ef7d8b1fb47e67bbb76458965a62afd55c36c11a398c91dfc98a6,5db383771614a9018a72d57ba8dd45c8f89adb4cb665103133aa8188496e3e80,96501c9be1258f74c119d9f88a61c6945cf51f8c56ab53147b6c0b10792b3212,f8c616da5b2df50729c7df94506e219d3178fc5210df108a9bd19fdc705bc64c
dim64-xcov0p05-fold1-seed913,64,0.05,1,913,75,valid and complete,parun-v1-8d6212914698f8bbf2f8b7f4945ed2c01ee717bb320e118c536aead7489c249c,be0fa225e29ed6bf93c80cdeef473e1d0c94b2bbc933f80959c2eda61bddc8be,ebead9009ee83816f5ac1ad5ca37e0cb8e7950fa,9654a265840ef7d8b1fb47e67bbb76458965a62afd55c36c11a398c91dfc98a6,5db383771614a9018a72d57ba8dd45c8f89adb4cb665103133aa8188496e3e80,96501c9be1258f74c119d9f88a61c6945cf51f8c56ab53147b6c0b10792b3212,15982657a25be52fa73802a18ef4fdcdff3af4a7333ae1226cea85949040fe89
dim64-xcov0p05-fold1-seed914,64,0.05,1,914,75,valid and complete,parun-v1-21d9189105bd89b46b7c50c99648a875d0b649feb269ea7732d4888c46e6783e,1bf621b9efb44077d0f4b18b7e40644626fe5dbff3417c9de5eecc591f3e879c,ebead9009ee83816f5ac1ad5ca37e0cb8e7950fa,9654a265840ef7d8b1fb47e67bbb76458965a62afd55c36c11a398c91dfc98a6,5db383771614a9018a72d57ba8dd45c8f89adb4cb665103133aa8188496e3e80,96501c9be1258f74c119d9f88a61c6945cf51f8c56ab53147b6c0b10792b3212,b6d68ca618d55dba9f14a3abab5eab20c9dd642686516063f1b5e92b03aa852a
dim64-xcov0p05-fold1-seed915,64,0.05,1,915,75,valid and complete,parun-v1-b1d1ef1ebc70a9bc9a705e22143d68b92ca64a06584ad9174b902b8685422780,93188b77e78350dcd22fc62793aaa3218f5a49b51602c29fcebcd2105d8f7e8a,ebead9009ee83816f5ac1ad5ca37e0cb8e7950fa,9654a265840ef7d8b1fb47e67bbb76458965a62afd55c36c11a398c91dfc98a6,5db383771614a9018a72d57ba8dd45c8f89adb4cb665103133aa8188496e3e80,96501c9be1258f74c119d9f88a61c6945cf51f8c56ab53147b6c0b10792b3212,41209e4d02ee396812654aa1c5f410b4b06c2428fbd18ad896ed92231aa7e68d
dim64-xcov0p05-fold2-seed911,64,0.05,2,911,75,valid and complete,parun-v1-e0a08d1bb2c718a9ffc494e4d2f3f7074e76a237791a836c7953593c937a3517,67f15a69ff3d0d2f136f456a2e28eda2112769c246b6011d19c53be73b6f38f5,ebead9009ee83816f5ac1ad5ca37e0cb8e7950fa,9654a265840ef7d8b1fb47e67bbb76458965a62afd55c36c11a398c91dfc98a6,5db383771614a9018a72d57ba8dd45c8f89adb4cb665103133aa8188496e3e80,6d6c2bc39de24244e414816dd4386fd0a61c94fc2e7d66f6e88aef61f66e1f3e,93e99ccaaa2200a6a9d2e8fd3c1050764304a1915e0fa320a1ab37f96adf9f57
dim64-xcov0p05-fold2-seed912,64,0.05,2,912,75,valid and complete,parun-v1-87aa0baa6c1c592130641b845c71d98adc4b463858b165177095d4ac81fb7f07,a793b94c9eb70a75bac63d43817d7ac6e29bb29994772a56815d089306b11c45,ebead9009ee83816f5ac1ad5ca37e0cb8e7950fa,9654a265840ef7d8b1fb47e67bbb76458965a62afd55c36c11a398c91dfc98a6,5db383771614a9018a72d57ba8dd45c8f89adb4cb665103133aa8188496e3e80,6d6c2bc39de24244e414816dd4386fd0a61c94fc2e7d66f6e88aef61f66e1f3e,a8cc4504a50f85b3737249d3bd3e015b1f8d0a87d9b6a9d2a79b6f287630c7c9
dim64-xcov0p05-fold2-seed913,64,0.05,2,913,75,valid and complete,parun-v1-501b16701da03fe1efb1cbad88338fe9786d3cdd5b2e93edefe1cdf766f4d02f,8704b4c95dbbad6b52a716e57c440bb472704939e3ad4fa6912ce9ccf1383d7f,ebead9009ee83816f5ac1ad5ca37e0cb8e7950fa,9654a265840ef7d8b1fb47e67bbb76458965a62afd55c36c11a398c91dfc98a6,5db383771614a9018a72d57ba8dd45c8f89adb4cb665103133aa8188496e3e80,6d6c2bc39de24244e414816dd4386fd0a61c94fc2e7d66f6e88aef61f66e1f3e,1b7e89fba89f7566ae185fc800936c590fe515220ab53f006ebc3133b8da59fc
dim64-xcov0p05-fold2-seed914,64,0.05,2,914,75,valid and complete,parun-v1-44424919b843dc348f05efb2a6b1766c61001d23b4f0e2384d8aa43daebebf27,866d968f9ebe288d26d3c7d080a083fb708ee797d9eb648b0cd345743701c0a3,ebead9009ee83816f5ac1ad5ca37e0cb8e7950fa,9654a265840ef7d8b1fb47e67bbb76458965a62afd55c36c11a398c91dfc98a6,5db383771614a9018a72d57ba8dd45c8f89adb4cb665103133aa8188496e3e80,6d6c2bc39de24244e414816dd4386fd0a61c94fc2e7d66f6e88aef61f66e1f3e,c789db08d9ef36d74d4c6c3b9858511f08661765bac3ee799dc3a9982143160a
dim64-xcov0p05-fold2-seed915,64,0.05,2,915,75,valid and complete,parun-v1-36cffa9eca81261805dbf3dc862086dfd4bcf44e20f4e7ac223ccd15c5b57092,da63e6d727b65b458369305a3586bbd0f2ab4f5aaa7a0a17f9f37086f616e86d,ebead9009ee83816f5ac1ad5ca37e0cb8e7950fa,9654a265840ef7d8b1fb47e67bbb76458965a62afd55c36c11a398c91dfc98a6,5db383771614a9018a72d57ba8dd45c8f89adb4cb665103133aa8188496e3e80,6d6c2bc39de24244e414816dd4386fd0a61c94fc2e7d66f6e88aef61f66e1f3e,d336a73f85511cd34eb983aaf5e39f7ab3033271a7da72741e3648c4fe632bcc
dim64-xcov0p05-fold3-seed911,64,0.05,3,911,75,valid and complete,parun-v1-f1830e1b889d88c5a9bdcef1ceac868034727e9d24102fe54d52cbe870b3251b,4ae4f87fc0b8da0f70c9b30d68fe63223ecd445e05a237a762f2d84ef2edebe5,ebead9009ee83816f5ac1ad5ca37e0cb8e7950fa,9654a265840ef7d8b1fb47e67bbb76458965a62afd55c36c11a398c91dfc98a6,5db383771614a9018a72d57ba8dd45c8f89adb4cb665103133aa8188496e3e80,3396e0fb34d92af27dbd982bd5cea16fbeae7cc3b4d3bb64ee9f04ca959cdaf7,788b680ccd19af1a5078a29468ccedec71924988f53e9d5a9bcec65b838a6f75
dim64-xcov0p05-fold3-seed912,64,0.05,3,912,75,valid and complete,parun-v1-08b94a82f5fab90c3984955ade766fbcfeee45fc3ab40bc72dabc2218240d4c4,274cabff1bff6848abe0e3c6c20b15c5bf6aed8d6e887cc1c14381f3bd987cd0,ebead9009ee83816f5ac1ad5ca37e0cb8e7950fa,9654a265840ef7d8b1fb47e67bbb76458965a62afd55c36c11a398c91dfc98a6,5db383771614a9018a72d57ba8dd45c8f89adb4cb665103133aa8188496e3e80,3396e0fb34d92af27dbd982bd5cea16fbeae7cc3b4d3bb64ee9f04ca959cdaf7,9143cda1072e3664a49e6e3b2d1d8494f0763cee9176381e29119d33155f8fac
dim64-xcov0p05-fold3-seed913,64,0.05,3,913,75,valid and complete,parun-v1-8f4d7ee4ed7bc93aa01e903fd4d361252e6705068b3a1759987202713bc432c8,f1ee9f4cecabd9515572124128e99724ea699c71454ab4cc12ed0ea726bd8624,ebead9009ee83816f5ac1ad5ca37e0cb8e7950fa,9654a265840ef7d8b1fb47e67bbb76458965a62afd55c36c11a398c91dfc98a6,5db383771614a9018a72d57ba8dd45c8f89adb4cb665103133aa8188496e3e80,3396e0fb34d92af27dbd982bd5cea16fbeae7cc3b4d3bb64ee9f04ca959cdaf7,47c382edc2395527f2c22f60c32f9c18fc1f027496589778ff6018dd434a35ba
dim64-xcov0p05-fold3-seed914,64,0.05,3,914,75,valid and complete,parun-v1-279e9926ff9bea1c65b5a785608b04963f1c7f2968858119f2461ed4486ad5ad,d2805b0c87a68f18a57b76a6f247333d4a87c574724cc0c89e472e4b5cb0ef99,ebead9009ee83816f5ac1ad5ca37e0cb8e7950fa,9654a265840ef7d8b1fb47e67bbb76458965a62afd55c36c11a398c91dfc98a6,5db383771614a9018a72d57ba8dd45c8f89adb4cb665103133aa8188496e3e80,3396e0fb34d92af27dbd982bd5cea16fbeae7cc3b4d3bb64ee9f04ca959cdaf7,d78a282b3884d291121ce06532ba18e7f669118925ae184dacc36cd7c6b6b431
dim64-xcov0p05-fold3-seed915,64,0.05,3,915,75,valid and complete,parun-v1-f6c43151addcefe67fcde2198eb4976fc713ef276a58086d256672eb6a132861,e4d16f2feb95f72103dbe58fc27afd79891e7a3d4d3f7c6e56ac0a7d409aeefe,ebead9009ee83816f5ac1ad5ca37e0cb8e7950fa,9654a265840ef7d8b1fb47e67bbb76458965a62afd55c36c11a398c91dfc98a6,5db383771614a9018a72d57ba8dd45c8f89adb4cb665103133aa8188496e3e80,3396e0fb34d92af27dbd982bd5cea16fbeae7cc3b4d3bb64ee9f04ca959cdaf7,eb78143a1b9c18c92198ec81bb92c912e3219330c6e15c3b8beac6d2a6cc0cc4
dim64-xcov0p05-fold4-seed911,64,0.05,4,911,75,valid and complete,parun-v1-a2c3e0377b7bbae2560a4a6eafa8631e38539c490f1990149b484426ebd0870e,2e45cff1d500370c5e4e132292bc2180b940cb6a629f462935ad841b8e197ad1,ebead9009ee83816f5ac1ad5ca37e0cb8e7950fa,9654a265840ef7d8b1fb47e67bbb76458965a62afd55c36c11a398c91dfc98a6,5db383771614a9018a72d57ba8dd45c8f89adb4cb665103133aa8188496e3e80,a382ed29bc8bd74178282183fcbb9d2a3f66665391a4be234acdb6f3eac995f6,6acf6c0707388b5254a70464d25d2a7986f98adff8089ea2d85596136ef93103
dim64-xcov0p05-fold4-seed912,64,0.05,4,912,75,valid and complete,parun-v1-72a6fadbf8e9d6b5dbca97a60ea9b2a5fb28e4f806d8ce9be681acdf4ad389e7,405c88ee9935aa4e46b2cfcdad02beca4744e0806ce27622bfad99da3694c72b,ebead9009ee83816f5ac1ad5ca37e0cb8e7950fa,9654a265840ef7d8b1fb47e67bbb76458965a62afd55c36c11a398c91dfc98a6,5db383771614a9018a72d57ba8dd45c8f89adb4cb665103133aa8188496e3e80,a382ed29bc8bd74178282183fcbb9d2a3f66665391a4be234acdb6f3eac995f6,7977eb2ed6639764823c063e8735c9fa703f2f3f8617fd7b6fbccd2612df7bc9
dim64-xcov0p05-fold4-seed913,64,0.05,4,913,75,valid and complete,parun-v1-87308b851ee1d0fa055a6226b07ecadcfde14a222b51bafcb088a508cdbc3560,8bf2ca1a8dfbf0874d1daa785a01f1a42c2332c22de193c0a505f04bb73d86ee,ebead9009ee83816f5ac1ad5ca37e0cb8e7950fa,9654a265840ef7d8b1fb47e67bbb76458965a62afd55c36c11a398c91dfc98a6,5db383771614a9018a72d57ba8dd45c8f89adb4cb665103133aa8188496e3e80,a382ed29bc8bd74178282183fcbb9d2a3f66665391a4be234acdb6f3eac995f6,5724c813f9aa4839eeef8ab813c481c6c84936ff9e5378f71882e7e12444a99c
dim64-xcov0p05-fold4-seed914,64,0.05,4,914,75,valid and complete,parun-v1-23f7862a08a2d941eef079a6620eb03378016783b57ac1803c1da0b2711bda5d,06bb4d7d961bf8282b04df5bacd66574d4c348fcf739c1cb20b105f49f89b9e6,ebead9009ee83816f5ac1ad5ca37e0cb8e7950fa,9654a265840ef7d8b1fb47e67bbb76458965a62afd55c36c11a398c91dfc98a6,5db383771614a9018a72d57ba8dd45c8f89adb4cb665103133aa8188496e3e80,a382ed29bc8bd74178282183fcbb9d2a3f66665391a4be234acdb6f3eac995f6,af2713044289b4bbd93440be52ac3568d0b7a4e8368c4b4de8135d354555337e
dim64-xcov0p05-fold4-seed915,64,0.05,4,915,75,valid and complete,parun-v1-24ec12c23347f27870638137bdaa663c405e2a3399e915b2b2978bad51f71616,3841572122719dd9b6d5508648a35f35e0621c8eb807232e356a417f5a360fa4,ebead9009ee83816f5ac1ad5ca37e0cb8e7950fa,9654a265840ef7d8b1fb47e67bbb76458965a62afd55c36c11a398c91dfc98a6,5db383771614a9018a72d57ba8dd45c8f89adb4cb665103133aa8188496e3e80,a382ed29bc8bd74178282183fcbb9d2a3f66665391a4be234acdb6f3eac995f6,4a302cb0ad7d6b0713adcb835cee85cbc0eb1cae062a3aa7d7ef4e919c062b4e
dim64-xcov0p2-fold0-seed911,64,0.2,0,911,75,valid and complete,parun-v1-34db2a567d0dc65174aacda3d715df5ba117569057a4d506f5c6a21dd831161e,c96e180090bbc7ca6f63b84330cedf55b935ee49e6dc50aedd1b967b40551988,ebead9009ee83816f5ac1ad5ca37e0cb8e7950fa,9654a265840ef7d8b1fb47e67bbb76458965a62afd55c36c11a398c91dfc98a6,5db383771614a9018a72d57ba8dd45c8f89adb4cb665103133aa8188496e3e80,19306704f6dc919790d13d0f77bfe2b6975b0fbf34388553f0a31aced97a7081,d569107cee1d5c33dc8acb011b678be13c8287cdff20ecd0d74c69622c527681
dim64-xcov0p2-fold0-seed912,64,0.2,0,912,75,valid and complete,parun-v1-f474fd1faa81f604ab4bd1b1ab7caa21198fb488da9f2149a765c55f2c14de4e,49cfab5605245ab228d146b588c3f70dcf3b50d7d9f7d441f571c4c40a1a92fb,ebead9009ee83816f5ac1ad5ca37e0cb8e7950fa,9654a265840ef7d8b1fb47e67bbb76458965a62afd55c36c11a398c91dfc98a6,5db383771614a9018a72d57ba8dd45c8f89adb4cb665103133aa8188496e3e80,19306704f6dc919790d13d0f77bfe2b6975b0fbf34388553f0a31aced97a7081,fa4685584229e9ec5493f5f4b7f8bb9add4374fa9aeae6e2719792c727a859b7
dim64-xcov0p2-fold0-seed913,64,0.2,0,913,75,valid and complete,parun-v1-1cc82da8855be2b5b474d784c3df6c2b0fda400e33703b51adbc7e62222400f9,c46321645a30af5159b4d673edcbdc1a38db7066c2d992c80d20b71e1ba8a201,ebead9009ee83816f5ac1ad5ca37e0cb8e7950fa,9654a265840ef7d8b1fb47e67bbb76458965a62afd55c36c11a398c91dfc98a6,5db383771614a9018a72d57ba8dd45c8f89adb4cb665103133aa8188496e3e80,19306704f6dc919790d13d0f77bfe2b6975b0fbf34388553f0a31aced97a7081,aaf93a6fcf6e2a9d2a9fde816f911dde3574a64434ebab8795e3d83dc62e9153
dim64-xcov0p2-fold0-seed914,64,0.2,0,914,75,valid and complete,parun-v1-f47c9a8fc35a74066b6afb69549135ebbc312e60a55de31aeaa51cb2f0b13f57,e22aa169e65a56f1dae997798c3353fbcd230a595581043fad72850f4072678d,ebead9009ee83816f5ac1ad5ca37e0cb8e7950fa,9654a265840ef7d8b1fb47e67bbb76458965a62afd55c36c11a398c91dfc98a6,5db383771614a9018a72d57ba8dd45c8f89adb4cb665103133aa8188496e3e80,19306704f6dc919790d13d0f77bfe2b6975b0fbf34388553f0a31aced97a7081,471e2cdd2fc6bef98846edeb5ba50f18c4f8656d7f52de795c18ce01d5c0e27c
dim64-xcov0p2-fold0-seed915,64,0.2,0,915,75,valid and complete,parun-v1-f7d176dee67fdb43f055469f837a6604a4edb1fe3cedf796504a130c38553fba,6af6f2a5fc9a78620c2d10f0be8970b668550fac60019cc9511c16a814a53e70,ebead9009ee83816f5ac1ad5ca37e0cb8e7950fa,9654a265840ef7d8b1fb47e67bbb76458965a62afd55c36c11a398c91dfc98a6,5db383771614a9018a72d57ba8dd45c8f89adb4cb665103133aa8188496e3e80,19306704f6dc919790d13d0f77bfe2b6975b0fbf34388553f0a31aced97a7081,69e1fa8bfef235e1dcf46339bf46496ef60dc50aa1033dbc9113bcc9dcb09f09
dim64-xcov0p2-fold1-seed911,64,0.2,1,911,75,valid and complete,parun-v1-97006b5ea0a58b15c10fce2cdf0be7590f735d247d1d31847e6f6d2ac39f95e0,7da306691f4d7affdea99855a7650943f82eaa6b36b56643f4b3fa059f74f960,ebead9009ee83816f5ac1ad5ca37e0cb8e7950fa,9654a265840ef7d8b1fb47e67bbb76458965a62afd55c36c11a398c91dfc98a6,5db383771614a9018a72d57ba8dd45c8f89adb4cb665103133aa8188496e3e80,96501c9be1258f74c119d9f88a61c6945cf51f8c56ab53147b6c0b10792b3212,4b71f8ec363b6ac63db9f82872fa5c7ab5807a34e9ec5b0b43d6868e5fdbb9c2
dim64-xcov0p2-fold1-seed912,64,0.2,1,912,75,valid and complete,parun-v1-55aca02a35a0c5133358b48e595d9d08bc0cd60e5d55987c6f4cf9906d38500f,c14018994f30bd67b8e40ed0662e51fb99ec6521cd71214ed948fbecdee2ae26,ebead9009ee83816f5ac1ad5ca37e0cb8e7950fa,9654a265840ef7d8b1fb47e67bbb76458965a62afd55c36c11a398c91dfc98a6,5db383771614a9018a72d57ba8dd45c8f89adb4cb665103133aa8188496e3e80,96501c9be1258f74c119d9f88a61c6945cf51f8c56ab53147b6c0b10792b3212,f8c616da5b2df50729c7df94506e219d3178fc5210df108a9bd19fdc705bc64c
dim64-xcov0p2-fold1-seed913,64,0.2,1,913,75,valid and complete,parun-v1-17b76d39e0e24d7c664d43d3884bf50232d33a1985923b13c20842d0be2b15cf,38acde090dcec0f220dbeee020e0339cb6eae1f78fa77ddce694d6fd015f320b,ebead9009ee83816f5ac1ad5ca37e0cb8e7950fa,9654a265840ef7d8b1fb47e67bbb76458965a62afd55c36c11a398c91dfc98a6,5db383771614a9018a72d57ba8dd45c8f89adb4cb665103133aa8188496e3e80,96501c9be1258f74c119d9f88a61c6945cf51f8c56ab53147b6c0b10792b3212,15982657a25be52fa73802a18ef4fdcdff3af4a7333ae1226cea85949040fe89
dim64-xcov0p2-fold1-seed914,64,0.2,1,914,75,valid and complete,parun-v1-78c1878a4fe2d5786645445ea8b516696c2e3fba304a4cc818b0badf88f1362a,45ce35ded99c802bf23be45ba3b3c50c32e8f4f509a2194a39d7421712f37299,ebead9009ee83816f5ac1ad5ca37e0cb8e7950fa,9654a265840ef7d8b1fb47e67bbb76458965a62afd55c36c11a398c91dfc98a6,5db383771614a9018a72d57ba8dd45c8f89adb4cb665103133aa8188496e3e80,96501c9be1258f74c119d9f88a61c6945cf51f8c56ab53147b6c0b10792b3212,b6d68ca618d55dba9f14a3abab5eab20c9dd642686516063f1b5e92b03aa852a
dim64-xcov0p2-fold1-seed915,64,0.2,1,915,75,valid and complete,parun-v1-f5b0eeeb0c10625a91a7b656ae1497455c3871bdff63afb37cd5e0b3ac5a2a37,790d8189740e26d199662e423d90b90eb645a2d0993a07c6f7fd9465fc7c77b7,ebead9009ee83816f5ac1ad5ca37e0cb8e7950fa,9654a265840ef7d8b1fb47e67bbb76458965a62afd55c36c11a398c91dfc98a6,5db383771614a9018a72d57ba8dd45c8f89adb4cb665103133aa8188496e3e80,96501c9be1258f74c119d9f88a61c6945cf51f8c56ab53147b6c0b10792b3212,41209e4d02ee396812654aa1c5f410b4b06c2428fbd18ad896ed92231aa7e68d
dim64-xcov0p2-fold2-seed911,64,0.2,2,911,75,valid and complete,parun-v1-0889666cac7b6a5358f96e0db13e265b3ec3bbfd29d321ca48b920377e080328,960a32006433a20f5da8a39de4bc7229a3424072085f63f8115237ccc1876b04,ebead9009ee83816f5ac1ad5ca37e0cb8e7950fa,9654a265840ef7d8b1fb47e67bbb76458965a62afd55c36c11a398c91dfc98a6,5db383771614a9018a72d57ba8dd45c8f89adb4cb665103133aa8188496e3e80,6d6c2bc39de24244e414816dd4386fd0a61c94fc2e7d66f6e88aef61f66e1f3e,93e99ccaaa2200a6a9d2e8fd3c1050764304a1915e0fa320a1ab37f96adf9f57
dim64-xcov0p2-fold2-seed912,64,0.2,2,912,75,valid and complete,parun-v1-f93665553f711b283c014eabc557681594a0d3a7dd8a2c0d37d14ba50d25dd18,472af7dbd26678cabecb9a6970ae2052f141bc3f6b94b108e996535f0c880aab,ebead9009ee83816f5ac1ad5ca37e0cb8e7950fa,9654a265840ef7d8b1fb47e67bbb76458965a62afd55c36c11a398c91dfc98a6,5db383771614a9018a72d57ba8dd45c8f89adb4cb665103133aa8188496e3e80,6d6c2bc39de24244e414816dd4386fd0a61c94fc2e7d66f6e88aef61f66e1f3e,a8cc4504a50f85b3737249d3bd3e015b1f8d0a87d9b6a9d2a79b6f287630c7c9
dim64-xcov0p2-fold2-seed913,64,0.2,2,913,75,valid and complete,parun-v1-31c7d27d067935e45b5bf13306afe78e8199de5f258da8eba2203c4cbab92aa8,679c8e4538ae222ad1dfe86e30c71729f9b5b0ca5ea449ac34e78bd470c0d4c7,ebead9009ee83816f5ac1ad5ca37e0cb8e7950fa,9654a265840ef7d8b1fb47e67bbb76458965a62afd55c36c11a398c91dfc98a6,5db383771614a9018a72d57ba8dd45c8f89adb4cb665103133aa8188496e3e80,6d6c2bc39de24244e414816dd4386fd0a61c94fc2e7d66f6e88aef61f66e1f3e,1b7e89fba89f7566ae185fc800936c590fe515220ab53f006ebc3133b8da59fc
dim64-xcov0p2-fold2-seed914,64,0.2,2,914,75,valid and complete,parun-v1-3a25bc60ec68258079df8ed4f312e9c61de63dfc5643c292afd16f85dfd01258,9c7cc7e4c233d2309dcb16a9cabc07833b5fbebb98a1d3b378ee37c25d66c73d,ebead9009ee83816f5ac1ad5ca37e0cb8e7950fa,9654a265840ef7d8b1fb47e67bbb76458965a62afd55c36c11a398c91dfc98a6,5db383771614a9018a72d57ba8dd45c8f89adb4cb665103133aa8188496e3e80,6d6c2bc39de24244e414816dd4386fd0a61c94fc2e7d66f6e88aef61f66e1f3e,c789db08d9ef36d74d4c6c3b9858511f08661765bac3ee799dc3a9982143160a
dim64-xcov0p2-fold2-seed915,64,0.2,2,915,75,valid and complete,parun-v1-68b7fc727e7743e04aaf718348b92f881db7cbef10f438e8c0fbc90e1bb42ce4,e377b3bcc65d781ad79584f4fa8ab29a583a0d1f0cdf429d76c04eccdc1c410e,ebead9009ee83816f5ac1ad5ca37e0cb8e7950fa,9654a265840ef7d8b1fb47e67bbb76458965a62afd55c36c11a398c91dfc98a6,5db383771614a9018a72d57ba8dd45c8f89adb4cb665103133aa8188496e3e80,6d6c2bc39de24244e414816dd4386fd0a61c94fc2e7d66f6e88aef61f66e1f3e,d336a73f85511cd34eb983aaf5e39f7ab3033271a7da72741e3648c4fe632bcc
dim64-xcov0p2-fold3-seed911,64,0.2,3,911,75,valid and complete,parun-v1-d00e1000516aef856936b9cca06167372e31ad27a2702bb2206e0994406a0093,797e8741f702d4e34280908e5786d8a182ea6e7c09dc996f1dd8868226bfa445,ebead9009ee83816f5ac1ad5ca37e0cb8e7950fa,9654a265840ef7d8b1fb47e67bbb76458965a62afd55c36c11a398c91dfc98a6,5db383771614a9018a72d57ba8dd45c8f89adb4cb665103133aa8188496e3e80,3396e0fb34d92af27dbd982bd5cea16fbeae7cc3b4d3bb64ee9f04ca959cdaf7,788b680ccd19af1a5078a29468ccedec71924988f53e9d5a9bcec65b838a6f75
dim64-xcov0p2-fold3-seed912,64,0.2,3,912,75,valid and complete,parun-v1-59e68e3340e7b60b993acaeb5ae84cf54c881e2c31c777eabac1cff6b7d65f5b,ca4c2bdded969983912d04b908128e4ddf62c1a4455508f109e0b4f49766563d,ebead9009ee83816f5ac1ad5ca37e0cb8e7950fa,9654a265840ef7d8b1fb47e67bbb76458965a62afd55c36c11a398c91dfc98a6,5db383771614a9018a72d57ba8dd45c8f89adb4cb665103133aa8188496e3e80,3396e0fb34d92af27dbd982bd5cea16fbeae7cc3b4d3bb64ee9f04ca959cdaf7,9143cda1072e3664a49e6e3b2d1d8494f0763cee9176381e29119d33155f8fac
dim64-xcov0p2-fold3-seed913,64,0.2,3,913,75,valid and complete,parun-v1-6db04274bed9a1faef33e2125c13911cbcb2e0ccb4c1d4000a1990b898e4f76f,ec0bdb8ea053d79bcdf5bf2f8d3744a66f57bcfae8d8af793a74876f319e95aa,ebead9009ee83816f5ac1ad5ca37e0cb8e7950fa,9654a265840ef7d8b1fb47e67bbb76458965a62afd55c36c11a398c91dfc98a6,5db383771614a9018a72d57ba8dd45c8f89adb4cb665103133aa8188496e3e80,3396e0fb34d92af27dbd982bd5cea16fbeae7cc3b4d3bb64ee9f04ca959cdaf7,47c382edc2395527f2c22f60c32f9c18fc1f027496589778ff6018dd434a35ba
dim64-xcov0p2-fold3-seed914,64,0.2,3,914,75,valid and complete,parun-v1-eb268e55c7bfd4bb11e09dd480c55cc61ee72052e24c30b3308f45dadad36b25,26df6eb36779b452625d6f541040ab62f43b145fbde828decfb81d885de7afb5,ebead9009ee83816f5ac1ad5ca37e0cb8e7950fa,9654a265840ef7d8b1fb47e67bbb76458965a62afd55c36c11a398c91dfc98a6,5db383771614a9018a72d57ba8dd45c8f89adb4cb665103133aa8188496e3e80,3396e0fb34d92af27dbd982bd5cea16fbeae7cc3b4d3bb64ee9f04ca959cdaf7,d78a282b3884d291121ce06532ba18e7f669118925ae184dacc36cd7c6b6b431
dim64-xcov0p2-fold3-seed915,64,0.2,3,915,75,valid and complete,parun-v1-642a3da450c07c71677f7e75b3a631f1e50ed7bffbe67d57843624187c02a344,6e7ef648b5c9152f992fdc498c60b531653a6c6bbd21f33913e4b6806c088dc7,ebead9009ee83816f5ac1ad5ca37e0cb8e7950fa,9654a265840ef7d8b1fb47e67bbb76458965a62afd55c36c11a398c91dfc98a6,5db383771614a9018a72d57ba8dd45c8f89adb4cb665103133aa8188496e3e80,3396e0fb34d92af27dbd982bd5cea16fbeae7cc3b4d3bb64ee9f04ca959cdaf7,eb78143a1b9c18c92198ec81bb92c912e3219330c6e15c3b8beac6d2a6cc0cc4
dim64-xcov0p2-fold4-seed911,64,0.2,4,911,75,valid and complete,parun-v1-c805be1a8327924af1f70e5e0e945335f6cd5c8b5575ada21f8dbfe3fab83c66,4feb5ee644db1783e3e173b39b8c29de6fd6ba7b40e6657630ca6e46ff53f9a2,ebead9009ee83816f5ac1ad5ca37e0cb8e7950fa,9654a265840ef7d8b1fb47e67bbb76458965a62afd55c36c11a398c91dfc98a6,5db383771614a9018a72d57ba8dd45c8f89adb4cb665103133aa8188496e3e80,a382ed29bc8bd74178282183fcbb9d2a3f66665391a4be234acdb6f3eac995f6,6acf6c0707388b5254a70464d25d2a7986f98adff8089ea2d85596136ef93103
dim64-xcov0p2-fold4-seed912,64,0.2,4,912,75,valid and complete,parun-v1-b37c92ae828876b37fc2d3cc6cfd70c54929c952ab89a44d2b4cf61f22c64e76,3a896577132a58c15a37588471f1d75a0fd33b92cd2a3f71672992486f075817,ebead9009ee83816f5ac1ad5ca37e0cb8e7950fa,9654a265840ef7d8b1fb47e67bbb76458965a62afd55c36c11a398c91dfc98a6,5db383771614a9018a72d57ba8dd45c8f89adb4cb665103133aa8188496e3e80,a382ed29bc8bd74178282183fcbb9d2a3f66665391a4be234acdb6f3eac995f6,7977eb2ed6639764823c063e8735c9fa703f2f3f8617fd7b6fbccd2612df7bc9
dim64-xcov0p2-fold4-seed913,64,0.2,4,913,75,valid and complete,parun-v1-20de7e88a38a0382b47ac15a329b1e882c5dc42477586d4ac9282767b8fff6a8,a0e8ac36c5a8840fd5d92d63ac74c5684371b29a3bda281abbc6941ae01a235a,ebead9009ee83816f5ac1ad5ca37e0cb8e7950fa,9654a265840ef7d8b1fb47e67bbb76458965a62afd55c36c11a398c91dfc98a6,5db383771614a9018a72d57ba8dd45c8f89adb4cb665103133aa8188496e3e80,a382ed29bc8bd74178282183fcbb9d2a3f66665391a4be234acdb6f3eac995f6,5724c813f9aa4839eeef8ab813c481c6c84936ff9e5378f71882e7e12444a99c
dim64-xcov0p2-fold4-seed914,64,0.2,4,914,75,valid and complete,parun-v1-9b9ababad6f60baff4f906f9028c2391fdbbc34924ece9e9b4342331522dd764,197ef07c98a529a4c464f32edd98a94c8953ba60453c0c9f021b3159625ce1f0,ebead9009ee83816f5ac1ad5ca37e0cb8e7950fa,9654a265840ef7d8b1fb47e67bbb76458965a62afd55c36c11a398c91dfc98a6,5db383771614a9018a72d57ba8dd45c8f89adb4cb665103133aa8188496e3e80,a382ed29bc8bd74178282183fcbb9d2a3f66665391a4be234acdb6f3eac995f6,af2713044289b4bbd93440be52ac3568d0b7a4e8368c4b4de8135d354555337e
dim64-xcov0p2-fold4-seed915,64,0.2,4,915,75,valid and complete,parun-v1-81d6f08248e97df1d1b8ee9fd7fd084403cfbfbb27728d5a189b1edc4f0f7aee,0afbe13e2b31998e5446419b90f9214d9074d83296c525028091864635aaac0e,ebead9009ee83816f5ac1ad5ca37e0cb8e7950fa,9654a265840ef7d8b1fb47e67bbb76458965a62afd55c36c11a398c91dfc98a6,5db383771614a9018a72d57ba8dd45c8f89adb4cb665103133aa8188496e3e80,a382ed29bc8bd74178282183fcbb9d2a3f66665391a4be234acdb6f3eac995f6,4a302cb0ad7d6b0713adcb835cee85cbc0eb1cae062a3aa7d7ef4e919c062b4e
dim8-xcov0-fold0-seed911,8,0.0,0,911,75,valid and complete,parun-v1-e0b98f7793f390544b11a54bfbb7320e22a8ca5215e9f200bba2f23ade258b03,ac141159d0ad7def81aee2fa5b869d1db991fe17e615f1debd7c9fe25f9fa0e2,ebead9009ee83816f5ac1ad5ca37e0cb8e7950fa,9654a265840ef7d8b1fb47e67bbb76458965a62afd55c36c11a398c91dfc98a6,5db383771614a9018a72d57ba8dd45c8f89adb4cb665103133aa8188496e3e80,19306704f6dc919790d13d0f77bfe2b6975b0fbf34388553f0a31aced97a7081,d569107cee1d5c33dc8acb011b678be13c8287cdff20ecd0d74c69622c527681
dim8-xcov0-fold0-seed912,8,0.0,0,912,75,valid and complete,parun-v1-e2dae23c4a140c4baccfcdab57a982b6eda2f5c9b8f2bd16eb1e5468596cd37b,17488b79eba71329a88c1bcda01d7d2b8c41e53f98964a968129e2759e56a11b,ebead9009ee83816f5ac1ad5ca37e0cb8e7950fa,9654a265840ef7d8b1fb47e67bbb76458965a62afd55c36c11a398c91dfc98a6,5db383771614a9018a72d57ba8dd45c8f89adb4cb665103133aa8188496e3e80,19306704f6dc919790d13d0f77bfe2b6975b0fbf34388553f0a31aced97a7081,fa4685584229e9ec5493f5f4b7f8bb9add4374fa9aeae6e2719792c727a859b7
dim8-xcov0-fold0-seed913,8,0.0,0,913,75,valid and complete,parun-v1-c90919cb181de037dcf07b591968ee8a72563a21fde85493cc311f4176635e4d,ca52a220b54869a806bcc40dd476576b5df356f74c163c0518f0260cabe399e7,ebead9009ee83816f5ac1ad5ca37e0cb8e7950fa,9654a265840ef7d8b1fb47e67bbb76458965a62afd55c36c11a398c91dfc98a6,5db383771614a9018a72d57ba8dd45c8f89adb4cb665103133aa8188496e3e80,19306704f6dc919790d13d0f77bfe2b6975b0fbf34388553f0a31aced97a7081,aaf93a6fcf6e2a9d2a9fde816f911dde3574a64434ebab8795e3d83dc62e9153
dim8-xcov0-fold0-seed914,8,0.0,0,914,75,valid and complete,parun-v1-b412bbc0ea5245cccaa33087870a001a0afda8c1545def1cd0fbf061626c4613,fe8b0762ef29156530a16939f5b1426603369d37f5aa894ee5bf314eb7aaffe4,ebead9009ee83816f5ac1ad5ca37e0cb8e7950fa,9654a265840ef7d8b1fb47e67bbb76458965a62afd55c36c11a398c91dfc98a6,5db383771614a9018a72d57ba8dd45c8f89adb4cb665103133aa8188496e3e80,19306704f6dc919790d13d0f77bfe2b6975b0fbf34388553f0a31aced97a7081,471e2cdd2fc6bef98846edeb5ba50f18c4f8656d7f52de795c18ce01d5c0e27c
dim8-xcov0-fold0-seed915,8,0.0,0,915,75,valid and complete,parun-v1-f561edd79f2932685698b1b45c7dabcf2df0f46040dbfdc9718618e10bcf5c76,f36bc475c70de2b01f299c46076e722e5fc5d1891837081bad68522892294d60,ebead9009ee83816f5ac1ad5ca37e0cb8e7950fa,9654a265840ef7d8b1fb47e67bbb76458965a62afd55c36c11a398c91dfc98a6,5db383771614a9018a72d57ba8dd45c8f89adb4cb665103133aa8188496e3e80,19306704f6dc919790d13d0f77bfe2b6975b0fbf34388553f0a31aced97a7081,69e1fa8bfef235e1dcf46339bf46496ef60dc50aa1033dbc9113bcc9dcb09f09
dim8-xcov0-fold1-seed911,8,0.0,1,911,75,valid and complete,parun-v1-98a1c6ad432a57465dfc090f3ac9a93b239234cb89ee8d7baf0e17e06d4caf2a,c67f773a7eea268350d018562a2713354d977373451548e84d033ce36f1752e9,ebead9009ee83816f5ac1ad5ca37e0cb8e7950fa,9654a265840ef7d8b1fb47e67bbb76458965a62afd55c36c11a398c91dfc98a6,5db383771614a9018a72d57ba8dd45c8f89adb4cb665103133aa8188496e3e80,96501c9be1258f74c119d9f88a61c6945cf51f8c56ab53147b6c0b10792b3212,4b71f8ec363b6ac63db9f82872fa5c7ab5807a34e9ec5b0b43d6868e5fdbb9c2
dim8-xcov0-fold1-seed912,8,0.0,1,912,75,valid and complete,parun-v1-623836705391503158474b82150f4bf6e2df565528fa21f1411f2756b0a1fa95,b7c27007c78ba490c5e55d560e9a5cd1ee9752c3f426eb8d7d894a39b9b888fa,ebead9009ee83816f5ac1ad5ca37e0cb8e7950fa,9654a265840ef7d8b1fb47e67bbb76458965a62afd55c36c11a398c91dfc98a6,5db383771614a9018a72d57ba8dd45c8f89adb4cb665103133aa8188496e3e80,96501c9be1258f74c119d9f88a61c6945cf51f8c56ab53147b6c0b10792b3212,f8c616da5b2df50729c7df94506e219d3178fc5210df108a9bd19fdc705bc64c
dim8-xcov0-fold1-seed913,8,0.0,1,913,75,valid and complete,parun-v1-4284affeffe8c70f7856f9847ccfc3d2d192395cfc66a13f64b83e22b21a64c8,c6ac86bcfc71d670c499f45080a2f6612f1b0e1aab2e0d959cd90b02f7256695,ebead9009ee83816f5ac1ad5ca37e0cb8e7950fa,9654a265840ef7d8b1fb47e67bbb76458965a62afd55c36c11a398c91dfc98a6,5db383771614a9018a72d57ba8dd45c8f89adb4cb665103133aa8188496e3e80,96501c9be1258f74c119d9f88a61c6945cf51f8c56ab53147b6c0b10792b3212,15982657a25be52fa73802a18ef4fdcdff3af4a7333ae1226cea85949040fe89
dim8-xcov0-fold1-seed914,8,0.0,1,914,75,valid and complete,parun-v1-8867ae1fb03af5ec3ebe447b1352b915ea4e2553992f5053162d31669de5180a,3343e2620e3b6d0163e0c29e2f41a5bab6627f368adf903025631eb2de1946ad,ebead9009ee83816f5ac1ad5ca37e0cb8e7950fa,9654a265840ef7d8b1fb47e67bbb76458965a62afd55c36c11a398c91dfc98a6,5db383771614a9018a72d57ba8dd45c8f89adb4cb665103133aa8188496e3e80,96501c9be1258f74c119d9f88a61c6945cf51f8c56ab53147b6c0b10792b3212,b6d68ca618d55dba9f14a3abab5eab20c9dd642686516063f1b5e92b03aa852a
dim8-xcov0-fold1-seed915,8,0.0,1,915,75,valid and complete,parun-v1-cb121ff5f1aef3c520535b61d5470ddc779761fa56bdd4290d78b7ad4f59d731,11de4a8b691f7cdb67615d4e489ed8634aeaadaeae9603654a512be6196c9683,ebead9009ee83816f5ac1ad5ca37e0cb8e7950fa,9654a265840ef7d8b1fb47e67bbb76458965a62afd55c36c11a398c91dfc98a6,5db383771614a9018a72d57ba8dd45c8f89adb4cb665103133aa8188496e3e80,96501c9be1258f74c119d9f88a61c6945cf51f8c56ab53147b6c0b10792b3212,41209e4d02ee396812654aa1c5f410b4b06c2428fbd18ad896ed92231aa7e68d
dim8-xcov0-fold2-seed911,8,0.0,2,911,75,valid and complete,parun-v1-903201b79cb99a6e063d9fda8265f2748f722ad10490b8179908e162ce373fc7,d901514db244379312ea6b6c628f84e8def5d5a4bd44c95113c4032bd5082f67,ebead9009ee83816f5ac1ad5ca37e0cb8e7950fa,9654a265840ef7d8b1fb47e67bbb76458965a62afd55c36c11a398c91dfc98a6,5db383771614a9018a72d57ba8dd45c8f89adb4cb665103133aa8188496e3e80,6d6c2bc39de24244e414816dd4386fd0a61c94fc2e7d66f6e88aef61f66e1f3e,93e99ccaaa2200a6a9d2e8fd3c1050764304a1915e0fa320a1ab37f96adf9f57
dim8-xcov0-fold2-seed912,8,0.0,2,912,75,valid and complete,parun-v1-d8c3d181e4782ba1c3d8c15ad22dfc8dfb4a7a60f3514da06fe4877b88c81744,90e46837157d51e0d35fac82a1864c630769b76361c07e41f4349ea7aa76435f,ebead9009ee83816f5ac1ad5ca37e0cb8e7950fa,9654a265840ef7d8b1fb47e67bbb76458965a62afd55c36c11a398c91dfc98a6,5db383771614a9018a72d57ba8dd45c8f89adb4cb665103133aa8188496e3e80,6d6c2bc39de24244e414816dd4386fd0a61c94fc2e7d66f6e88aef61f66e1f3e,a8cc4504a50f85b3737249d3bd3e015b1f8d0a87d9b6a9d2a79b6f287630c7c9
dim8-xcov0-fold2-seed913,8,0.0,2,913,75,valid and complete,parun-v1-2f163e53890ba187047858192e8b0449aab50402bedbb0763b1745ccd028d78e,b6604910a0d5bffc715a1fad5d0e218d5e17fe43eaa74d23c19d82bcdc6f6b15,ebead9009ee83816f5ac1ad5ca37e0cb8e7950fa,9654a265840ef7d8b1fb47e67bbb76458965a62afd55c36c11a398c91dfc98a6,5db383771614a9018a72d57ba8dd45c8f89adb4cb665103133aa8188496e3e80,6d6c2bc39de24244e414816dd4386fd0a61c94fc2e7d66f6e88aef61f66e1f3e,1b7e89fba89f7566ae185fc800936c590fe515220ab53f006ebc3133b8da59fc
dim8-xcov0-fold2-seed914,8,0.0,2,914,75,valid and complete,parun-v1-ac08e15c7b21db5af825c8a6e5e67bfa4590b09b2e184661ccebe9a277f6ad7e,14c4070128b26700c678e125476e4152e3da509df7fb1078d5cebe96b20034a8,ebead9009ee83816f5ac1ad5ca37e0cb8e7950fa,9654a265840ef7d8b1fb47e67bbb76458965a62afd55c36c11a398c91dfc98a6,5db383771614a9018a72d57ba8dd45c8f89adb4cb665103133aa8188496e3e80,6d6c2bc39de24244e414816dd4386fd0a61c94fc2e7d66f6e88aef61f66e1f3e,c789db08d9ef36d74d4c6c3b9858511f08661765bac3ee799dc3a9982143160a
dim8-xcov0-fold2-seed915,8,0.0,2,915,75,valid and complete,parun-v1-7b3e6d09347fce50c4a6b15f79dee6a49a5a9bcd5fa1f70ed96024dc26848aee,82500c9f2ad644b523d15b3a677cf254823a78940b8372c6d346e6ac80267693,ebead9009ee83816f5ac1ad5ca37e0cb8e7950fa,9654a265840ef7d8b1fb47e67bbb76458965a62afd55c36c11a398c91dfc98a6,5db383771614a9018a72d57ba8dd45c8f89adb4cb665103133aa8188496e3e80,6d6c2bc39de24244e414816dd4386fd0a61c94fc2e7d66f6e88aef61f66e1f3e,d336a73f85511cd34eb983aaf5e39f7ab3033271a7da72741e3648c4fe632bcc
dim8-xcov0-fold3-seed911,8,0.0,3,911,75,valid and complete,parun-v1-b7fdc438ad84e3972aae3fa5ebc1ba4ff1fd1f52dde15e44e2ea830d4c270750,45bed92f8b1e40a9101dc264661b69b6ed49a335eeece24e51e6238f096fea3b,ebead9009ee83816f5ac1ad5ca37e0cb8e7950fa,9654a265840ef7d8b1fb47e67bbb76458965a62afd55c36c11a398c91dfc98a6,5db383771614a9018a72d57ba8dd45c8f89adb4cb665103133aa8188496e3e80,3396e0fb34d92af27dbd982bd5cea16fbeae7cc3b4d3bb64ee9f04ca959cdaf7,788b680ccd19af1a5078a29468ccedec71924988f53e9d5a9bcec65b838a6f75
dim8-xcov0-fold3-seed912,8,0.0,3,912,75,valid and complete,parun-v1-e2e2984c883718145adb09311d566b3eef29576aaad4482579391bbc1ccf14e3,a69b23936668ab1695381f8859441b607ce8f9b2e92edc743eed123c0c7078ad,ebead9009ee83816f5ac1ad5ca37e0cb8e7950fa,9654a265840ef7d8b1fb47e67bbb76458965a62afd55c36c11a398c91dfc98a6,5db383771614a9018a72d57ba8dd45c8f89adb4cb665103133aa8188496e3e80,3396e0fb34d92af27dbd982bd5cea16fbeae7cc3b4d3bb64ee9f04ca959cdaf7,9143cda1072e3664a49e6e3b2d1d8494f0763cee9176381e29119d33155f8fac
dim8-xcov0-fold3-seed913,8,0.0,3,913,75,valid and complete,parun-v1-90fccb895e062ff5f30782fa5ef253c1202c04422201f248b380c6e3517933a4,ea73ddee9afa1bde609c406f22de7d9568f93462344396d51076022c44b2a285,ebead9009ee83816f5ac1ad5ca37e0cb8e7950fa,9654a265840ef7d8b1fb47e67bbb76458965a62afd55c36c11a398c91dfc98a6,5db383771614a9018a72d57ba8dd45c8f89adb4cb665103133aa8188496e3e80,3396e0fb34d92af27dbd982bd5cea16fbeae7cc3b4d3bb64ee9f04ca959cdaf7,47c382edc2395527f2c22f60c32f9c18fc1f027496589778ff6018dd434a35ba
dim8-xcov0-fold3-seed914,8,0.0,3,914,75,valid and complete,parun-v1-cf79372b29e022acc500b9b30f736c90efbada5b34bd4a021ef0b1711e113f70,4be2a7b68c5b03689f99ca1dbe99abad3ee5a722cc702edb52fd55fed73dc475,ebead9009ee83816f5ac1ad5ca37e0cb8e7950fa,9654a265840ef7d8b1fb47e67bbb76458965a62afd55c36c11a398c91dfc98a6,5db383771614a9018a72d57ba8dd45c8f89adb4cb665103133aa8188496e3e80,3396e0fb34d92af27dbd982bd5cea16fbeae7cc3b4d3bb64ee9f04ca959cdaf7,d78a282b3884d291121ce06532ba18e7f669118925ae184dacc36cd7c6b6b431
dim8-xcov0-fold3-seed915,8,0.0,3,915,75,valid and complete,parun-v1-ef720e0b2d44f841239e2e1c2f2b0493a272a3b65f0dc5403202ed6d0d5230d1,c32206904ee03b9b3006cc664b732a899b3d99f86406bf235e1820188d3fdfe7,ebead9009ee83816f5ac1ad5ca37e0cb8e7950fa,9654a265840ef7d8b1fb47e67bbb76458965a62afd55c36c11a398c91dfc98a6,5db383771614a9018a72d57ba8dd45c8f89adb4cb665103133aa8188496e3e80,3396e0fb34d92af27dbd982bd5cea16fbeae7cc3b4d3bb64ee9f04ca959cdaf7,eb78143a1b9c18c92198ec81bb92c912e3219330c6e15c3b8beac6d2a6cc0cc4
dim8-xcov0-fold4-seed911,8,0.0,4,911,75,valid and complete,parun-v1-b2e53b7183512776ba0d0ab89730bb688d2f253b6ee8e560e5f7c4836ea3cb24,55fb3b3d20fb8b163a9b0ee5cbf1de5f36262f5270e1abb0a1c308a5efb61c54,ebead9009ee83816f5ac1ad5ca37e0cb8e7950fa,9654a265840ef7d8b1fb47e67bbb76458965a62afd55c36c11a398c91dfc98a6,5db383771614a9018a72d57ba8dd45c8f89adb4cb665103133aa8188496e3e80,a382ed29bc8bd74178282183fcbb9d2a3f66665391a4be234acdb6f3eac995f6,6acf6c0707388b5254a70464d25d2a7986f98adff8089ea2d85596136ef93103
dim8-xcov0-fold4-seed912,8,0.0,4,912,75,valid and complete,parun-v1-add46ae2dca185712cdcdc3f43f942cfed38701b86be5afc694feb5e94028a8d,ad662914ca0613d0991a2df6fd106fbef54688f5feaa9a506493be865792484e,ebead9009ee83816f5ac1ad5ca37e0cb8e7950fa,9654a265840ef7d8b1fb47e67bbb76458965a62afd55c36c11a398c91dfc98a6,5db383771614a9018a72d57ba8dd45c8f89adb4cb665103133aa8188496e3e80,a382ed29bc8bd74178282183fcbb9d2a3f66665391a4be234acdb6f3eac995f6,7977eb2ed6639764823c063e8735c9fa703f2f3f8617fd7b6fbccd2612df7bc9
dim8-xcov0-fold4-seed913,8,0.0,4,913,75,valid and complete,parun-v1-3cbda23ffa2dc7080f9f4b2112790cc18205a411bfe7e0edbf53a07f9f69f960,9854ea1634cb31c54b8d62addaaf6a7da298ad635d74c2d1b24f85aca090c276,ebead9009ee83816f5ac1ad5ca37e0cb8e7950fa,9654a265840ef7d8b1fb47e67bbb76458965a62afd55c36c11a398c91dfc98a6,5db383771614a9018a72d57ba8dd45c8f89adb4cb665103133aa8188496e3e80,a382ed29bc8bd74178282183fcbb9d2a3f66665391a4be234acdb6f3eac995f6,5724c813f9aa4839eeef8ab813c481c6c84936ff9e5378f71882e7e12444a99c
dim8-xcov0-fold4-seed914,8,0.0,4,914,75,valid and complete,parun-v1-5686f2ddd3b38862ac32c482c6817ae828a66d1ddb7b44fa236b26405bdbc983,d52c586ab8cf6225d20411b5d4e0c17e6800d91648bc61e4c02071e84aee41a2,ebead9009ee83816f5ac1ad5ca37e0cb8e7950fa,9654a265840ef7d8b1fb47e67bbb76458965a62afd55c36c11a398c91dfc98a6,5db383771614a9018a72d57ba8dd45c8f89adb4cb665103133aa8188496e3e80,a382ed29bc8bd74178282183fcbb9d2a3f66665391a4be234acdb6f3eac995f6,af2713044289b4bbd93440be52ac3568d0b7a4e8368c4b4de8135d354555337e
dim8-xcov0-fold4-seed915,8,0.0,4,915,75,valid and complete,parun-v1-9fe172fe8c508987effc870544fc888ee0fdd34f6e5cfb428bc8edca9f330ed2,7534ffb39d07f8b99afe7322e8a57210d1e3706706130cc9de4feb022d6d3493,ebead9009ee83816f5ac1ad5ca37e0cb8e7950fa,9654a265840ef7d8b1fb47e67bbb76458965a62afd55c36c11a398c91dfc98a6,5db383771614a9018a72d57ba8dd45c8f89adb4cb665103133aa8188496e3e80,a382ed29bc8bd74178282183fcbb9d2a3f66665391a4be234acdb6f3eac995f6,4a302cb0ad7d6b0713adcb835cee85cbc0eb1cae062a3aa7d7ef4e919c062b4e
dim8-xcov0p05-fold0-seed911,8,0.05,0,911,75,valid and complete,parun-v1-27ed30aa5e5336bfaf2a2afed614292243760eb39ec379e373f26d4dc4d8e6fb,0001f9701c1e708030770450f3c9b79c354cebe3cd110bf59a789e26685ec381,ebead9009ee83816f5ac1ad5ca37e0cb8e7950fa,9654a265840ef7d8b1fb47e67bbb76458965a62afd55c36c11a398c91dfc98a6,5db383771614a9018a72d57ba8dd45c8f89adb4cb665103133aa8188496e3e80,19306704f6dc919790d13d0f77bfe2b6975b0fbf34388553f0a31aced97a7081,d569107cee1d5c33dc8acb011b678be13c8287cdff20ecd0d74c69622c527681
dim8-xcov0p05-fold0-seed912,8,0.05,0,912,75,valid and complete,parun-v1-a06a4b275e72d156dbd092885f98d5d8209a262f019b75d6ad931b9dfd9eb96f,d0381cbbee09b355193e9abb450f1804fc8b681c2e0f1d42a1e6b57972c75769,ebead9009ee83816f5ac1ad5ca37e0cb8e7950fa,9654a265840ef7d8b1fb47e67bbb76458965a62afd55c36c11a398c91dfc98a6,5db383771614a9018a72d57ba8dd45c8f89adb4cb665103133aa8188496e3e80,19306704f6dc919790d13d0f77bfe2b6975b0fbf34388553f0a31aced97a7081,fa4685584229e9ec5493f5f4b7f8bb9add4374fa9aeae6e2719792c727a859b7
dim8-xcov0p05-fold0-seed913,8,0.05,0,913,75,valid and complete,parun-v1-c31b16cde82d44265cc0fbc96e9bcf6b231694d1580613999cb8a91b94d60331,f9762722053fa82221c71b756e7b0c99d85a97797346a8a906f0d80c921e6ea7,ebead9009ee83816f5ac1ad5ca37e0cb8e7950fa,9654a265840ef7d8b1fb47e67bbb76458965a62afd55c36c11a398c91dfc98a6,5db383771614a9018a72d57ba8dd45c8f89adb4cb665103133aa8188496e3e80,19306704f6dc919790d13d0f77bfe2b6975b0fbf34388553f0a31aced97a7081,aaf93a6fcf6e2a9d2a9fde816f911dde3574a64434ebab8795e3d83dc62e9153
dim8-xcov0p05-fold0-seed914,8,0.05,0,914,75,valid and complete,parun-v1-7a330918799aad49dac447b1674e574d1be4310fd5d949c071ab4a15bcfaf693,d0f677e4c770edce8a53f62ba9b17793d877ef89bf6d2d7d410905cab217a7bf,ebead9009ee83816f5ac1ad5ca37e0cb8e7950fa,9654a265840ef7d8b1fb47e67bbb76458965a62afd55c36c11a398c91dfc98a6,5db383771614a9018a72d57ba8dd45c8f89adb4cb665103133aa8188496e3e80,19306704f6dc919790d13d0f77bfe2b6975b0fbf34388553f0a31aced97a7081,471e2cdd2fc6bef98846edeb5ba50f18c4f8656d7f52de795c18ce01d5c0e27c
dim8-xcov0p05-fold0-seed915,8,0.05,0,915,75,valid and complete,parun-v1-e5de190391cc0b960ebe1c6f42a74aaa26f0c07bbf119038d5f283bf5e5344f4,c9a7f0de10f0fd09c9d4289e29c674b79f8714bc1a73d6def2c362c0a77b2d66,ebead9009ee83816f5ac1ad5ca37e0cb8e7950fa,9654a265840ef7d8b1fb47e67bbb76458965a62afd55c36c11a398c91dfc98a6,5db383771614a9018a72d57ba8dd45c8f89adb4cb665103133aa8188496e3e80,19306704f6dc919790d13d0f77bfe2b6975b0fbf34388553f0a31aced97a7081,69e1fa8bfef235e1dcf46339bf46496ef60dc50aa1033dbc9113bcc9dcb09f09
dim8-xcov0p05-fold1-seed911,8,0.05,1,911,75,valid and complete,parun-v1-c9ea211a6aeff0bdc85cc4001dd88ccd40caa64b69dcedfcc1c7879dff8680d8,d543d9c91e59b9f6a3450a429e4cc4e90cbbd73d030647c64f89137dbc6cbf69,ebead9009ee83816f5ac1ad5ca37e0cb8e7950fa,9654a265840ef7d8b1fb47e67bbb76458965a62afd55c36c11a398c91dfc98a6,5db383771614a9018a72d57ba8dd45c8f89adb4cb665103133aa8188496e3e80,96501c9be1258f74c119d9f88a61c6945cf51f8c56ab53147b6c0b10792b3212,4b71f8ec363b6ac63db9f82872fa5c7ab5807a34e9ec5b0b43d6868e5fdbb9c2
dim8-xcov0p05-fold1-seed912,8,0.05,1,912,75,valid and complete,parun-v1-2dd3b50ace86cd4f775269d1668883cc418f90379fb6ffe2b078bfbeb81b7159,b30b0793b3b1bd0d6f5418575dae9360f41c71f339aca60f42266c4ca2224f03,ebead9009ee83816f5ac1ad5ca37e0cb8e7950fa,9654a265840ef7d8b1fb47e67bbb76458965a62afd55c36c11a398c91dfc98a6,5db383771614a9018a72d57ba8dd45c8f89adb4cb665103133aa8188496e3e80,96501c9be1258f74c119d9f88a61c6945cf51f8c56ab53147b6c0b10792b3212,f8c616da5b2df50729c7df94506e219d3178fc5210df108a9bd19fdc705bc64c
dim8-xcov0p05-fold1-seed913,8,0.05,1,913,75,valid and complete,parun-v1-f5bdd6232498a833dc21c6f5d0aefe70f1c370b9fbef80f0f1f192c2e3cd69f8,dc45229321e3dc0d71f5b820454031dff6c8ee75fff289ffc694f4021890fcad,ebead9009ee83816f5ac1ad5ca37e0cb8e7950fa,9654a265840ef7d8b1fb47e67bbb76458965a62afd55c36c11a398c91dfc98a6,5db383771614a9018a72d57ba8dd45c8f89adb4cb665103133aa8188496e3e80,96501c9be1258f74c119d9f88a61c6945cf51f8c56ab53147b6c0b10792b3212,15982657a25be52fa73802a18ef4fdcdff3af4a7333ae1226cea85949040fe89
dim8-xcov0p05-fold1-seed914,8,0.05,1,914,75,valid and complete,parun-v1-48d2d300487c12cf9441f66f5e2e38d03ffeeed8f5c979def0ae680adaac01aa,899882b42af4b11046b2f2ea77738976eb1509e98ccc1ec30077827b0e027e00,ebead9009ee83816f5ac1ad5ca37e0cb8e7950fa,9654a265840ef7d8b1fb47e67bbb76458965a62afd55c36c11a398c91dfc98a6,5db383771614a9018a72d57ba8dd45c8f89adb4cb665103133aa8188496e3e80,96501c9be1258f74c119d9f88a61c6945cf51f8c56ab53147b6c0b10792b3212,b6d68ca618d55dba9f14a3abab5eab20c9dd642686516063f1b5e92b03aa852a
dim8-xcov0p05-fold1-seed915,8,0.05,1,915,75,valid and complete,parun-v1-b602ca737c068d4838870c49dc430c4596da24e2a715d522c6c43d26dc96b334,a80b16baeda516335dc5a3ffc140306ab3c78563acc503ce844f2b42d2ed8c3b,ebead9009ee83816f5ac1ad5ca37e0cb8e7950fa,9654a265840ef7d8b1fb47e67bbb76458965a62afd55c36c11a398c91dfc98a6,5db383771614a9018a72d57ba8dd45c8f89adb4cb665103133aa8188496e3e80,96501c9be1258f74c119d9f88a61c6945cf51f8c56ab53147b6c0b10792b3212,41209e4d02ee396812654aa1c5f410b4b06c2428fbd18ad896ed92231aa7e68d
dim8-xcov0p05-fold2-seed911,8,0.05,2,911,75,valid and complete,parun-v1-9dbaec86572e64751377ce4d963620f2e5dcf96a341f3eb2fc17c86073c7732f,f7eb5e3353a747a1a9493e7aaa3be9f707ea93385386013f8e5fcda45d09c0c1,ebead9009ee83816f5ac1ad5ca37e0cb8e7950fa,9654a265840ef7d8b1fb47e67bbb76458965a62afd55c36c11a398c91dfc98a6,5db383771614a9018a72d57ba8dd45c8f89adb4cb665103133aa8188496e3e80,6d6c2bc39de24244e414816dd4386fd0a61c94fc2e7d66f6e88aef61f66e1f3e,93e99ccaaa2200a6a9d2e8fd3c1050764304a1915e0fa320a1ab37f96adf9f57
dim8-xcov0p05-fold2-seed912,8,0.05,2,912,75,valid and complete,parun-v1-f83a92d9c7c39de441e1406b32e785fbdbb95f81b99b9eaf024828114b115ff3,7596d3d82841592203765ee57db3ddfa82369a25f60ed3938b4e03422e7acd26,ebead9009ee83816f5ac1ad5ca37e0cb8e7950fa,9654a265840ef7d8b1fb47e67bbb76458965a62afd55c36c11a398c91dfc98a6,5db383771614a9018a72d57ba8dd45c8f89adb4cb665103133aa8188496e3e80,6d6c2bc39de24244e414816dd4386fd0a61c94fc2e7d66f6e88aef61f66e1f3e,a8cc4504a50f85b3737249d3bd3e015b1f8d0a87d9b6a9d2a79b6f287630c7c9
dim8-xcov0p05-fold2-seed913,8,0.05,2,913,75,valid and complete,parun-v1-2cd3e94bfb60df7295b83c8fa28fff86ed200fb3dd74f2768611145e6ebe4c88,b2bf022e5936ec85134dd4015c0f858b5a0426508096ed9482d92ce8b604d3f6,ebead9009ee83816f5ac1ad5ca37e0cb8e7950fa,9654a265840ef7d8b1fb47e67bbb76458965a62afd55c36c11a398c91dfc98a6,5db383771614a9018a72d57ba8dd45c8f89adb4cb665103133aa8188496e3e80,6d6c2bc39de24244e414816dd4386fd0a61c94fc2e7d66f6e88aef61f66e1f3e,1b7e89fba89f7566ae185fc800936c590fe515220ab53f006ebc3133b8da59fc
dim8-xcov0p05-fold2-seed914,8,0.05,2,914,75,valid and complete,parun-v1-99078623bbe02134d5c5ce986cacb66516612ef870571c4872448aba9e81a765,e41979c44b23ba82e932bc48ef44c43852cab2a55011c8b98f939fd6a60f32a2,ebead9009ee83816f5ac1ad5ca37e0cb8e7950fa,9654a265840ef7d8b1fb47e67bbb76458965a62afd55c36c11a398c91dfc98a6,5db383771614a9018a72d57ba8dd45c8f89adb4cb665103133aa8188496e3e80,6d6c2bc39de24244e414816dd4386fd0a61c94fc2e7d66f6e88aef61f66e1f3e,c789db08d9ef36d74d4c6c3b9858511f08661765bac3ee799dc3a9982143160a
dim8-xcov0p05-fold2-seed915,8,0.05,2,915,75,valid and complete,parun-v1-f6003ee7b0d9c528d175b8590ecb815483133277170dc2216b384142ddbca19a,930c9a01cf38b24d62cfca4048b946a11b2cd4f10c799c73625a672ac528b0c2,ebead9009ee83816f5ac1ad5ca37e0cb8e7950fa,9654a265840ef7d8b1fb47e67bbb76458965a62afd55c36c11a398c91dfc98a6,5db383771614a9018a72d57ba8dd45c8f89adb4cb665103133aa8188496e3e80,6d6c2bc39de24244e414816dd4386fd0a61c94fc2e7d66f6e88aef61f66e1f3e,d336a73f85511cd34eb983aaf5e39f7ab3033271a7da72741e3648c4fe632bcc
dim8-xcov0p05-fold3-seed911,8,0.05,3,911,75,valid and complete,parun-v1-97e8a75f95ef213c7c6d474c4ae73ff6d2ce905aec5cf3e0e192fb8ed0b034d0,ab4d989dd412da65321b52f04e6d8e7315dd069ed3b2bcd2b9c14ec19752eb5a,ebead9009ee83816f5ac1ad5ca37e0cb8e7950fa,9654a265840ef7d8b1fb47e67bbb76458965a62afd55c36c11a398c91dfc98a6,5db383771614a9018a72d57ba8dd45c8f89adb4cb665103133aa8188496e3e80,3396e0fb34d92af27dbd982bd5cea16fbeae7cc3b4d3bb64ee9f04ca959cdaf7,788b680ccd19af1a5078a29468ccedec71924988f53e9d5a9bcec65b838a6f75
dim8-xcov0p05-fold3-seed912,8,0.05,3,912,75,valid and complete,parun-v1-850405052beae8897c7c5a95dc9526abf48e396ad5b940210d86b22d7d5c6d85,55bf76c7a638e55d9aae6dcaf258a2fee6d19cd77877d6768247c2e5d4fdf2f5,ebead9009ee83816f5ac1ad5ca37e0cb8e7950fa,9654a265840ef7d8b1fb47e67bbb76458965a62afd55c36c11a398c91dfc98a6,5db383771614a9018a72d57ba8dd45c8f89adb4cb665103133aa8188496e3e80,3396e0fb34d92af27dbd982bd5cea16fbeae7cc3b4d3bb64ee9f04ca959cdaf7,9143cda1072e3664a49e6e3b2d1d8494f0763cee9176381e29119d33155f8fac
dim8-xcov0p05-fold3-seed913,8,0.05,3,913,75,valid and complete,parun-v1-28683b71a54a47a62fc2d7d1b94a1f05590a324d6049631eed3b2d69abfb8edc,1c8241182d150c50ee7cd50255637e926e446415242ad9cb3a6a835104796698,ebead9009ee83816f5ac1ad5ca37e0cb8e7950fa,9654a265840ef7d8b1fb47e67bbb76458965a62afd55c36c11a398c91dfc98a6,5db383771614a9018a72d57ba8dd45c8f89adb4cb665103133aa8188496e3e80,3396e0fb34d92af27dbd982bd5cea16fbeae7cc3b4d3bb64ee9f04ca959cdaf7,47c382edc2395527f2c22f60c32f9c18fc1f027496589778ff6018dd434a35ba
dim8-xcov0p05-fold3-seed914,8,0.05,3,914,75,valid and complete,parun-v1-4a50638c9e7b6fa0ea3d9a752abd3266f86d32b4a5965097850ece5e0cfefd7b,f1c3cc5ba539f4432933dc63e03d643fa73051b7c0606606d8e3dec46d38ee2e,ebead9009ee83816f5ac1ad5ca37e0cb8e7950fa,9654a265840ef7d8b1fb47e67bbb76458965a62afd55c36c11a398c91dfc98a6,5db383771614a9018a72d57ba8dd45c8f89adb4cb665103133aa8188496e3e80,3396e0fb34d92af27dbd982bd5cea16fbeae7cc3b4d3bb64ee9f04ca959cdaf7,d78a282b3884d291121ce06532ba18e7f669118925ae184dacc36cd7c6b6b431
dim8-xcov0p05-fold3-seed915,8,0.05,3,915,75,valid and complete,parun-v1-18afff7cdc0c7ec11dbc825c8c553c1f135e8f07568c49ccf02b1e62bb360eba,1f420b0b808fdce6e34cbf90a5dd80ae208a8c3e4b8d931884abaa312bcf6404,ebead9009ee83816f5ac1ad5ca37e0cb8e7950fa,9654a265840ef7d8b1fb47e67bbb76458965a62afd55c36c11a398c91dfc98a6,5db383771614a9018a72d57ba8dd45c8f89adb4cb665103133aa8188496e3e80,3396e0fb34d92af27dbd982bd5cea16fbeae7cc3b4d3bb64ee9f04ca959cdaf7,eb78143a1b9c18c92198ec81bb92c912e3219330c6e15c3b8beac6d2a6cc0cc4
dim8-xcov0p05-fold4-seed911,8,0.05,4,911,75,valid and complete,parun-v1-0745bc86fabaf183011968d766425d41733e4f242ea0d3174cf4f7be01779f7a,c96a5428a9efa783d6976da09b009284e8277af4ea6dbf7759acccbab3c17793,ebead9009ee83816f5ac1ad5ca37e0cb8e7950fa,9654a265840ef7d8b1fb47e67bbb76458965a62afd55c36c11a398c91dfc98a6,5db383771614a9018a72d57ba8dd45c8f89adb4cb665103133aa8188496e3e80,a382ed29bc8bd74178282183fcbb9d2a3f66665391a4be234acdb6f3eac995f6,6acf6c0707388b5254a70464d25d2a7986f98adff8089ea2d85596136ef93103
dim8-xcov0p05-fold4-seed912,8,0.05,4,912,75,valid and complete,parun-v1-a174568d5661fab19686d9a62510b568900fb36b49d2548e735b2c857ff737a8,0afcc01173a3c520e096e329d20be1fd9efe806e5f6f292c8ebdf7acb53b8cc6,ebead9009ee83816f5ac1ad5ca37e0cb8e7950fa,9654a265840ef7d8b1fb47e67bbb76458965a62afd55c36c11a398c91dfc98a6,5db383771614a9018a72d57ba8dd45c8f89adb4cb665103133aa8188496e3e80,a382ed29bc8bd74178282183fcbb9d2a3f66665391a4be234acdb6f3eac995f6,7977eb2ed6639764823c063e8735c9fa703f2f3f8617fd7b6fbccd2612df7bc9
dim8-xcov0p05-fold4-seed913,8,0.05,4,913,75,valid and complete,parun-v1-71ffdcdf7830a2b31cb96222ed0b1b26d9c5a2764f26f0d5041a49087b7f5006,71e40cbc49699abb4afe90d7a3ac0ef9aba46a1ed831dfae7deed5c7d2597c16,ebead9009ee83816f5ac1ad5ca37e0cb8e7950fa,9654a265840ef7d8b1fb47e67bbb76458965a62afd55c36c11a398c91dfc98a6,5db383771614a9018a72d57ba8dd45c8f89adb4cb665103133aa8188496e3e80,a382ed29bc8bd74178282183fcbb9d2a3f66665391a4be234acdb6f3eac995f6,5724c813f9aa4839eeef8ab813c481c6c84936ff9e5378f71882e7e12444a99c
dim8-xcov0p05-fold4-seed914,8,0.05,4,914,75,valid and complete,parun-v1-52299b7bb7feb88774edfa5b28f4143602a7f1f261d1f6bac6232e6bd28a18e0,e38bd9b2ed3a3476ad19bc51d7fdb75a581d5c58835d5937e585a219be4e74e0,ebead9009ee83816f5ac1ad5ca37e0cb8e7950fa,9654a265840ef7d8b1fb47e67bbb76458965a62afd55c36c11a398c91dfc98a6,5db383771614a9018a72d57ba8dd45c8f89adb4cb665103133aa8188496e3e80,a382ed29bc8bd74178282183fcbb9d2a3f66665391a4be234acdb6f3eac995f6,af2713044289b4bbd93440be52ac3568d0b7a4e8368c4b4de8135d354555337e
dim8-xcov0p05-fold4-seed915,8,0.05,4,915,75,valid and complete,parun-v1-b99be8e021042f875030af4c06ee6df0c0629b07dc7092e07f298ccad7fd2efa,530ed172ad3b9175830a261ea98bb22fd8fc9dec3766ce1cebe27b54f69b0f60,ebead9009ee83816f5ac1ad5ca37e0cb8e7950fa,9654a265840ef7d8b1fb47e67bbb76458965a62afd55c36c11a398c91dfc98a6,5db383771614a9018a72d57ba8dd45c8f89adb4cb665103133aa8188496e3e80,a382ed29bc8bd74178282183fcbb9d2a3f66665391a4be234acdb6f3eac995f6,4a302cb0ad7d6b0713adcb835cee85cbc0eb1cae062a3aa7d7ef4e919c062b4e
dim8-xcov0p2-fold0-seed911,8,0.2,0,911,75,valid and complete,parun-v1-e9333f700d48d6f9299ab676d3e303fa66678254b905fc9495ba99c9589a7cf2,bba3a4f202cf12003b6ce946328bb2cd1a213b2022d3021e586694b0bb3fd688,ebead9009ee83816f5ac1ad5ca37e0cb8e7950fa,9654a265840ef7d8b1fb47e67bbb76458965a62afd55c36c11a398c91dfc98a6,5db383771614a9018a72d57ba8dd45c8f89adb4cb665103133aa8188496e3e80,19306704f6dc919790d13d0f77bfe2b6975b0fbf34388553f0a31aced97a7081,d569107cee1d5c33dc8acb011b678be13c8287cdff20ecd0d74c69622c527681
dim8-xcov0p2-fold0-seed912,8,0.2,0,912,75,valid and complete,parun-v1-16733d37fae5f4ee49f187b76f157c14b3cfed466cdf40a18dfac9e9cc0e6105,ab531967ff178c10dcc06bae2c8f17702caf26358decd5445dbb59a4dccf7fb7,ebead9009ee83816f5ac1ad5ca37e0cb8e7950fa,9654a265840ef7d8b1fb47e67bbb76458965a62afd55c36c11a398c91dfc98a6,5db383771614a9018a72d57ba8dd45c8f89adb4cb665103133aa8188496e3e80,19306704f6dc919790d13d0f77bfe2b6975b0fbf34388553f0a31aced97a7081,fa4685584229e9ec5493f5f4b7f8bb9add4374fa9aeae6e2719792c727a859b7
dim8-xcov0p2-fold0-seed913,8,0.2,0,913,75,valid and complete,parun-v1-9b772037bf8f85249b02bcbf26d69c1d239e4c0d54c4dfc8f0891ffcffe424bd,829962c8b28b124af391489807c8f931b43b6ebf84a2cccad3f836784a32ced6,ebead9009ee83816f5ac1ad5ca37e0cb8e7950fa,9654a265840ef7d8b1fb47e67bbb76458965a62afd55c36c11a398c91dfc98a6,5db383771614a9018a72d57ba8dd45c8f89adb4cb665103133aa8188496e3e80,19306704f6dc919790d13d0f77bfe2b6975b0fbf34388553f0a31aced97a7081,aaf93a6fcf6e2a9d2a9fde816f911dde3574a64434ebab8795e3d83dc62e9153
dim8-xcov0p2-fold0-seed914,8,0.2,0,914,75,valid and complete,parun-v1-07ae41575a9643fe9a3f96cb73a820c78f57d01fd56a6f6252f5445deb0cb599,0bc6f01092df42f44b7412fc9232d8a8861b848a3a710db0682a08eebc891c90,ebead9009ee83816f5ac1ad5ca37e0cb8e7950fa,9654a265840ef7d8b1fb47e67bbb76458965a62afd55c36c11a398c91dfc98a6,5db383771614a9018a72d57ba8dd45c8f89adb4cb665103133aa8188496e3e80,19306704f6dc919790d13d0f77bfe2b6975b0fbf34388553f0a31aced97a7081,471e2cdd2fc6bef98846edeb5ba50f18c4f8656d7f52de795c18ce01d5c0e27c
dim8-xcov0p2-fold0-seed915,8,0.2,0,915,75,valid and complete,parun-v1-25892b18f659f713ec446e7a2c7b602fe49ac799a41bb30968c787b4af644d55,82cda535c03749bbcfa4f047486b630593be34a2c9ad8d20760c021c680e6ebf,ebead9009ee83816f5ac1ad5ca37e0cb8e7950fa,9654a265840ef7d8b1fb47e67bbb76458965a62afd55c36c11a398c91dfc98a6,5db383771614a9018a72d57ba8dd45c8f89adb4cb665103133aa8188496e3e80,19306704f6dc919790d13d0f77bfe2b6975b0fbf34388553f0a31aced97a7081,69e1fa8bfef235e1dcf46339bf46496ef60dc50aa1033dbc9113bcc9dcb09f09
dim8-xcov0p2-fold1-seed911,8,0.2,1,911,75,valid and complete,parun-v1-5d1f48d77fb10297c7232dd4b026321a6b3da2bb0c0fc5294779fd304d30ceec,f73c8731c17046dae96b7c84ff02fc202e25aeab8d83f28340d451a6b8d1601e,ebead9009ee83816f5ac1ad5ca37e0cb8e7950fa,9654a265840ef7d8b1fb47e67bbb76458965a62afd55c36c11a398c91dfc98a6,5db383771614a9018a72d57ba8dd45c8f89adb4cb665103133aa8188496e3e80,96501c9be1258f74c119d9f88a61c6945cf51f8c56ab53147b6c0b10792b3212,4b71f8ec363b6ac63db9f82872fa5c7ab5807a34e9ec5b0b43d6868e5fdbb9c2
dim8-xcov0p2-fold1-seed912,8,0.2,1,912,75,valid and complete,parun-v1-2675599a72e2d42f5486099bf854aeb25351005fad0a2f51d200837b39db57a4,518112a57582cfbc4be0b725c7d1822f965050bc82219261e0f9183c1ba39792,ebead9009ee83816f5ac1ad5ca37e0cb8e7950fa,9654a265840ef7d8b1fb47e67bbb76458965a62afd55c36c11a398c91dfc98a6,5db383771614a9018a72d57ba8dd45c8f89adb4cb665103133aa8188496e3e80,96501c9be1258f74c119d9f88a61c6945cf51f8c56ab53147b6c0b10792b3212,f8c616da5b2df50729c7df94506e219d3178fc5210df108a9bd19fdc705bc64c
dim8-xcov0p2-fold1-seed913,8,0.2,1,913,75,valid and complete,parun-v1-955e5dcdf9abed99ae8a0db826a68a385c2a9457c60a6e1592f27f3d92981062,fee9abe91e49c67559581d1d18f8e04ed4977a9385be91822f65528d8c8cf993,ebead9009ee83816f5ac1ad5ca37e0cb8e7950fa,9654a265840ef7d8b1fb47e67bbb76458965a62afd55c36c11a398c91dfc98a6,5db383771614a9018a72d57ba8dd45c8f89adb4cb665103133aa8188496e3e80,96501c9be1258f74c119d9f88a61c6945cf51f8c56ab53147b6c0b10792b3212,15982657a25be52fa73802a18ef4fdcdff3af4a7333ae1226cea85949040fe89
dim8-xcov0p2-fold1-seed914,8,0.2,1,914,75,valid and complete,parun-v1-9e451df787d7e6907f098e83f22c0ffaac52799bf28bea27b5fbf48cf83135e1,00b15fd6cf2d194b09d9355988f8c52fad7467132b05e6e7e3d6c37af033e783,ebead9009ee83816f5ac1ad5ca37e0cb8e7950fa,9654a265840ef7d8b1fb47e67bbb76458965a62afd55c36c11a398c91dfc98a6,5db383771614a9018a72d57ba8dd45c8f89adb4cb665103133aa8188496e3e80,96501c9be1258f74c119d9f88a61c6945cf51f8c56ab53147b6c0b10792b3212,b6d68ca618d55dba9f14a3abab5eab20c9dd642686516063f1b5e92b03aa852a
dim8-xcov0p2-fold1-seed915,8,0.2,1,915,75,valid and complete,parun-v1-8ef09c283c414b16f10ce1e6f778e53b3765863eb8585fd3510252f222d26723,32a71fa88d8d9a3f5b28f37b067f17d6c85e22eb1c25215b9dd0c861525e3e14,ebead9009ee83816f5ac1ad5ca37e0cb8e7950fa,9654a265840ef7d8b1fb47e67bbb76458965a62afd55c36c11a398c91dfc98a6,5db383771614a9018a72d57ba8dd45c8f89adb4cb665103133aa8188496e3e80,96501c9be1258f74c119d9f88a61c6945cf51f8c56ab53147b6c0b10792b3212,41209e4d02ee396812654aa1c5f410b4b06c2428fbd18ad896ed92231aa7e68d
dim8-xcov0p2-fold2-seed911,8,0.2,2,911,75,valid and complete,parun-v1-a8f6057877b27662a0335a6fbfd1b209396316290a13f2a6a6e4dae3ec4167d1,80f4005e7fc7d68846198b9138780d353c6e665982ee3f827e702a0117386d0e,ebead9009ee83816f5ac1ad5ca37e0cb8e7950fa,9654a265840ef7d8b1fb47e67bbb76458965a62afd55c36c11a398c91dfc98a6,5db383771614a9018a72d57ba8dd45c8f89adb4cb665103133aa8188496e3e80,6d6c2bc39de24244e414816dd4386fd0a61c94fc2e7d66f6e88aef61f66e1f3e,93e99ccaaa2200a6a9d2e8fd3c1050764304a1915e0fa320a1ab37f96adf9f57
dim8-xcov0p2-fold2-seed912,8,0.2,2,912,75,valid and complete,parun-v1-587487c63090861bfa0fd5455055ec5051d1fc14653675c031c8eac5d88f7561,22f014d74d9a05d364387312fecb098473dc7e6dd38378392fc41ee30c482ebc,ebead9009ee83816f5ac1ad5ca37e0cb8e7950fa,9654a265840ef7d8b1fb47e67bbb76458965a62afd55c36c11a398c91dfc98a6,5db383771614a9018a72d57ba8dd45c8f89adb4cb665103133aa8188496e3e80,6d6c2bc39de24244e414816dd4386fd0a61c94fc2e7d66f6e88aef61f66e1f3e,a8cc4504a50f85b3737249d3bd3e015b1f8d0a87d9b6a9d2a79b6f287630c7c9
dim8-xcov0p2-fold2-seed913,8,0.2,2,913,75,valid and complete,parun-v1-ac680f460e31ab22ef0c7a49cf39921c549d3f1d996d413e5b5843956feaf906,a1a98fced4d0e35c6a91e3085a7647760a14beae6f3b28c46f286c912ceb9616,ebead9009ee83816f5ac1ad5ca37e0cb8e7950fa,9654a265840ef7d8b1fb47e67bbb76458965a62afd55c36c11a398c91dfc98a6,5db383771614a9018a72d57ba8dd45c8f89adb4cb665103133aa8188496e3e80,6d6c2bc39de24244e414816dd4386fd0a61c94fc2e7d66f6e88aef61f66e1f3e,1b7e89fba89f7566ae185fc800936c590fe515220ab53f006ebc3133b8da59fc
dim8-xcov0p2-fold2-seed914,8,0.2,2,914,75,valid and complete,parun-v1-78762b447f8be8b37afcc31bf0586481e2e8212c08eea1171ae38796676a7333,0b6dfdf047e70619faf941c5ba3e73ceb2e6eab0fe26f510945185230342b452,ebead9009ee83816f5ac1ad5ca37e0cb8e7950fa,9654a265840ef7d8b1fb47e67bbb76458965a62afd55c36c11a398c91dfc98a6,5db383771614a9018a72d57ba8dd45c8f89adb4cb665103133aa8188496e3e80,6d6c2bc39de24244e414816dd4386fd0a61c94fc2e7d66f6e88aef61f66e1f3e,c789db08d9ef36d74d4c6c3b9858511f08661765bac3ee799dc3a9982143160a
dim8-xcov0p2-fold2-seed915,8,0.2,2,915,75,valid and complete,parun-v1-ef7257fa2a30afa75be23fa08cfe638506283b10c20c1add765e4a903ba1374f,9fd34fa42a9c32df5cb3d438d563034191997d609518910c9ed2c8c7981a8850,ebead9009ee83816f5ac1ad5ca37e0cb8e7950fa,9654a265840ef7d8b1fb47e67bbb76458965a62afd55c36c11a398c91dfc98a6,5db383771614a9018a72d57ba8dd45c8f89adb4cb665103133aa8188496e3e80,6d6c2bc39de24244e414816dd4386fd0a61c94fc2e7d66f6e88aef61f66e1f3e,d336a73f85511cd34eb983aaf5e39f7ab3033271a7da72741e3648c4fe632bcc
dim8-xcov0p2-fold3-seed911,8,0.2,3,911,75,valid and complete,parun-v1-911c945c6d02e9cdf15ff5bce10b30b8f71c4bc13b4c4d6cabe47fdb993d89c9,c427114b514fb0536489fcdf1a8576b103763ef30970985903394855405c3bfe,ebead9009ee83816f5ac1ad5ca37e0cb8e7950fa,9654a265840ef7d8b1fb47e67bbb76458965a62afd55c36c11a398c91dfc98a6,5db383771614a9018a72d57ba8dd45c8f89adb4cb665103133aa8188496e3e80,3396e0fb34d92af27dbd982bd5cea16fbeae7cc3b4d3bb64ee9f04ca959cdaf7,788b680ccd19af1a5078a29468ccedec71924988f53e9d5a9bcec65b838a6f75
dim8-xcov0p2-fold3-seed912,8,0.2,3,912,75,valid and complete,parun-v1-f4510603dd1c3f18742644167cb12169534a9a3f8ce55b016a9b9a64b4a555f8,4d943809759ee5bddd318ec6d6cb4821901eb179838233c1ced625842b99f3d9,ebead9009ee83816f5ac1ad5ca37e0cb8e7950fa,9654a265840ef7d8b1fb47e67bbb76458965a62afd55c36c11a398c91dfc98a6,5db383771614a9018a72d57ba8dd45c8f89adb4cb665103133aa8188496e3e80,3396e0fb34d92af27dbd982bd5cea16fbeae7cc3b4d3bb64ee9f04ca959cdaf7,9143cda1072e3664a49e6e3b2d1d8494f0763cee9176381e29119d33155f8fac
dim8-xcov0p2-fold3-seed913,8,0.2,3,913,75,valid and complete,parun-v1-4ecb2e633c28d3ea746d0d0170936021fcf806409ec5051a7dd8226fc50e4256,68968b22eebd50d9d79f2124730fddbf4dd0cb7cb77decdf1887ecab1d9ea1e8,ebead9009ee83816f5ac1ad5ca37e0cb8e7950fa,9654a265840ef7d8b1fb47e67bbb76458965a62afd55c36c11a398c91dfc98a6,5db383771614a9018a72d57ba8dd45c8f89adb4cb665103133aa8188496e3e80,3396e0fb34d92af27dbd982bd5cea16fbeae7cc3b4d3bb64ee9f04ca959cdaf7,47c382edc2395527f2c22f60c32f9c18fc1f027496589778ff6018dd434a35ba
dim8-xcov0p2-fold3-seed914,8,0.2,3,914,75,valid and complete,parun-v1-25fa9973c1e7e9f6ea188beef093a2dfa7df83f96dcb91b9f5cd8a3fc730ddd6,4277ce7b4303571860768e290aac956330aef463d8700170bbd0a6751bee7749,ebead9009ee83816f5ac1ad5ca37e0cb8e7950fa,9654a265840ef7d8b1fb47e67bbb76458965a62afd55c36c11a398c91dfc98a6,5db383771614a9018a72d57ba8dd45c8f89adb4cb665103133aa8188496e3e80,3396e0fb34d92af27dbd982bd5cea16fbeae7cc3b4d3bb64ee9f04ca959cdaf7,d78a282b3884d291121ce06532ba18e7f669118925ae184dacc36cd7c6b6b431
dim8-xcov0p2-fold3-seed915,8,0.2,3,915,75,valid and complete,parun-v1-7344a4d4e628ff807b94d93c5e7a4deddbc419db26fbdf15ec3d01433c995420,e3db6cd6561a0dfd806247847f129b548cee395ea0aac09576dea17b134cd043,ebead9009ee83816f5ac1ad5ca37e0cb8e7950fa,9654a265840ef7d8b1fb47e67bbb76458965a62afd55c36c11a398c91dfc98a6,5db383771614a9018a72d57ba8dd45c8f89adb4cb665103133aa8188496e3e80,3396e0fb34d92af27dbd982bd5cea16fbeae7cc3b4d3bb64ee9f04ca959cdaf7,eb78143a1b9c18c92198ec81bb92c912e3219330c6e15c3b8beac6d2a6cc0cc4
dim8-xcov0p2-fold4-seed911,8,0.2,4,911,75,valid and complete,parun-v1-b609949bf4ae0a1517486b263a1a00e6d895df27376c0f9775fe7ac772e66fb3,33f8818ceb914df1d74d7428bf8e8113368e22a7fc678edcdeebdbb756e913ac,ebead9009ee83816f5ac1ad5ca37e0cb8e7950fa,9654a265840ef7d8b1fb47e67bbb76458965a62afd55c36c11a398c91dfc98a6,5db383771614a9018a72d57ba8dd45c8f89adb4cb665103133aa8188496e3e80,a382ed29bc8bd74178282183fcbb9d2a3f66665391a4be234acdb6f3eac995f6,6acf6c0707388b5254a70464d25d2a7986f98adff8089ea2d85596136ef93103
dim8-xcov0p2-fold4-seed912,8,0.2,4,912,75,valid and complete,parun-v1-997ee7508c410c47b3fb929d324aec9ed84c8b27687111a9235acd981505243a,a3955f25c4f35536f6d89a8f084cbef92d2523c1383a2ee20ae98df5d6505041,ebead9009ee83816f5ac1ad5ca37e0cb8e7950fa,9654a265840ef7d8b1fb47e67bbb76458965a62afd55c36c11a398c91dfc98a6,5db383771614a9018a72d57ba8dd45c8f89adb4cb665103133aa8188496e3e80,a382ed29bc8bd74178282183fcbb9d2a3f66665391a4be234acdb6f3eac995f6,7977eb2ed6639764823c063e8735c9fa703f2f3f8617fd7b6fbccd2612df7bc9
dim8-xcov0p2-fold4-seed913,8,0.2,4,913,75,valid and complete,parun-v1-4491aa0af66291776a5bc2a1e4246bac255ab3aeba7bf3c74063b8a85fe4bd10,25d4eb7901c803fe7648655a554c7e6b71e0e7f4fa4cb70b79e2d84927fc9106,ebead9009ee83816f5ac1ad5ca37e0cb8e7950fa,9654a265840ef7d8b1fb47e67bbb76458965a62afd55c36c11a398c91dfc98a6,5db383771614a9018a72d57ba8dd45c8f89adb4cb665103133aa8188496e3e80,a382ed29bc8bd74178282183fcbb9d2a3f66665391a4be234acdb6f3eac995f6,5724c813f9aa4839eeef8ab813c481c6c84936ff9e5378f71882e7e12444a99c
dim8-xcov0p2-fold4-seed914,8,0.2,4,914,75,valid and complete,parun-v1-303e2f99833e0ad37a27625aa8f466a6eb8dd22184f92b049ff861388ca6e228,bac1cff4d2f55fee81367e9a0588bc0f6235b76b89bd02b6398292ff8fd609e1,ebead9009ee83816f5ac1ad5ca37e0cb8e7950fa,9654a265840ef7d8b1fb47e67bbb76458965a62afd55c36c11a398c91dfc98a6,5db383771614a9018a72d57ba8dd45c8f89adb4cb665103133aa8188496e3e80,a382ed29bc8bd74178282183fcbb9d2a3f66665391a4be234acdb6f3eac995f6,af2713044289b4bbd93440be52ac3568d0b7a4e8368c4b4de8135d354555337e
dim8-xcov0p2-fold4-seed915,8,0.2,4,915,75,valid and complete,parun-v1-bdfd503d2c9192c32642151db1ac4516d9ad5fd6b62930e440e577afb5ed4eeb,71a70938c6c3e90a94dcb145948429083aaf82a5f039f7feafc31b6f79369bd8,ebead9009ee83816f5ac1ad5ca37e0cb8e7950fa,9654a265840ef7d8b1fb47e67bbb76458965a62afd55c36c11a398c91dfc98a6,5db383771614a9018a72d57ba8dd45c8f89adb4cb665103133aa8188496e3e80,a382ed29bc8bd74178282183fcbb9d2a3f66665391a4be234acdb6f3eac995f6,4a302cb0ad7d6b0713adcb835cee85cbc0eb1cae062a3aa7d7ef4e919c062b4e
