run_id,variant,fold,seed,attempt,status,config_hash,source_commit,runtime_seconds,peak_gpu_memory_bytes,cell_manifest_path,cell_manifest_size_bytes,cell_manifest_sha256,checkpoint_path,checkpoint_size_bytes,checkpoint_sha256,projected_features_path,projected_features_size_bytes,projected_features_sha256,metrics_path,metrics_size_bytes,metrics_sha256,slide_metrics_path,slide_metrics_size_bytes,slide_metrics_sha256,training_history_path,training_history_size_bytes,training_history_sha256
fold0-paired_reference-seed801-0df3cd4a26a0a548,paired_reference,0,801,1,valid,59ba04450adf738aa2983dc40ecb4ff09ffa495f13d43c56edde5ec57707a2e1,0adea50f1ef22865969109f1834a3c175e3f8b43,11.76990459999979,92233728,results/scorpion/pathoalign_capacity_matched_ablations_v1/cells/fold_0/paired_reference/seed_801/fold0-paired_reference-seed801-0df3cd4a26a0a548/cell_manifest.json,2927,65f3ec2da96c7c564d3f1cb7eff85e3126695a4ec5c8c499e3d4390c60f01ed3,results/scorpion/pathoalign_capacity_matched_ablations_v1/cells/fold_0/paired_reference/seed_801/fold0-paired_reference-seed801-0df3cd4a26a0a548/attempts/attempt_001/checkpoint.pt,4210786,0d403963ef623a8da5d8667b1fa759fb2ce6b3aaf6a09110897b13cab3e563a2,results/scorpion/pathoalign_capacity_matched_ablations_v1/cells/fold_0/paired_reference/seed_801/fold0-paired_reference-seed801-0df3cd4a26a0a548/attempts/attempt_001/projected_features.npz,2280251,26ba7ad3b6833c23567f3101213b5d1dd7146bcafdd023e15e7feb8234b999f6,results/scorpion/pathoalign_capacity_matched_ablations_v1/cells/fold_0/paired_reference/seed_801/fold0-paired_reference-seed801-0df3cd4a26a0a548/attempts/attempt_001/metrics.json,698,780e92b3f442b45806cf8180e6fcdc6843fad3ed0d5e294b20f4f90e720f58de,results/scorpion/pathoalign_capacity_matched_ablations_v1/cells/fold_0/paired_reference/seed_801/fold0-paired_reference-seed801-0df3cd4a26a0a548/attempts/attempt_001/slide_metrics.csv,1500,a8ddb5fac932121650faedc6148dce0089ec0796f94d560bd408ec384f3397fa,results/scorpion/pathoalign_capacity_matched_ablations_v1/cells/fold_0/paired_reference/seed_801/fold0-paired_reference-seed801-0df3cd4a26a0a548/attempts/attempt_001/training_history.csv,510,5406508122c7f25ff62138aee14005772446722d5f147f5f51e4eb1750638032
fold0-two_branch_no_scanner_objectives-seed801-436f934219638848,two_branch_no_scanner_objectives,0,801,1,valid,59ba04450adf738aa2983dc40ecb4ff09ffa495f13d43c56edde5ec57707a2e1,0adea50f1ef22865969109f1834a3c175e3f8b43,21.21038740000222,101677056,results/scorpion/pathoalign_capacity_matched_ablations_v1/cells/fold_0/two_branch_no_scanner_objectives/seed_801/fold0-two_branch_no_scanner_objectives-seed801-436f934219638848/cell_manifest.json,2960,3d1ceefae32b402077c0d41c27d1f76cdc505101f0fb76cd43e16901078be028,results/scorpion/pathoalign_capacity_matched_ablations_v1/cells/fold_0/two_branch_no_scanner_objectives/seed_801/fold0-two_branch_no_scanner_objectives-seed801-436f934219638848/attempts/attempt_001/checkpoint.pt,6208098,c54c79e348625942367bf4763d5ca1ff299b092242dba92e3a0025bcc86b9ece,results/scorpion/pathoalign_capacity_matched_ablations_v1/cells/fold_0/two_branch_no_scanner_objectives/seed_801/fold0-two_branch_no_scanner_objectives-seed801-436f934219638848/attempts/attempt_001/projected_features.npz,2850717,5238e13a0841598d0f5c44b71f8752b813d1991af6172d92e725715ee5623159,results/scorpion/pathoalign_capacity_matched_ablations_v1/cells/fold_0/two_branch_no_scanner_objectives/seed_801/fold0-two_branch_no_scanner_objectives-seed801-436f934219638848/attempts/attempt_001/metrics.json,761,95b2f4d46250e9ff6c7dfec1bbe6f8d309f8614266cf406aa5be5c04ba41133d,results/scorpion/pathoalign_capacity_matched_ablations_v1/cells/fold_0/two_branch_no_scanner_objectives/seed_801/fold0-two_branch_no_scanner_objectives-seed801-436f934219638848/attempts/attempt_001/slide_metrics.csv,1856,caa2b842754d6f9c3c6d66e6769f72f6f85af391402287c5e62ac1c025018355,results/scorpion/pathoalign_capacity_matched_ablations_v1/cells/fold_0/two_branch_no_scanner_objectives/seed_801/fold0-two_branch_no_scanner_objectives-seed801-436f934219638848/attempts/attempt_001/training_history.csv,991,055a9afcf7706e910028d385e632f15e7d942e751d1e40973e0bd08d7c3ee79b
fold0-pathoalign_dep20-seed801-1ceda8f5a7100fc2,pathoalign_dep20,0,801,1,valid,59ba04450adf738aa2983dc40ecb4ff09ffa495f13d43c56edde5ec57707a2e1,0adea50f1ef22865969109f1834a3c175e3f8b43,20.00656909999816,101677056,results/scorpion/pathoalign_capacity_matched_ablations_v1/cells/fold_0/pathoalign_dep20/seed_801/fold0-pathoalign_dep20-seed801-1ceda8f5a7100fc2/cell_manifest.json,2928,f4b4bf134f77817b1ab31e226080e7b13a8eff533a658a5794b4dabf81f49326,results/scorpion/pathoalign_capacity_matched_ablations_v1/cells/fold_0/pathoalign_dep20/seed_801/fold0-pathoalign_dep20-seed801-1ceda8f5a7100fc2/attempts/attempt_001/checkpoint.pt,6208098,c4fc76e1b92fa0de4ae27fbcf8e88a96914d7684d28a500827bbc16207233f97,results/scorpion/pathoalign_capacity_matched_ablations_v1/cells/fold_0/pathoalign_dep20/seed_801/fold0-pathoalign_dep20-seed801-1ceda8f5a7100fc2/attempts/attempt_001/projected_features.npz,2848707,febe609d3eebc637a1b9a2a81402c850cd22734dcc109dbc7cba319fe45ab2ad,results/scorpion/pathoalign_capacity_matched_ablations_v1/cells/fold_0/pathoalign_dep20/seed_801/fold0-pathoalign_dep20-seed801-1ceda8f5a7100fc2/attempts/attempt_001/metrics.json,740,905f1b7f0fcd38421e53314d909f704f476b4e3578fb6ed7706db0f1a7233161,results/scorpion/pathoalign_capacity_matched_ablations_v1/cells/fold_0/pathoalign_dep20/seed_801/fold0-pathoalign_dep20-seed801-1ceda8f5a7100fc2/attempts/attempt_001/slide_metrics.csv,1541,c19bd0865b4cbc5e02eb681aa7493366632cf8e3e7a475b48b98f4447aeea9fc,results/scorpion/pathoalign_capacity_matched_ablations_v1/cells/fold_0/pathoalign_dep20/seed_801/fold0-pathoalign_dep20-seed801-1ceda8f5a7100fc2/attempts/attempt_001/training_history.csv,984,3588b012cff3c14d3c35d53123ad28833d2a1dbf22e64fcf3bc7138b3f9eeceb
fold0-no_adversary-seed801-31ee5d51a9cd82f6,no_adversary,0,801,1,valid,59ba04450adf738aa2983dc40ecb4ff09ffa495f13d43c56edde5ec57707a2e1,0adea50f1ef22865969109f1834a3c175e3f8b43,20.241427299999486,101677056,results/scorpion/pathoalign_capacity_matched_ablations_v1/cells/fold_0/no_adversary/seed_801/fold0-no_adversary-seed801-31ee5d51a9cd82f6/cell_manifest.json,2921,2a1793c9df944b1247c9ecbebc84d44d1c187ae1aa523416ca5d79575499b4c5,results/scorpion/pathoalign_capacity_matched_ablations_v1/cells/fold_0/no_adversary/seed_801/fold0-no_adversary-seed801-31ee5d51a9cd82f6/attempts/attempt_001/checkpoint.pt,6208098,2f57df63da297307fba1ec576ac168848e2bcaccde4b3655cedec4a05d0bec7f,results/scorpion/pathoalign_capacity_matched_ablations_v1/cells/fold_0/no_adversary/seed_801/fold0-no_adversary-seed801-31ee5d51a9cd82f6/attempts/attempt_001/projected_features.npz,2847709,b989244a9a8b402f3258fc99305181cd23fdcb4cfa371f8fa90553a90cf024db,results/scorpion/pathoalign_capacity_matched_ablations_v1/cells/fold_0/no_adversary/seed_801/fold0-no_adversary-seed801-31ee5d51a9cd82f6/attempts/attempt_001/metrics.json,721,21232d78682721223de789baba478394fcfac912bd0924e7d8d88b1b2d00d927,results/scorpion/pathoalign_capacity_matched_ablations_v1/cells/fold_0/no_adversary/seed_801/fold0-no_adversary-seed801-31ee5d51a9cd82f6/attempts/attempt_001/slide_metrics.csv,1461,2960f3d1e23eff87bba292ffa2da08de503a05bab10470729d3d3e0590b3ee7b,results/scorpion/pathoalign_capacity_matched_ablations_v1/cells/fold_0/no_adversary/seed_801/fold0-no_adversary-seed801-31ee5d51a9cd82f6/attempts/attempt_001/training_history.csv,992,3d53378faaba02006f51415c56392a758633cfc3cc8381e957fc4cef7f89836c
fold0-no_acquisition_classifier-seed801-84d95fa4bd1c72eb,no_acquisition_classifier,0,801,1,valid,59ba04450adf738aa2983dc40ecb4ff09ffa495f13d43c56edde5ec57707a2e1,0adea50f1ef22865969109f1834a3c175e3f8b43,19.81614880000052,101677056,results/scorpion/pathoalign_capacity_matched_ablations_v1/cells/fold_0/no_acquisition_classifier/seed_801/fold0-no_acquisition_classifier-seed801-84d95fa4bd1c72eb/cell_manifest.json,2947,9d7dcd2d2863e8e5b0d9d7a8a7e66054ed1ad6a97d8a6fb25b6b7ba9a8cbc9c5,results/scorpion/pathoalign_capacity_matched_ablations_v1/cells/fold_0/no_acquisition_classifier/seed_801/fold0-no_acquisition_classifier-seed801-84d95fa4bd1c72eb/attempts/attempt_001/checkpoint.pt,6208098,ebd489ed6a0e0890f7243d925426a163bebda27110c44c172732e778ae5cefd1,results/scorpion/pathoalign_capacity_matched_ablations_v1/cells/fold_0/no_acquisition_classifier/seed_801/fold0-no_acquisition_classifier-seed801-84d95fa4bd1c72eb/attempts/attempt_001/projected_features.npz,2851010,d8abb581a20f93cb9160b2b4037384b56585d413465456f503c483b9da067633,results/scorpion/pathoalign_capacity_matched_ablations_v1/cells/fold_0/no_acquisition_classifier/seed_801/fold0-no_acquisition_classifier-seed801-84d95fa4bd1c72eb/attempts/attempt_001/metrics.json,758,5002366d48bc36d59272a69fe0b37991d96fa27a90e2f9ccc892f0b90fff9aa4,results/scorpion/pathoalign_capacity_matched_ablations_v1/cells/fold_0/no_acquisition_classifier/seed_801/fold0-no_acquisition_classifier-seed801-84d95fa4bd1c72eb/attempts/attempt_001/slide_metrics.csv,1716,5baf5b1776b5a9690c1e4f580204f94542f9921044e44d74509387e0fea33751,results/scorpion/pathoalign_capacity_matched_ablations_v1/cells/fold_0/no_acquisition_classifier/seed_801/fold0-no_acquisition_classifier-seed801-84d95fa4bd1c72eb/attempts/attempt_001/training_history.csv,1034,65609b997dd45a9356ca4def3af7cc1b291cf5127efac7b3a91c695bc1fc5b1e
fold0-no_scanner_dependence-seed801-df7fa3ef52544895,no_scanner_dependence,0,801,1,valid,59ba04450adf738aa2983dc40ecb4ff09ffa495f13d43c56edde5ec57707a2e1,0adea50f1ef22865969109f1834a3c175e3f8b43,19.64897850000125,101677056,results/scorpion/pathoalign_capacity_matched_ablations_v1/cells/fold_0/no_scanner_dependence/seed_801/fold0-no_scanner_dependence-seed801-df7fa3ef52544895/cell_manifest.json,2938,23f85b12e9ff101e45957c7aedeaf590c5705ea5fc3fc12a4d9d88ca3ea9fff8,results/scorpion/pathoalign_capacity_matched_ablations_v1/cells/fold_0/no_scanner_dependence/seed_801/fold0-no_scanner_dependence-seed801-df7fa3ef52544895/attempts/attempt_001/checkpoint.pt,6208098,88d8b9833027eee9e819d286c3aeb706b5630c7e70fb4803dfb7582feb3c514f,results/scorpion/pathoalign_capacity_matched_ablations_v1/cells/fold_0/no_scanner_dependence/seed_801/fold0-no_scanner_dependence-seed801-df7fa3ef52544895/attempts/attempt_001/projected_features.npz,2851123,249c23aab20c820f1665566a7ca28e6dc26d14b709ebc6c19576615cebad22e9,results/scorpion/pathoalign_capacity_matched_ablations_v1/cells/fold_0/no_scanner_dependence/seed_801/fold0-no_scanner_dependence-seed801-df7fa3ef52544895/attempts/attempt_001/metrics.json,763,b8113893e3cbf005a24b693d977a2096aae02298a04f3d4e2b3ad90db1fda59c,results/scorpion/pathoalign_capacity_matched_ablations_v1/cells/fold_0/no_scanner_dependence/seed_801/fold0-no_scanner_dependence-seed801-df7fa3ef52544895/attempts/attempt_001/slide_metrics.csv,1639,081c426ee3581b065801dc1f26ab80f3b30b154217f5f0a325a6d113875350e6,results/scorpion/pathoalign_capacity_matched_ablations_v1/cells/fold_0/no_scanner_dependence/seed_801/fold0-no_scanner_dependence-seed801-df7fa3ef52544895/attempts/attempt_001/training_history.csv,1006,af046600c8280dde3bf75b64c36c8ad4917c9bf2cdb8b19b0e5b62e749095a25
fold0-no_cross_covariance-seed801-e4a49e1e3581ce94,no_cross_covariance,0,801,1,valid,59ba04450adf738aa2983dc40ecb4ff09ffa495f13d43c56edde5ec57707a2e1,0adea50f1ef22865969109f1834a3c175e3f8b43,19.297518799998215,101677056,results/scorpion/pathoalign_capacity_matched_ablations_v1/cells/fold_0/no_cross_covariance/seed_801/fold0-no_cross_covariance-seed801-e4a49e1e3581ce94/cell_manifest.json,2935,1e3609b832a1ffc2eb4fcd55d0b5750f26af2deff9ef1bdd105ca63cb071db66,results/scorpion/pathoalign_capacity_matched_ablations_v1/cells/fold_0/no_cross_covariance/seed_801/fold0-no_cross_covariance-seed801-e4a49e1e3581ce94/attempts/attempt_001/checkpoint.pt,6208098,f624cf10281c01466f7526c390d3bf6a46fb1f2367b6d51a7b7c1fef9dd263ee,results/scorpion/pathoalign_capacity_matched_ablations_v1/cells/fold_0/no_cross_covariance/seed_801/fold0-no_cross_covariance-seed801-e4a49e1e3581ce94/attempts/attempt_001/projected_features.npz,2848283,6212451f2f5d4e02fd9cba55701125aeb2cafc3fee11b912cff68d2041dca2e1,results/scorpion/pathoalign_capacity_matched_ablations_v1/cells/fold_0/no_cross_covariance/seed_801/fold0-no_cross_covariance-seed801-e4a49e1e3581ce94/attempts/attempt_001/metrics.json,736,cb658f9dc4a932efd01e9618ee96d83bec39524924ad28ba9860d1dbfa9793ca,results/scorpion/pathoalign_capacity_matched_ablations_v1/cells/fold_0/no_cross_covariance/seed_801/fold0-no_cross_covariance-seed801-e4a49e1e3581ce94/attempts/attempt_001/slide_metrics.csv,1599,9249ee3366dd5ecd52374002ba3be364c615978df7c7e6b4210d13cc48bb4d4a,results/scorpion/pathoalign_capacity_matched_ablations_v1/cells/fold_0/no_cross_covariance/seed_801/fold0-no_cross_covariance-seed801-e4a49e1e3581ce94/attempts/attempt_001/training_history.csv,990,7c1a873a1c8f6c4214d337fa9200287d13763f1968ec9ef08aa31a078a45e3d4
fold0-paired_reference-seed802-445b74b2b6ea0fab,paired_reference,0,802,1,valid,59ba04450adf738aa2983dc40ecb4ff09ffa495f13d43c56edde5ec57707a2e1,0adea50f1ef22865969109f1834a3c175e3f8b43,10.683700400000816,92233728,results/scorpion/pathoalign_capacity_matched_ablations_v1/cells/fold_0/paired_reference/seed_802/fold0-paired_reference-seed802-445b74b2b6ea0fab/cell_manifest.json,2928,8e7a425ef1a11b4816ff982c6fb579941b423ccb7ef0d5652f6e980539fc2d63,results/scorpion/pathoalign_capacity_matched_ablations_v1/cells/fold_0/paired_reference/seed_802/fold0-paired_reference-seed802-445b74b2b6ea0fab/attempts/attempt_001/checkpoint.pt,4210786,03ebd066caf0c0ef771d9853598607b40284fe7a12bbe75f596bd2708f729371,results/scorpion/pathoalign_capacity_matched_ablations_v1/cells/fold_0/paired_reference/seed_802/fold0-paired_reference-seed802-445b74b2b6ea0fab/attempts/attempt_001/projected_features.npz,2280361,803097ec5479a1c4e5fa4ef6b04080aabd74cb274a12f25063ee2db4b484eec6,results/scorpion/pathoalign_capacity_matched_ablations_v1/cells/fold_0/paired_reference/seed_802/fold0-paired_reference-seed802-445b74b2b6ea0fab/attempts/attempt_001/metrics.json,712,683e50e45bce249b44a8d1f30b8c43ef02b30b87b6974ee3d6a6c41b53004af5,results/scorpion/pathoalign_capacity_matched_ablations_v1/cells/fold_0/paired_reference/seed_802/fold0-paired_reference-seed802-445b74b2b6ea0fab/attempts/attempt_001/slide_metrics.csv,1500,f45917978390fc81ac22f13a7fd063394b8d0cffe71221d9f149a8f6d32d2bdb,results/scorpion/pathoalign_capacity_matched_ablations_v1/cells/fold_0/paired_reference/seed_802/fold0-paired_reference-seed802-445b74b2b6ea0fab/attempts/attempt_001/training_history.csv,511,cbd82c86063b6118b947dad15928904a7cf4cf5c8d21a130fae0b3cb585294a6
fold0-two_branch_no_scanner_objectives-seed802-9809a268b99ce69e,two_branch_no_scanner_objectives,0,802,1,valid,59ba04450adf738aa2983dc40ecb4ff09ffa495f13d43c56edde5ec57707a2e1,0adea50f1ef22865969109f1834a3c175e3f8b43,21.146106999996846,101677056,results/scorpion/pathoalign_capacity_matched_ablations_v1/cells/fold_0/two_branch_no_scanner_objectives/seed_802/fold0-two_branch_no_scanner_objectives-seed802-9809a268b99ce69e/cell_manifest.json,2960,195524d5298cef3631e1c9ddd377c6bc92a785300a22e46ded597ef5650b8d3c,results/scorpion/pathoalign_capacity_matched_ablations_v1/cells/fold_0/two_branch_no_scanner_objectives/seed_802/fold0-two_branch_no_scanner_objectives-seed802-9809a268b99ce69e/attempts/attempt_001/checkpoint.pt,6208098,5ee5c20758cafa0abbc94a1779ffad668b796e734cc4f8bb0f46faef72fb4f29,results/scorpion/pathoalign_capacity_matched_ablations_v1/cells/fold_0/two_branch_no_scanner_objectives/seed_802/fold0-two_branch_no_scanner_objectives-seed802-9809a268b99ce69e/attempts/attempt_001/projected_features.npz,2850664,8dd29783cc2309c015db056a7732a5e1bf34d3b0360aef3ca6074e88b1227052,results/scorpion/pathoalign_capacity_matched_ablations_v1/cells/fold_0/two_branch_no_scanner_objectives/seed_802/fold0-two_branch_no_scanner_objectives-seed802-9809a268b99ce69e/attempts/attempt_001/metrics.json,773,09e980a0e8167084720926023a49790de63cc4ac9cdb8614010ae5e3b7ce6e27,results/scorpion/pathoalign_capacity_matched_ablations_v1/cells/fold_0/two_branch_no_scanner_objectives/seed_802/fold0-two_branch_no_scanner_objectives-seed802-9809a268b99ce69e/attempts/attempt_001/slide_metrics.csv,1858,8fbdf942ad4116df2810baa2152f7ee573feaf194ffa252ca2d614c7ffcd7b49,results/scorpion/pathoalign_capacity_matched_ablations_v1/cells/fold_0/two_branch_no_scanner_objectives/seed_802/fold0-two_branch_no_scanner_objectives-seed802-9809a268b99ce69e/attempts/attempt_001/training_history.csv,971,8c684b83d7fac95fbc20250c134173ae5f850df70cd6405410a74e6ad38a9c3f
fold0-pathoalign_dep20-seed802-3bb821dc3eb31139,pathoalign_dep20,0,802,1,valid,59ba04450adf738aa2983dc40ecb4ff09ffa495f13d43c56edde5ec57707a2e1,0adea50f1ef22865969109f1834a3c175e3f8b43,19.84406029999809,101677056,results/scorpion/pathoalign_capacity_matched_ablations_v1/cells/fold_0/pathoalign_dep20/seed_802/fold0-pathoalign_dep20-seed802-3bb821dc3eb31139/cell_manifest.json,2927,0252737f39c405be05eb08fae286d76d334c5696e0a75113a8b9c62696d8efbd,results/scorpion/pathoalign_capacity_matched_ablations_v1/cells/fold_0/pathoalign_dep20/seed_802/fold0-pathoalign_dep20-seed802-3bb821dc3eb31139/attempts/attempt_001/checkpoint.pt,6208098,58d36272b6d0dfe79a2fb690de965a41bc05e6553c9d9bd5c05287d88e522959,results/scorpion/pathoalign_capacity_matched_ablations_v1/cells/fold_0/pathoalign_dep20/seed_802/fold0-pathoalign_dep20-seed802-3bb821dc3eb31139/attempts/attempt_001/projected_features.npz,2849081,8ce12368c30351c2ed63d7ee42c76e4c12c5d2db3c6a866adb09445a4697da90,results/scorpion/pathoalign_capacity_matched_ablations_v1/cells/fold_0/pathoalign_dep20/seed_802/fold0-pathoalign_dep20-seed802-3bb821dc3eb31139/attempts/attempt_001/metrics.json,740,8b08f947f39ebf1b3f1d477af57aac9def9fd26a12b23c21fa3de20a8a57d51a,results/scorpion/pathoalign_capacity_matched_ablations_v1/cells/fold_0/pathoalign_dep20/seed_802/fold0-pathoalign_dep20-seed802-3bb821dc3eb31139/attempts/attempt_001/slide_metrics.csv,1541,6c12540402b40989161f28ce6f11b0d7ab851feb3b2bca18bf676808a6c745fb,results/scorpion/pathoalign_capacity_matched_ablations_v1/cells/fold_0/pathoalign_dep20/seed_802/fold0-pathoalign_dep20-seed802-3bb821dc3eb31139/attempts/attempt_001/training_history.csv,987,5065caa55bc98cb94130dea4d74e50311b54dd7d75b9994d00964ee148d9cd88
fold0-no_adversary-seed802-9a241deb41f96f51,no_adversary,0,802,1,valid,59ba04450adf738aa2983dc40ecb4ff09ffa495f13d43c56edde5ec57707a2e1,0adea50f1ef22865969109f1834a3c175e3f8b43,19.889603800002078,101677056,results/scorpion/pathoalign_capacity_matched_ablations_v1/cells/fold_0/no_adversary/seed_802/fold0-no_adversary-seed802-9a241deb41f96f51/cell_manifest.json,2920,3da265275c12caad54c491cbce8dc624152b24dc13165496d8ba7b26dbb2278f,results/scorpion/pathoalign_capacity_matched_ablations_v1/cells/fold_0/no_adversary/seed_802/fold0-no_adversary-seed802-9a241deb41f96f51/attempts/attempt_001/checkpoint.pt,6208098,5e9e4c6e8ae838d86c9fe9d9dd13fa01b19283649679ad2d2d4352c9c9696b50,results/scorpion/pathoalign_capacity_matched_ablations_v1/cells/fold_0/no_adversary/seed_802/fold0-no_adversary-seed802-9a241deb41f96f51/attempts/attempt_001/projected_features.npz,2847686,5a476e361c3d95ffb514eb1a579cd56bb2efd2c325294394d3f3e80059bd7100,results/scorpion/pathoalign_capacity_matched_ablations_v1/cells/fold_0/no_adversary/seed_802/fold0-no_adversary-seed802-9a241deb41f96f51/attempts/attempt_001/metrics.json,750,fdd654190bfc51911bec13f82a99707b1ae7965ed2ff07fa3b0a961c4162fdeb,results/scorpion/pathoalign_capacity_matched_ablations_v1/cells/fold_0/no_adversary/seed_802/fold0-no_adversary-seed802-9a241deb41f96f51/attempts/attempt_001/slide_metrics.csv,1459,ffbb5f3fe24d0fa7b045dfe3e38958152c3a77d4a60251b4d6338bdf7200690e,results/scorpion/pathoalign_capacity_matched_ablations_v1/cells/fold_0/no_adversary/seed_802/fold0-no_adversary-seed802-9a241deb41f96f51/attempts/attempt_001/training_history.csv,987,1296f41904e73e057c20036f26cb468a3f269a1334cd7e4d50d1302067399715
fold0-no_acquisition_classifier-seed802-7fc8d21cc142e6db,no_acquisition_classifier,0,802,1,valid,59ba04450adf738aa2983dc40ecb4ff09ffa495f13d43c56edde5ec57707a2e1,0adea50f1ef22865969109f1834a3c175e3f8b43,20.25492469999881,101677056,results/scorpion/pathoalign_capacity_matched_ablations_v1/cells/fold_0/no_acquisition_classifier/seed_802/fold0-no_acquisition_classifier-seed802-7fc8d21cc142e6db/cell_manifest.json,2946,fc4090c70ee453cacb574cb5f1ea98a42d40fa57a4291602a22a560c9fe5a9f7,results/scorpion/pathoalign_capacity_matched_ablations_v1/cells/fold_0/no_acquisition_classifier/seed_802/fold0-no_acquisition_classifier-seed802-7fc8d21cc142e6db/attempts/attempt_001/checkpoint.pt,6208098,672ace9f4c29435bea5b3ede8dcb23acd43b9fee9df8042fae569c9c12bc9363,results/scorpion/pathoalign_capacity_matched_ablations_v1/cells/fold_0/no_acquisition_classifier/seed_802/fold0-no_acquisition_classifier-seed802-7fc8d21cc142e6db/attempts/attempt_001/projected_features.npz,2850378,1430032dc90f62c179af9a8db8c4229027fa288a20ed0c4f904dc615c83e6569,results/scorpion/pathoalign_capacity_matched_ablations_v1/cells/fold_0/no_acquisition_classifier/seed_802/fold0-no_acquisition_classifier-seed802-7fc8d21cc142e6db/attempts/attempt_001/metrics.json,759,21c9bc38a1012bb3235249fb8ed4d2519dcec8fa8c939837e4103484408a59c6,results/scorpion/pathoalign_capacity_matched_ablations_v1/cells/fold_0/no_acquisition_classifier/seed_802/fold0-no_acquisition_classifier-seed802-7fc8d21cc142e6db/attempts/attempt_001/slide_metrics.csv,1716,fb7aa6d3fdbadd371151d036f36e7c33fd69c8af4dd3f2652fa34570818ba198,results/scorpion/pathoalign_capacity_matched_ablations_v1/cells/fold_0/no_acquisition_classifier/seed_802/fold0-no_acquisition_classifier-seed802-7fc8d21cc142e6db/attempts/attempt_001/training_history.csv,1028,d2bc12a4dba490f8afde7bf88f8c8e490488f0c5973219b1ea43545967760539
fold0-no_scanner_dependence-seed802-c68856fe7154350a,no_scanner_dependence,0,802,1,valid,59ba04450adf738aa2983dc40ecb4ff09ffa495f13d43c56edde5ec57707a2e1,0adea50f1ef22865969109f1834a3c175e3f8b43,20.05698260000281,101677056,results/scorpion/pathoalign_capacity_matched_ablations_v1/cells/fold_0/no_scanner_dependence/seed_802/fold0-no_scanner_dependence-seed802-c68856fe7154350a/cell_manifest.json,2937,8658bcbfa264c84aeea03e619a09019f9e3cf5b28d1e9582b1c9e4d7727f86c4,results/scorpion/pathoalign_capacity_matched_ablations_v1/cells/fold_0/no_scanner_dependence/seed_802/fold0-no_scanner_dependence-seed802-c68856fe7154350a/attempts/attempt_001/checkpoint.pt,6208098,83772fa6c5b441a8b51225911099e9eaa27859e1bf9236e8584ce3767d0f6567,results/scorpion/pathoalign_capacity_matched_ablations_v1/cells/fold_0/no_scanner_dependence/seed_802/fold0-no_scanner_dependence-seed802-c68856fe7154350a/attempts/attempt_001/projected_features.npz,2851138,b8c5105c50d21b04f0538ac9c5f00d51beb9872b0c2ced121a606e372990b0a6,results/scorpion/pathoalign_capacity_matched_ablations_v1/cells/fold_0/no_scanner_dependence/seed_802/fold0-no_scanner_dependence-seed802-c68856fe7154350a/attempts/attempt_001/metrics.json,778,b70d110a44826adc05f116974ed087b8a23e33e10b3ad033cda3a22fee93c934,results/scorpion/pathoalign_capacity_matched_ablations_v1/cells/fold_0/no_scanner_dependence/seed_802/fold0-no_scanner_dependence-seed802-c68856fe7154350a/attempts/attempt_001/slide_metrics.csv,1638,554c679e00ef4dbbfcb255b8cfa214abe887758fa7dec977dd6efbbbe4a58432,results/scorpion/pathoalign_capacity_matched_ablations_v1/cells/fold_0/no_scanner_dependence/seed_802/fold0-no_scanner_dependence-seed802-c68856fe7154350a/attempts/attempt_001/training_history.csv,988,f2edb6f0d1ec76dbf0b693584947f9e5ace6799ce86f3f2d1809f80c0c233b45
fold0-no_cross_covariance-seed802-04856c93d781778d,no_cross_covariance,0,802,1,valid,59ba04450adf738aa2983dc40ecb4ff09ffa495f13d43c56edde5ec57707a2e1,0adea50f1ef22865969109f1834a3c175e3f8b43,20.091339999999036,101677056,results/scorpion/pathoalign_capacity_matched_ablations_v1/cells/fold_0/no_cross_covariance/seed_802/fold0-no_cross_covariance-seed802-04856c93d781778d/cell_manifest.json,2933,9b637b6acd3a3905461490da2fcdd7041b1303152dbbe2c93833cae19b5875f3,results/scorpion/pathoalign_capacity_matched_ablations_v1/cells/fold_0/no_cross_covariance/seed_802/fold0-no_cross_covariance-seed802-04856c93d781778d/attempts/attempt_001/checkpoint.pt,6208098,8d6839603c4acb722566ce138bc3c4af7a1dd8626f5632f19d760ee740fffd97,results/scorpion/pathoalign_capacity_matched_ablations_v1/cells/fold_0/no_cross_covariance/seed_802/fold0-no_cross_covariance-seed802-04856c93d781778d/attempts/attempt_001/projected_features.npz,2848245,6bc58781814f5c1e8c65b573ff66a01cbf39e4b3676be19ff2e4a7a360aaa37a,results/scorpion/pathoalign_capacity_matched_ablations_v1/cells/fold_0/no_cross_covariance/seed_802/fold0-no_cross_covariance-seed802-04856c93d781778d/attempts/attempt_001/metrics.json,776,aff7f7e739ef1f640fc738ef0532aaea8b1c8a3d65b7c7502d524b4162b8bfa2,results/scorpion/pathoalign_capacity_matched_ablations_v1/cells/fold_0/no_cross_covariance/seed_802/fold0-no_cross_covariance-seed802-04856c93d781778d/attempts/attempt_001/slide_metrics.csv,1593,d2bb490d691b4415d01b4667e5a1e4cb2324eda1cc400d13cace25290054afe1,results/scorpion/pathoalign_capacity_matched_ablations_v1/cells/fold_0/no_cross_covariance/seed_802/fold0-no_cross_covariance-seed802-04856c93d781778d/attempts/attempt_001/training_history.csv,986,518d1f0f95f69ab761030a937c001627ed20afa7678b69a1bf97bee8a62a8a98
fold0-paired_reference-seed803-7591c26ec85e4d59,paired_reference,0,803,1,valid,59ba04450adf738aa2983dc40ecb4ff09ffa495f13d43c56edde5ec57707a2e1,0adea50f1ef22865969109f1834a3c175e3f8b43,10.178736800000479,92233728,results/scorpion/pathoalign_capacity_matched_ablations_v1/cells/fold_0/paired_reference/seed_803/fold0-paired_reference-seed803-7591c26ec85e4d59/cell_manifest.json,2928,22cbd1e03651a2e12f83c71cc6dc50394057e30b5ce5bcd746dd05791310d8e9,results/scorpion/pathoalign_capacity_matched_ablations_v1/cells/fold_0/paired_reference/seed_803/fold0-paired_reference-seed803-7591c26ec85e4d59/attempts/attempt_001/checkpoint.pt,4210786,755ce9949768661301ef47ddd44213f5b36da81a988c75651f545d1a52a93dea,results/scorpion/pathoalign_capacity_matched_ablations_v1/cells/fold_0/paired_reference/seed_803/fold0-paired_reference-seed803-7591c26ec85e4d59/attempts/attempt_001/projected_features.npz,2280154,09b5b87b8636e9520d6fd338b540545a8c1b999f9bd5043e423454c58d38cb5a,results/scorpion/pathoalign_capacity_matched_ablations_v1/cells/fold_0/paired_reference/seed_803/fold0-paired_reference-seed803-7591c26ec85e4d59/attempts/attempt_001/metrics.json,699,29611ed0258590a884abf47452b57c4809980b3976b137a7f73a71b248b6ee8b,results/scorpion/pathoalign_capacity_matched_ablations_v1/cells/fold_0/paired_reference/seed_803/fold0-paired_reference-seed803-7591c26ec85e4d59/attempts/attempt_001/slide_metrics.csv,1498,7cd667ae4dcf3e6ee7f6c23a737e24396b662bf5d885a1a95a0b556917a4e057,results/scorpion/pathoalign_capacity_matched_ablations_v1/cells/fold_0/paired_reference/seed_803/fold0-paired_reference-seed803-7591c26ec85e4d59/attempts/attempt_001/training_history.csv,508,2694873993626282cd781bac27c335efaef01a96021a02d2d56cd1923ff0dece
fold0-two_branch_no_scanner_objectives-seed803-025a4ad5b7d2809e,two_branch_no_scanner_objectives,0,803,1,valid,59ba04450adf738aa2983dc40ecb4ff09ffa495f13d43c56edde5ec57707a2e1,0adea50f1ef22865969109f1834a3c175e3f8b43,20.740554700001667,101677056,results/scorpion/pathoalign_capacity_matched_ablations_v1/cells/fold_0/two_branch_no_scanner_objectives/seed_803/fold0-two_branch_no_scanner_objectives-seed803-025a4ad5b7d2809e/cell_manifest.json,2961,4699ae69646ceb20d942d1ff1a19680c45660b4e8f39f9240e7d92ccf13fbb9b,results/scorpion/pathoalign_capacity_matched_ablations_v1/cells/fold_0/two_branch_no_scanner_objectives/seed_803/fold0-two_branch_no_scanner_objectives-seed803-025a4ad5b7d2809e/attempts/attempt_001/checkpoint.pt,6208098,a82d041de15fa02e5943153e93caf5781ebf083e73aabf623b2f69494114af9a,results/scorpion/pathoalign_capacity_matched_ablations_v1/cells/fold_0/two_branch_no_scanner_objectives/seed_803/fold0-two_branch_no_scanner_objectives-seed803-025a4ad5b7d2809e/attempts/attempt_001/projected_features.npz,2850779,1af89d170b3631222538cf361bffd508b85fb7548cd8ade8b98b03fdc4d528d1,results/scorpion/pathoalign_capacity_matched_ablations_v1/cells/fold_0/two_branch_no_scanner_objectives/seed_803/fold0-two_branch_no_scanner_objectives-seed803-025a4ad5b7d2809e/attempts/attempt_001/metrics.json,774,b75af7a163db07b3667cc94b2c2acae007d5d726888a3ad09deb7ee72f4cff58,results/scorpion/pathoalign_capacity_matched_ablations_v1/cells/fold_0/two_branch_no_scanner_objectives/seed_803/fold0-two_branch_no_scanner_objectives-seed803-025a4ad5b7d2809e/attempts/attempt_001/slide_metrics.csv,1862,aa5059af390b2beaee7d34df1da54bbc3903da87153f50ffbef90e7d8a495f09,results/scorpion/pathoalign_capacity_matched_ablations_v1/cells/fold_0/two_branch_no_scanner_objectives/seed_803/fold0-two_branch_no_scanner_objectives-seed803-025a4ad5b7d2809e/attempts/attempt_001/training_history.csv,994,6012a6f1a8da000ee7f42240f9d56de1332a42da3cf61a3d3de91452f6641d42
fold0-pathoalign_dep20-seed803-a297742f2bcf32b1,pathoalign_dep20,0,803,1,valid,59ba04450adf738aa2983dc40ecb4ff09ffa495f13d43c56edde5ec57707a2e1,0adea50f1ef22865969109f1834a3c175e3f8b43,20.347496899998077,101677056,results/scorpion/pathoalign_capacity_matched_ablations_v1/cells/fold_0/pathoalign_dep20/seed_803/fold0-pathoalign_dep20-seed803-a297742f2bcf32b1/cell_manifest.json,2929,4cd6093b2dcdcfab8e585bb6e715c07d4a62cb516b48e8dc31c0ae49776441bd,results/scorpion/pathoalign_capacity_matched_ablations_v1/cells/fold_0/pathoalign_dep20/seed_803/fold0-pathoalign_dep20-seed803-a297742f2bcf32b1/attempts/attempt_001/checkpoint.pt,6208098,c1648672231292711c5e1f03fdd7500ae0bd19cd7f6b1ae2b58da34b3791fc00,results/scorpion/pathoalign_capacity_matched_ablations_v1/cells/fold_0/pathoalign_dep20/seed_803/fold0-pathoalign_dep20-seed803-a297742f2bcf32b1/attempts/attempt_001/projected_features.npz,2848882,b01687af5eaacb10ee78f1da996a89a0e6a3f8ba1d538f5127aab45cc96a0ed9,results/scorpion/pathoalign_capacity_matched_ablations_v1/cells/fold_0/pathoalign_dep20/seed_803/fold0-pathoalign_dep20-seed803-a297742f2bcf32b1/attempts/attempt_001/metrics.json,740,67176ce4ed1a7b9261117eed802a512189a8379bcc4ce35d56aba8091ed63560,results/scorpion/pathoalign_capacity_matched_ablations_v1/cells/fold_0/pathoalign_dep20/seed_803/fold0-pathoalign_dep20-seed803-a297742f2bcf32b1/attempts/attempt_001/slide_metrics.csv,1543,0f7dd61a21b7f1c57f92520b5a4eb43c58927a40e2bd30b27963b273e295def4,results/scorpion/pathoalign_capacity_matched_ablations_v1/cells/fold_0/pathoalign_dep20/seed_803/fold0-pathoalign_dep20-seed803-a297742f2bcf32b1/attempts/attempt_001/training_history.csv,986,d1bddd7086c96054aba5355264855e2d68b2df7673874b3a05d1832f4887de88
fold0-no_adversary-seed803-a8459e6ea6309a5b,no_adversary,0,803,1,valid,59ba04450adf738aa2983dc40ecb4ff09ffa495f13d43c56edde5ec57707a2e1,0adea50f1ef22865969109f1834a3c175e3f8b43,19.62836470000184,101677056,results/scorpion/pathoalign_capacity_matched_ablations_v1/cells/fold_0/no_adversary/seed_803/fold0-no_adversary-seed803-a8459e6ea6309a5b/cell_manifest.json,2919,8a0e1293ca01b2299f863966bb286e4d5c31c7349a32112685b7f5a77248481d,results/scorpion/pathoalign_capacity_matched_ablations_v1/cells/fold_0/no_adversary/seed_803/fold0-no_adversary-seed803-a8459e6ea6309a5b/attempts/attempt_001/checkpoint.pt,6208098,963c8c34ca9222b07417e69b347b9ccda60d95688ca4f957599c0e61a346d058,results/scorpion/pathoalign_capacity_matched_ablations_v1/cells/fold_0/no_adversary/seed_803/fold0-no_adversary-seed803-a8459e6ea6309a5b/attempts/attempt_001/projected_features.npz,2847661,3f581336f1317d4eaa0556046c12a45ef536f89e4e352bf16b5ee3cba83c5b7c,results/scorpion/pathoalign_capacity_matched_ablations_v1/cells/fold_0/no_adversary/seed_803/fold0-no_adversary-seed803-a8459e6ea6309a5b/attempts/attempt_001/metrics.json,721,053eb86fd19eb06c04d583d8d19f9af5a1448286c07ba52ef3cf536c6509a4f3,results/scorpion/pathoalign_capacity_matched_ablations_v1/cells/fold_0/no_adversary/seed_803/fold0-no_adversary-seed803-a8459e6ea6309a5b/attempts/attempt_001/slide_metrics.csv,1458,d7ea36de90efe5d3f55a3aec787570b6506da260e0f1aec590a03221549f72a8,results/scorpion/pathoalign_capacity_matched_ablations_v1/cells/fold_0/no_adversary/seed_803/fold0-no_adversary-seed803-a8459e6ea6309a5b/attempts/attempt_001/training_history.csv,988,4a7e6476e347fa34e6daebbaa767f12279a81ba2a4879466aaa0a90c7ea5510b
fold0-no_acquisition_classifier-seed803-ef2271e3025b140f,no_acquisition_classifier,0,803,1,valid,59ba04450adf738aa2983dc40ecb4ff09ffa495f13d43c56edde5ec57707a2e1,0adea50f1ef22865969109f1834a3c175e3f8b43,20.6959629999983,101677056,results/scorpion/pathoalign_capacity_matched_ablations_v1/cells/fold_0/no_acquisition_classifier/seed_803/fold0-no_acquisition_classifier-seed803-ef2271e3025b140f/cell_manifest.json,2944,0954a0ccf9b4efeef57632b04e6d8b129236a5a0a4f5f865c8a7aa929e8fdbb7,results/scorpion/pathoalign_capacity_matched_ablations_v1/cells/fold_0/no_acquisition_classifier/seed_803/fold0-no_acquisition_classifier-seed803-ef2271e3025b140f/attempts/attempt_001/checkpoint.pt,6208098,82e1bc7d8529c70e3904495a348ce2c796c096e679120a6af66da84f319de28d,results/scorpion/pathoalign_capacity_matched_ablations_v1/cells/fold_0/no_acquisition_classifier/seed_803/fold0-no_acquisition_classifier-seed803-ef2271e3025b140f/attempts/attempt_001/projected_features.npz,2850385,f6d46bc9c3ccea11a8fc377dfb349f37ae3639279be9ab7a9105f7401a4cd0c7,results/scorpion/pathoalign_capacity_matched_ablations_v1/cells/fold_0/no_acquisition_classifier/seed_803/fold0-no_acquisition_classifier-seed803-ef2271e3025b140f/attempts/attempt_001/metrics.json,770,78c8bd473d6edf74e9b92324af90cef6b81b2e1bf3c801dabec2b38580cb6707,results/scorpion/pathoalign_capacity_matched_ablations_v1/cells/fold_0/no_acquisition_classifier/seed_803/fold0-no_acquisition_classifier-seed803-ef2271e3025b140f/attempts/attempt_001/slide_metrics.csv,1719,fd93c4e1ea568808826bc1badf16b05733df240589a8f36c00421aaf336ef89a,results/scorpion/pathoalign_capacity_matched_ablations_v1/cells/fold_0/no_acquisition_classifier/seed_803/fold0-no_acquisition_classifier-seed803-ef2271e3025b140f/attempts/attempt_001/training_history.csv,1030,06e6ffef448f6f07c08068dd1f38f78102aa47428c791c78e0ad977d1ae7e80f
fold0-no_scanner_dependence-seed803-d1854fc69b9459f5,no_scanner_dependence,0,803,1,valid,59ba04450adf738aa2983dc40ecb4ff09ffa495f13d43c56edde5ec57707a2e1,0adea50f1ef22865969109f1834a3c175e3f8b43,20.23327159999826,101677056,results/scorpion/pathoalign_capacity_matched_ablations_v1/cells/fold_0/no_scanner_dependence/seed_803/fold0-no_scanner_dependence-seed803-d1854fc69b9459f5/cell_manifest.json,2938,18c708c175970fe0aca84054fd7582df05495c0ea998a00a377e7d2ee738fe20,results/scorpion/pathoalign_capacity_matched_ablations_v1/cells/fold_0/no_scanner_dependence/seed_803/fold0-no_scanner_dependence-seed803-d1854fc69b9459f5/attempts/attempt_001/checkpoint.pt,6208098,75649eb22df1981649812a74dba1db1804097b01d538b14b51c5155e19ea7cf9,results/scorpion/pathoalign_capacity_matched_ablations_v1/cells/fold_0/no_scanner_dependence/seed_803/fold0-no_scanner_dependence-seed803-d1854fc69b9459f5/attempts/attempt_001/projected_features.npz,2851651,34f2a18888d668c9ded7a5d641d27b042109343a1e774c7cadea13c0227df844,results/scorpion/pathoalign_capacity_matched_ablations_v1/cells/fold_0/no_scanner_dependence/seed_803/fold0-no_scanner_dependence-seed803-d1854fc69b9459f5/attempts/attempt_001/metrics.json,753,770f54e3f3b8a56b4541b02b335e28ba658450d532eb101bfac331544aff220b,results/scorpion/pathoalign_capacity_matched_ablations_v1/cells/fold_0/no_scanner_dependence/seed_803/fold0-no_scanner_dependence-seed803-d1854fc69b9459f5/attempts/attempt_001/slide_metrics.csv,1637,760048f274bda35adae89e28c4a9ea7bd80713ca2898836a261e5e09592c7b05,results/scorpion/pathoalign_capacity_matched_ablations_v1/cells/fold_0/no_scanner_dependence/seed_803/fold0-no_scanner_dependence-seed803-d1854fc69b9459f5/attempts/attempt_001/training_history.csv,982,b1003685158af30871817d91e375554e8bba05217ef7ab67e6699d296b61c405
fold0-no_cross_covariance-seed803-51598000a0fc85e6,no_cross_covariance,0,803,1,valid,59ba04450adf738aa2983dc40ecb4ff09ffa495f13d43c56edde5ec57707a2e1,0adea50f1ef22865969109f1834a3c175e3f8b43,20.048045499999716,101677056,results/scorpion/pathoalign_capacity_matched_ablations_v1/cells/fold_0/no_cross_covariance/seed_803/fold0-no_cross_covariance-seed803-51598000a0fc85e6/cell_manifest.json,2935,bff315bc1e682d2ef39565a3f69cf2bc6d8ba263ca79bc4fc2409cf28584212e,results/scorpion/pathoalign_capacity_matched_ablations_v1/cells/fold_0/no_cross_covariance/seed_803/fold0-no_cross_covariance-seed803-51598000a0fc85e6/attempts/attempt_001/checkpoint.pt,6208098,c4ea6cfecd99ae0beda1a305ff5e443992a5cfc531ccb195649ae411cd599949,results/scorpion/pathoalign_capacity_matched_ablations_v1/cells/fold_0/no_cross_covariance/seed_803/fold0-no_cross_covariance-seed803-51598000a0fc85e6/attempts/attempt_001/projected_features.npz,2848530,f656d0e830b8cfeb199a96c7c04c1f00958230951f8a5cb2b3691727f4424561,results/scorpion/pathoalign_capacity_matched_ablations_v1/cells/fold_0/no_cross_covariance/seed_803/fold0-no_cross_covariance-seed803-51598000a0fc85e6/attempts/attempt_001/metrics.json,762,b06696966c3229bfa1adcc394c5fed5204851a1abbe93ea6ef0aabbcdff77e0d,results/scorpion/pathoalign_capacity_matched_ablations_v1/cells/fold_0/no_cross_covariance/seed_803/fold0-no_cross_covariance-seed803-51598000a0fc85e6/attempts/attempt_001/slide_metrics.csv,1599,7927271328a913ba84c47966eddb35643704b23b98f1ead003a86fe80d829853,results/scorpion/pathoalign_capacity_matched_ablations_v1/cells/fold_0/no_cross_covariance/seed_803/fold0-no_cross_covariance-seed803-51598000a0fc85e6/attempts/attempt_001/training_history.csv,982,360d819588598362092c00d1082905b0525a3f98353de8078902e8dd2fea5b6d
fold0-paired_reference-seed804-fde6e4f355131e72,paired_reference,0,804,1,valid,59ba04450adf738aa2983dc40ecb4ff09ffa495f13d43c56edde5ec57707a2e1,0adea50f1ef22865969109f1834a3c175e3f8b43,10.196570500000234,92233728,results/scorpion/pathoalign_capacity_matched_ablations_v1/cells/fold_0/paired_reference/seed_804/fold0-paired_reference-seed804-fde6e4f355131e72/cell_manifest.json,2927,a004478f461b6d888918a2266e00bc244b0efc9cf3a9c031e86536f2dc4c2d04,results/scorpion/pathoalign_capacity_matched_ablations_v1/cells/fold_0/paired_reference/seed_804/fold0-paired_reference-seed804-fde6e4f355131e72/attempts/attempt_001/checkpoint.pt,4210786,62d8257a295bfd2e982751277b855f27b0a7677ef50a0d8148b08191abe80710,results/scorpion/pathoalign_capacity_matched_ablations_v1/cells/fold_0/paired_reference/seed_804/fold0-paired_reference-seed804-fde6e4f355131e72/attempts/attempt_001/projected_features.npz,2280326,9c7c7ac99caea16c8d23d2cafdc4c78168e0a48d0f0cddcdd4cf5081a82c1c58,results/scorpion/pathoalign_capacity_matched_ablations_v1/cells/fold_0/paired_reference/seed_804/fold0-paired_reference-seed804-fde6e4f355131e72/attempts/attempt_001/metrics.json,699,d5f4630c24f162dc4b10c38f083750a12a1f856456a3438c3559295195fd867b,results/scorpion/pathoalign_capacity_matched_ablations_v1/cells/fold_0/paired_reference/seed_804/fold0-paired_reference-seed804-fde6e4f355131e72/attempts/attempt_001/slide_metrics.csv,1502,5f119b3d6641854f37f51ef2e07e593c1698f0978809b06ed73a225b68ba2d71,results/scorpion/pathoalign_capacity_matched_ablations_v1/cells/fold_0/paired_reference/seed_804/fold0-paired_reference-seed804-fde6e4f355131e72/attempts/attempt_001/training_history.csv,511,1fa0d645a332e5b8a91e6ccbb5e0b2884fe71da444957f9db2745e88b0f910cb
fold0-two_branch_no_scanner_objectives-seed804-35f6108e2ae4ae3b,two_branch_no_scanner_objectives,0,804,1,valid,59ba04450adf738aa2983dc40ecb4ff09ffa495f13d43c56edde5ec57707a2e1,0adea50f1ef22865969109f1834a3c175e3f8b43,17.39968460000091,101677056,results/scorpion/pathoalign_capacity_matched_ablations_v1/cells/fold_0/two_branch_no_scanner_objectives/seed_804/fold0-two_branch_no_scanner_objectives-seed804-35f6108e2ae4ae3b/cell_manifest.json,2959,0e4186a3994327c0e87cb7397e1a9e1adc930814586d2c535c912ea097d2ef7f,results/scorpion/pathoalign_capacity_matched_ablations_v1/cells/fold_0/two_branch_no_scanner_objectives/seed_804/fold0-two_branch_no_scanner_objectives-seed804-35f6108e2ae4ae3b/attempts/attempt_001/checkpoint.pt,6208098,c49d0612ffbb865ad00f5b1c46b8079d2160517ebbb61fa8cca0b36292ebbe2e,results/scorpion/pathoalign_capacity_matched_ablations_v1/cells/fold_0/two_branch_no_scanner_objectives/seed_804/fold0-two_branch_no_scanner_objectives-seed804-35f6108e2ae4ae3b/attempts/attempt_001/projected_features.npz,2850918,005a789f25aa496e1cd0f7e38e7956fa6bed8cea5416d2c1b4231a76dc55e9fd,results/scorpion/pathoalign_capacity_matched_ablations_v1/cells/fold_0/two_branch_no_scanner_objectives/seed_804/fold0-two_branch_no_scanner_objectives-seed804-35f6108e2ae4ae3b/attempts/attempt_001/metrics.json,772,8a1581c0508487f462689f0d7b21adda6348cd1112a520948180d5526f25d6d1,results/scorpion/pathoalign_capacity_matched_ablations_v1/cells/fold_0/two_branch_no_scanner_objectives/seed_804/fold0-two_branch_no_scanner_objectives-seed804-35f6108e2ae4ae3b/attempts/attempt_001/slide_metrics.csv,1857,167e8daf0fcb9020c93fce092bd19933ddf39220775ec96ab8903657b3ec1e5b,results/scorpion/pathoalign_capacity_matched_ablations_v1/cells/fold_0/two_branch_no_scanner_objectives/seed_804/fold0-two_branch_no_scanner_objectives-seed804-35f6108e2ae4ae3b/attempts/attempt_001/training_history.csv,970,3be8d7fa573f18910a335a1177f2d6ff730db3c6299dea28cd24fc1dfcdaff8e
fold0-pathoalign_dep20-seed804-a43abd823cb52b25,pathoalign_dep20,0,804,1,valid,59ba04450adf738aa2983dc40ecb4ff09ffa495f13d43c56edde5ec57707a2e1,0adea50f1ef22865969109f1834a3c175e3f8b43,17.651015899999038,101677056,results/scorpion/pathoalign_capacity_matched_ablations_v1/cells/fold_0/pathoalign_dep20/seed_804/fold0-pathoalign_dep20-seed804-a43abd823cb52b25/cell_manifest.json,2928,37eed2f673ba1cb1b3b3b1f15e31adaf5c1c5f0318cd75ec34ecb9fa287fc50d,results/scorpion/pathoalign_capacity_matched_ablations_v1/cells/fold_0/pathoalign_dep20/seed_804/fold0-pathoalign_dep20-seed804-a43abd823cb52b25/attempts/attempt_001/checkpoint.pt,6208098,8335161c09ae3d6dfcf83745eb23c8baa87ef261ba2a37f6bf334efa43bd46ec,results/scorpion/pathoalign_capacity_matched_ablations_v1/cells/fold_0/pathoalign_dep20/seed_804/fold0-pathoalign_dep20-seed804-a43abd823cb52b25/attempts/attempt_001/projected_features.npz,2849186,b4ea91effffb697fa3aa336712d8ee81d15b7f4c4dc112b1d483dc522ab002cd,results/scorpion/pathoalign_capacity_matched_ablations_v1/cells/fold_0/pathoalign_dep20/seed_804/fold0-pathoalign_dep20-seed804-a43abd823cb52b25/attempts/attempt_001/metrics.json,741,180bd00855d9a6ee26594900443d3fe693465c7614ce5c3cdce87c9cea2478ca,results/scorpion/pathoalign_capacity_matched_ablations_v1/cells/fold_0/pathoalign_dep20/seed_804/fold0-pathoalign_dep20-seed804-a43abd823cb52b25/attempts/attempt_001/slide_metrics.csv,1536,6390d551b197711749f47659d7024ca9e369163b785eb1a0de6ff28dd0e7fbea,results/scorpion/pathoalign_capacity_matched_ablations_v1/cells/fold_0/pathoalign_dep20/seed_804/fold0-pathoalign_dep20-seed804-a43abd823cb52b25/attempts/attempt_001/training_history.csv,999,9eca9e6d4ab7953a2e3baee33bb9fc27c96fd3e189a4954a11cbae4603cf4948
fold0-no_adversary-seed804-da54c137357fde78,no_adversary,0,804,1,valid,59ba04450adf738aa2983dc40ecb4ff09ffa495f13d43c56edde5ec57707a2e1,0adea50f1ef22865969109f1834a3c175e3f8b43,20.348259799997322,101677056,results/scorpion/pathoalign_capacity_matched_ablations_v1/cells/fold_0/no_adversary/seed_804/fold0-no_adversary-seed804-da54c137357fde78/cell_manifest.json,2921,fd4119fc70556d6d6d253b1fa1fe3977d7f4d5ce31d114ed2715d097e068544a,results/scorpion/pathoalign_capacity_matched_ablations_v1/cells/fold_0/no_adversary/seed_804/fold0-no_adversary-seed804-da54c137357fde78/attempts/attempt_001/checkpoint.pt,6208098,ba695bd00fa20ae75c44142fdf55ac7935b2e86d033af9bfadc1387a490e61e6,results/scorpion/pathoalign_capacity_matched_ablations_v1/cells/fold_0/no_adversary/seed_804/fold0-no_adversary-seed804-da54c137357fde78/attempts/attempt_001/projected_features.npz,2847875,3f473229919be04beeb3d944e7a45355d3fd9c5360ca1ef0887afe2d84734d0d,results/scorpion/pathoalign_capacity_matched_ablations_v1/cells/fold_0/no_adversary/seed_804/fold0-no_adversary-seed804-da54c137357fde78/attempts/attempt_001/metrics.json,734,0d29a90e1f7e0c3bb9f34a41a48bce08ae88c3344e235b2c48e5fc79bc8796b3,results/scorpion/pathoalign_capacity_matched_ablations_v1/cells/fold_0/no_adversary/seed_804/fold0-no_adversary-seed804-da54c137357fde78/attempts/attempt_001/slide_metrics.csv,1456,3e6d4d12c60ab3a41a67a2acf5b3cf75c9cf7bd11f35be4625dd7e36353f498b,results/scorpion/pathoalign_capacity_matched_ablations_v1/cells/fold_0/no_adversary/seed_804/fold0-no_adversary-seed804-da54c137357fde78/attempts/attempt_001/training_history.csv,1008,116aa92772a4979a34982e7c49572fb090e572313ea8d7610f184056429fae44
fold0-no_acquisition_classifier-seed804-5e64cfd9e334aae5,no_acquisition_classifier,0,804,1,valid,59ba04450adf738aa2983dc40ecb4ff09ffa495f13d43c56edde5ec57707a2e1,0adea50f1ef22865969109f1834a3c175e3f8b43,17.750200599999516,101677056,results/scorpion/pathoalign_capacity_matched_ablations_v1/cells/fold_0/no_acquisition_classifier/seed_804/fold0-no_acquisition_classifier-seed804-5e64cfd9e334aae5/cell_manifest.json,2947,1ca3db190a0fa7b6fa857202c8d1b10a52f447ad46590d186c44fadc492b8c75,results/scorpion/pathoalign_capacity_matched_ablations_v1/cells/fold_0/no_acquisition_classifier/seed_804/fold0-no_acquisition_classifier-seed804-5e64cfd9e334aae5/attempts/attempt_001/checkpoint.pt,6208098,9c65c7dc96602ccbd5b6894279056807a977f6b60df089a727731ec94b1c63af,results/scorpion/pathoalign_capacity_matched_ablations_v1/cells/fold_0/no_acquisition_classifier/seed_804/fold0-no_acquisition_classifier-seed804-5e64cfd9e334aae5/attempts/attempt_001/projected_features.npz,2850668,6f3434852852718948440550936724a2e97c5ea344d01dd5c4346901fcce047e,results/scorpion/pathoalign_capacity_matched_ablations_v1/cells/fold_0/no_acquisition_classifier/seed_804/fold0-no_acquisition_classifier-seed804-5e64cfd9e334aae5/attempts/attempt_001/metrics.json,760,3b2446008de48641ebb6da1d064090787247a2ed28f75fd698d1428c13e19454,results/scorpion/pathoalign_capacity_matched_ablations_v1/cells/fold_0/no_acquisition_classifier/seed_804/fold0-no_acquisition_classifier-seed804-5e64cfd9e334aae5/attempts/attempt_001/slide_metrics.csv,1721,bba72cebee689ac8aa244fb25f63aef416d802c8394a5acae8787ee70bf283d8,results/scorpion/pathoalign_capacity_matched_ablations_v1/cells/fold_0/no_acquisition_classifier/seed_804/fold0-no_acquisition_classifier-seed804-5e64cfd9e334aae5/attempts/attempt_001/training_history.csv,1029,050eb2e4e95b939095d28c63be5ecc0da665290be6e1185a36c2c1ed15472388
fold0-no_scanner_dependence-seed804-a747f2e1befeca0e,no_scanner_dependence,0,804,1,valid,59ba04450adf738aa2983dc40ecb4ff09ffa495f13d43c56edde5ec57707a2e1,0adea50f1ef22865969109f1834a3c175e3f8b43,20.59364430000278,101677056,results/scorpion/pathoalign_capacity_matched_ablations_v1/cells/fold_0/no_scanner_dependence/seed_804/fold0-no_scanner_dependence-seed804-a747f2e1befeca0e/cell_manifest.json,2939,324a464ac3675f969b7af11e3777840a02ef91dabaa3552a4a6b595c8c5aa1d6,results/scorpion/pathoalign_capacity_matched_ablations_v1/cells/fold_0/no_scanner_dependence/seed_804/fold0-no_scanner_dependence-seed804-a747f2e1befeca0e/attempts/attempt_001/checkpoint.pt,6208098,e0ce2cd06b3b6d2019557ea2660d13a6075676f27ac6719ff23e76b8159280e7,results/scorpion/pathoalign_capacity_matched_ablations_v1/cells/fold_0/no_scanner_dependence/seed_804/fold0-no_scanner_dependence-seed804-a747f2e1befeca0e/attempts/attempt_001/projected_features.npz,2851833,8ca52d595ab179ad1aecd2185497efe8c67f90999155d22cbe5a8e83eb02c585,results/scorpion/pathoalign_capacity_matched_ablations_v1/cells/fold_0/no_scanner_dependence/seed_804/fold0-no_scanner_dependence-seed804-a747f2e1befeca0e/attempts/attempt_001/metrics.json,738,4f3c7f95f3e8c9c371c27bc49fbd8ee17d745959a74d528f6cfb87aa6d5b7090,results/scorpion/pathoalign_capacity_matched_ablations_v1/cells/fold_0/no_scanner_dependence/seed_804/fold0-no_scanner_dependence-seed804-a747f2e1befeca0e/attempts/attempt_001/slide_metrics.csv,1640,828672b2fa9422da7e6dc83170dfa579dc9392bb4a89eb03f04bbdf22974b2e9,results/scorpion/pathoalign_capacity_matched_ablations_v1/cells/fold_0/no_scanner_dependence/seed_804/fold0-no_scanner_dependence-seed804-a747f2e1befeca0e/attempts/attempt_001/training_history.csv,1018,b43361e714a18e96112242c51cecc965c36f6a1c3b69db68dcbd2f210acd0881
fold0-no_cross_covariance-seed804-58a19b3bae1be439,no_cross_covariance,0,804,1,valid,59ba04450adf738aa2983dc40ecb4ff09ffa495f13d43c56edde5ec57707a2e1,0adea50f1ef22865969109f1834a3c175e3f8b43,19.949844799997663,101677056,results/scorpion/pathoalign_capacity_matched_ablations_v1/cells/fold_0/no_cross_covariance/seed_804/fold0-no_cross_covariance-seed804-58a19b3bae1be439/cell_manifest.json,2934,d81e4c6224a3450c326f627bde40bdbda59c30bad611466fbe8f9df85b87d88b,results/scorpion/pathoalign_capacity_matched_ablations_v1/cells/fold_0/no_cross_covariance/seed_804/fold0-no_cross_covariance-seed804-58a19b3bae1be439/attempts/attempt_001/checkpoint.pt,6208098,c68ceacef8a268ab813c987ba8db9d98b3e3a7e13145b44a8911503c43337508,results/scorpion/pathoalign_capacity_matched_ablations_v1/cells/fold_0/no_cross_covariance/seed_804/fold0-no_cross_covariance-seed804-58a19b3bae1be439/attempts/attempt_001/projected_features.npz,2848614,eb4681c91625283e1bd64e8b5fd05bc041cb6a8fd8fe2e7e8c9b65317a5376d6,results/scorpion/pathoalign_capacity_matched_ablations_v1/cells/fold_0/no_cross_covariance/seed_804/fold0-no_cross_covariance-seed804-58a19b3bae1be439/attempts/attempt_001/metrics.json,748,1e926600b2e60fb64f22e3cbab66b33f244866693238de1bd6d4f10561ad224e,results/scorpion/pathoalign_capacity_matched_ablations_v1/cells/fold_0/no_cross_covariance/seed_804/fold0-no_cross_covariance-seed804-58a19b3bae1be439/attempts/attempt_001/slide_metrics.csv,1603,ded11b79847a2d41bd2fcf6aa547d4c38069c4d67956a6f8e6ff793a730d9cfb,results/scorpion/pathoalign_capacity_matched_ablations_v1/cells/fold_0/no_cross_covariance/seed_804/fold0-no_cross_covariance-seed804-58a19b3bae1be439/attempts/attempt_001/training_history.csv,983,887353e6a979e8538ffe72b071d700e98acb5d56a1f27a25d9c31b21e7ba91a3
fold0-paired_reference-seed805-529cd513c421c994,paired_reference,0,805,1,valid,59ba04450adf738aa2983dc40ecb4ff09ffa495f13d43c56edde5ec57707a2e1,0adea50f1ef22865969109f1834a3c175e3f8b43,10.199648199999501,92233728,results/scorpion/pathoalign_capacity_matched_ablations_v1/cells/fold_0/paired_reference/seed_805/fold0-paired_reference-seed805-529cd513c421c994/cell_manifest.json,2928,800f7723d3b915348047e75c438a159d0a8fddb8d695d7e9a35b023c60e74082,results/scorpion/pathoalign_capacity_matched_ablations_v1/cells/fold_0/paired_reference/seed_805/fold0-paired_reference-seed805-529cd513c421c994/attempts/attempt_001/checkpoint.pt,4210786,5df71b03d8a65c441df6174178868ac6c683326dd2417bbd08461a61dadd4fa5,results/scorpion/pathoalign_capacity_matched_ablations_v1/cells/fold_0/paired_reference/seed_805/fold0-paired_reference-seed805-529cd513c421c994/attempts/attempt_001/projected_features.npz,2280625,7c4542d859e1fa2bdb8c695cdc3ca438ff00d6d3d75e67d4c44fbefb1835b0f1,results/scorpion/pathoalign_capacity_matched_ablations_v1/cells/fold_0/paired_reference/seed_805/fold0-paired_reference-seed805-529cd513c421c994/attempts/attempt_001/metrics.json,697,d5db4f6daed43f6b7cedef8a59b8f1c4a12ad19ab39e271c75125d16367e9810,results/scorpion/pathoalign_capacity_matched_ablations_v1/cells/fold_0/paired_reference/seed_805/fold0-paired_reference-seed805-529cd513c421c994/attempts/attempt_001/slide_metrics.csv,1503,469d6add7d79d83b301137f02a4e08d37f9c71a0fe6fa2298449a96d7647991a,results/scorpion/pathoalign_capacity_matched_ablations_v1/cells/fold_0/paired_reference/seed_805/fold0-paired_reference-seed805-529cd513c421c994/attempts/attempt_001/training_history.csv,510,8980dc85d8a0acee9caec7271e02228d97d5d5662bc4227d21a376db6b9bb52b
fold0-two_branch_no_scanner_objectives-seed805-40b92ef0cf7d7e2b,two_branch_no_scanner_objectives,0,805,1,valid,59ba04450adf738aa2983dc40ecb4ff09ffa495f13d43c56edde5ec57707a2e1,0adea50f1ef22865969109f1834a3c175e3f8b43,19.687330900000234,101677056,results/scorpion/pathoalign_capacity_matched_ablations_v1/cells/fold_0/two_branch_no_scanner_objectives/seed_805/fold0-two_branch_no_scanner_objectives-seed805-40b92ef0cf7d7e2b/cell_manifest.json,2960,226653523b623f50461bc3e64a1b32e70b96534072ce8d2df581a465e89721b4,results/scorpion/pathoalign_capacity_matched_ablations_v1/cells/fold_0/two_branch_no_scanner_objectives/seed_805/fold0-two_branch_no_scanner_objectives-seed805-40b92ef0cf7d7e2b/attempts/attempt_001/checkpoint.pt,6208098,c0fc6f87d2b6ddd6dda7271d76da25016f10b4adfeae857a6a1693f462da2f1d,results/scorpion/pathoalign_capacity_matched_ablations_v1/cells/fold_0/two_branch_no_scanner_objectives/seed_805/fold0-two_branch_no_scanner_objectives-seed805-40b92ef0cf7d7e2b/attempts/attempt_001/projected_features.npz,2850994,a1b47e9aefa9507699c5fef76e5ca248db876836cd447160b7e8af6409605adb,results/scorpion/pathoalign_capacity_matched_ablations_v1/cells/fold_0/two_branch_no_scanner_objectives/seed_805/fold0-two_branch_no_scanner_objectives-seed805-40b92ef0cf7d7e2b/attempts/attempt_001/metrics.json,762,02a63d468ada07375d1e5876ceb8333e18f8a4d0398130e16b76c5f7b6987a0f,results/scorpion/pathoalign_capacity_matched_ablations_v1/cells/fold_0/two_branch_no_scanner_objectives/seed_805/fold0-two_branch_no_scanner_objectives-seed805-40b92ef0cf7d7e2b/attempts/attempt_001/slide_metrics.csv,1861,52ef8daac1037e85e64ae0d350c569f55779b4bfe66a9572d96b3c32e25b695b,results/scorpion/pathoalign_capacity_matched_ablations_v1/cells/fold_0/two_branch_no_scanner_objectives/seed_805/fold0-two_branch_no_scanner_objectives-seed805-40b92ef0cf7d7e2b/attempts/attempt_001/training_history.csv,992,b48739029ea7e6f0451811dcb92bff6ca0324c4c57c676889281135745b2d133
fold0-pathoalign_dep20-seed805-92d6ec49d1237cd4,pathoalign_dep20,0,805,1,valid,59ba04450adf738aa2983dc40ecb4ff09ffa495f13d43c56edde5ec57707a2e1,0adea50f1ef22865969109f1834a3c175e3f8b43,18.1571666000018,101677056,results/scorpion/pathoalign_capacity_matched_ablations_v1/cells/fold_0/pathoalign_dep20/seed_805/fold0-pathoalign_dep20-seed805-92d6ec49d1237cd4/cell_manifest.json,2927,95d682fc5c6bed66edd28e946a3a5bd4c6d311882628c793b7b454a3f825fcda,results/scorpion/pathoalign_capacity_matched_ablations_v1/cells/fold_0/pathoalign_dep20/seed_805/fold0-pathoalign_dep20-seed805-92d6ec49d1237cd4/attempts/attempt_001/checkpoint.pt,6208098,213eb604480658c5705dc2926930c62f9cf6652160adba47ddd143652cf646cb,results/scorpion/pathoalign_capacity_matched_ablations_v1/cells/fold_0/pathoalign_dep20/seed_805/fold0-pathoalign_dep20-seed805-92d6ec49d1237cd4/attempts/attempt_001/projected_features.npz,2848764,f3eae02c88e797ecb98687f89eaf3ade50cae21466ccb00c19accce52093af0c,results/scorpion/pathoalign_capacity_matched_ablations_v1/cells/fold_0/pathoalign_dep20/seed_805/fold0-pathoalign_dep20-seed805-92d6ec49d1237cd4/attempts/attempt_001/metrics.json,739,ae83c049322e3ffe634a143cf3959568d5eb4875f160860f7c0ed4f44fef500f,results/scorpion/pathoalign_capacity_matched_ablations_v1/cells/fold_0/pathoalign_dep20/seed_805/fold0-pathoalign_dep20-seed805-92d6ec49d1237cd4/attempts/attempt_001/slide_metrics.csv,1542,d1023f3f5a55081b434fb5bc1a5f6060a09488e886dc8f8db06807047d292281,results/scorpion/pathoalign_capacity_matched_ablations_v1/cells/fold_0/pathoalign_dep20/seed_805/fold0-pathoalign_dep20-seed805-92d6ec49d1237cd4/attempts/attempt_001/training_history.csv,980,86d89f9162f89db388415fb2e43f5d0ef04dc3bbca6ab4ac29f7ddd07b236a2a
fold0-no_adversary-seed805-a0209d68a1a9bc52,no_adversary,0,805,1,valid,59ba04450adf738aa2983dc40ecb4ff09ffa495f13d43c56edde5ec57707a2e1,0adea50f1ef22865969109f1834a3c175e3f8b43,17.694914300001983,101677056,results/scorpion/pathoalign_capacity_matched_ablations_v1/cells/fold_0/no_adversary/seed_805/fold0-no_adversary-seed805-a0209d68a1a9bc52/cell_manifest.json,2921,399cf9651e4ec542a33820598164371f54bdfa1fa034ad0c353711092d8fe043,results/scorpion/pathoalign_capacity_matched_ablations_v1/cells/fold_0/no_adversary/seed_805/fold0-no_adversary-seed805-a0209d68a1a9bc52/attempts/attempt_001/checkpoint.pt,6208098,afa897ef2fa72336655439c8fad20230513cf707302e185dc0bd942fbe197804,results/scorpion/pathoalign_capacity_matched_ablations_v1/cells/fold_0/no_adversary/seed_805/fold0-no_adversary-seed805-a0209d68a1a9bc52/attempts/attempt_001/projected_features.npz,2847421,f4de63e7d9ca6b5370403e0e4d896992021651e9a5714b44f58ccced1ed37e7b,results/scorpion/pathoalign_capacity_matched_ablations_v1/cells/fold_0/no_adversary/seed_805/fold0-no_adversary-seed805-a0209d68a1a9bc52/attempts/attempt_001/metrics.json,734,e8db13e762b9cf5da638e70b90f7fdb4dbcb2b92cc2e8bd91f1a43c79b4b3ecc,results/scorpion/pathoalign_capacity_matched_ablations_v1/cells/fold_0/no_adversary/seed_805/fold0-no_adversary-seed805-a0209d68a1a9bc52/attempts/attempt_001/slide_metrics.csv,1459,af0565420ce2e7d3477a7b1861f5e95efeb52ef3edfac5cea79aa9835f6b9719,results/scorpion/pathoalign_capacity_matched_ablations_v1/cells/fold_0/no_adversary/seed_805/fold0-no_adversary-seed805-a0209d68a1a9bc52/attempts/attempt_001/training_history.csv,989,78903aa0859928494e714585f30941406cd7a6cf44c063225a4c91f741e9d11f
fold0-no_acquisition_classifier-seed805-d8e74b077f70122a,no_acquisition_classifier,0,805,1,valid,59ba04450adf738aa2983dc40ecb4ff09ffa495f13d43c56edde5ec57707a2e1,0adea50f1ef22865969109f1834a3c175e3f8b43,19.011786900002335,101677056,results/scorpion/pathoalign_capacity_matched_ablations_v1/cells/fold_0/no_acquisition_classifier/seed_805/fold0-no_acquisition_classifier-seed805-d8e74b077f70122a/cell_manifest.json,2947,ec92bb5045e0fa4ffec9c06a420bc3911e9f957f2bc9c8be671b0d17fd100c86,results/scorpion/pathoalign_capacity_matched_ablations_v1/cells/fold_0/no_acquisition_classifier/seed_805/fold0-no_acquisition_classifier-seed805-d8e74b077f70122a/attempts/attempt_001/checkpoint.pt,6208098,c8987943184f84db71bdbd62a2c6b07711adbbaaa52ed662344b2f21dc60fb6b,results/scorpion/pathoalign_capacity_matched_ablations_v1/cells/fold_0/no_acquisition_classifier/seed_805/fold0-no_acquisition_classifier-seed805-d8e74b077f70122a/attempts/attempt_001/projected_features.npz,2850466,c228f6c38657f149961f60134371cef27d76854681d439b01c9c7b127d220dcb,results/scorpion/pathoalign_capacity_matched_ablations_v1/cells/fold_0/no_acquisition_classifier/seed_805/fold0-no_acquisition_classifier-seed805-d8e74b077f70122a/attempts/attempt_001/metrics.json,744,6b23442abaf3b53d076111cffc8d827c65530f3730f186b3ecfed22624d8bab3,results/scorpion/pathoalign_capacity_matched_ablations_v1/cells/fold_0/no_acquisition_classifier/seed_805/fold0-no_acquisition_classifier-seed805-d8e74b077f70122a/attempts/attempt_001/slide_metrics.csv,1718,867373057d63f0942570b7d48edd58124a6d32b3418b7534e1ca2e59198c6795,results/scorpion/pathoalign_capacity_matched_ablations_v1/cells/fold_0/no_acquisition_classifier/seed_805/fold0-no_acquisition_classifier-seed805-d8e74b077f70122a/attempts/attempt_001/training_history.csv,1037,b729c634b66c377e9d0117e371848ef90991532e36c152daac199142160715b8
fold0-no_scanner_dependence-seed805-174b93c15cb61d55,no_scanner_dependence,0,805,1,valid,59ba04450adf738aa2983dc40ecb4ff09ffa495f13d43c56edde5ec57707a2e1,0adea50f1ef22865969109f1834a3c175e3f8b43,19.871875400000135,101677056,results/scorpion/pathoalign_capacity_matched_ablations_v1/cells/fold_0/no_scanner_dependence/seed_805/fold0-no_scanner_dependence-seed805-174b93c15cb61d55/cell_manifest.json,2939,e6aa153d91da0657cf23690ee1ebbd195b12304acfab421de8cad10409b72940,results/scorpion/pathoalign_capacity_matched_ablations_v1/cells/fold_0/no_scanner_dependence/seed_805/fold0-no_scanner_dependence-seed805-174b93c15cb61d55/attempts/attempt_001/checkpoint.pt,6208098,5383270944483c9c4eda2b9a12ae89bd48114e1c7aaf54d60b4c7b4e30c3b3c5,results/scorpion/pathoalign_capacity_matched_ablations_v1/cells/fold_0/no_scanner_dependence/seed_805/fold0-no_scanner_dependence-seed805-174b93c15cb61d55/attempts/attempt_001/projected_features.npz,2851747,4e39ea588e0ecc9a93862ef8db9e65a83c7327308dc2d9e5f8c5aefad3825b87,results/scorpion/pathoalign_capacity_matched_ablations_v1/cells/fold_0/no_scanner_dependence/seed_805/fold0-no_scanner_dependence-seed805-174b93c15cb61d55/attempts/attempt_001/metrics.json,740,333964d429a4d079cc1c1e9503052e14c2639c136527e49110639f64de409bd0,results/scorpion/pathoalign_capacity_matched_ablations_v1/cells/fold_0/no_scanner_dependence/seed_805/fold0-no_scanner_dependence-seed805-174b93c15cb61d55/attempts/attempt_001/slide_metrics.csv,1643,14679ee5224fe416e033548fcb24b28614e673d00dc96eea2786afc324930ea1,results/scorpion/pathoalign_capacity_matched_ablations_v1/cells/fold_0/no_scanner_dependence/seed_805/fold0-no_scanner_dependence-seed805-174b93c15cb61d55/attempts/attempt_001/training_history.csv,984,cf123b11d6883c64c67031f8f228b3f41754c6b8857d64120b165fe0f99bb40f
fold0-no_cross_covariance-seed805-159df55ddc36f11e,no_cross_covariance,0,805,1,valid,59ba04450adf738aa2983dc40ecb4ff09ffa495f13d43c56edde5ec57707a2e1,0adea50f1ef22865969109f1834a3c175e3f8b43,19.61125339999853,101677056,results/scorpion/pathoalign_capacity_matched_ablations_v1/cells/fold_0/no_cross_covariance/seed_805/fold0-no_cross_covariance-seed805-159df55ddc36f11e/cell_manifest.json,2933,1fe34a58465a8e1a0652ba8e6d7c08430e66841b61972db0cc8dd0ec7ed03afb,results/scorpion/pathoalign_capacity_matched_ablations_v1/cells/fold_0/no_cross_covariance/seed_805/fold0-no_cross_covariance-seed805-159df55ddc36f11e/attempts/attempt_001/checkpoint.pt,6208098,2354d8d305524219e8af24cd28892f02819de897e9dd5496fead3616b9f9ddbb,results/scorpion/pathoalign_capacity_matched_ablations_v1/cells/fold_0/no_cross_covariance/seed_805/fold0-no_cross_covariance-seed805-159df55ddc36f11e/attempts/attempt_001/projected_features.npz,2848045,ba348ebf4bee37fa18b45fa17bac7e88e4c172db8f750aefb6afbdd6b4b45506,results/scorpion/pathoalign_capacity_matched_ablations_v1/cells/fold_0/no_cross_covariance/seed_805/fold0-no_cross_covariance-seed805-159df55ddc36f11e/attempts/attempt_001/metrics.json,763,1bf8f8da616cee6f031da2943997fcd984bffc2b64da85d0b0864f788d710b45,results/scorpion/pathoalign_capacity_matched_ablations_v1/cells/fold_0/no_cross_covariance/seed_805/fold0-no_cross_covariance-seed805-159df55ddc36f11e/attempts/attempt_001/slide_metrics.csv,1598,1018a22f5908d4c88a4815074105128df9f5e4949beaef35aabb0a1217a3a729,results/scorpion/pathoalign_capacity_matched_ablations_v1/cells/fold_0/no_cross_covariance/seed_805/fold0-no_cross_covariance-seed805-159df55ddc36f11e/attempts/attempt_001/training_history.csv,988,8f6c26b9b822ba7503f464851317d8f04d6238179b624bd50b3ba3f2b64d0b51
fold1-paired_reference-seed801-f4dfd29218910e21,paired_reference,1,801,1,valid,59ba04450adf738aa2983dc40ecb4ff09ffa495f13d43c56edde5ec57707a2e1,0adea50f1ef22865969109f1834a3c175e3f8b43,10.121378199997707,92233728,results/scorpion/pathoalign_capacity_matched_ablations_v1/cells/fold_1/paired_reference/seed_801/fold1-paired_reference-seed801-f4dfd29218910e21/cell_manifest.json,2928,62e916560a5c545f8ddce409a710f98774d704c2cc11bff694f75a1a116fcadd,results/scorpion/pathoalign_capacity_matched_ablations_v1/cells/fold_1/paired_reference/seed_801/fold1-paired_reference-seed801-f4dfd29218910e21/attempts/attempt_001/checkpoint.pt,4210786,b472a6f0a63daa8176102388aff86bde1e0472329e31f694a8d5b27963929512,results/scorpion/pathoalign_capacity_matched_ablations_v1/cells/fold_1/paired_reference/seed_801/fold1-paired_reference-seed801-f4dfd29218910e21/attempts/attempt_001/projected_features.npz,2280509,9d142b69712a050cbd1b480dc1d0b4bd9a3b57793e8ca87868de811cab699719,results/scorpion/pathoalign_capacity_matched_ablations_v1/cells/fold_1/paired_reference/seed_801/fold1-paired_reference-seed801-f4dfd29218910e21/attempts/attempt_001/metrics.json,711,b092543754047553bc135d26ee41576bf42b9372b8569ea2d106735acc6bde1d,results/scorpion/pathoalign_capacity_matched_ablations_v1/cells/fold_1/paired_reference/seed_801/fold1-paired_reference-seed801-f4dfd29218910e21/attempts/attempt_001/slide_metrics.csv,1498,296d88b78acf94b289738a9af158c9a5b5f85dcc8620b01697ad130aa204f1e2,results/scorpion/pathoalign_capacity_matched_ablations_v1/cells/fold_1/paired_reference/seed_801/fold1-paired_reference-seed801-f4dfd29218910e21/attempts/attempt_001/training_history.csv,509,a718615934473dc0fc43c2b187c2458fc326693e34ca99123aa9449dd9e4a5c2
fold1-two_branch_no_scanner_objectives-seed801-5072efe419b2e88c,two_branch_no_scanner_objectives,1,801,1,valid,59ba04450adf738aa2983dc40ecb4ff09ffa495f13d43c56edde5ec57707a2e1,0adea50f1ef22865969109f1834a3c175e3f8b43,20.006922799999302,101677056,results/scorpion/pathoalign_capacity_matched_ablations_v1/cells/fold_1/two_branch_no_scanner_objectives/seed_801/fold1-two_branch_no_scanner_objectives-seed801-5072efe419b2e88c/cell_manifest.json,2961,4203827b62f1f913d11dec9a8438277c1f94f59fe647f32828580679da862cc6,results/scorpion/pathoalign_capacity_matched_ablations_v1/cells/fold_1/two_branch_no_scanner_objectives/seed_801/fold1-two_branch_no_scanner_objectives-seed801-5072efe419b2e88c/attempts/attempt_001/checkpoint.pt,6208098,aaf59871ec79478a568a2bc0c60f3250f90808c1f0d0ea9e91ec1a30b6f94d1b,results/scorpion/pathoalign_capacity_matched_ablations_v1/cells/fold_1/two_branch_no_scanner_objectives/seed_801/fold1-two_branch_no_scanner_objectives-seed801-5072efe419b2e88c/attempts/attempt_001/projected_features.npz,2851066,185855ce4b5701dae41361c2cd3a32b4005a05a0e8709faf4aedf798853943e0,results/scorpion/pathoalign_capacity_matched_ablations_v1/cells/fold_1/two_branch_no_scanner_objectives/seed_801/fold1-two_branch_no_scanner_objectives-seed801-5072efe419b2e88c/attempts/attempt_001/metrics.json,775,33caae97f5c2346bf8e610fb61474af2edc38c1f971b0d1d8d38035e7886a753,results/scorpion/pathoalign_capacity_matched_ablations_v1/cells/fold_1/two_branch_no_scanner_objectives/seed_801/fold1-two_branch_no_scanner_objectives-seed801-5072efe419b2e88c/attempts/attempt_001/slide_metrics.csv,1857,ade69339ae0555d6cec927ddb4845b4717bf48cbc5f77eac8a153f82735e2dea,results/scorpion/pathoalign_capacity_matched_ablations_v1/cells/fold_1/two_branch_no_scanner_objectives/seed_801/fold1-two_branch_no_scanner_objectives-seed801-5072efe419b2e88c/attempts/attempt_001/training_history.csv,996,7920ae469f16719e64911dfffa300a55cbafecb3f187190c98572b0ae46ff5c3
fold1-pathoalign_dep20-seed801-27f4e444145758cc,pathoalign_dep20,1,801,1,valid,59ba04450adf738aa2983dc40ecb4ff09ffa495f13d43c56edde5ec57707a2e1,0adea50f1ef22865969109f1834a3c175e3f8b43,20.19760369999858,101677056,results/scorpion/pathoalign_capacity_matched_ablations_v1/cells/fold_1/pathoalign_dep20/seed_801/fold1-pathoalign_dep20-seed801-27f4e444145758cc/cell_manifest.json,2928,1abdd7db31874b11a05281cfe451d5312c994d45fbcdb54ca6b393771dccc996,results/scorpion/pathoalign_capacity_matched_ablations_v1/cells/fold_1/pathoalign_dep20/seed_801/fold1-pathoalign_dep20-seed801-27f4e444145758cc/attempts/attempt_001/checkpoint.pt,6208098,33eef30817b8e2372aa433e024efdc78d21adab4b76907be44ca5f7069198617,results/scorpion/pathoalign_capacity_matched_ablations_v1/cells/fold_1/pathoalign_dep20/seed_801/fold1-pathoalign_dep20-seed801-27f4e444145758cc/attempts/attempt_001/projected_features.npz,2849048,675c537fe821ce7c93319b7f2178ee2973f4e3904849b6438b8900aaf35ccd03,results/scorpion/pathoalign_capacity_matched_ablations_v1/cells/fold_1/pathoalign_dep20/seed_801/fold1-pathoalign_dep20-seed801-27f4e444145758cc/attempts/attempt_001/metrics.json,741,69d1f7a90cf847880a391d385824b15194941c705fe7e96175fb508b91bf1438,results/scorpion/pathoalign_capacity_matched_ablations_v1/cells/fold_1/pathoalign_dep20/seed_801/fold1-pathoalign_dep20-seed801-27f4e444145758cc/attempts/attempt_001/slide_metrics.csv,1536,507b2ec70c44567f22cc6e53a210bb9fe88d5f5dfc26e11dce5de62894e5343f,results/scorpion/pathoalign_capacity_matched_ablations_v1/cells/fold_1/pathoalign_dep20/seed_801/fold1-pathoalign_dep20-seed801-27f4e444145758cc/attempts/attempt_001/training_history.csv,989,821d013595a41a32d9306af790f3a9405c3341cda8cef7214fa5b3106b180fe0
fold1-no_adversary-seed801-4c05458d629d88a8,no_adversary,1,801,1,valid,59ba04450adf738aa2983dc40ecb4ff09ffa495f13d43c56edde5ec57707a2e1,0adea50f1ef22865969109f1834a3c175e3f8b43,19.747454799999105,101677056,results/scorpion/pathoalign_capacity_matched_ablations_v1/cells/fold_1/no_adversary/seed_801/fold1-no_adversary-seed801-4c05458d629d88a8/cell_manifest.json,2919,1680c63d258520172bd95c6f39e68c3f09cc2ccfc2451163d6128278ce24c1f8,results/scorpion/pathoalign_capacity_matched_ablations_v1/cells/fold_1/no_adversary/seed_801/fold1-no_adversary-seed801-4c05458d629d88a8/attempts/attempt_001/checkpoint.pt,6208098,a6720d47e02b9ffed87495b2df092e1a420c23af1cb8b22b87d2776eae962cf5,results/scorpion/pathoalign_capacity_matched_ablations_v1/cells/fold_1/no_adversary/seed_801/fold1-no_adversary-seed801-4c05458d629d88a8/attempts/attempt_001/projected_features.npz,2847745,b11f015d9aaab8b477e7c125299a6d89837e252654c932eb0a7acde72ef9ce9d,results/scorpion/pathoalign_capacity_matched_ablations_v1/cells/fold_1/no_adversary/seed_801/fold1-no_adversary-seed801-4c05458d629d88a8/attempts/attempt_001/metrics.json,720,67529df4d31e683ed06e68d906a1d50efa3059315a595dc3c573665a3ee77507,results/scorpion/pathoalign_capacity_matched_ablations_v1/cells/fold_1/no_adversary/seed_801/fold1-no_adversary-seed801-4c05458d629d88a8/attempts/attempt_001/slide_metrics.csv,1452,23ef0ac72c7366fd34140a05dc6712655931cd448ffd8e405f086a033ef3ac61,results/scorpion/pathoalign_capacity_matched_ablations_v1/cells/fold_1/no_adversary/seed_801/fold1-no_adversary-seed801-4c05458d629d88a8/attempts/attempt_001/training_history.csv,987,599bd07abb02abc48572e503d880f40f6600defacc6ab86b3a3e42e507c469b5
fold1-no_acquisition_classifier-seed801-ac2d514034fce32f,no_acquisition_classifier,1,801,1,valid,59ba04450adf738aa2983dc40ecb4ff09ffa495f13d43c56edde5ec57707a2e1,0adea50f1ef22865969109f1834a3c175e3f8b43,19.877872000000934,101677056,results/scorpion/pathoalign_capacity_matched_ablations_v1/cells/fold_1/no_acquisition_classifier/seed_801/fold1-no_acquisition_classifier-seed801-ac2d514034fce32f/cell_manifest.json,2947,4921436287492fa12b95497aabc4fe8c027bf5e6083f1498564cc76a922d9851,results/scorpion/pathoalign_capacity_matched_ablations_v1/cells/fold_1/no_acquisition_classifier/seed_801/fold1-no_acquisition_classifier-seed801-ac2d514034fce32f/attempts/attempt_001/checkpoint.pt,6208098,02184376b3ce83eb01daf5542ade57e2870d8f42de57579e2d533790196e080c,results/scorpion/pathoalign_capacity_matched_ablations_v1/cells/fold_1/no_acquisition_classifier/seed_801/fold1-no_acquisition_classifier-seed801-ac2d514034fce32f/attempts/attempt_001/projected_features.npz,2850762,c6d8f50cdce33e8fecbb2c604393b9c5d767da819d0ffc97d3557c3582b7fd8c,results/scorpion/pathoalign_capacity_matched_ablations_v1/cells/fold_1/no_acquisition_classifier/seed_801/fold1-no_acquisition_classifier-seed801-ac2d514034fce32f/attempts/attempt_001/metrics.json,758,1a15adec8603275a81987c02d3fd402978904036f074dbddcdfac53fd0c31542,results/scorpion/pathoalign_capacity_matched_ablations_v1/cells/fold_1/no_acquisition_classifier/seed_801/fold1-no_acquisition_classifier-seed801-ac2d514034fce32f/attempts/attempt_001/slide_metrics.csv,1714,18921f29a89f75464de7fdc5626f2ea6cb0ed489a82ace81e3fb82c34da2b90a,results/scorpion/pathoalign_capacity_matched_ablations_v1/cells/fold_1/no_acquisition_classifier/seed_801/fold1-no_acquisition_classifier-seed801-ac2d514034fce32f/attempts/attempt_001/training_history.csv,1029,b3b0cbc545075f1d577b741712174dcb0a5771806964c9062cedd69d2683f2a2
fold1-no_scanner_dependence-seed801-ae62823ce3685dae,no_scanner_dependence,1,801,1,valid,59ba04450adf738aa2983dc40ecb4ff09ffa495f13d43c56edde5ec57707a2e1,0adea50f1ef22865969109f1834a3c175e3f8b43,20.34074099999998,101677056,results/scorpion/pathoalign_capacity_matched_ablations_v1/cells/fold_1/no_scanner_dependence/seed_801/fold1-no_scanner_dependence-seed801-ae62823ce3685dae/cell_manifest.json,2938,991f0b9266f9dd67123e02d195d11428efb928e49b51283185c599dbf6f0d045,results/scorpion/pathoalign_capacity_matched_ablations_v1/cells/fold_1/no_scanner_dependence/seed_801/fold1-no_scanner_dependence-seed801-ae62823ce3685dae/attempts/attempt_001/checkpoint.pt,6208098,4c9324447ec69db69f8e724353aaed7c19225bf6dfc8b3479a25a7e43b83a3ec,results/scorpion/pathoalign_capacity_matched_ablations_v1/cells/fold_1/no_scanner_dependence/seed_801/fold1-no_scanner_dependence-seed801-ae62823ce3685dae/attempts/attempt_001/projected_features.npz,2851054,92751e183214410064c1f5e0dc0662eb347afa09a2386461830ee48fd8046b79,results/scorpion/pathoalign_capacity_matched_ablations_v1/cells/fold_1/no_scanner_dependence/seed_801/fold1-no_scanner_dependence-seed801-ae62823ce3685dae/attempts/attempt_001/metrics.json,765,b035ee8f5a2246d9150e2e2acdc007b5f0dc0b26bea4476a4e41fb73875c6e16,results/scorpion/pathoalign_capacity_matched_ablations_v1/cells/fold_1/no_scanner_dependence/seed_801/fold1-no_scanner_dependence-seed801-ae62823ce3685dae/attempts/attempt_001/slide_metrics.csv,1638,214806a033c085afcbee52b2c0b3508fa89864df3d9103645e56dc684a5523ca,results/scorpion/pathoalign_capacity_matched_ablations_v1/cells/fold_1/no_scanner_dependence/seed_801/fold1-no_scanner_dependence-seed801-ae62823ce3685dae/attempts/attempt_001/training_history.csv,989,8baefd21f0e0164967864e8be9b99dde9f05a937e80e0be884b55b032f037793
fold1-no_cross_covariance-seed801-e7c9c5dabf49525e,no_cross_covariance,1,801,1,valid,59ba04450adf738aa2983dc40ecb4ff09ffa495f13d43c56edde5ec57707a2e1,0adea50f1ef22865969109f1834a3c175e3f8b43,19.42434080000021,101677056,results/scorpion/pathoalign_capacity_matched_ablations_v1/cells/fold_1/no_cross_covariance/seed_801/fold1-no_cross_covariance-seed801-e7c9c5dabf49525e/cell_manifest.json,2934,8e5f3272b3710262de679dcdc63cf58e1d06344618b81fe726b23704aaf178fa,results/scorpion/pathoalign_capacity_matched_ablations_v1/cells/fold_1/no_cross_covariance/seed_801/fold1-no_cross_covariance-seed801-e7c9c5dabf49525e/attempts/attempt_001/checkpoint.pt,6208098,14bc1ebe70ee836b3043e489d5467d7539605d476b0dfc2b0218e117c0325419,results/scorpion/pathoalign_capacity_matched_ablations_v1/cells/fold_1/no_cross_covariance/seed_801/fold1-no_cross_covariance-seed801-e7c9c5dabf49525e/attempts/attempt_001/projected_features.npz,2848476,c5729e9792a986beb39068eac90227fc33652824d703999cab73b75d7c263a66,results/scorpion/pathoalign_capacity_matched_ablations_v1/cells/fold_1/no_cross_covariance/seed_801/fold1-no_cross_covariance-seed801-e7c9c5dabf49525e/attempts/attempt_001/metrics.json,761,78a16f6869a6a1a5228e6832c06eea05269e7568210b9680a96ffa877dfd8ac0,results/scorpion/pathoalign_capacity_matched_ablations_v1/cells/fold_1/no_cross_covariance/seed_801/fold1-no_cross_covariance-seed801-e7c9c5dabf49525e/attempts/attempt_001/slide_metrics.csv,1600,fa9a1325a9c87655768f0d6a557512fc7cd5649569b615a23fc16dfc4cd389f8,results/scorpion/pathoalign_capacity_matched_ablations_v1/cells/fold_1/no_cross_covariance/seed_801/fold1-no_cross_covariance-seed801-e7c9c5dabf49525e/attempts/attempt_001/training_history.csv,982,cb0b2425103b8594bd5123eaca15afc45d27bea7b5dd262f55c7f1f9daba3305
fold1-paired_reference-seed802-5e29534f5e0f1c84,paired_reference,1,802,1,valid,59ba04450adf738aa2983dc40ecb4ff09ffa495f13d43c56edde5ec57707a2e1,0adea50f1ef22865969109f1834a3c175e3f8b43,10.88722780000171,92233728,results/scorpion/pathoalign_capacity_matched_ablations_v1/cells/fold_1/paired_reference/seed_802/fold1-paired_reference-seed802-5e29534f5e0f1c84/cell_manifest.json,2926,75ba17f41b2db2d4be10ecf32dd2266c9e9d02847f9534284dea31deccd9b336,results/scorpion/pathoalign_capacity_matched_ablations_v1/cells/fold_1/paired_reference/seed_802/fold1-paired_reference-seed802-5e29534f5e0f1c84/attempts/attempt_001/checkpoint.pt,4210786,4375ff1f57ac48cfd44c5923d6e53c453515e8c7fe2049591357ee6c938e8d63,results/scorpion/pathoalign_capacity_matched_ablations_v1/cells/fold_1/paired_reference/seed_802/fold1-paired_reference-seed802-5e29534f5e0f1c84/attempts/attempt_001/projected_features.npz,2280719,41d3a0539744c13014bee6397f83dab12deaf7c6981d7836aee0e68ff8775ac8,results/scorpion/pathoalign_capacity_matched_ablations_v1/cells/fold_1/paired_reference/seed_802/fold1-paired_reference-seed802-5e29534f5e0f1c84/attempts/attempt_001/metrics.json,699,fa0fb17f05009b9ee4aa8ad2d7faf0aec39fc22b56a5468c1a2bdf9ef9f1531c,results/scorpion/pathoalign_capacity_matched_ablations_v1/cells/fold_1/paired_reference/seed_802/fold1-paired_reference-seed802-5e29534f5e0f1c84/attempts/attempt_001/slide_metrics.csv,1498,54592abb9cd61c6f3e3b8b5353671a16b55d73ec6c62a360bfd9878a48b4a4f0,results/scorpion/pathoalign_capacity_matched_ablations_v1/cells/fold_1/paired_reference/seed_802/fold1-paired_reference-seed802-5e29534f5e0f1c84/attempts/attempt_001/training_history.csv,511,e3a6e3fc309ffeb32059e322288b04223fd80874859c6d09a46a7355a1a3ccd6
fold1-two_branch_no_scanner_objectives-seed802-7e02bac895c715c7,two_branch_no_scanner_objectives,1,802,1,valid,59ba04450adf738aa2983dc40ecb4ff09ffa495f13d43c56edde5ec57707a2e1,0adea50f1ef22865969109f1834a3c175e3f8b43,20.584943800000474,101677056,results/scorpion/pathoalign_capacity_matched_ablations_v1/cells/fold_1/two_branch_no_scanner_objectives/seed_802/fold1-two_branch_no_scanner_objectives-seed802-7e02bac895c715c7/cell_manifest.json,2962,52fd1f9d2fc067dab2296bd9290a11a1cf86bf5276fcb2e15ceca4a3d7351227,results/scorpion/pathoalign_capacity_matched_ablations_v1/cells/fold_1/two_branch_no_scanner_objectives/seed_802/fold1-two_branch_no_scanner_objectives-seed802-7e02bac895c715c7/attempts/attempt_001/checkpoint.pt,6208098,acfbfc92398ec58b32a875b00a21a95cfbbdc52725b4f23d7692a7d196a1cdd5,results/scorpion/pathoalign_capacity_matched_ablations_v1/cells/fold_1/two_branch_no_scanner_objectives/seed_802/fold1-two_branch_no_scanner_objectives-seed802-7e02bac895c715c7/attempts/attempt_001/projected_features.npz,2850831,52d4b51441f94b88bafba1b0bb6be7e0ee3102d978fbca36dcef9a3584814e1e,results/scorpion/pathoalign_capacity_matched_ablations_v1/cells/fold_1/two_branch_no_scanner_objectives/seed_802/fold1-two_branch_no_scanner_objectives-seed802-7e02bac895c715c7/attempts/attempt_001/metrics.json,773,862f502e579d18ad35ad6ac7111196b1cba32cf4c4c2aeaba4194163c5eae509,results/scorpion/pathoalign_capacity_matched_ablations_v1/cells/fold_1/two_branch_no_scanner_objectives/seed_802/fold1-two_branch_no_scanner_objectives-seed802-7e02bac895c715c7/attempts/attempt_001/slide_metrics.csv,1857,0aae271bb56ed38297712acd2ff1bc3ef54d7a24ae38feefa04b6a1e24b062ed,results/scorpion/pathoalign_capacity_matched_ablations_v1/cells/fold_1/two_branch_no_scanner_objectives/seed_802/fold1-two_branch_no_scanner_objectives-seed802-7e02bac895c715c7/attempts/attempt_001/training_history.csv,1008,f3dfbe5b77d8de1efd7d57321868800e529fbd54c0150655f299c10de7ef4f82
fold1-pathoalign_dep20-seed802-05f04896be90dfd1,pathoalign_dep20,1,802,1,valid,59ba04450adf738aa2983dc40ecb4ff09ffa495f13d43c56edde5ec57707a2e1,0adea50f1ef22865969109f1834a3c175e3f8b43,19.55303940000158,101677056,results/scorpion/pathoalign_capacity_matched_ablations_v1/cells/fold_1/pathoalign_dep20/seed_802/fold1-pathoalign_dep20-seed802-05f04896be90dfd1/cell_manifest.json,2928,eaae442d4df2fcd151570b746a7c0102b87ae24af1277c337415beedbc6d77de,results/scorpion/pathoalign_capacity_matched_ablations_v1/cells/fold_1/pathoalign_dep20/seed_802/fold1-pathoalign_dep20-seed802-05f04896be90dfd1/attempts/attempt_001/checkpoint.pt,6208098,66d592e92f28fc34c39f121ed200434ea3f31fd3ab39169f17ea4fe7b6704b2c,results/scorpion/pathoalign_capacity_matched_ablations_v1/cells/fold_1/pathoalign_dep20/seed_802/fold1-pathoalign_dep20-seed802-05f04896be90dfd1/attempts/attempt_001/projected_features.npz,2849181,3bdae553f2acdd9b45edeb9b09a142d8b3a2b750c7d3884a0fe2792ef07c3bae,results/scorpion/pathoalign_capacity_matched_ablations_v1/cells/fold_1/pathoalign_dep20/seed_802/fold1-pathoalign_dep20-seed802-05f04896be90dfd1/attempts/attempt_001/metrics.json,754,ae3fffe2d1968e77d13c5a939b7899973e3029beb01f828dc75d01f01193a601,results/scorpion/pathoalign_capacity_matched_ablations_v1/cells/fold_1/pathoalign_dep20/seed_802/fold1-pathoalign_dep20-seed802-05f04896be90dfd1/attempts/attempt_001/slide_metrics.csv,1537,acd50cd0393ad05ace5218bd883a359617bd37d920e95406c636b704ae51fc5c,results/scorpion/pathoalign_capacity_matched_ablations_v1/cells/fold_1/pathoalign_dep20/seed_802/fold1-pathoalign_dep20-seed802-05f04896be90dfd1/attempts/attempt_001/training_history.csv,981,222350e7977442d35c487773d6f5c34f981f9ca663b064a6c14dc2bc8a8d1bb2
fold1-no_adversary-seed802-8fdc6cb77ab40c44,no_adversary,1,802,1,valid,59ba04450adf738aa2983dc40ecb4ff09ffa495f13d43c56edde5ec57707a2e1,0adea50f1ef22865969109f1834a3c175e3f8b43,20.680131600001914,101677056,results/scorpion/pathoalign_capacity_matched_ablations_v1/cells/fold_1/no_adversary/seed_802/fold1-no_adversary-seed802-8fdc6cb77ab40c44/cell_manifest.json,2921,c66dacaa6e462b15bc7b37d84181f91158d0ed6d06eb92e88c1f6af682b8e64e,results/scorpion/pathoalign_capacity_matched_ablations_v1/cells/fold_1/no_adversary/seed_802/fold1-no_adversary-seed802-8fdc6cb77ab40c44/attempts/attempt_001/checkpoint.pt,6208098,0cbd919cb2125ae547aefd615b99d5264a513eab3a59f6d292124d5b49ae29ba,results/scorpion/pathoalign_capacity_matched_ablations_v1/cells/fold_1/no_adversary/seed_802/fold1-no_adversary-seed802-8fdc6cb77ab40c44/attempts/attempt_001/projected_features.npz,2847854,6730b390c4516133df8aad9b4b39b4a5fbb136bec43fb51fc89d0fcd6523777a,results/scorpion/pathoalign_capacity_matched_ablations_v1/cells/fold_1/no_adversary/seed_802/fold1-no_adversary-seed802-8fdc6cb77ab40c44/attempts/attempt_001/metrics.json,746,db088b62c4b7b3d666ae5738ab016faaef04204e41f9a90932bb31ab5fda9f43,results/scorpion/pathoalign_capacity_matched_ablations_v1/cells/fold_1/no_adversary/seed_802/fold1-no_adversary-seed802-8fdc6cb77ab40c44/attempts/attempt_001/slide_metrics.csv,1456,981435b7de26976f8d0261b5a2dfbdb84953d7542959a6e3a81aa9127054a1f9,results/scorpion/pathoalign_capacity_matched_ablations_v1/cells/fold_1/no_adversary/seed_802/fold1-no_adversary-seed802-8fdc6cb77ab40c44/attempts/attempt_001/training_history.csv,993,62521d4547a9bb5fa37dd8d36bb8fba9efc036494a41ef297bedc6919b5a60b3
fold1-no_acquisition_classifier-seed802-9815955efad004f8,no_acquisition_classifier,1,802,1,valid,59ba04450adf738aa2983dc40ecb4ff09ffa495f13d43c56edde5ec57707a2e1,0adea50f1ef22865969109f1834a3c175e3f8b43,19.786261500001274,101677056,results/scorpion/pathoalign_capacity_matched_ablations_v1/cells/fold_1/no_acquisition_classifier/seed_802/fold1-no_acquisition_classifier-seed802-9815955efad004f8/cell_manifest.json,2948,53b3b27941e4836a97830550333fbc902f9d7c82e62d5fe56e4b90555f18460c,results/scorpion/pathoalign_capacity_matched_ablations_v1/cells/fold_1/no_acquisition_classifier/seed_802/fold1-no_acquisition_classifier-seed802-9815955efad004f8/attempts/attempt_001/checkpoint.pt,6208098,b103c3e49ddda4e5ab5b9866a476bddafac6ffbc178b783469aa07137b04bc09,results/scorpion/pathoalign_capacity_matched_ablations_v1/cells/fold_1/no_acquisition_classifier/seed_802/fold1-no_acquisition_classifier-seed802-9815955efad004f8/attempts/attempt_001/projected_features.npz,2851094,197d45f51761e96bb0e5e277e0c311c98efdff5ae016202d6476d3ea1239ada4,results/scorpion/pathoalign_capacity_matched_ablations_v1/cells/fold_1/no_acquisition_classifier/seed_802/fold1-no_acquisition_classifier-seed802-9815955efad004f8/attempts/attempt_001/metrics.json,759,f2e72edcccdeaef6756588fe15589f0f1a8d7a4e44fd0f7f7b2324f3dda59967,results/scorpion/pathoalign_capacity_matched_ablations_v1/cells/fold_1/no_acquisition_classifier/seed_802/fold1-no_acquisition_classifier-seed802-9815955efad004f8/attempts/attempt_001/slide_metrics.csv,1717,41ae3e2d6b3e207c790fd88829b78ba137d1af61cfdf5abba904fd4b3f0c269f,results/scorpion/pathoalign_capacity_matched_ablations_v1/cells/fold_1/no_acquisition_classifier/seed_802/fold1-no_acquisition_classifier-seed802-9815955efad004f8/attempts/attempt_001/training_history.csv,1037,e026243bab2ea3b4a31e996929b8f152a14f78f4e5f6bafe3ab97eeb3e77a24b
fold1-no_scanner_dependence-seed802-0fe941dfad682d61,no_scanner_dependence,1,802,1,valid,59ba04450adf738aa2983dc40ecb4ff09ffa495f13d43c56edde5ec57707a2e1,0adea50f1ef22865969109f1834a3c175e3f8b43,21.075890600001003,101677056,results/scorpion/pathoalign_capacity_matched_ablations_v1/cells/fold_1/no_scanner_dependence/seed_802/fold1-no_scanner_dependence-seed802-0fe941dfad682d61/cell_manifest.json,2937,5c3e79f003ec16345f8cc446fef314f89462f57fb7bd6eaea17d9038814ec10e,results/scorpion/pathoalign_capacity_matched_ablations_v1/cells/fold_1/no_scanner_dependence/seed_802/fold1-no_scanner_dependence-seed802-0fe941dfad682d61/attempts/attempt_001/checkpoint.pt,6208098,9333ccf099d8d5918aac3f9546bc7acd2f31d2b6c864450c2361fa3e8ba30db8,results/scorpion/pathoalign_capacity_matched_ablations_v1/cells/fold_1/no_scanner_dependence/seed_802/fold1-no_scanner_dependence-seed802-0fe941dfad682d61/attempts/attempt_001/projected_features.npz,2851269,1a01fbbd54b2a4d46a79bc41dbf40c9332f3d26f25f2fa207638d812af2bb641,results/scorpion/pathoalign_capacity_matched_ablations_v1/cells/fold_1/no_scanner_dependence/seed_802/fold1-no_scanner_dependence-seed802-0fe941dfad682d61/attempts/attempt_001/metrics.json,764,256c53434467284e9b0604b7533a92c316518c2cebda101b2a0b496785fc8a2e,results/scorpion/pathoalign_capacity_matched_ablations_v1/cells/fold_1/no_scanner_dependence/seed_802/fold1-no_scanner_dependence-seed802-0fe941dfad682d61/attempts/attempt_001/slide_metrics.csv,1640,d7f2069737843258f8b5ea33c49d469fffcd65874bf7b97141baeec39b44fdad,results/scorpion/pathoalign_capacity_matched_ablations_v1/cells/fold_1/no_scanner_dependence/seed_802/fold1-no_scanner_dependence-seed802-0fe941dfad682d61/attempts/attempt_001/training_history.csv,981,42f52ec0de569f48e2ea89343e05c1da91251604e0f426f7ddf57e95bde00aa1
fold1-no_cross_covariance-seed802-ad57331268ca15f1,no_cross_covariance,1,802,1,valid,59ba04450adf738aa2983dc40ecb4ff09ffa495f13d43c56edde5ec57707a2e1,0adea50f1ef22865969109f1834a3c175e3f8b43,20.13967269999921,101677056,results/scorpion/pathoalign_capacity_matched_ablations_v1/cells/fold_1/no_cross_covariance/seed_802/fold1-no_cross_covariance-seed802-ad57331268ca15f1/cell_manifest.json,2934,7bbb0665a961cd2651ff5360995759ab12b87093d7e41e2afdbf1d4d7e061c50,results/scorpion/pathoalign_capacity_matched_ablations_v1/cells/fold_1/no_cross_covariance/seed_802/fold1-no_cross_covariance-seed802-ad57331268ca15f1/attempts/attempt_001/checkpoint.pt,6208098,316fd018b8d9d7b07d5d045454648e6a892e36d4a74db11556278c4bd54e5aca,results/scorpion/pathoalign_capacity_matched_ablations_v1/cells/fold_1/no_cross_covariance/seed_802/fold1-no_cross_covariance-seed802-ad57331268ca15f1/attempts/attempt_001/projected_features.npz,2848792,f59b31d822137013dc41101bc6b0b91c3412edd03f3405466f6374856b48514b,results/scorpion/pathoalign_capacity_matched_ablations_v1/cells/fold_1/no_cross_covariance/seed_802/fold1-no_cross_covariance-seed802-ad57331268ca15f1/attempts/attempt_001/metrics.json,749,b66245923922e78fb36edc11500cd5a5b10135332cff57cb0602a8668123883f,results/scorpion/pathoalign_capacity_matched_ablations_v1/cells/fold_1/no_cross_covariance/seed_802/fold1-no_cross_covariance-seed802-ad57331268ca15f1/attempts/attempt_001/slide_metrics.csv,1595,d60912c68eb8322e36d27991df4b041881f7a0c714012408376de1d07e6ab525,results/scorpion/pathoalign_capacity_matched_ablations_v1/cells/fold_1/no_cross_covariance/seed_802/fold1-no_cross_covariance-seed802-ad57331268ca15f1/attempts/attempt_001/training_history.csv,986,2a34e41d528c08fee8dd7778567d43ea51dd9b2fb9e228b2f38492739ce7bdbd
fold1-paired_reference-seed803-b66e437d5e0e41d7,paired_reference,1,803,1,valid,59ba04450adf738aa2983dc40ecb4ff09ffa495f13d43c56edde5ec57707a2e1,0adea50f1ef22865969109f1834a3c175e3f8b43,10.572960200002854,92233728,results/scorpion/pathoalign_capacity_matched_ablations_v1/cells/fold_1/paired_reference/seed_803/fold1-paired_reference-seed803-b66e437d5e0e41d7/cell_manifest.json,2928,b6d53d4c55aac1c5eaa2e78219b97f24392902cafc99e82b9effa57010bc37a1,results/scorpion/pathoalign_capacity_matched_ablations_v1/cells/fold_1/paired_reference/seed_803/fold1-paired_reference-seed803-b66e437d5e0e41d7/attempts/attempt_001/checkpoint.pt,4210786,c80691845d20f733b7849d2b5ad3642ce55a8cf1bb6952637c063e72e18f52c4,results/scorpion/pathoalign_capacity_matched_ablations_v1/cells/fold_1/paired_reference/seed_803/fold1-paired_reference-seed803-b66e437d5e0e41d7/attempts/attempt_001/projected_features.npz,2280554,ef34c32fa0338caa280a5abb5e6e2def6680bacb538c1d31111b33228c77bb1a,results/scorpion/pathoalign_capacity_matched_ablations_v1/cells/fold_1/paired_reference/seed_803/fold1-paired_reference-seed803-b66e437d5e0e41d7/attempts/attempt_001/metrics.json,700,147fe17d6993ec8216cc4c4c087ea523d5170ba244e65b645072d86c7a7ce216,results/scorpion/pathoalign_capacity_matched_ablations_v1/cells/fold_1/paired_reference/seed_803/fold1-paired_reference-seed803-b66e437d5e0e41d7/attempts/attempt_001/slide_metrics.csv,1499,d42cf52a867319c2060b94efcfa5425b6323a84cc6093f937c5e5e441991b8c7,results/scorpion/pathoalign_capacity_matched_ablations_v1/cells/fold_1/paired_reference/seed_803/fold1-paired_reference-seed803-b66e437d5e0e41d7/attempts/attempt_001/training_history.csv,512,90b9a1919f5649b384283e66ddb90939a8572cc336b8e2f8dbe0db36772a58a0
fold1-two_branch_no_scanner_objectives-seed803-961041ff3486cb22,two_branch_no_scanner_objectives,1,803,1,valid,59ba04450adf738aa2983dc40ecb4ff09ffa495f13d43c56edde5ec57707a2e1,0adea50f1ef22865969109f1834a3c175e3f8b43,20.263265800000227,101677056,results/scorpion/pathoalign_capacity_matched_ablations_v1/cells/fold_1/two_branch_no_scanner_objectives/seed_803/fold1-two_branch_no_scanner_objectives-seed803-961041ff3486cb22/cell_manifest.json,2962,01acdacea4825ebb01b38f1e4d15915394609d80cd91c82c89e86ebc52d557b0,results/scorpion/pathoalign_capacity_matched_ablations_v1/cells/fold_1/two_branch_no_scanner_objectives/seed_803/fold1-two_branch_no_scanner_objectives-seed803-961041ff3486cb22/attempts/attempt_001/checkpoint.pt,6208098,820cc8f3de72935502afff0736d66a623ba1aa8d88939354c2259235a7648ce2,results/scorpion/pathoalign_capacity_matched_ablations_v1/cells/fold_1/two_branch_no_scanner_objectives/seed_803/fold1-two_branch_no_scanner_objectives-seed803-961041ff3486cb22/attempts/attempt_001/projected_features.npz,2850590,55b6f9b183385a0a1a7d3d518900d2c17bd10bf2b1a3c28a493c552cad6367b3,results/scorpion/pathoalign_capacity_matched_ablations_v1/cells/fold_1/two_branch_no_scanner_objectives/seed_803/fold1-two_branch_no_scanner_objectives-seed803-961041ff3486cb22/attempts/attempt_001/metrics.json,781,28890de53cdc5580f7fddd1798a72c8ccda57afc88b54e11b51c9243dd2b7050,results/scorpion/pathoalign_capacity_matched_ablations_v1/cells/fold_1/two_branch_no_scanner_objectives/seed_803/fold1-two_branch_no_scanner_objectives-seed803-961041ff3486cb22/attempts/attempt_001/slide_metrics.csv,1855,ef38efad6de1baf38464b3f1b4007771c4c524fee5b05855cd729340e63642c1,results/scorpion/pathoalign_capacity_matched_ablations_v1/cells/fold_1/two_branch_no_scanner_objectives/seed_803/fold1-two_branch_no_scanner_objectives-seed803-961041ff3486cb22/attempts/attempt_001/training_history.csv,1033,e7cfc5f31089fdb204e4406a1ee5e3088f85125dedf9e521cffb3a65d5245871
fold1-pathoalign_dep20-seed803-58b3c7d8f69b2e7e,pathoalign_dep20,1,803,1,valid,59ba04450adf738aa2983dc40ecb4ff09ffa495f13d43c56edde5ec57707a2e1,0adea50f1ef22865969109f1834a3c175e3f8b43,20.953119500001776,101677056,results/scorpion/pathoalign_capacity_matched_ablations_v1/cells/fold_1/pathoalign_dep20/seed_803/fold1-pathoalign_dep20-seed803-58b3c7d8f69b2e7e/cell_manifest.json,2928,744a65c2451f6075944fe65d36d9ff6797cf4518c3e912978c500cac7a05ca7a,results/scorpion/pathoalign_capacity_matched_ablations_v1/cells/fold_1/pathoalign_dep20/seed_803/fold1-pathoalign_dep20-seed803-58b3c7d8f69b2e7e/attempts/attempt_001/checkpoint.pt,6208098,41e1a8e39a770974f818432c52f8cd0dac53b9176b1551329c845e101703fdef,results/scorpion/pathoalign_capacity_matched_ablations_v1/cells/fold_1/pathoalign_dep20/seed_803/fold1-pathoalign_dep20-seed803-58b3c7d8f69b2e7e/attempts/attempt_001/projected_features.npz,2849082,3250589a0210888f016aa2ec44f941071bbb81cb249881fc91b563592d610c2e,results/scorpion/pathoalign_capacity_matched_ablations_v1/cells/fold_1/pathoalign_dep20/seed_803/fold1-pathoalign_dep20-seed803-58b3c7d8f69b2e7e/attempts/attempt_001/metrics.json,743,8fc107993b3a464f791fdd5e836b3d8eeb165904fd69fb5201cf11f64c340458,results/scorpion/pathoalign_capacity_matched_ablations_v1/cells/fold_1/pathoalign_dep20/seed_803/fold1-pathoalign_dep20-seed803-58b3c7d8f69b2e7e/attempts/attempt_001/slide_metrics.csv,1537,45431b081da11b369712b81faabb19e940b12172b65d886012ab4abad491e6f6,results/scorpion/pathoalign_capacity_matched_ablations_v1/cells/fold_1/pathoalign_dep20/seed_803/fold1-pathoalign_dep20-seed803-58b3c7d8f69b2e7e/attempts/attempt_001/training_history.csv,982,0890c377577543d55677413dc160327883bf8f20594593d9f6391225d4a57bd4
fold1-no_adversary-seed803-106c2ecba2a70a5a,no_adversary,1,803,1,valid,59ba04450adf738aa2983dc40ecb4ff09ffa495f13d43c56edde5ec57707a2e1,0adea50f1ef22865969109f1834a3c175e3f8b43,20.755454199999804,101677056,results/scorpion/pathoalign_capacity_matched_ablations_v1/cells/fold_1/no_adversary/seed_803/fold1-no_adversary-seed803-106c2ecba2a70a5a/cell_manifest.json,2921,5a70fb8ce77e32b090141cecf799a9c2ce71019c16d8532ec17a953c4818fa57,results/scorpion/pathoalign_capacity_matched_ablations_v1/cells/fold_1/no_adversary/seed_803/fold1-no_adversary-seed803-106c2ecba2a70a5a/attempts/attempt_001/checkpoint.pt,6208098,1f8d009cfdeb9a1640018a206a419a380db84ff831f3406561f2de0e12c9c234,results/scorpion/pathoalign_capacity_matched_ablations_v1/cells/fold_1/no_adversary/seed_803/fold1-no_adversary-seed803-106c2ecba2a70a5a/attempts/attempt_001/projected_features.npz,2847508,deddf30fe1ab3c19aee57041ace1ab06ea8fc1703263194a53e3614248cb4b31,results/scorpion/pathoalign_capacity_matched_ablations_v1/cells/fold_1/no_adversary/seed_803/fold1-no_adversary-seed803-106c2ecba2a70a5a/attempts/attempt_001/metrics.json,746,84cc4a2c2b232dc74f8d37fadfdb96fb15f83c037b5d725d5a5a69c6c87ade44,results/scorpion/pathoalign_capacity_matched_ablations_v1/cells/fold_1/no_adversary/seed_803/fold1-no_adversary-seed803-106c2ecba2a70a5a/attempts/attempt_001/slide_metrics.csv,1457,dada897ddabc371a8cda54fde9dc2cf6909095739e842eb9447902184a916b2e,results/scorpion/pathoalign_capacity_matched_ablations_v1/cells/fold_1/no_adversary/seed_803/fold1-no_adversary-seed803-106c2ecba2a70a5a/attempts/attempt_001/training_history.csv,981,e73ae43f82eefe3dfa8e5d829ae20dfd8ff9047249cf7e49c089bac7866325f1
fold1-no_acquisition_classifier-seed803-37a7034b4ae0100e,no_acquisition_classifier,1,803,1,valid,59ba04450adf738aa2983dc40ecb4ff09ffa495f13d43c56edde5ec57707a2e1,0adea50f1ef22865969109f1834a3c175e3f8b43,19.489658999998937,101677056,results/scorpion/pathoalign_capacity_matched_ablations_v1/cells/fold_1/no_acquisition_classifier/seed_803/fold1-no_acquisition_classifier-seed803-37a7034b4ae0100e/cell_manifest.json,2948,9dfda261e16485282ce2a879f3362a026e2dbef9137aa588764ea4b5d142d2cc,results/scorpion/pathoalign_capacity_matched_ablations_v1/cells/fold_1/no_acquisition_classifier/seed_803/fold1-no_acquisition_classifier-seed803-37a7034b4ae0100e/attempts/attempt_001/checkpoint.pt,6208098,9f50dfc8a217a5bea3c3249d863b3f4d417a0cebb64b41e3d63faed56e4cedea,results/scorpion/pathoalign_capacity_matched_ablations_v1/cells/fold_1/no_acquisition_classifier/seed_803/fold1-no_acquisition_classifier-seed803-37a7034b4ae0100e/attempts/attempt_001/projected_features.npz,2851100,0788fde37029eec5f31f10155b1665ce00a789310df8321ca4c7808ea84acb1b,results/scorpion/pathoalign_capacity_matched_ablations_v1/cells/fold_1/no_acquisition_classifier/seed_803/fold1-no_acquisition_classifier-seed803-37a7034b4ae0100e/attempts/attempt_001/metrics.json,748,43d181950808d0b012ade72e59e5ce9b461f34ef419542cb14ad6c8b38a37083,results/scorpion/pathoalign_capacity_matched_ablations_v1/cells/fold_1/no_acquisition_classifier/seed_803/fold1-no_acquisition_classifier-seed803-37a7034b4ae0100e/attempts/attempt_001/slide_metrics.csv,1716,bb73fb38d5f7b7acf8e4e409d1ef94504610aceb5bad99cab467e6d972750c28,results/scorpion/pathoalign_capacity_matched_ablations_v1/cells/fold_1/no_acquisition_classifier/seed_803/fold1-no_acquisition_classifier-seed803-37a7034b4ae0100e/attempts/attempt_001/training_history.csv,1030,6d24e71670c472709c4c85580423b1a1501e15a0d971616314314651cef95a45
fold1-no_scanner_dependence-seed803-4f4045983e43dc7f,no_scanner_dependence,1,803,1,valid,59ba04450adf738aa2983dc40ecb4ff09ffa495f13d43c56edde5ec57707a2e1,0adea50f1ef22865969109f1834a3c175e3f8b43,20.484147699997266,101677056,results/scorpion/pathoalign_capacity_matched_ablations_v1/cells/fold_1/no_scanner_dependence/seed_803/fold1-no_scanner_dependence-seed803-4f4045983e43dc7f/cell_manifest.json,2939,9a3e71cdd2bebc25becaf8e0ad270715399702276ce08a0fefbb0292567dc75d,results/scorpion/pathoalign_capacity_matched_ablations_v1/cells/fold_1/no_scanner_dependence/seed_803/fold1-no_scanner_dependence-seed803-4f4045983e43dc7f/attempts/attempt_001/checkpoint.pt,6208098,752af6c7b2e5b5d1395cf9f20b144990580a0e77cb55443933aac8bf3842809e,results/scorpion/pathoalign_capacity_matched_ablations_v1/cells/fold_1/no_scanner_dependence/seed_803/fold1-no_scanner_dependence-seed803-4f4045983e43dc7f/attempts/attempt_001/projected_features.npz,2851647,3f227704db1376444541b23b2ad920183905bed94c9247533bd764d4275212bd,results/scorpion/pathoalign_capacity_matched_ablations_v1/cells/fold_1/no_scanner_dependence/seed_803/fold1-no_scanner_dependence-seed803-4f4045983e43dc7f/attempts/attempt_001/metrics.json,736,40fa3a65b648a22bffb14cb82de80bdea218243afec3a401d7d0e1ef3b7dc3e5,results/scorpion/pathoalign_capacity_matched_ablations_v1/cells/fold_1/no_scanner_dependence/seed_803/fold1-no_scanner_dependence-seed803-4f4045983e43dc7f/attempts/attempt_001/slide_metrics.csv,1637,220cfdcc5418895b7d24aea36a28413a12e3522f43f93db2dee2fb06bb8c040f,results/scorpion/pathoalign_capacity_matched_ablations_v1/cells/fold_1/no_scanner_dependence/seed_803/fold1-no_scanner_dependence-seed803-4f4045983e43dc7f/attempts/attempt_001/training_history.csv,1003,a41d428546f0dbf6fddc33061c0859a3fdf5531dd64d31be7aa2e89cf43a1fb5
fold1-no_cross_covariance-seed803-9a1a8b193377103d,no_cross_covariance,1,803,1,valid,59ba04450adf738aa2983dc40ecb4ff09ffa495f13d43c56edde5ec57707a2e1,0adea50f1ef22865969109f1834a3c175e3f8b43,17.767193899999256,101677056,results/scorpion/pathoalign_capacity_matched_ablations_v1/cells/fold_1/no_cross_covariance/seed_803/fold1-no_cross_covariance-seed803-9a1a8b193377103d/cell_manifest.json,2934,a39d1a9d6a6f4c08fb9ecf2cc326206b0bfa7679149329c9e9b2e60d2ae4bc70,results/scorpion/pathoalign_capacity_matched_ablations_v1/cells/fold_1/no_cross_covariance/seed_803/fold1-no_cross_covariance-seed803-9a1a8b193377103d/attempts/attempt_001/checkpoint.pt,6208098,27fd09f0f2fba76098929253bdd37f8b83f3ea3c5405eae6a2f032d77ba5d5c5,results/scorpion/pathoalign_capacity_matched_ablations_v1/cells/fold_1/no_cross_covariance/seed_803/fold1-no_cross_covariance-seed803-9a1a8b193377103d/attempts/attempt_001/projected_features.npz,2848540,1701f48c84b2d59cc28b0b3587ebce41d2df1b67379c474498e7bc2f31680284,results/scorpion/pathoalign_capacity_matched_ablations_v1/cells/fold_1/no_cross_covariance/seed_803/fold1-no_cross_covariance-seed803-9a1a8b193377103d/attempts/attempt_001/metrics.json,732,239e5a227bf56919deb490397468d4affc25472549971b78643012233e1bd4ed,results/scorpion/pathoalign_capacity_matched_ablations_v1/cells/fold_1/no_cross_covariance/seed_803/fold1-no_cross_covariance-seed803-9a1a8b193377103d/attempts/attempt_001/slide_metrics.csv,1594,9d681e1b15643aa36f07bcf29e012217714691aa34a12d1ce2f2a8b52eeae000,results/scorpion/pathoalign_capacity_matched_ablations_v1/cells/fold_1/no_cross_covariance/seed_803/fold1-no_cross_covariance-seed803-9a1a8b193377103d/attempts/attempt_001/training_history.csv,981,51fca01a0af65121c4527fc17543bdc2c406815714fd68e7defb712620ff9362
fold1-paired_reference-seed804-68535c0d89549d38,paired_reference,1,804,1,valid,59ba04450adf738aa2983dc40ecb4ff09ffa495f13d43c56edde5ec57707a2e1,0adea50f1ef22865969109f1834a3c175e3f8b43,10.229636000000028,92233728,results/scorpion/pathoalign_capacity_matched_ablations_v1/cells/fold_1/paired_reference/seed_804/fold1-paired_reference-seed804-68535c0d89549d38/cell_manifest.json,2928,2deb45e34c7f1447d33291f72cf352e744774df9e0cfff165f613e369f5bf32c,results/scorpion/pathoalign_capacity_matched_ablations_v1/cells/fold_1/paired_reference/seed_804/fold1-paired_reference-seed804-68535c0d89549d38/attempts/attempt_001/checkpoint.pt,4210786,bc082a1d0bce75c22775208324057e7946300d7f2ae1b1d7f0861435449ebb4b,results/scorpion/pathoalign_capacity_matched_ablations_v1/cells/fold_1/paired_reference/seed_804/fold1-paired_reference-seed804-68535c0d89549d38/attempts/attempt_001/projected_features.npz,2280005,0a82f63603d287b395b773ca02bdf401b1376127dc447f6a380ef22763fed479,results/scorpion/pathoalign_capacity_matched_ablations_v1/cells/fold_1/paired_reference/seed_804/fold1-paired_reference-seed804-68535c0d89549d38/attempts/attempt_001/metrics.json,699,154ada92d77b8f4836dfde2b3d08f812b6c0e6206b98158d88841fcdd9c27e23,results/scorpion/pathoalign_capacity_matched_ablations_v1/cells/fold_1/paired_reference/seed_804/fold1-paired_reference-seed804-68535c0d89549d38/attempts/attempt_001/slide_metrics.csv,1500,ddd1ad0d597c9ceb711d35041455de4003e5b158a6ba636046ebdc612759e4f0,results/scorpion/pathoalign_capacity_matched_ablations_v1/cells/fold_1/paired_reference/seed_804/fold1-paired_reference-seed804-68535c0d89549d38/attempts/attempt_001/training_history.csv,513,9349aed08e86bcc6d3116bc449b23f8a88d3fb746bb56a0c95074398acb20fc9
fold1-two_branch_no_scanner_objectives-seed804-efbece1f1c4af4c8,two_branch_no_scanner_objectives,1,804,1,valid,59ba04450adf738aa2983dc40ecb4ff09ffa495f13d43c56edde5ec57707a2e1,0adea50f1ef22865969109f1834a3c175e3f8b43,18.418281999998726,101677056,results/scorpion/pathoalign_capacity_matched_ablations_v1/cells/fold_1/two_branch_no_scanner_objectives/seed_804/fold1-two_branch_no_scanner_objectives-seed804-efbece1f1c4af4c8/cell_manifest.json,2961,3eaff997353464b8554c5676d5bde54a29f34e499c2342a3f5497596aa11c8fb,results/scorpion/pathoalign_capacity_matched_ablations_v1/cells/fold_1/two_branch_no_scanner_objectives/seed_804/fold1-two_branch_no_scanner_objectives-seed804-efbece1f1c4af4c8/attempts/attempt_001/checkpoint.pt,6208098,92b607b708d7f968c407d1620f3e65cec64da494b98f5d008eb53ffc78ec87b5,results/scorpion/pathoalign_capacity_matched_ablations_v1/cells/fold_1/two_branch_no_scanner_objectives/seed_804/fold1-two_branch_no_scanner_objectives-seed804-efbece1f1c4af4c8/attempts/attempt_001/projected_features.npz,2850507,ed104cc9e4454457a8db368c65856f50a70cfe73a740725c55c7c2bfbaa12957,results/scorpion/pathoalign_capacity_matched_ablations_v1/cells/fold_1/two_branch_no_scanner_objectives/seed_804/fold1-two_branch_no_scanner_objectives-seed804-efbece1f1c4af4c8/attempts/attempt_001/metrics.json,800,7e219b6b69d866df5c014cec32622d5f3da95c9acc4e67a5059f886ad3745c77,results/scorpion/pathoalign_capacity_matched_ablations_v1/cells/fold_1/two_branch_no_scanner_objectives/seed_804/fold1-two_branch_no_scanner_objectives-seed804-efbece1f1c4af4c8/attempts/attempt_001/slide_metrics.csv,1852,b965527d51fd2a2546f9886f086d415521e46a0acc409d4cc57161b36d763d03,results/scorpion/pathoalign_capacity_matched_ablations_v1/cells/fold_1/two_branch_no_scanner_objectives/seed_804/fold1-two_branch_no_scanner_objectives-seed804-efbece1f1c4af4c8/attempts/attempt_001/training_history.csv,974,06bb2972988c2c8405c6822038a3c26494e1804752ecc2229193c5e0584706da
fold1-pathoalign_dep20-seed804-21a14c66d0cf592c,pathoalign_dep20,1,804,1,valid,59ba04450adf738aa2983dc40ecb4ff09ffa495f13d43c56edde5ec57707a2e1,0adea50f1ef22865969109f1834a3c175e3f8b43,19.23267499999929,101677056,results/scorpion/pathoalign_capacity_matched_ablations_v1/cells/fold_1/pathoalign_dep20/seed_804/fold1-pathoalign_dep20-seed804-21a14c66d0cf592c/cell_manifest.json,2928,08178e58c49131facff16d4b4d982baab98b6c223b24e9a31b62873025afb093,results/scorpion/pathoalign_capacity_matched_ablations_v1/cells/fold_1/pathoalign_dep20/seed_804/fold1-pathoalign_dep20-seed804-21a14c66d0cf592c/attempts/attempt_001/checkpoint.pt,6208098,4518d07614aa11b608399327569c7bdf852d3ba31d512616366c64e9bccf1c8a,results/scorpion/pathoalign_capacity_matched_ablations_v1/cells/fold_1/pathoalign_dep20/seed_804/fold1-pathoalign_dep20-seed804-21a14c66d0cf592c/attempts/attempt_001/projected_features.npz,2848871,33f954e770665a559cd03513a7a66029abe93bd656ccdbee668356cd1015ece5,results/scorpion/pathoalign_capacity_matched_ablations_v1/cells/fold_1/pathoalign_dep20/seed_804/fold1-pathoalign_dep20-seed804-21a14c66d0cf592c/attempts/attempt_001/metrics.json,770,42b46ece586ea21df6baee98fadb97bd41f6981e30481a4143a124800b413feb,results/scorpion/pathoalign_capacity_matched_ablations_v1/cells/fold_1/pathoalign_dep20/seed_804/fold1-pathoalign_dep20-seed804-21a14c66d0cf592c/attempts/attempt_001/slide_metrics.csv,1533,dfb2d7e61828524f789d9c605b52dd49b91166887cf8e182d683f9a405aae4f4,results/scorpion/pathoalign_capacity_matched_ablations_v1/cells/fold_1/pathoalign_dep20/seed_804/fold1-pathoalign_dep20-seed804-21a14c66d0cf592c/attempts/attempt_001/training_history.csv,982,44c9d6a87d62053632840cf3aa632456d7bbc2449002e70898d390bda635e3c5
fold1-no_adversary-seed804-031b9cfadaa94514,no_adversary,1,804,1,valid,59ba04450adf738aa2983dc40ecb4ff09ffa495f13d43c56edde5ec57707a2e1,0adea50f1ef22865969109f1834a3c175e3f8b43,18.567207200001576,101677056,results/scorpion/pathoalign_capacity_matched_ablations_v1/cells/fold_1/no_adversary/seed_804/fold1-no_adversary-seed804-031b9cfadaa94514/cell_manifest.json,2921,56e658f88e29b5e39b50620657ce2b0588f453b209d003e83d8cacaf15558ba5,results/scorpion/pathoalign_capacity_matched_ablations_v1/cells/fold_1/no_adversary/seed_804/fold1-no_adversary-seed804-031b9cfadaa94514/attempts/attempt_001/checkpoint.pt,6208098,39b443c31905ee1ac5f5910a0c3eadfc8999f007cd3a58bf102aefebf7e32553,results/scorpion/pathoalign_capacity_matched_ablations_v1/cells/fold_1/no_adversary/seed_804/fold1-no_adversary-seed804-031b9cfadaa94514/attempts/attempt_001/projected_features.npz,2847014,dd2456f2967b7e26fc74a2b0608bed19c66a6de538d4d714ea3a935c1c5676e1,results/scorpion/pathoalign_capacity_matched_ablations_v1/cells/fold_1/no_adversary/seed_804/fold1-no_adversary-seed804-031b9cfadaa94514/attempts/attempt_001/metrics.json,720,ca0fb29380cd4ca65fbaa6a897f3fcac1471c7a84ece843cc542aa054c783571,results/scorpion/pathoalign_capacity_matched_ablations_v1/cells/fold_1/no_adversary/seed_804/fold1-no_adversary-seed804-031b9cfadaa94514/attempts/attempt_001/slide_metrics.csv,1456,f20bd1dfc333f78793f0aad7ff8e5646fb19929e0780ba6908c3b872d054608b,results/scorpion/pathoalign_capacity_matched_ablations_v1/cells/fold_1/no_adversary/seed_804/fold1-no_adversary-seed804-031b9cfadaa94514/attempts/attempt_001/training_history.csv,980,337bfe451f8d3b1de1465b0be3bacbfa333b21080d0002c37c1c9b09f9e5d801
fold1-no_acquisition_classifier-seed804-78dea2eccd90f3f3,no_acquisition_classifier,1,804,1,valid,59ba04450adf738aa2983dc40ecb4ff09ffa495f13d43c56edde5ec57707a2e1,0adea50f1ef22865969109f1834a3c175e3f8b43,17.21944269999949,101677056,results/scorpion/pathoalign_capacity_matched_ablations_v1/cells/fold_1/no_acquisition_classifier/seed_804/fold1-no_acquisition_classifier-seed804-78dea2eccd90f3f3/cell_manifest.json,2945,1801efd68bf7720784efdef67671eded1beba41019532d6e66379bf7e2d94300,results/scorpion/pathoalign_capacity_matched_ablations_v1/cells/fold_1/no_acquisition_classifier/seed_804/fold1-no_acquisition_classifier-seed804-78dea2eccd90f3f3/attempts/attempt_001/checkpoint.pt,6208098,6f9498208bf0219509d1c2ce0304504b25e648965d4dcd7309efdaac0c2b01f8,results/scorpion/pathoalign_capacity_matched_ablations_v1/cells/fold_1/no_acquisition_classifier/seed_804/fold1-no_acquisition_classifier-seed804-78dea2eccd90f3f3/attempts/attempt_001/projected_features.npz,2850739,81f779103d76d2ec77615542553b45efd42c48b57ecc35f640836edd8069ab32,results/scorpion/pathoalign_capacity_matched_ablations_v1/cells/fold_1/no_acquisition_classifier/seed_804/fold1-no_acquisition_classifier-seed804-78dea2eccd90f3f3/attempts/attempt_001/metrics.json,758,e681f5f2fb2ffe961c74e6bb860830aea5391b15527f41ca144249289acd0aff,results/scorpion/pathoalign_capacity_matched_ablations_v1/cells/fold_1/no_acquisition_classifier/seed_804/fold1-no_acquisition_classifier-seed804-78dea2eccd90f3f3/attempts/attempt_001/slide_metrics.csv,1714,984693fb9b7981733a3796acfa07b625aa437654bb7d9c99ae0bb2d9569f9499,results/scorpion/pathoalign_capacity_matched_ablations_v1/cells/fold_1/no_acquisition_classifier/seed_804/fold1-no_acquisition_classifier-seed804-78dea2eccd90f3f3/attempts/attempt_001/training_history.csv,1031,8ecfeb768adfce9951837ff4c92d3c2173014c66fc658bfa19d7a8a37e626f85
fold1-no_scanner_dependence-seed804-acccd5f6712cf531,no_scanner_dependence,1,804,1,valid,59ba04450adf738aa2983dc40ecb4ff09ffa495f13d43c56edde5ec57707a2e1,0adea50f1ef22865969109f1834a3c175e3f8b43,17.667769399999088,101677056,results/scorpion/pathoalign_capacity_matched_ablations_v1/cells/fold_1/no_scanner_dependence/seed_804/fold1-no_scanner_dependence-seed804-acccd5f6712cf531/cell_manifest.json,2938,f3e90df326bf11a602d9d2b94c5ab41f3c7066fde72676ae408512dd787dab6c,results/scorpion/pathoalign_capacity_matched_ablations_v1/cells/fold_1/no_scanner_dependence/seed_804/fold1-no_scanner_dependence-seed804-acccd5f6712cf531/attempts/attempt_001/checkpoint.pt,6208098,89f647092542e769520ae3f9c65af675590cdcaeca5da1ffa722da74542f1f9f,results/scorpion/pathoalign_capacity_matched_ablations_v1/cells/fold_1/no_scanner_dependence/seed_804/fold1-no_scanner_dependence-seed804-acccd5f6712cf531/attempts/attempt_001/projected_features.npz,2850995,f56ec3ba6932369908d3d94e68efbb8420bc64f9a93f891918902a66dde87cec,results/scorpion/pathoalign_capacity_matched_ablations_v1/cells/fold_1/no_scanner_dependence/seed_804/fold1-no_scanner_dependence-seed804-acccd5f6712cf531/attempts/attempt_001/metrics.json,751,5660d9e508fd7abcf05692de34fdb4174ebe2707fb07f19f7308fa6ff2b0c9fb,results/scorpion/pathoalign_capacity_matched_ablations_v1/cells/fold_1/no_scanner_dependence/seed_804/fold1-no_scanner_dependence-seed804-acccd5f6712cf531/attempts/attempt_001/slide_metrics.csv,1637,58b1d8946f2c8e67406a3d521d564314ea9bdace233ff81fff22663b25b6b02d,results/scorpion/pathoalign_capacity_matched_ablations_v1/cells/fold_1/no_scanner_dependence/seed_804/fold1-no_scanner_dependence-seed804-acccd5f6712cf531/attempts/attempt_001/training_history.csv,981,6378eb18132ccf6e85118a4d320c8733290fb0b42660c35af109273079d7ad20
fold1-no_cross_covariance-seed804-fb7e08e5cec28f44,no_cross_covariance,1,804,1,valid,59ba04450adf738aa2983dc40ecb4ff09ffa495f13d43c56edde5ec57707a2e1,0adea50f1ef22865969109f1834a3c175e3f8b43,18.476849399998173,101677056,results/scorpion/pathoalign_capacity_matched_ablations_v1/cells/fold_1/no_cross_covariance/seed_804/fold1-no_cross_covariance-seed804-fb7e08e5cec28f44/cell_manifest.json,2932,5f9facb07cae7b320034ec5956b3996a789f3b00f81a3ce9bcc3a5f18d235490,results/scorpion/pathoalign_capacity_matched_ablations_v1/cells/fold_1/no_cross_covariance/seed_804/fold1-no_cross_covariance-seed804-fb7e08e5cec28f44/attempts/attempt_001/checkpoint.pt,6208098,1402f66a852a07f5bd651639f63660a933a183cfbc990ad53630eb4ffbb0cbd9,results/scorpion/pathoalign_capacity_matched_ablations_v1/cells/fold_1/no_cross_covariance/seed_804/fold1-no_cross_covariance-seed804-fb7e08e5cec28f44/attempts/attempt_001/projected_features.npz,2848120,293f4b9e50952eef67c372817e8fec5f3730b65dba45a0a42eb99c2126d3293b,results/scorpion/pathoalign_capacity_matched_ablations_v1/cells/fold_1/no_cross_covariance/seed_804/fold1-no_cross_covariance-seed804-fb7e08e5cec28f44/attempts/attempt_001/metrics.json,735,eb81f024528ef969ab60a8f74287068fc7781d4eb92c00aa532eb7df4b30c4a2,results/scorpion/pathoalign_capacity_matched_ablations_v1/cells/fold_1/no_cross_covariance/seed_804/fold1-no_cross_covariance-seed804-fb7e08e5cec28f44/attempts/attempt_001/slide_metrics.csv,1596,6bcbc0001476b666b18dbcfd903d5b1881a25eb1b67c8bf610be35332666e390,results/scorpion/pathoalign_capacity_matched_ablations_v1/cells/fold_1/no_cross_covariance/seed_804/fold1-no_cross_covariance-seed804-fb7e08e5cec28f44/attempts/attempt_001/training_history.csv,989,2ac3e2822eae64880bf84e83e4d806a76ef40941d91cc3ac27b641a802ce602c
fold1-paired_reference-seed805-ffdaa0768f7ce4b8,paired_reference,1,805,1,valid,59ba04450adf738aa2983dc40ecb4ff09ffa495f13d43c56edde5ec57707a2e1,0adea50f1ef22865969109f1834a3c175e3f8b43,10.355763700001262,92233728,results/scorpion/pathoalign_capacity_matched_ablations_v1/cells/fold_1/paired_reference/seed_805/fold1-paired_reference-seed805-ffdaa0768f7ce4b8/cell_manifest.json,2927,476eae14891796c37f4d48b6a5bcac7650384181e75bb78f5ddb6a8120dd9adb,results/scorpion/pathoalign_capacity_matched_ablations_v1/cells/fold_1/paired_reference/seed_805/fold1-paired_reference-seed805-ffdaa0768f7ce4b8/attempts/attempt_001/checkpoint.pt,4210786,db8f53f6b24e4012e036cf540595542eb8ff959d86a8ecdee5f418d2a54abe04,results/scorpion/pathoalign_capacity_matched_ablations_v1/cells/fold_1/paired_reference/seed_805/fold1-paired_reference-seed805-ffdaa0768f7ce4b8/attempts/attempt_001/projected_features.npz,2280802,c85d8224335160f9700e1c8e610a5fa4897996e287f78b47193ce335d0d7953f,results/scorpion/pathoalign_capacity_matched_ablations_v1/cells/fold_1/paired_reference/seed_805/fold1-paired_reference-seed805-ffdaa0768f7ce4b8/attempts/attempt_001/metrics.json,697,983d5360bb3648d755aaae35d4b5bf278e531ebd44926d6ff0a012bc76da250d,results/scorpion/pathoalign_capacity_matched_ablations_v1/cells/fold_1/paired_reference/seed_805/fold1-paired_reference-seed805-ffdaa0768f7ce4b8/attempts/attempt_001/slide_metrics.csv,1499,1af95548adf213e6822e8fb7adc9ea643f38f3cdea15b26251bce54872cea73c,results/scorpion/pathoalign_capacity_matched_ablations_v1/cells/fold_1/paired_reference/seed_805/fold1-paired_reference-seed805-ffdaa0768f7ce4b8/attempts/attempt_001/training_history.csv,511,89cfe2eeacd78563e0f89eba7a8ac1aebd92b3636b7e564c274744aff0a7edcc
fold1-two_branch_no_scanner_objectives-seed805-0b7cb7decdeb4796,two_branch_no_scanner_objectives,1,805,1,valid,59ba04450adf738aa2983dc40ecb4ff09ffa495f13d43c56edde5ec57707a2e1,0adea50f1ef22865969109f1834a3c175e3f8b43,18.943730200000573,101677056,results/scorpion/pathoalign_capacity_matched_ablations_v1/cells/fold_1/two_branch_no_scanner_objectives/seed_805/fold1-two_branch_no_scanner_objectives-seed805-0b7cb7decdeb4796/cell_manifest.json,2961,51fd37b133c416460a626c65dc88d4da2819ec5931279646fa3912946bc7fad8,results/scorpion/pathoalign_capacity_matched_ablations_v1/cells/fold_1/two_branch_no_scanner_objectives/seed_805/fold1-two_branch_no_scanner_objectives-seed805-0b7cb7decdeb4796/attempts/attempt_001/checkpoint.pt,6208098,4baa905d2ad4ec2bdef772c941ca61f862159023c70991fb2597238fed585ee8,results/scorpion/pathoalign_capacity_matched_ablations_v1/cells/fold_1/two_branch_no_scanner_objectives/seed_805/fold1-two_branch_no_scanner_objectives-seed805-0b7cb7decdeb4796/attempts/attempt_001/projected_features.npz,2850975,93e14da8dc49c6ed1d558eed04559fc3fa7b7c1029f2889d7d59e3e9fbbda6cb,results/scorpion/pathoalign_capacity_matched_ablations_v1/cells/fold_1/two_branch_no_scanner_objectives/seed_805/fold1-two_branch_no_scanner_objectives-seed805-0b7cb7decdeb4796/attempts/attempt_001/metrics.json,771,3d049c2bd69ca0fed62d2e280d3a79297213218b154258f28de4f3e9f20d313d,results/scorpion/pathoalign_capacity_matched_ablations_v1/cells/fold_1/two_branch_no_scanner_objectives/seed_805/fold1-two_branch_no_scanner_objectives-seed805-0b7cb7decdeb4796/attempts/attempt_001/slide_metrics.csv,1858,44502f4e1156772b5dad83a6f3d2b6283a1da40e981695df835ada812cbd034d,results/scorpion/pathoalign_capacity_matched_ablations_v1/cells/fold_1/two_branch_no_scanner_objectives/seed_805/fold1-two_branch_no_scanner_objectives-seed805-0b7cb7decdeb4796/attempts/attempt_001/training_history.csv,992,d80c64417066d7effe4f519a8e4cb76c585707a765f515824c4ad1d1b93b7bbd
fold1-pathoalign_dep20-seed805-adeb32993e1162cc,pathoalign_dep20,1,805,1,valid,59ba04450adf738aa2983dc40ecb4ff09ffa495f13d43c56edde5ec57707a2e1,0adea50f1ef22865969109f1834a3c175e3f8b43,20.288424999998824,101677056,results/scorpion/pathoalign_capacity_matched_ablations_v1/cells/fold_1/pathoalign_dep20/seed_805/fold1-pathoalign_dep20-seed805-adeb32993e1162cc/cell_manifest.json,2929,fb39004e4840373f2a3f0d6ba859e3408aa811770452952132a5eb75e9d76ed2,results/scorpion/pathoalign_capacity_matched_ablations_v1/cells/fold_1/pathoalign_dep20/seed_805/fold1-pathoalign_dep20-seed805-adeb32993e1162cc/attempts/attempt_001/checkpoint.pt,6208098,b91bc7f94da58d802a32c6bad80b6906752b3d12c924026d2319eba3be628192,results/scorpion/pathoalign_capacity_matched_ablations_v1/cells/fold_1/pathoalign_dep20/seed_805/fold1-pathoalign_dep20-seed805-adeb32993e1162cc/attempts/attempt_001/projected_features.npz,2849004,b1d6836f9fc884663d267a379985347bba14975ba6504936afd55b4bd881ecce,results/scorpion/pathoalign_capacity_matched_ablations_v1/cells/fold_1/pathoalign_dep20/seed_805/fold1-pathoalign_dep20-seed805-adeb32993e1162cc/attempts/attempt_001/metrics.json,756,4265ba550a6556665044e3d999d94d227be4a2d08413f3e9af93f22236b7e791,results/scorpion/pathoalign_capacity_matched_ablations_v1/cells/fold_1/pathoalign_dep20/seed_805/fold1-pathoalign_dep20-seed805-adeb32993e1162cc/attempts/attempt_001/slide_metrics.csv,1538,219fcf1cc937e86a1b6f6de0d5a8d58feccaf7dba7a17bc72e1f28e15cf900a4,results/scorpion/pathoalign_capacity_matched_ablations_v1/cells/fold_1/pathoalign_dep20/seed_805/fold1-pathoalign_dep20-seed805-adeb32993e1162cc/attempts/attempt_001/training_history.csv,987,e632818029a29551ea032d65443ed2441c0662ffc641641b400e63145a218c92
fold1-no_adversary-seed805-a0fde1f46523ac3e,no_adversary,1,805,1,valid,59ba04450adf738aa2983dc40ecb4ff09ffa495f13d43c56edde5ec57707a2e1,0adea50f1ef22865969109f1834a3c175e3f8b43,18.1291186999988,101677056,results/scorpion/pathoalign_capacity_matched_ablations_v1/cells/fold_1/no_adversary/seed_805/fold1-no_adversary-seed805-a0fde1f46523ac3e/cell_manifest.json,2919,05b687b5e4d0facc13ca4168ea8819420a532fdbe70d59dcf2418fda9ccaa93d,results/scorpion/pathoalign_capacity_matched_ablations_v1/cells/fold_1/no_adversary/seed_805/fold1-no_adversary-seed805-a0fde1f46523ac3e/attempts/attempt_001/checkpoint.pt,6208098,72a65ba680f9b66adfd3d1f3b6102e211ceab3d347450722ba52ffb64bb9d0e5,results/scorpion/pathoalign_capacity_matched_ablations_v1/cells/fold_1/no_adversary/seed_805/fold1-no_adversary-seed805-a0fde1f46523ac3e/attempts/attempt_001/projected_features.npz,2847452,6d63db765d7040edae1778301feb27e2a315f3d2fd4f517d18a0c43bb3637e9d,results/scorpion/pathoalign_capacity_matched_ablations_v1/cells/fold_1/no_adversary/seed_805/fold1-no_adversary-seed805-a0fde1f46523ac3e/attempts/attempt_001/metrics.json,731,486f6a67dc837f04571d3a2919080ac11486a766b40d70af4a57e5902084e93a,results/scorpion/pathoalign_capacity_matched_ablations_v1/cells/fold_1/no_adversary/seed_805/fold1-no_adversary-seed805-a0fde1f46523ac3e/attempts/attempt_001/slide_metrics.csv,1457,7c72e849252c3e0b12ab460930af251fadc8c7330131af8ed0672718e0ebf5e3,results/scorpion/pathoalign_capacity_matched_ablations_v1/cells/fold_1/no_adversary/seed_805/fold1-no_adversary-seed805-a0fde1f46523ac3e/attempts/attempt_001/training_history.csv,984,945d0d29509e11889214a8e4a6e67f7879e1c9f199749dfa53d0c1ab64f49744
fold1-no_acquisition_classifier-seed805-2eb4789a82dae741,no_acquisition_classifier,1,805,1,valid,59ba04450adf738aa2983dc40ecb4ff09ffa495f13d43c56edde5ec57707a2e1,0adea50f1ef22865969109f1834a3c175e3f8b43,18.61953810000341,101677056,results/scorpion/pathoalign_capacity_matched_ablations_v1/cells/fold_1/no_acquisition_classifier/seed_805/fold1-no_acquisition_classifier-seed805-2eb4789a82dae741/cell_manifest.json,2947,73e2fb31bdfcaa06cb6cccedb71e7f7cebd5d9edd5a2f0931a9eb830239bebce,results/scorpion/pathoalign_capacity_matched_ablations_v1/cells/fold_1/no_acquisition_classifier/seed_805/fold1-no_acquisition_classifier-seed805-2eb4789a82dae741/attempts/attempt_001/checkpoint.pt,6208098,7a320342747e94082311f7521a0acba906ce329c5bdbf6ca962880cfe429e944,results/scorpion/pathoalign_capacity_matched_ablations_v1/cells/fold_1/no_acquisition_classifier/seed_805/fold1-no_acquisition_classifier-seed805-2eb4789a82dae741/attempts/attempt_001/projected_features.npz,2850711,ae19c3c465611ffa0534d062e8bf881d10b75ed22be797528c8b0b9ba68815f8,results/scorpion/pathoalign_capacity_matched_ablations_v1/cells/fold_1/no_acquisition_classifier/seed_805/fold1-no_acquisition_classifier-seed805-2eb4789a82dae741/attempts/attempt_001/metrics.json,760,6ef7fbadd14da60f9cc7b9b7d044b48bb4e20f4b4f1b3b0affcac8fdc6cefa83,results/scorpion/pathoalign_capacity_matched_ablations_v1/cells/fold_1/no_acquisition_classifier/seed_805/fold1-no_acquisition_classifier-seed805-2eb4789a82dae741/attempts/attempt_001/slide_metrics.csv,1717,9a1f52f66a76dee9a059884e84d1f9ec97148ad4c14e1b41ea4c0075730ed093,results/scorpion/pathoalign_capacity_matched_ablations_v1/cells/fold_1/no_acquisition_classifier/seed_805/fold1-no_acquisition_classifier-seed805-2eb4789a82dae741/attempts/attempt_001/training_history.csv,1025,eb550cdc64ec63aaf2fff0d22bb489e53039fffeaf06d179849563e0a74185b6
fold1-no_scanner_dependence-seed805-acf706e132e10069,no_scanner_dependence,1,805,1,valid,59ba04450adf738aa2983dc40ecb4ff09ffa495f13d43c56edde5ec57707a2e1,0adea50f1ef22865969109f1834a3c175e3f8b43,18.502007299997786,101677056,results/scorpion/pathoalign_capacity_matched_ablations_v1/cells/fold_1/no_scanner_dependence/seed_805/fold1-no_scanner_dependence-seed805-acf706e132e10069/cell_manifest.json,2938,48616b103b8e9b58a14a0275c5f1c64b22e6d724c925452d755ba178fc81993a,results/scorpion/pathoalign_capacity_matched_ablations_v1/cells/fold_1/no_scanner_dependence/seed_805/fold1-no_scanner_dependence-seed805-acf706e132e10069/attempts/attempt_001/checkpoint.pt,6208098,ac59349c5fb2367bd84be93aa2d8df8de0dc8c3e25ae4d55d943245c364c922b,results/scorpion/pathoalign_capacity_matched_ablations_v1/cells/fold_1/no_scanner_dependence/seed_805/fold1-no_scanner_dependence-seed805-acf706e132e10069/attempts/attempt_001/projected_features.npz,2851720,bdd77004068920292164567d5db8e3aad5ed244363e8561a4839d2cd09e0aaee,results/scorpion/pathoalign_capacity_matched_ablations_v1/cells/fold_1/no_scanner_dependence/seed_805/fold1-no_scanner_dependence-seed805-acf706e132e10069/attempts/attempt_001/metrics.json,764,3bd9d22262f3ad154dc606a84e43eddaf8d3974a52c32bd2ac12efcce27d39f7,results/scorpion/pathoalign_capacity_matched_ablations_v1/cells/fold_1/no_scanner_dependence/seed_805/fold1-no_scanner_dependence-seed805-acf706e132e10069/attempts/attempt_001/slide_metrics.csv,1638,7b2762ad82320fbb60515d8f0efef1e6cffd09e5c7d0436e7d02a500e2ba43ce,results/scorpion/pathoalign_capacity_matched_ablations_v1/cells/fold_1/no_scanner_dependence/seed_805/fold1-no_scanner_dependence-seed805-acf706e132e10069/attempts/attempt_001/training_history.csv,978,8c48e589dd16d26ebd6cb5e3adf2b2d6bedfc48c6ca9c34828fd3df73fb66141
fold1-no_cross_covariance-seed805-0c1edc0c6b0c3495,no_cross_covariance,1,805,1,valid,59ba04450adf738aa2983dc40ecb4ff09ffa495f13d43c56edde5ec57707a2e1,0adea50f1ef22865969109f1834a3c175e3f8b43,18.898442699999578,101677056,results/scorpion/pathoalign_capacity_matched_ablations_v1/cells/fold_1/no_cross_covariance/seed_805/fold1-no_cross_covariance-seed805-0c1edc0c6b0c3495/cell_manifest.json,2934,a470a07cac498ae86cf589f84b02fe4f86ca8c21599bf85fc78e6a1194cf7e2c,results/scorpion/pathoalign_capacity_matched_ablations_v1/cells/fold_1/no_cross_covariance/seed_805/fold1-no_cross_covariance-seed805-0c1edc0c6b0c3495/attempts/attempt_001/checkpoint.pt,6208098,0ee81d2ea30e578b4780e695dfa1aec783a801d3caf77de3025bc3de87a76f63,results/scorpion/pathoalign_capacity_matched_ablations_v1/cells/fold_1/no_cross_covariance/seed_805/fold1-no_cross_covariance-seed805-0c1edc0c6b0c3495/attempts/attempt_001/projected_features.npz,2848370,6134075a2405ca06da27ecdc5281b3a8da65552cb31ecc187b13dfb8a84eb888,results/scorpion/pathoalign_capacity_matched_ablations_v1/cells/fold_1/no_cross_covariance/seed_805/fold1-no_cross_covariance-seed805-0c1edc0c6b0c3495/attempts/attempt_001/metrics.json,750,25605aef61a2d38628fa62f8d76aa2cd92b08598f3e9fcdb942250dc5de715ee,results/scorpion/pathoalign_capacity_matched_ablations_v1/cells/fold_1/no_cross_covariance/seed_805/fold1-no_cross_covariance-seed805-0c1edc0c6b0c3495/attempts/attempt_001/slide_metrics.csv,1596,8336c7d697472bfc4ca0c36395e40e1597eda8547a804e6f437c63be195a4959,results/scorpion/pathoalign_capacity_matched_ablations_v1/cells/fold_1/no_cross_covariance/seed_805/fold1-no_cross_covariance-seed805-0c1edc0c6b0c3495/attempts/attempt_001/training_history.csv,990,115ef36d0495d498200a578bc8f8037dba27ad37eedc5eb8cbda565ef90057a9
fold2-paired_reference-seed801-4587dcfb106abe86,paired_reference,2,801,1,valid,59ba04450adf738aa2983dc40ecb4ff09ffa495f13d43c56edde5ec57707a2e1,0adea50f1ef22865969109f1834a3c175e3f8b43,10.299175399999513,92233728,results/scorpion/pathoalign_capacity_matched_ablations_v1/cells/fold_2/paired_reference/seed_801/fold2-paired_reference-seed801-4587dcfb106abe86/cell_manifest.json,2927,7dcd37aae1327ee889159df7cd6c99973aaef915e631138019b57796e7b4e54b,results/scorpion/pathoalign_capacity_matched_ablations_v1/cells/fold_2/paired_reference/seed_801/fold2-paired_reference-seed801-4587dcfb106abe86/attempts/attempt_001/checkpoint.pt,4210786,1d5c3aef9f6bece62bb2536f99e1c2b8c6a1a4b9d96af41730ad4fbce949ad34,results/scorpion/pathoalign_capacity_matched_ablations_v1/cells/fold_2/paired_reference/seed_801/fold2-paired_reference-seed801-4587dcfb106abe86/attempts/attempt_001/projected_features.npz,2280552,cf1ce2e43d8acd85606324b035f9c6e3c042ae3f8da285ceac0ff7f66a690d8a,results/scorpion/pathoalign_capacity_matched_ablations_v1/cells/fold_2/paired_reference/seed_801/fold2-paired_reference-seed801-4587dcfb106abe86/attempts/attempt_001/metrics.json,712,1a7e2b8644edddd9a90ff364af9e119fbec882deb52510f37dfdc58212ffc166,results/scorpion/pathoalign_capacity_matched_ablations_v1/cells/fold_2/paired_reference/seed_801/fold2-paired_reference-seed801-4587dcfb106abe86/attempts/attempt_001/slide_metrics.csv,1496,56d3b5caafa8c17e1ac0395c4613186f25d28f27fa5ae973e672d715400b851d,results/scorpion/pathoalign_capacity_matched_ablations_v1/cells/fold_2/paired_reference/seed_801/fold2-paired_reference-seed801-4587dcfb106abe86/attempts/attempt_001/training_history.csv,513,1facec322a9fb570c1b97aee479fc3c545fc9935891bd48c8e97985570aa92b5
fold2-two_branch_no_scanner_objectives-seed801-2d9503d653a69b84,two_branch_no_scanner_objectives,2,801,1,valid,59ba04450adf738aa2983dc40ecb4ff09ffa495f13d43c56edde5ec57707a2e1,0adea50f1ef22865969109f1834a3c175e3f8b43,17.924763600000006,101677056,results/scorpion/pathoalign_capacity_matched_ablations_v1/cells/fold_2/two_branch_no_scanner_objectives/seed_801/fold2-two_branch_no_scanner_objectives-seed801-2d9503d653a69b84/cell_manifest.json,2961,3e9d956904231915d5beadf378593927002e98b9b1042d3cb6a842cb0fd4a5bb,results/scorpion/pathoalign_capacity_matched_ablations_v1/cells/fold_2/two_branch_no_scanner_objectives/seed_801/fold2-two_branch_no_scanner_objectives-seed801-2d9503d653a69b84/attempts/attempt_001/checkpoint.pt,6208098,9fa244461ba895dbf4febd3f0f446fc6bffc9840dc5b08c965972b9e6b9196e9,results/scorpion/pathoalign_capacity_matched_ablations_v1/cells/fold_2/two_branch_no_scanner_objectives/seed_801/fold2-two_branch_no_scanner_objectives-seed801-2d9503d653a69b84/attempts/attempt_001/projected_features.npz,2850681,34c8b67dbf10a2e8f1a148e4b2d44deae63e1413bfae5da03685acff7cc077f5,results/scorpion/pathoalign_capacity_matched_ablations_v1/cells/fold_2/two_branch_no_scanner_objectives/seed_801/fold2-two_branch_no_scanner_objectives-seed801-2d9503d653a69b84/attempts/attempt_001/metrics.json,787,78e71dbfb8d63ab39fe92f9943534996a287b72fb5c339d31588e52f51152f2d,results/scorpion/pathoalign_capacity_matched_ablations_v1/cells/fold_2/two_branch_no_scanner_objectives/seed_801/fold2-two_branch_no_scanner_objectives-seed801-2d9503d653a69b84/attempts/attempt_001/slide_metrics.csv,1859,9df07b6cb74c6e30f3c619715249aec5204f721ef40acb3f6c9ba48db951c855,results/scorpion/pathoalign_capacity_matched_ablations_v1/cells/fold_2/two_branch_no_scanner_objectives/seed_801/fold2-two_branch_no_scanner_objectives-seed801-2d9503d653a69b84/attempts/attempt_001/training_history.csv,996,1f9c16729e16004b5db3745c66fe74223ce739d18e2493cab95702eb9c4e6e1b
fold2-pathoalign_dep20-seed801-7dea92ea551ddfab,pathoalign_dep20,2,801,1,valid,59ba04450adf738aa2983dc40ecb4ff09ffa495f13d43c56edde5ec57707a2e1,0adea50f1ef22865969109f1834a3c175e3f8b43,19.612698400000227,101677056,results/scorpion/pathoalign_capacity_matched_ablations_v1/cells/fold_2/pathoalign_dep20/seed_801/fold2-pathoalign_dep20-seed801-7dea92ea551ddfab/cell_manifest.json,2929,07a31e0bfaab97e47047385d8ebde8e8808962c4b37526d7b931b96eedf1b961,results/scorpion/pathoalign_capacity_matched_ablations_v1/cells/fold_2/pathoalign_dep20/seed_801/fold2-pathoalign_dep20-seed801-7dea92ea551ddfab/attempts/attempt_001/checkpoint.pt,6208098,8ed65598518c6f1befbdff6cf0a502a4c991d77a76915c4835cd473c534ef50c,results/scorpion/pathoalign_capacity_matched_ablations_v1/cells/fold_2/pathoalign_dep20/seed_801/fold2-pathoalign_dep20-seed801-7dea92ea551ddfab/attempts/attempt_001/projected_features.npz,2848497,095da3f17b6b089e668fb314b614d1906289a3d4337b6405e144703d1882c3a8,results/scorpion/pathoalign_capacity_matched_ablations_v1/cells/fold_2/pathoalign_dep20/seed_801/fold2-pathoalign_dep20-seed801-7dea92ea551ddfab/attempts/attempt_001/metrics.json,741,940b9d2b93dd852472be93bc4892accebad8ab3504552aba7bd2ecd09fe7c2e7,results/scorpion/pathoalign_capacity_matched_ablations_v1/cells/fold_2/pathoalign_dep20/seed_801/fold2-pathoalign_dep20-seed801-7dea92ea551ddfab/attempts/attempt_001/slide_metrics.csv,1535,d95a0a7287724920e1b687d67eeff08da2c998a73b50c56972cd8a24060636ea,results/scorpion/pathoalign_capacity_matched_ablations_v1/cells/fold_2/pathoalign_dep20/seed_801/fold2-pathoalign_dep20-seed801-7dea92ea551ddfab/attempts/attempt_001/training_history.csv,986,274654aec63182397c0bf1a76adfc7f6a3a63d28d1b718d08f679bd12413bf50
fold2-no_adversary-seed801-c7bac1ca26856b87,no_adversary,2,801,1,valid,59ba04450adf738aa2983dc40ecb4ff09ffa495f13d43c56edde5ec57707a2e1,0adea50f1ef22865969109f1834a3c175e3f8b43,18.864462900000945,101677056,results/scorpion/pathoalign_capacity_matched_ablations_v1/cells/fold_2/no_adversary/seed_801/fold2-no_adversary-seed801-c7bac1ca26856b87/cell_manifest.json,2921,382c382b5700cb26ca73b8b91c8c055252d206a5c7cdfc0884caf1cf28174751,results/scorpion/pathoalign_capacity_matched_ablations_v1/cells/fold_2/no_adversary/seed_801/fold2-no_adversary-seed801-c7bac1ca26856b87/attempts/attempt_001/checkpoint.pt,6208098,dcb36f6a8566a7908fb0df324efe390368e4d2cdb1d3c2180e18ae1e4f44b1f0,results/scorpion/pathoalign_capacity_matched_ablations_v1/cells/fold_2/no_adversary/seed_801/fold2-no_adversary-seed801-c7bac1ca26856b87/attempts/attempt_001/projected_features.npz,2847306,a4c337a3cb4a47e086722dc20b363af0791d2173ab7ee39cd2d354e2cd5ddba2,results/scorpion/pathoalign_capacity_matched_ablations_v1/cells/fold_2/no_adversary/seed_801/fold2-no_adversary-seed801-c7bac1ca26856b87/attempts/attempt_001/metrics.json,720,0abec473c38e39e70016a69dd4024edb6fd05a3cca9196e25a4c6f60e348cfa6,results/scorpion/pathoalign_capacity_matched_ablations_v1/cells/fold_2/no_adversary/seed_801/fold2-no_adversary-seed801-c7bac1ca26856b87/attempts/attempt_001/slide_metrics.csv,1454,321df03f2bca7e19c7dd8795678d7cd4a14652f160ea3ca49b81ce9355f8b9bc,results/scorpion/pathoalign_capacity_matched_ablations_v1/cells/fold_2/no_adversary/seed_801/fold2-no_adversary-seed801-c7bac1ca26856b87/attempts/attempt_001/training_history.csv,989,66c93696c082717f0b7236f786452e2acfb7aba4d9cf5558354ffb864df7173b
fold2-no_acquisition_classifier-seed801-4ddbb0848af77efc,no_acquisition_classifier,2,801,1,valid,59ba04450adf738aa2983dc40ecb4ff09ffa495f13d43c56edde5ec57707a2e1,0adea50f1ef22865969109f1834a3c175e3f8b43,18.394991799999843,101677056,results/scorpion/pathoalign_capacity_matched_ablations_v1/cells/fold_2/no_acquisition_classifier/seed_801/fold2-no_acquisition_classifier-seed801-4ddbb0848af77efc/cell_manifest.json,2947,5ebb1dd4c3f630ec3b1d56fb030f5a573815078ff66142e800864734e984772e,results/scorpion/pathoalign_capacity_matched_ablations_v1/cells/fold_2/no_acquisition_classifier/seed_801/fold2-no_acquisition_classifier-seed801-4ddbb0848af77efc/attempts/attempt_001/checkpoint.pt,6208098,82f05dcaa3b095db6d3a0213df197bd4994388aabcc7d11abf95ab2d58b966f4,results/scorpion/pathoalign_capacity_matched_ablations_v1/cells/fold_2/no_acquisition_classifier/seed_801/fold2-no_acquisition_classifier-seed801-4ddbb0848af77efc/attempts/attempt_001/projected_features.npz,2850541,2aa9c93ce2dd3cf0a2acb5204ebc45a8c06627e73c6b5678566c99b962482e0e,results/scorpion/pathoalign_capacity_matched_ablations_v1/cells/fold_2/no_acquisition_classifier/seed_801/fold2-no_acquisition_classifier-seed801-4ddbb0848af77efc/attempts/attempt_001/metrics.json,759,2ce81514865401c440754a79b3e449d076c035b4aef27fd35de6e87824cd79f4,results/scorpion/pathoalign_capacity_matched_ablations_v1/cells/fold_2/no_acquisition_classifier/seed_801/fold2-no_acquisition_classifier-seed801-4ddbb0848af77efc/attempts/attempt_001/slide_metrics.csv,1717,f005a0e098c738f5a7750a3dfb89369d5695fd739b17f5eade741d6f904a497c,results/scorpion/pathoalign_capacity_matched_ablations_v1/cells/fold_2/no_acquisition_classifier/seed_801/fold2-no_acquisition_classifier-seed801-4ddbb0848af77efc/attempts/attempt_001/training_history.csv,1031,c96e8c4d582e38b508faad779265a80f1fd6792675e857289fbd2f9ce969ead1
fold2-no_scanner_dependence-seed801-19f973d22ad64c11,no_scanner_dependence,2,801,1,valid,59ba04450adf738aa2983dc40ecb4ff09ffa495f13d43c56edde5ec57707a2e1,0adea50f1ef22865969109f1834a3c175e3f8b43,17.529565900000307,101677056,results/scorpion/pathoalign_capacity_matched_ablations_v1/cells/fold_2/no_scanner_dependence/seed_801/fold2-no_scanner_dependence-seed801-19f973d22ad64c11/cell_manifest.json,2938,828387aede61bd4b318b7b0a1b5abfc4ff52d98467f2ee3aed4ef34ea31b1a30,results/scorpion/pathoalign_capacity_matched_ablations_v1/cells/fold_2/no_scanner_dependence/seed_801/fold2-no_scanner_dependence-seed801-19f973d22ad64c11/attempts/attempt_001/checkpoint.pt,6208098,8fb12c08766dbbdbce8724d92e35de124f96fe83569f6e2f8d4ab6924e99c2d2,results/scorpion/pathoalign_capacity_matched_ablations_v1/cells/fold_2/no_scanner_dependence/seed_801/fold2-no_scanner_dependence-seed801-19f973d22ad64c11/attempts/attempt_001/projected_features.npz,2850947,77dcc5d77c196b524e29ffebcd87fc438a895dab721f9b25889cc605dd720d46,results/scorpion/pathoalign_capacity_matched_ablations_v1/cells/fold_2/no_scanner_dependence/seed_801/fold2-no_scanner_dependence-seed801-19f973d22ad64c11/attempts/attempt_001/metrics.json,749,a9073d0d2f8c1acfd270fb3b014ab1fa1bf86e24967d2e7885c4addc64f2a932,results/scorpion/pathoalign_capacity_matched_ablations_v1/cells/fold_2/no_scanner_dependence/seed_801/fold2-no_scanner_dependence-seed801-19f973d22ad64c11/attempts/attempt_001/slide_metrics.csv,1633,0af77312c5908d2527ff347eba475372be1a6b6a35c0dc19186fc2a94a69bfaa,results/scorpion/pathoalign_capacity_matched_ablations_v1/cells/fold_2/no_scanner_dependence/seed_801/fold2-no_scanner_dependence-seed801-19f973d22ad64c11/attempts/attempt_001/training_history.csv,982,6ca9035a7a80772879f90f1fc7eb73eec5b21fe6899de1affd1b581229683a7f
fold2-no_cross_covariance-seed801-0d2d22fe91b0ad4c,no_cross_covariance,2,801,1,valid,59ba04450adf738aa2983dc40ecb4ff09ffa495f13d43c56edde5ec57707a2e1,0adea50f1ef22865969109f1834a3c175e3f8b43,21.864982600000076,101677056,results/scorpion/pathoalign_capacity_matched_ablations_v1/cells/fold_2/no_cross_covariance/seed_801/fold2-no_cross_covariance-seed801-0d2d22fe91b0ad4c/cell_manifest.json,2933,04fcbbda1da598b13672900d29a0533b62faa4db50c08f3ba98a61da6da59cb2,results/scorpion/pathoalign_capacity_matched_ablations_v1/cells/fold_2/no_cross_covariance/seed_801/fold2-no_cross_covariance-seed801-0d2d22fe91b0ad4c/attempts/attempt_001/checkpoint.pt,6208098,35082a1128bf27a3566315fb9c9bea4de435b6ac6f8dfd2820e3c10bca8a54f7,results/scorpion/pathoalign_capacity_matched_ablations_v1/cells/fold_2/no_cross_covariance/seed_801/fold2-no_cross_covariance-seed801-0d2d22fe91b0ad4c/attempts/attempt_001/projected_features.npz,2847780,72106400ddf62b6240c660ab0b49ced044c725efe916ba41d586e28b8dfdd4cb,results/scorpion/pathoalign_capacity_matched_ablations_v1/cells/fold_2/no_cross_covariance/seed_801/fold2-no_cross_covariance-seed801-0d2d22fe91b0ad4c/attempts/attempt_001/metrics.json,734,4e925f4ecc838adc0917ae3062c12268ff8a4ceb49507f2ff5e3f166d628790f,results/scorpion/pathoalign_capacity_matched_ablations_v1/cells/fold_2/no_cross_covariance/seed_801/fold2-no_cross_covariance-seed801-0d2d22fe91b0ad4c/attempts/attempt_001/slide_metrics.csv,1591,45a3b97774a6689334631f5ce0a335c6a884ff12096b40efcf279c75bdb39488,results/scorpion/pathoalign_capacity_matched_ablations_v1/cells/fold_2/no_cross_covariance/seed_801/fold2-no_cross_covariance-seed801-0d2d22fe91b0ad4c/attempts/attempt_001/training_history.csv,983,cec9cb932c57dbdcd32b58de8670b6bc6e1657f4ac7d8ff75731335e79ae9eca
fold2-paired_reference-seed802-9867255d89a5a663,paired_reference,2,802,1,valid,59ba04450adf738aa2983dc40ecb4ff09ffa495f13d43c56edde5ec57707a2e1,0adea50f1ef22865969109f1834a3c175e3f8b43,10.128176799997163,92233728,results/scorpion/pathoalign_capacity_matched_ablations_v1/cells/fold_2/paired_reference/seed_802/fold2-paired_reference-seed802-9867255d89a5a663/cell_manifest.json,2928,da240c8de8965d7a56830c3c689d06eabe8f53d27f8eeb2fa0db6bac63de5bed,results/scorpion/pathoalign_capacity_matched_ablations_v1/cells/fold_2/paired_reference/seed_802/fold2-paired_reference-seed802-9867255d89a5a663/attempts/attempt_001/checkpoint.pt,4210786,bf427b7f94d3e8af1f6ae8f3bcfafb5aea5bce53417420b284693c0aa7f6c9c0,results/scorpion/pathoalign_capacity_matched_ablations_v1/cells/fold_2/paired_reference/seed_802/fold2-paired_reference-seed802-9867255d89a5a663/attempts/attempt_001/projected_features.npz,2280178,953d2f36ae82fe30b9fc275b6e10009b23c01448ac7cc6cdbe099f0de591a794,results/scorpion/pathoalign_capacity_matched_ablations_v1/cells/fold_2/paired_reference/seed_802/fold2-paired_reference-seed802-9867255d89a5a663/attempts/attempt_001/metrics.json,699,f0462a66e197001b6be12ce70add11b03a1f408982fd429ee033bc75fa5403a1,results/scorpion/pathoalign_capacity_matched_ablations_v1/cells/fold_2/paired_reference/seed_802/fold2-paired_reference-seed802-9867255d89a5a663/attempts/attempt_001/slide_metrics.csv,1499,550c7b7074b71e6317709ea45b638d506e86014c5e2bd635a22b0237a4f00f8e,results/scorpion/pathoalign_capacity_matched_ablations_v1/cells/fold_2/paired_reference/seed_802/fold2-paired_reference-seed802-9867255d89a5a663/attempts/attempt_001/training_history.csv,510,34728150fb7d9b4eaeecfe7accb888ce4d1477c4bb874ae529b26ab38f71b482
fold2-two_branch_no_scanner_objectives-seed802-cfc17999c7c32b61,two_branch_no_scanner_objectives,2,802,1,valid,59ba04450adf738aa2983dc40ecb4ff09ffa495f13d43c56edde5ec57707a2e1,0adea50f1ef22865969109f1834a3c175e3f8b43,20.24128230000133,101677056,results/scorpion/pathoalign_capacity_matched_ablations_v1/cells/fold_2/two_branch_no_scanner_objectives/seed_802/fold2-two_branch_no_scanner_objectives-seed802-cfc17999c7c32b61/cell_manifest.json,2961,b0f5877a1b7331a36f9beb8828c1ea9b6c169c402e97496ee92f8ef573717fb8,results/scorpion/pathoalign_capacity_matched_ablations_v1/cells/fold_2/two_branch_no_scanner_objectives/seed_802/fold2-two_branch_no_scanner_objectives-seed802-cfc17999c7c32b61/attempts/attempt_001/checkpoint.pt,6208098,b5df97c91b1912ab0c1ec932f67772c88d39484e4106aff20d67b7ed25d7d272,results/scorpion/pathoalign_capacity_matched_ablations_v1/cells/fold_2/two_branch_no_scanner_objectives/seed_802/fold2-two_branch_no_scanner_objectives-seed802-cfc17999c7c32b61/attempts/attempt_001/projected_features.npz,2850770,68546ab28cf8dbfebe704c4b6fe8a51bc641ecad971d3f581154fa3050a1603f,results/scorpion/pathoalign_capacity_matched_ablations_v1/cells/fold_2/two_branch_no_scanner_objectives/seed_802/fold2-two_branch_no_scanner_objectives-seed802-cfc17999c7c32b61/attempts/attempt_001/metrics.json,763,e962c17d02f93bb88530273c940accdb42b850b22f87af18b3fb2986497597e9,results/scorpion/pathoalign_capacity_matched_ablations_v1/cells/fold_2/two_branch_no_scanner_objectives/seed_802/fold2-two_branch_no_scanner_objectives-seed802-cfc17999c7c32b61/attempts/attempt_001/slide_metrics.csv,1856,2848f2bf3a093dcc952d66c0c8a167f2c2985710e9012bad958ff89679586ed9,results/scorpion/pathoalign_capacity_matched_ablations_v1/cells/fold_2/two_branch_no_scanner_objectives/seed_802/fold2-two_branch_no_scanner_objectives-seed802-cfc17999c7c32b61/attempts/attempt_001/training_history.csv,1000,4cc794f39652a14ac3c7eb7789011edd47c65d0ac3156dba26a1fce1e0ff7309
fold2-pathoalign_dep20-seed802-02cc7e90c3f74285,pathoalign_dep20,2,802,1,valid,59ba04450adf738aa2983dc40ecb4ff09ffa495f13d43c56edde5ec57707a2e1,0adea50f1ef22865969109f1834a3c175e3f8b43,20.390936699997837,101677056,results/scorpion/pathoalign_capacity_matched_ablations_v1/cells/fold_2/pathoalign_dep20/seed_802/fold2-pathoalign_dep20-seed802-02cc7e90c3f74285/cell_manifest.json,2928,49f66cd5ef798feedf6e4f07bf0bc089134672ff098881207218cfa4e800fd2d,results/scorpion/pathoalign_capacity_matched_ablations_v1/cells/fold_2/pathoalign_dep20/seed_802/fold2-pathoalign_dep20-seed802-02cc7e90c3f74285/attempts/attempt_001/checkpoint.pt,6208098,58c8a48cc2c1bd3336e3093d47bac6e00bd699b8047b9d666fd4fcf45bada840,results/scorpion/pathoalign_capacity_matched_ablations_v1/cells/fold_2/pathoalign_dep20/seed_802/fold2-pathoalign_dep20-seed802-02cc7e90c3f74285/attempts/attempt_001/projected_features.npz,2848622,1c8a2ed28d78b448a929c2ef2e1443ce90c26d3f737f26758c64873e120bbe89,results/scorpion/pathoalign_capacity_matched_ablations_v1/cells/fold_2/pathoalign_dep20/seed_802/fold2-pathoalign_dep20-seed802-02cc7e90c3f74285/attempts/attempt_001/metrics.json,742,df189e137b712afce9895a45f9df6ac09d4d7bf46ae5fd8ec7a8becded9afcd7,results/scorpion/pathoalign_capacity_matched_ablations_v1/cells/fold_2/pathoalign_dep20/seed_802/fold2-pathoalign_dep20-seed802-02cc7e90c3f74285/attempts/attempt_001/slide_metrics.csv,1535,633ed46afcf358d1324ff298190a5ff87998d5a84443b61b6d9d0c1b3fa73fc0,results/scorpion/pathoalign_capacity_matched_ablations_v1/cells/fold_2/pathoalign_dep20/seed_802/fold2-pathoalign_dep20-seed802-02cc7e90c3f74285/attempts/attempt_001/training_history.csv,992,072b65e38de29b81799125c9f21e096792f0984db832ce56a39db43a866d07da
fold2-no_adversary-seed802-499946c0df4827db,no_adversary,2,802,1,valid,59ba04450adf738aa2983dc40ecb4ff09ffa495f13d43c56edde5ec57707a2e1,0adea50f1ef22865969109f1834a3c175e3f8b43,21.576842300000862,101677056,results/scorpion/pathoalign_capacity_matched_ablations_v1/cells/fold_2/no_adversary/seed_802/fold2-no_adversary-seed802-499946c0df4827db/cell_manifest.json,2922,5ff55547c5e5fd068256917e8d7e3a388a393e72886a4fd7f6de011378effa6c,results/scorpion/pathoalign_capacity_matched_ablations_v1/cells/fold_2/no_adversary/seed_802/fold2-no_adversary-seed802-499946c0df4827db/attempts/attempt_001/checkpoint.pt,6208098,4e56f92ed411a2afcfe093b1434ed3462abfc666c8a5c3a340c510832780b977,results/scorpion/pathoalign_capacity_matched_ablations_v1/cells/fold_2/no_adversary/seed_802/fold2-no_adversary-seed802-499946c0df4827db/attempts/attempt_001/projected_features.npz,2847589,909c2fecddeed3d3b4a40da871af2b89fc7e3c6e38496ee25b868329960c55c9,results/scorpion/pathoalign_capacity_matched_ablations_v1/cells/fold_2/no_adversary/seed_802/fold2-no_adversary-seed802-499946c0df4827db/attempts/attempt_001/metrics.json,720,c0c30899223b7b316a8031cc536f73a37bdec48f749287b948ffef0d6908d0a1,results/scorpion/pathoalign_capacity_matched_ablations_v1/cells/fold_2/no_adversary/seed_802/fold2-no_adversary-seed802-499946c0df4827db/attempts/attempt_001/slide_metrics.csv,1457,15a0e8322be4b1961d14c0a5dff47dfdc733ff845d460e678fa891dc27b59206,results/scorpion/pathoalign_capacity_matched_ablations_v1/cells/fold_2/no_adversary/seed_802/fold2-no_adversary-seed802-499946c0df4827db/attempts/attempt_001/training_history.csv,1003,246849a89d849fd82cb87860fdb3874633d0a2ef33bf5f1e0c0f336636897e47
fold2-no_acquisition_classifier-seed802-0be44bae02f9c0b2,no_acquisition_classifier,2,802,1,valid,59ba04450adf738aa2983dc40ecb4ff09ffa495f13d43c56edde5ec57707a2e1,0adea50f1ef22865969109f1834a3c175e3f8b43,19.429707999999664,101677056,results/scorpion/pathoalign_capacity_matched_ablations_v1/cells/fold_2/no_acquisition_classifier/seed_802/fold2-no_acquisition_classifier-seed802-0be44bae02f9c0b2/cell_manifest.json,2946,2f340922912c092a1e80413eb7e12491211651f702ff8d4cb28e0d3a9d3b023d,results/scorpion/pathoalign_capacity_matched_ablations_v1/cells/fold_2/no_acquisition_classifier/seed_802/fold2-no_acquisition_classifier-seed802-0be44bae02f9c0b2/attempts/attempt_001/checkpoint.pt,6208098,3aef8ee0ab6b0b68c66dcbd932404e3f57b03155c55bdd2ff9d81bd88e115ab9,results/scorpion/pathoalign_capacity_matched_ablations_v1/cells/fold_2/no_acquisition_classifier/seed_802/fold2-no_acquisition_classifier-seed802-0be44bae02f9c0b2/attempts/attempt_001/projected_features.npz,2850904,913c1d170095f8425421a2ceb5a79e3ae2eecb15b1993667dc941b578800a5bb,results/scorpion/pathoalign_capacity_matched_ablations_v1/cells/fold_2/no_acquisition_classifier/seed_802/fold2-no_acquisition_classifier-seed802-0be44bae02f9c0b2/attempts/attempt_001/metrics.json,748,d1a84c5a22ceade1bd13bcb15c88006aae42e259c088876add202e8a56388de4,results/scorpion/pathoalign_capacity_matched_ablations_v1/cells/fold_2/no_acquisition_classifier/seed_802/fold2-no_acquisition_classifier-seed802-0be44bae02f9c0b2/attempts/attempt_001/slide_metrics.csv,1719,ff0bacf7f6b212968093439ea4dfd997f6f6e5330e54b8c42c76d0744cd6895f,results/scorpion/pathoalign_capacity_matched_ablations_v1/cells/fold_2/no_acquisition_classifier/seed_802/fold2-no_acquisition_classifier-seed802-0be44bae02f9c0b2/attempts/attempt_001/training_history.csv,1027,5d8dda32e76e1f8ca9c949b8131956b2d7a378d7de1e338caa3ea2ebfa324593
fold2-no_scanner_dependence-seed802-1326346bec411df4,no_scanner_dependence,2,802,1,valid,59ba04450adf738aa2983dc40ecb4ff09ffa495f13d43c56edde5ec57707a2e1,0adea50f1ef22865969109f1834a3c175e3f8b43,19.878822200000286,101677056,results/scorpion/pathoalign_capacity_matched_ablations_v1/cells/fold_2/no_scanner_dependence/seed_802/fold2-no_scanner_dependence-seed802-1326346bec411df4/cell_manifest.json,2938,d7aca8cb8b0572206e66ca67788c4c6af7d40efa8d58d85640aa3b7a34ae6de5,results/scorpion/pathoalign_capacity_matched_ablations_v1/cells/fold_2/no_scanner_dependence/seed_802/fold2-no_scanner_dependence-seed802-1326346bec411df4/attempts/attempt_001/checkpoint.pt,6208098,59687bae075d0decc997410ef83239948d5ef505c6f5ab152bf2b8bac98d58a0,results/scorpion/pathoalign_capacity_matched_ablations_v1/cells/fold_2/no_scanner_dependence/seed_802/fold2-no_scanner_dependence-seed802-1326346bec411df4/attempts/attempt_001/projected_features.npz,2851673,b3c5a046cfa946ed06dcf0cc478d2fa0a268c7f06d04d916e0c6ad5da2bb5567,results/scorpion/pathoalign_capacity_matched_ablations_v1/cells/fold_2/no_scanner_dependence/seed_802/fold2-no_scanner_dependence-seed802-1326346bec411df4/attempts/attempt_001/metrics.json,776,d8936716a68aeb2a9e63c241b9fb30e20b78464e5fd224fed57a732faef54a3b,results/scorpion/pathoalign_capacity_matched_ablations_v1/cells/fold_2/no_scanner_dependence/seed_802/fold2-no_scanner_dependence-seed802-1326346bec411df4/attempts/attempt_001/slide_metrics.csv,1635,3e6a79f6c0ff25ba496dba3e1bed37676b06d00d531f35613963092c42011f63,results/scorpion/pathoalign_capacity_matched_ablations_v1/cells/fold_2/no_scanner_dependence/seed_802/fold2-no_scanner_dependence-seed802-1326346bec411df4/attempts/attempt_001/training_history.csv,987,e4dd3f1805dbb2f53437675b9032efac7ad018dec67634f3b082f5d99cbb899e
fold2-no_cross_covariance-seed802-001def6bc7adf83d,no_cross_covariance,2,802,1,valid,59ba04450adf738aa2983dc40ecb4ff09ffa495f13d43c56edde5ec57707a2e1,0adea50f1ef22865969109f1834a3c175e3f8b43,18.989278599998215,101677056,results/scorpion/pathoalign_capacity_matched_ablations_v1/cells/fold_2/no_cross_covariance/seed_802/fold2-no_cross_covariance-seed802-001def6bc7adf83d/cell_manifest.json,2934,b6e7bc8d39473588d0348cbb0969d867a57254fd1800b49ad5f3d055d663aa9c,results/scorpion/pathoalign_capacity_matched_ablations_v1/cells/fold_2/no_cross_covariance/seed_802/fold2-no_cross_covariance-seed802-001def6bc7adf83d/attempts/attempt_001/checkpoint.pt,6208098,7896813f0162f47dae81e2a2fb5da9fc37dd0422911d5f230f67cbee65c0b7ec,results/scorpion/pathoalign_capacity_matched_ablations_v1/cells/fold_2/no_cross_covariance/seed_802/fold2-no_cross_covariance-seed802-001def6bc7adf83d/attempts/attempt_001/projected_features.npz,2847796,8adef8ddca89db2b09428467c2e7c70bac0a4029f37da1e97e35c4e23a81b160,results/scorpion/pathoalign_capacity_matched_ablations_v1/cells/fold_2/no_cross_covariance/seed_802/fold2-no_cross_covariance-seed802-001def6bc7adf83d/attempts/attempt_001/metrics.json,748,7ad21bcdca32e8d7030fb6267ee3f26f258e56157f0bd9bd714c84d8cb46fdd1,results/scorpion/pathoalign_capacity_matched_ablations_v1/cells/fold_2/no_cross_covariance/seed_802/fold2-no_cross_covariance-seed802-001def6bc7adf83d/attempts/attempt_001/slide_metrics.csv,1593,f8ca3b373c0b622e900feb1a9afecce839f0fd200c858b9f775cf4dd7a5eaee5,results/scorpion/pathoalign_capacity_matched_ablations_v1/cells/fold_2/no_cross_covariance/seed_802/fold2-no_cross_covariance-seed802-001def6bc7adf83d/attempts/attempt_001/training_history.csv,981,807939259ddd2019bf251d359cb229e77333a9fd2dd810ee9fe5f87006ceb947
fold2-paired_reference-seed803-10fff95994d4e8d6,paired_reference,2,803,1,valid,59ba04450adf738aa2983dc40ecb4ff09ffa495f13d43c56edde5ec57707a2e1,0adea50f1ef22865969109f1834a3c175e3f8b43,9.070296900001267,92233728,results/scorpion/pathoalign_capacity_matched_ablations_v1/cells/fold_2/paired_reference/seed_803/fold2-paired_reference-seed803-10fff95994d4e8d6/cell_manifest.json,2926,06a8ce4d3a4ee51f7decbe6b716a77f125c2be0ed9d7b1247479a0b2ed337081,results/scorpion/pathoalign_capacity_matched_ablations_v1/cells/fold_2/paired_reference/seed_803/fold2-paired_reference-seed803-10fff95994d4e8d6/attempts/attempt_001/checkpoint.pt,4210786,de38e63ca9abe70b270ab17ad1055bf5145b6ef6517073f099bdfc2b9953f916,results/scorpion/pathoalign_capacity_matched_ablations_v1/cells/fold_2/paired_reference/seed_803/fold2-paired_reference-seed803-10fff95994d4e8d6/attempts/attempt_001/projected_features.npz,2280160,8272b2969e504b3f2eed74fb2acb90fca72139e24a8e869b829fc85fe7f9ebe2,results/scorpion/pathoalign_capacity_matched_ablations_v1/cells/fold_2/paired_reference/seed_803/fold2-paired_reference-seed803-10fff95994d4e8d6/attempts/attempt_001/metrics.json,697,115542ff0a0d1e0ae5cfdf2005101548d4132cd2e8f72f3be4969c82c00e37f8,results/scorpion/pathoalign_capacity_matched_ablations_v1/cells/fold_2/paired_reference/seed_803/fold2-paired_reference-seed803-10fff95994d4e8d6/attempts/attempt_001/slide_metrics.csv,1496,f288f1a20f12496e7db78a93a766048e12b25a53294b20600dbb525d0671a3a0,results/scorpion/pathoalign_capacity_matched_ablations_v1/cells/fold_2/paired_reference/seed_803/fold2-paired_reference-seed803-10fff95994d4e8d6/attempts/attempt_001/training_history.csv,510,f8e7cca2b0788f518468cca1b3874a215a3b789993f2bdd2de05a40b32d4c694
fold2-two_branch_no_scanner_objectives-seed803-70a14a02785f6b03,two_branch_no_scanner_objectives,2,803,1,valid,59ba04450adf738aa2983dc40ecb4ff09ffa495f13d43c56edde5ec57707a2e1,0adea50f1ef22865969109f1834a3c175e3f8b43,18.55697020000298,101677056,results/scorpion/pathoalign_capacity_matched_ablations_v1/cells/fold_2/two_branch_no_scanner_objectives/seed_803/fold2-two_branch_no_scanner_objectives-seed803-70a14a02785f6b03/cell_manifest.json,2960,dfbae0129f66f4c893567b43a0ad28872fb3e7ccf6336c2d2e33cf900fdf4006,results/scorpion/pathoalign_capacity_matched_ablations_v1/cells/fold_2/two_branch_no_scanner_objectives/seed_803/fold2-two_branch_no_scanner_objectives-seed803-70a14a02785f6b03/attempts/attempt_001/checkpoint.pt,6208098,dc5fbd1cc0aee4cce94cf0e9116d1908cb66112975473e35a044fb0728c05346,results/scorpion/pathoalign_capacity_matched_ablations_v1/cells/fold_2/two_branch_no_scanner_objectives/seed_803/fold2-two_branch_no_scanner_objectives-seed803-70a14a02785f6b03/attempts/attempt_001/projected_features.npz,2850893,0cfde3133cc61ac7025dd376c90f90d429ed4416b3223fd3da0f28df27dc4456,results/scorpion/pathoalign_capacity_matched_ablations_v1/cells/fold_2/two_branch_no_scanner_objectives/seed_803/fold2-two_branch_no_scanner_objectives-seed803-70a14a02785f6b03/attempts/attempt_001/metrics.json,771,001bb677f36bd8e07e543d3a9eaa17ad0751652f4cdea7b70e08bfcd972cf682,results/scorpion/pathoalign_capacity_matched_ablations_v1/cells/fold_2/two_branch_no_scanner_objectives/seed_803/fold2-two_branch_no_scanner_objectives-seed803-70a14a02785f6b03/attempts/attempt_001/slide_metrics.csv,1856,a1c61b767c8a0b2fb7f6bc064ef78041b9aec9b82e20903b0f0216d5f18b325f,results/scorpion/pathoalign_capacity_matched_ablations_v1/cells/fold_2/two_branch_no_scanner_objectives/seed_803/fold2-two_branch_no_scanner_objectives-seed803-70a14a02785f6b03/attempts/attempt_001/training_history.csv,974,67dedbccaa5c7f28a945d4dc177f12e975a61b60f3b1446c612332f254700f1c
fold2-pathoalign_dep20-seed803-11e006b8c92b478e,pathoalign_dep20,2,803,1,valid,59ba04450adf738aa2983dc40ecb4ff09ffa495f13d43c56edde5ec57707a2e1,0adea50f1ef22865969109f1834a3c175e3f8b43,18.63727139999901,101677056,results/scorpion/pathoalign_capacity_matched_ablations_v1/cells/fold_2/pathoalign_dep20/seed_803/fold2-pathoalign_dep20-seed803-11e006b8c92b478e/cell_manifest.json,2924,d6395d3dbf8c5d08316105c6d218663ab0809e6fd17c5ce21cd2e022bde2d411,results/scorpion/pathoalign_capacity_matched_ablations_v1/cells/fold_2/pathoalign_dep20/seed_803/fold2-pathoalign_dep20-seed803-11e006b8c92b478e/attempts/attempt_001/checkpoint.pt,6208098,a0dd0b8b7d9ef8dcfe1f200612e314c88e74fc8e226ec290de0207e2c8940943,results/scorpion/pathoalign_capacity_matched_ablations_v1/cells/fold_2/pathoalign_dep20/seed_803/fold2-pathoalign_dep20-seed803-11e006b8c92b478e/attempts/attempt_001/projected_features.npz,2848796,85dffa6303b0f6eb9c631dba0d1371521dde835fbe31bbfcb16da02338b44864,results/scorpion/pathoalign_capacity_matched_ablations_v1/cells/fold_2/pathoalign_dep20/seed_803/fold2-pathoalign_dep20-seed803-11e006b8c92b478e/attempts/attempt_001/metrics.json,740,54a914537f84eff3e01b2be38462938b40733ff18f3d1866a57d86ae0cf5d266,results/scorpion/pathoalign_capacity_matched_ablations_v1/cells/fold_2/pathoalign_dep20/seed_803/fold2-pathoalign_dep20-seed803-11e006b8c92b478e/attempts/attempt_001/slide_metrics.csv,1530,4d2fdbc25a100b53bd7ea95eeb8f8304985f0c16aac80846ac1566edf9ec50a1,results/scorpion/pathoalign_capacity_matched_ablations_v1/cells/fold_2/pathoalign_dep20/seed_803/fold2-pathoalign_dep20-seed803-11e006b8c92b478e/attempts/attempt_001/training_history.csv,981,0f3de7f280832b7400f8cf29a57c061f4466d4ab2af084c04166ccda4873f5c6
fold2-no_adversary-seed803-fa4da8f8fe1b195a,no_adversary,2,803,1,valid,59ba04450adf738aa2983dc40ecb4ff09ffa495f13d43c56edde5ec57707a2e1,0adea50f1ef22865969109f1834a3c175e3f8b43,20.27268069999991,101677056,results/scorpion/pathoalign_capacity_matched_ablations_v1/cells/fold_2/no_adversary/seed_803/fold2-no_adversary-seed803-fa4da8f8fe1b195a/cell_manifest.json,2920,4a97759a595d25cc0d1cf8b475e666de74c6185d09d313a074f9d885609d1ceb,results/scorpion/pathoalign_capacity_matched_ablations_v1/cells/fold_2/no_adversary/seed_803/fold2-no_adversary-seed803-fa4da8f8fe1b195a/attempts/attempt_001/checkpoint.pt,6208098,d80e96ca92a303986841d6121ec5d5f04eaee62259fac6811ae6171845abf1e7,results/scorpion/pathoalign_capacity_matched_ablations_v1/cells/fold_2/no_adversary/seed_803/fold2-no_adversary-seed803-fa4da8f8fe1b195a/attempts/attempt_001/projected_features.npz,2847374,f643b42eb9cfdb981b2118b4c9f8ac9e2207b704b2ce0535d8833f930128b69a,results/scorpion/pathoalign_capacity_matched_ablations_v1/cells/fold_2/no_adversary/seed_803/fold2-no_adversary-seed803-fa4da8f8fe1b195a/attempts/attempt_001/metrics.json,732,5a0bfd0d6d57c4481199b5a2dbe1430764f08c3c996e5e6cdc8c8ffe6da107ac,results/scorpion/pathoalign_capacity_matched_ablations_v1/cells/fold_2/no_adversary/seed_803/fold2-no_adversary-seed803-fa4da8f8fe1b195a/attempts/attempt_001/slide_metrics.csv,1455,2247d1bf42dedd53444749de0da0fa62d2af9c9c2e14139f236bcd2a0364ab62,results/scorpion/pathoalign_capacity_matched_ablations_v1/cells/fold_2/no_adversary/seed_803/fold2-no_adversary-seed803-fa4da8f8fe1b195a/attempts/attempt_001/training_history.csv,991,c6949f584ced24cda5f1d63a6b3cf257c7ac8bdb4f363d1fadf648b7d85165b8
fold2-no_acquisition_classifier-seed803-7632d47dbe822f53,no_acquisition_classifier,2,803,1,valid,59ba04450adf738aa2983dc40ecb4ff09ffa495f13d43c56edde5ec57707a2e1,0adea50f1ef22865969109f1834a3c175e3f8b43,19.337247399998887,101677056,results/scorpion/pathoalign_capacity_matched_ablations_v1/cells/fold_2/no_acquisition_classifier/seed_803/fold2-no_acquisition_classifier-seed803-7632d47dbe822f53/cell_manifest.json,2947,87c36089e55f4bcb38ec9316ca0530a06daf02ddcb4d4fb2bb298d60abe18f8e,results/scorpion/pathoalign_capacity_matched_ablations_v1/cells/fold_2/no_acquisition_classifier/seed_803/fold2-no_acquisition_classifier-seed803-7632d47dbe822f53/attempts/attempt_001/checkpoint.pt,6208098,3709db07436ea6a07a0d33500d3fdc320652547b0b0c3ee4a8f11a17b49dfa7d,results/scorpion/pathoalign_capacity_matched_ablations_v1/cells/fold_2/no_acquisition_classifier/seed_803/fold2-no_acquisition_classifier-seed803-7632d47dbe822f53/attempts/attempt_001/projected_features.npz,2850501,a67b5898e58686f6c9c076ee4619ce9b73c4c5ecdc1e0ae1e9842c9519a9536d,results/scorpion/pathoalign_capacity_matched_ablations_v1/cells/fold_2/no_acquisition_classifier/seed_803/fold2-no_acquisition_classifier-seed803-7632d47dbe822f53/attempts/attempt_001/metrics.json,770,245b3d87f218735443eb7fb8542b37e7dd23619d86e48ef0f47d0b2b930c9aea,results/scorpion/pathoalign_capacity_matched_ablations_v1/cells/fold_2/no_acquisition_classifier/seed_803/fold2-no_acquisition_classifier-seed803-7632d47dbe822f53/attempts/attempt_001/slide_metrics.csv,1719,ba8f527982d07705a74fb69acc63f6c20de4ebefe0106e35229082e55e3525ea,results/scorpion/pathoalign_capacity_matched_ablations_v1/cells/fold_2/no_acquisition_classifier/seed_803/fold2-no_acquisition_classifier-seed803-7632d47dbe822f53/attempts/attempt_001/training_history.csv,1029,68d21416f64e4ce827dc945208b111a29b0f96289cb2344c241da0845ad253fd
fold2-no_scanner_dependence-seed803-756f48430fd2b5ca,no_scanner_dependence,2,803,1,valid,59ba04450adf738aa2983dc40ecb4ff09ffa495f13d43c56edde5ec57707a2e1,0adea50f1ef22865969109f1834a3c175e3f8b43,19.707226400001673,101677056,results/scorpion/pathoalign_capacity_matched_ablations_v1/cells/fold_2/no_scanner_dependence/seed_803/fold2-no_scanner_dependence-seed803-756f48430fd2b5ca/cell_manifest.json,2939,118cde419a05b8a75ae46e292c0981748b8a5c033739508a86e0549f0912bdb7,results/scorpion/pathoalign_capacity_matched_ablations_v1/cells/fold_2/no_scanner_dependence/seed_803/fold2-no_scanner_dependence-seed803-756f48430fd2b5ca/attempts/attempt_001/checkpoint.pt,6208098,bc8ee31ae2c68b453aaf20c8bea454284198fb5db8f8dea8c207b0bebd1ca316,results/scorpion/pathoalign_capacity_matched_ablations_v1/cells/fold_2/no_scanner_dependence/seed_803/fold2-no_scanner_dependence-seed803-756f48430fd2b5ca/attempts/attempt_001/projected_features.npz,2850972,f43e5c946de60252e3f0007b5cd1b48010cd8d655ac0041a34d9e9344559b901,results/scorpion/pathoalign_capacity_matched_ablations_v1/cells/fold_2/no_scanner_dependence/seed_803/fold2-no_scanner_dependence-seed803-756f48430fd2b5ca/attempts/attempt_001/metrics.json,750,9952cda1fc886421c7ad925c644ffa9f68d56fe0058581d1e28fa3c07bd7ad7c,results/scorpion/pathoalign_capacity_matched_ablations_v1/cells/fold_2/no_scanner_dependence/seed_803/fold2-no_scanner_dependence-seed803-756f48430fd2b5ca/attempts/attempt_001/slide_metrics.csv,1638,021d5abb19c38a86e1429350385b57a7ad91c3240e51686aca6bf96d6dd0c02c,results/scorpion/pathoalign_capacity_matched_ablations_v1/cells/fold_2/no_scanner_dependence/seed_803/fold2-no_scanner_dependence-seed803-756f48430fd2b5ca/attempts/attempt_001/training_history.csv,978,ecd95d6a27139d2134f6612591b7e9cb9fc3aaab22305c19aa57318fc3a6728f
fold2-no_cross_covariance-seed803-0d701ed22db96cda,no_cross_covariance,2,803,1,valid,59ba04450adf738aa2983dc40ecb4ff09ffa495f13d43c56edde5ec57707a2e1,0adea50f1ef22865969109f1834a3c175e3f8b43,18.53137979999883,101677056,results/scorpion/pathoalign_capacity_matched_ablations_v1/cells/fold_2/no_cross_covariance/seed_803/fold2-no_cross_covariance-seed803-0d701ed22db96cda/cell_manifest.json,2932,c283d28d9d897dadbd11c75bb6197703912af39d5747ad6c68bcb74feb6e7892,results/scorpion/pathoalign_capacity_matched_ablations_v1/cells/fold_2/no_cross_covariance/seed_803/fold2-no_cross_covariance-seed803-0d701ed22db96cda/attempts/attempt_001/checkpoint.pt,6208098,eca13aa269fd70338c6b27cada6b617eab1a6b895bc7a11cfafef58fb2a5aa48,results/scorpion/pathoalign_capacity_matched_ablations_v1/cells/fold_2/no_cross_covariance/seed_803/fold2-no_cross_covariance-seed803-0d701ed22db96cda/attempts/attempt_001/projected_features.npz,2848061,6cdd777181b9db42d50de173626199e2c235edf1d9d1f0966f3b73354bb5bd8e,results/scorpion/pathoalign_capacity_matched_ablations_v1/cells/fold_2/no_cross_covariance/seed_803/fold2-no_cross_covariance-seed803-0d701ed22db96cda/attempts/attempt_001/metrics.json,747,4ec657d16d1683efa3b99a5478b052dab33e5adb470a74bc3fa650067ffd7b36,results/scorpion/pathoalign_capacity_matched_ablations_v1/cells/fold_2/no_cross_covariance/seed_803/fold2-no_cross_covariance-seed803-0d701ed22db96cda/attempts/attempt_001/slide_metrics.csv,1595,755b681c23101aef2f973a44945de6a825850baf8f72d3f487004f822a9494a0,results/scorpion/pathoalign_capacity_matched_ablations_v1/cells/fold_2/no_cross_covariance/seed_803/fold2-no_cross_covariance-seed803-0d701ed22db96cda/attempts/attempt_001/training_history.csv,980,e644c9376d1448c6a9a3b0620bcf9bceafa46cd99ab06b8c564eb2b9798acacb
fold2-paired_reference-seed804-630a5cc8ae484c97,paired_reference,2,804,1,valid,59ba04450adf738aa2983dc40ecb4ff09ffa495f13d43c56edde5ec57707a2e1,0adea50f1ef22865969109f1834a3c175e3f8b43,10.100587700002507,92233728,results/scorpion/pathoalign_capacity_matched_ablations_v1/cells/fold_2/paired_reference/seed_804/fold2-paired_reference-seed804-630a5cc8ae484c97/cell_manifest.json,2928,dd70e1fb2c8797f953ce71ed98a93fa5b5839e872d223fa6504e344a94703fb3,results/scorpion/pathoalign_capacity_matched_ablations_v1/cells/fold_2/paired_reference/seed_804/fold2-paired_reference-seed804-630a5cc8ae484c97/attempts/attempt_001/checkpoint.pt,4210786,37a499023bc96e14fef0988c8fb5e0125849a84432ac7e79cbd4a3fa40d431ee,results/scorpion/pathoalign_capacity_matched_ablations_v1/cells/fold_2/paired_reference/seed_804/fold2-paired_reference-seed804-630a5cc8ae484c97/attempts/attempt_001/projected_features.npz,2280043,89c2fc79e14f8ee705c9fa719ba477dd55c49ab96fa5075bb9bd67e87dc83daa,results/scorpion/pathoalign_capacity_matched_ablations_v1/cells/fold_2/paired_reference/seed_804/fold2-paired_reference-seed804-630a5cc8ae484c97/attempts/attempt_001/metrics.json,699,dbd08dc4bc156ec32e732cfb29d174236eb79f44bf069b9c54f33be4098d259c,results/scorpion/pathoalign_capacity_matched_ablations_v1/cells/fold_2/paired_reference/seed_804/fold2-paired_reference-seed804-630a5cc8ae484c97/attempts/attempt_001/slide_metrics.csv,1500,18d609e27c3bc7730297759e14ef3d22a9cab8196a654fc6ef483cd1931591bb,results/scorpion/pathoalign_capacity_matched_ablations_v1/cells/fold_2/paired_reference/seed_804/fold2-paired_reference-seed804-630a5cc8ae484c97/attempts/attempt_001/training_history.csv,511,83954e090db628138a26230c7b837b44d371dc03d29efb2798e1a57663de0f06
fold2-two_branch_no_scanner_objectives-seed804-f9385d1861627515,two_branch_no_scanner_objectives,2,804,1,valid,59ba04450adf738aa2983dc40ecb4ff09ffa495f13d43c56edde5ec57707a2e1,0adea50f1ef22865969109f1834a3c175e3f8b43,19.274513000000297,101677056,results/scorpion/pathoalign_capacity_matched_ablations_v1/cells/fold_2/two_branch_no_scanner_objectives/seed_804/fold2-two_branch_no_scanner_objectives-seed804-f9385d1861627515/cell_manifest.json,2961,3aaa189355abc7268748f21608bd88a670b86e45e7335b56cce2b286a2523bf4,results/scorpion/pathoalign_capacity_matched_ablations_v1/cells/fold_2/two_branch_no_scanner_objectives/seed_804/fold2-two_branch_no_scanner_objectives-seed804-f9385d1861627515/attempts/attempt_001/checkpoint.pt,6208098,a4f2fc1d11359d673f371b719b6e359aac920b061d9cfac3d2660d180789b339,results/scorpion/pathoalign_capacity_matched_ablations_v1/cells/fold_2/two_branch_no_scanner_objectives/seed_804/fold2-two_branch_no_scanner_objectives-seed804-f9385d1861627515/attempts/attempt_001/projected_features.npz,2850961,20cfca0a0c83f4a8dca133ba24e8dc2060de939df929f35d365c7570a58019b4,results/scorpion/pathoalign_capacity_matched_ablations_v1/cells/fold_2/two_branch_no_scanner_objectives/seed_804/fold2-two_branch_no_scanner_objectives-seed804-f9385d1861627515/attempts/attempt_001/metrics.json,799,fa393209df2d5b07c1af528fb5040ba67b425709140d4cd54526a91b8c76e764,results/scorpion/pathoalign_capacity_matched_ablations_v1/cells/fold_2/two_branch_no_scanner_objectives/seed_804/fold2-two_branch_no_scanner_objectives-seed804-f9385d1861627515/attempts/attempt_001/slide_metrics.csv,1855,4cacad9ffb6fd6684bb8c75d542a4281914b6351c7422ea653e0667ce93dfec1,results/scorpion/pathoalign_capacity_matched_ablations_v1/cells/fold_2/two_branch_no_scanner_objectives/seed_804/fold2-two_branch_no_scanner_objectives-seed804-f9385d1861627515/attempts/attempt_001/training_history.csv,990,23251a7bb966621fd119a6d81af9c52c2b722230a0a24fc5d1983c896f62225d
fold2-pathoalign_dep20-seed804-37f842f5f91a24a9,pathoalign_dep20,2,804,1,valid,59ba04450adf738aa2983dc40ecb4ff09ffa495f13d43c56edde5ec57707a2e1,0adea50f1ef22865969109f1834a3c175e3f8b43,19.593440600001486,101677056,results/scorpion/pathoalign_capacity_matched_ablations_v1/cells/fold_2/pathoalign_dep20/seed_804/fold2-pathoalign_dep20-seed804-37f842f5f91a24a9/cell_manifest.json,2928,cb9b43c250ae8e2bde43a6ae0f8b214c479e8134e8848f6817c3ed5c5f9f83a0,results/scorpion/pathoalign_capacity_matched_ablations_v1/cells/fold_2/pathoalign_dep20/seed_804/fold2-pathoalign_dep20-seed804-37f842f5f91a24a9/attempts/attempt_001/checkpoint.pt,6208098,22ec616ac15abee297eb07cde6d84a3dccd9df73db83769011583e71c9b42714,results/scorpion/pathoalign_capacity_matched_ablations_v1/cells/fold_2/pathoalign_dep20/seed_804/fold2-pathoalign_dep20-seed804-37f842f5f91a24a9/attempts/attempt_001/projected_features.npz,2848733,8d16997d075401f194fe36a84800d8350e6b770689c5423005a91279f892e8f8,results/scorpion/pathoalign_capacity_matched_ablations_v1/cells/fold_2/pathoalign_dep20/seed_804/fold2-pathoalign_dep20-seed804-37f842f5f91a24a9/attempts/attempt_001/metrics.json,729,e3e8e0e6ea0ea356b3bcb33e659cc2babee0c7ee4d93225395b98a2e44b57109,results/scorpion/pathoalign_capacity_matched_ablations_v1/cells/fold_2/pathoalign_dep20/seed_804/fold2-pathoalign_dep20-seed804-37f842f5f91a24a9/attempts/attempt_001/slide_metrics.csv,1537,0ed5c0f1c05e580d4432f76a0b4c923d5af4f9bbe46beff2b470a6f46c4d1c74,results/scorpion/pathoalign_capacity_matched_ablations_v1/cells/fold_2/pathoalign_dep20/seed_804/fold2-pathoalign_dep20-seed804-37f842f5f91a24a9/attempts/attempt_001/training_history.csv,1003,a5942b0e9963868a53fc8cbb40a197611fa6be7c49cf947206ffd3976984a977
fold2-no_adversary-seed804-7607fe1107786a6c,no_adversary,2,804,1,valid,59ba04450adf738aa2983dc40ecb4ff09ffa495f13d43c56edde5ec57707a2e1,0adea50f1ef22865969109f1834a3c175e3f8b43,20.176665500002855,101677056,results/scorpion/pathoalign_capacity_matched_ablations_v1/cells/fold_2/no_adversary/seed_804/fold2-no_adversary-seed804-7607fe1107786a6c/cell_manifest.json,2919,14fd263a03016a5fb58943e67e7de8c34e9090cfdf273c59621c9892002eb2ae,results/scorpion/pathoalign_capacity_matched_ablations_v1/cells/fold_2/no_adversary/seed_804/fold2-no_adversary-seed804-7607fe1107786a6c/attempts/attempt_001/checkpoint.pt,6208098,d5b39e2437bbc608b5b1a9edae8aae47adabe54f3742534671121ab8f6158e10,results/scorpion/pathoalign_capacity_matched_ablations_v1/cells/fold_2/no_adversary/seed_804/fold2-no_adversary-seed804-7607fe1107786a6c/attempts/attempt_001/projected_features.npz,2847269,b3690c612e09e87f68f23c831ffe7a672bc032a7840842caba179d03a50c92ac,results/scorpion/pathoalign_capacity_matched_ablations_v1/cells/fold_2/no_adversary/seed_804/fold2-no_adversary-seed804-7607fe1107786a6c/attempts/attempt_001/metrics.json,751,97ce591c5296a2f9b71d66d888c52ef043a894a1f6cbb7e7dfa6d373eeed64af,results/scorpion/pathoalign_capacity_matched_ablations_v1/cells/fold_2/no_adversary/seed_804/fold2-no_adversary-seed804-7607fe1107786a6c/attempts/attempt_001/slide_metrics.csv,1457,c3c7fd73be87cfbeb880d3704ef231fb30e10eb9ae881d590c6ce4c60123e243,results/scorpion/pathoalign_capacity_matched_ablations_v1/cells/fold_2/no_adversary/seed_804/fold2-no_adversary-seed804-7607fe1107786a6c/attempts/attempt_001/training_history.csv,987,01dda68ef71146b5a4e63bf890b576c3825e4bf2f4972ec5bb90b0d5f9aa1cbc
fold2-no_acquisition_classifier-seed804-dc3e71f3add3e52a,no_acquisition_classifier,2,804,1,valid,59ba04450adf738aa2983dc40ecb4ff09ffa495f13d43c56edde5ec57707a2e1,0adea50f1ef22865969109f1834a3c175e3f8b43,20.528432499999326,101677056,results/scorpion/pathoalign_capacity_matched_ablations_v1/cells/fold_2/no_acquisition_classifier/seed_804/fold2-no_acquisition_classifier-seed804-dc3e71f3add3e52a/cell_manifest.json,2947,26ee9a86f3f62c3b87665addcd7d3ea29752faaa0af0b729c353c36c47c281a2,results/scorpion/pathoalign_capacity_matched_ablations_v1/cells/fold_2/no_acquisition_classifier/seed_804/fold2-no_acquisition_classifier-seed804-dc3e71f3add3e52a/attempts/attempt_001/checkpoint.pt,6208098,374f5dbe4cacb2c5e478de7aeaa1702aec55ad53823d419b02c5783c780acb8e,results/scorpion/pathoalign_capacity_matched_ablations_v1/cells/fold_2/no_acquisition_classifier/seed_804/fold2-no_acquisition_classifier-seed804-dc3e71f3add3e52a/attempts/attempt_001/projected_features.npz,2851088,74bc4e7318538ba6a28c7bd10899c8272aa89140e5dc78211faa9dfaa284c902,results/scorpion/pathoalign_capacity_matched_ablations_v1/cells/fold_2/no_acquisition_classifier/seed_804/fold2-no_acquisition_classifier-seed804-dc3e71f3add3e52a/attempts/attempt_001/metrics.json,761,48686ccaf8b2651ab0c8604e4575e633ba7430e3a0fbc38ff99535b0b5307536,results/scorpion/pathoalign_capacity_matched_ablations_v1/cells/fold_2/no_acquisition_classifier/seed_804/fold2-no_acquisition_classifier-seed804-dc3e71f3add3e52a/attempts/attempt_001/slide_metrics.csv,1715,aa4a6f5909c3d2625056bd602bd571d1da2aeb682d49cca9edc3cdfccce299df,results/scorpion/pathoalign_capacity_matched_ablations_v1/cells/fold_2/no_acquisition_classifier/seed_804/fold2-no_acquisition_classifier-seed804-dc3e71f3add3e52a/attempts/attempt_001/training_history.csv,1034,f38cd6e98e862bce21d9d901dfd9590dfc76456c644b7b058775f1140b3628a3
fold2-no_scanner_dependence-seed804-2c843edee64c7827,no_scanner_dependence,2,804,1,valid,59ba04450adf738aa2983dc40ecb4ff09ffa495f13d43c56edde5ec57707a2e1,0adea50f1ef22865969109f1834a3c175e3f8b43,19.876982900001167,101677056,results/scorpion/pathoalign_capacity_matched_ablations_v1/cells/fold_2/no_scanner_dependence/seed_804/fold2-no_scanner_dependence-seed804-2c843edee64c7827/cell_manifest.json,2939,58ac94646701462814e0413945662cc2491aba8b881c311ff3e2b2ee4bf7549b,results/scorpion/pathoalign_capacity_matched_ablations_v1/cells/fold_2/no_scanner_dependence/seed_804/fold2-no_scanner_dependence-seed804-2c843edee64c7827/attempts/attempt_001/checkpoint.pt,6208098,e694ce5c602209d01838116dd650d11384e16226f0e229213578c29fd0ec24fc,results/scorpion/pathoalign_capacity_matched_ablations_v1/cells/fold_2/no_scanner_dependence/seed_804/fold2-no_scanner_dependence-seed804-2c843edee64c7827/attempts/attempt_001/projected_features.npz,2851133,df22261162cad3432622c85fafb78b3e074478902455a4082ccce289ed8ac3e1,results/scorpion/pathoalign_capacity_matched_ablations_v1/cells/fold_2/no_scanner_dependence/seed_804/fold2-no_scanner_dependence-seed804-2c843edee64c7827/attempts/attempt_001/metrics.json,752,ea214f9f97c114e9f60716c26ae6598c884b17920b62d1bb85b0218e8c83bd4d,results/scorpion/pathoalign_capacity_matched_ablations_v1/cells/fold_2/no_scanner_dependence/seed_804/fold2-no_scanner_dependence-seed804-2c843edee64c7827/attempts/attempt_001/slide_metrics.csv,1634,78cd45d2cb4c6aa89fa5d673d2b2efdfda94da6554cff3d2a19bfcf841bc75f0,results/scorpion/pathoalign_capacity_matched_ablations_v1/cells/fold_2/no_scanner_dependence/seed_804/fold2-no_scanner_dependence-seed804-2c843edee64c7827/attempts/attempt_001/training_history.csv,989,c6f839cdacb3635099a6f2b33dce25e38813c5f59183d8c561758f4b6ffe25e0
fold2-no_cross_covariance-seed804-abbf2e97e6509cfa,no_cross_covariance,2,804,1,valid,59ba04450adf738aa2983dc40ecb4ff09ffa495f13d43c56edde5ec57707a2e1,0adea50f1ef22865969109f1834a3c175e3f8b43,18.961591299997963,101677056,results/scorpion/pathoalign_capacity_matched_ablations_v1/cells/fold_2/no_cross_covariance/seed_804/fold2-no_cross_covariance-seed804-abbf2e97e6509cfa/cell_manifest.json,2933,95a0e62d8bd6012a818966c230b71c96321589d472df85381183a2b1cfa89595,results/scorpion/pathoalign_capacity_matched_ablations_v1/cells/fold_2/no_cross_covariance/seed_804/fold2-no_cross_covariance-seed804-abbf2e97e6509cfa/attempts/attempt_001/checkpoint.pt,6208098,830d5fc5f2f7a3b6e17227d1d4186784f34dc1dc8f0ef2deba8c8d913ba5de61,results/scorpion/pathoalign_capacity_matched_ablations_v1/cells/fold_2/no_cross_covariance/seed_804/fold2-no_cross_covariance-seed804-abbf2e97e6509cfa/attempts/attempt_001/projected_features.npz,2848205,85a01cd328b3d6734fc2b8602b3764d93f73be9234496dbec5f62806d0889ce8,results/scorpion/pathoalign_capacity_matched_ablations_v1/cells/fold_2/no_cross_covariance/seed_804/fold2-no_cross_covariance-seed804-abbf2e97e6509cfa/attempts/attempt_001/metrics.json,746,49c323fa3ebbc30cc8e7c6bc68dfc2d13f13107a9ea92e12f4a37eae86df8726,results/scorpion/pathoalign_capacity_matched_ablations_v1/cells/fold_2/no_cross_covariance/seed_804/fold2-no_cross_covariance-seed804-abbf2e97e6509cfa/attempts/attempt_001/slide_metrics.csv,1596,c0787b7282f882f68f4e9fdded24d11ff585db9e274ac860e47528b34eb47885,results/scorpion/pathoalign_capacity_matched_ablations_v1/cells/fold_2/no_cross_covariance/seed_804/fold2-no_cross_covariance-seed804-abbf2e97e6509cfa/attempts/attempt_001/training_history.csv,989,15fc5a316a02bae7a4c25dbba06ec104ed30dc8601aa0f805437bfe1b6070e9e
fold2-paired_reference-seed805-8729febe9bd5bd5a,paired_reference,2,805,1,valid,59ba04450adf738aa2983dc40ecb4ff09ffa495f13d43c56edde5ec57707a2e1,0adea50f1ef22865969109f1834a3c175e3f8b43,10.240447899999708,92233728,results/scorpion/pathoalign_capacity_matched_ablations_v1/cells/fold_2/paired_reference/seed_805/fold2-paired_reference-seed805-8729febe9bd5bd5a/cell_manifest.json,2927,710bfd9c60396ee93f5a4a954b055d4647453a0721b3cac54f5f85e8f14a511b,results/scorpion/pathoalign_capacity_matched_ablations_v1/cells/fold_2/paired_reference/seed_805/fold2-paired_reference-seed805-8729febe9bd5bd5a/attempts/attempt_001/checkpoint.pt,4210786,d22700eaefe651704956c1668c4a528352eafc1a89c1eae5c79011f1830ef00c,results/scorpion/pathoalign_capacity_matched_ablations_v1/cells/fold_2/paired_reference/seed_805/fold2-paired_reference-seed805-8729febe9bd5bd5a/attempts/attempt_001/projected_features.npz,2280433,746d079ac20b026069f0c80969ed0d6cf5eda32eeff852d962a3e1de08ac0c33,results/scorpion/pathoalign_capacity_matched_ablations_v1/cells/fold_2/paired_reference/seed_805/fold2-paired_reference-seed805-8729febe9bd5bd5a/attempts/attempt_001/metrics.json,700,20bca05ca11d71043a08440671ea0fa25e737d70159c85cd67587530298f6a18,results/scorpion/pathoalign_capacity_matched_ablations_v1/cells/fold_2/paired_reference/seed_805/fold2-paired_reference-seed805-8729febe9bd5bd5a/attempts/attempt_001/slide_metrics.csv,1498,3197844070ad0a4e3871d8ee5a61666e0fd5e627870afde5132868c8146c65e0,results/scorpion/pathoalign_capacity_matched_ablations_v1/cells/fold_2/paired_reference/seed_805/fold2-paired_reference-seed805-8729febe9bd5bd5a/attempts/attempt_001/training_history.csv,508,35c1fcc72e7581f5f7a869c943307d40b28ff65feaeb41ae1c96de84bce2e232
fold2-two_branch_no_scanner_objectives-seed805-edd31f25d2214fec,two_branch_no_scanner_objectives,2,805,1,valid,59ba04450adf738aa2983dc40ecb4ff09ffa495f13d43c56edde5ec57707a2e1,0adea50f1ef22865969109f1834a3c175e3f8b43,18.700099800000316,101677056,results/scorpion/pathoalign_capacity_matched_ablations_v1/cells/fold_2/two_branch_no_scanner_objectives/seed_805/fold2-two_branch_no_scanner_objectives-seed805-edd31f25d2214fec/cell_manifest.json,2960,d5410d146ce0f28acad066aeac149e9ddeae80691bcf6862f30d4cf2e98c62b2,results/scorpion/pathoalign_capacity_matched_ablations_v1/cells/fold_2/two_branch_no_scanner_objectives/seed_805/fold2-two_branch_no_scanner_objectives-seed805-edd31f25d2214fec/attempts/attempt_001/checkpoint.pt,6208098,bd74cb15a25965ae98edbb4ff8eb05753b9059c78d41cd5c73943ef66a13f4f0,results/scorpion/pathoalign_capacity_matched_ablations_v1/cells/fold_2/two_branch_no_scanner_objectives/seed_805/fold2-two_branch_no_scanner_objectives-seed805-edd31f25d2214fec/attempts/attempt_001/projected_features.npz,2850954,3533dfcecfe46660eeb9db2cde5963f13f3d6c3489bd65f6f723d95939676850,results/scorpion/pathoalign_capacity_matched_ablations_v1/cells/fold_2/two_branch_no_scanner_objectives/seed_805/fold2-two_branch_no_scanner_objectives-seed805-edd31f25d2214fec/attempts/attempt_001/metrics.json,785,283ca55a34fe351543214da032877faf296a918a5a5aa7c8b52645bc536bd5e3,results/scorpion/pathoalign_capacity_matched_ablations_v1/cells/fold_2/two_branch_no_scanner_objectives/seed_805/fold2-two_branch_no_scanner_objectives-seed805-edd31f25d2214fec/attempts/attempt_001/slide_metrics.csv,1858,651dca68896e5578e8868935a6e355080bcd3bc2804428738916880606b7b8ae,results/scorpion/pathoalign_capacity_matched_ablations_v1/cells/fold_2/two_branch_no_scanner_objectives/seed_805/fold2-two_branch_no_scanner_objectives-seed805-edd31f25d2214fec/attempts/attempt_001/training_history.csv,975,f2afbb7360645d230854921227bdb23d50786e5c0a57a574039715667549710b
fold2-pathoalign_dep20-seed805-c847c1b984ed8abb,pathoalign_dep20,2,805,1,valid,59ba04450adf738aa2983dc40ecb4ff09ffa495f13d43c56edde5ec57707a2e1,0adea50f1ef22865969109f1834a3c175e3f8b43,19.442971399999806,101677056,results/scorpion/pathoalign_capacity_matched_ablations_v1/cells/fold_2/pathoalign_dep20/seed_805/fold2-pathoalign_dep20-seed805-c847c1b984ed8abb/cell_manifest.json,2928,8d2116be3944dab078d37963e88c93a6d4c3f5032a1d158ecae971309caf52ad,results/scorpion/pathoalign_capacity_matched_ablations_v1/cells/fold_2/pathoalign_dep20/seed_805/fold2-pathoalign_dep20-seed805-c847c1b984ed8abb/attempts/attempt_001/checkpoint.pt,6208098,11ae0a09a19b5727ac06c9b9dedc3d13022828d7b767c96b4b125d88feb801c5,results/scorpion/pathoalign_capacity_matched_ablations_v1/cells/fold_2/pathoalign_dep20/seed_805/fold2-pathoalign_dep20-seed805-c847c1b984ed8abb/attempts/attempt_001/projected_features.npz,2849012,936a5e2bf43717ae85803f8a223a3cf219859ba3e1a8e0b2b0474fa999e5b6e2,results/scorpion/pathoalign_capacity_matched_ablations_v1/cells/fold_2/pathoalign_dep20/seed_805/fold2-pathoalign_dep20-seed805-c847c1b984ed8abb/attempts/attempt_001/metrics.json,755,42f2bbfad27b285dc484ce33140ea91e62c543ed0196ced89177560af782fc8a,results/scorpion/pathoalign_capacity_matched_ablations_v1/cells/fold_2/pathoalign_dep20/seed_805/fold2-pathoalign_dep20-seed805-c847c1b984ed8abb/attempts/attempt_001/slide_metrics.csv,1536,f62055312d45236c8ee81843a50155546fa0ea35ed137ef5af20afd24275929c,results/scorpion/pathoalign_capacity_matched_ablations_v1/cells/fold_2/pathoalign_dep20/seed_805/fold2-pathoalign_dep20-seed805-c847c1b984ed8abb/attempts/attempt_001/training_history.csv,985,f4c24f5cf63c8d59ea7a3b77cc4bb1aa0cf7bb3d2b8a957c08ef17e48389f07d
fold2-no_adversary-seed805-e11da2db69fcc62a,no_adversary,2,805,1,valid,59ba04450adf738aa2983dc40ecb4ff09ffa495f13d43c56edde5ec57707a2e1,0adea50f1ef22865969109f1834a3c175e3f8b43,20.22381189999942,101677056,results/scorpion/pathoalign_capacity_matched_ablations_v1/cells/fold_2/no_adversary/seed_805/fold2-no_adversary-seed805-e11da2db69fcc62a/cell_manifest.json,2919,23cf26c05e55b794e1c06f896c1ee08e729d372f7a0626f38f540cabc08e1e29,results/scorpion/pathoalign_capacity_matched_ablations_v1/cells/fold_2/no_adversary/seed_805/fold2-no_adversary-seed805-e11da2db69fcc62a/attempts/attempt_001/checkpoint.pt,6208098,ad44f4da07a03bccf8a7c400dc88f3300f81c60afa294d651e045d713bea5c98,results/scorpion/pathoalign_capacity_matched_ablations_v1/cells/fold_2/no_adversary/seed_805/fold2-no_adversary-seed805-e11da2db69fcc62a/attempts/attempt_001/projected_features.npz,2847284,3b0935bf588891ec72c4e2d7b831da747a220ebf2e6e7fa41d73263fd4a330f0,results/scorpion/pathoalign_capacity_matched_ablations_v1/cells/fold_2/no_adversary/seed_805/fold2-no_adversary-seed805-e11da2db69fcc62a/attempts/attempt_001/metrics.json,735,2167619eb533d55a42ba72d54d1d8aee011da002ec643658b24939d647dc47ba,results/scorpion/pathoalign_capacity_matched_ablations_v1/cells/fold_2/no_adversary/seed_805/fold2-no_adversary-seed805-e11da2db69fcc62a/attempts/attempt_001/slide_metrics.csv,1454,5952b385e8ffac3b3142b35221a6334db5f827bd790a12aa4906c7f3321d65ec,results/scorpion/pathoalign_capacity_matched_ablations_v1/cells/fold_2/no_adversary/seed_805/fold2-no_adversary-seed805-e11da2db69fcc62a/attempts/attempt_001/training_history.csv,989,6e9a75d73fb29d48ddb489bf9cb991bf5e7fa7633eda0dc365a48848191f2275
fold2-no_acquisition_classifier-seed805-1096eeb5540f9182,no_acquisition_classifier,2,805,1,valid,59ba04450adf738aa2983dc40ecb4ff09ffa495f13d43c56edde5ec57707a2e1,0adea50f1ef22865969109f1834a3c175e3f8b43,19.756652899999608,101677056,results/scorpion/pathoalign_capacity_matched_ablations_v1/cells/fold_2/no_acquisition_classifier/seed_805/fold2-no_acquisition_classifier-seed805-1096eeb5540f9182/cell_manifest.json,2946,e7b03ff08ad7f3d175842bcf212aea058dc8dc098dc789a862d73a41ce5d57a5,results/scorpion/pathoalign_capacity_matched_ablations_v1/cells/fold_2/no_acquisition_classifier/seed_805/fold2-no_acquisition_classifier-seed805-1096eeb5540f9182/attempts/attempt_001/checkpoint.pt,6208098,e24ab9d1145206ae1fd5f18838c8b221f5128809df916aedc1e604df84ace4ec,results/scorpion/pathoalign_capacity_matched_ablations_v1/cells/fold_2/no_acquisition_classifier/seed_805/fold2-no_acquisition_classifier-seed805-1096eeb5540f9182/attempts/attempt_001/projected_features.npz,2850975,1cd35b72a6797d0379c1d224855c4f8f18be802d6872c0fbb0bb784858fa1f76,results/scorpion/pathoalign_capacity_matched_ablations_v1/cells/fold_2/no_acquisition_classifier/seed_805/fold2-no_acquisition_classifier-seed805-1096eeb5540f9182/attempts/attempt_001/metrics.json,745,3ddf74a99d78199e77a8f73d987f04858606cdedc59239000ee7269eed0a38ba,results/scorpion/pathoalign_capacity_matched_ablations_v1/cells/fold_2/no_acquisition_classifier/seed_805/fold2-no_acquisition_classifier-seed805-1096eeb5540f9182/attempts/attempt_001/slide_metrics.csv,1715,8550f309e7adb6d40d9f105ae09020197de8511b2a2690f84016e7c1b37d10ff,results/scorpion/pathoalign_capacity_matched_ablations_v1/cells/fold_2/no_acquisition_classifier/seed_805/fold2-no_acquisition_classifier-seed805-1096eeb5540f9182/attempts/attempt_001/training_history.csv,1033,d7cdfecc3b4256b944ae2f803a9afe5166a2457078e71385be7521c0f214ee48
fold2-no_scanner_dependence-seed805-d09a0f5085969fa4,no_scanner_dependence,2,805,1,valid,59ba04450adf738aa2983dc40ecb4ff09ffa495f13d43c56edde5ec57707a2e1,0adea50f1ef22865969109f1834a3c175e3f8b43,18.80325079999966,101677056,results/scorpion/pathoalign_capacity_matched_ablations_v1/cells/fold_2/no_scanner_dependence/seed_805/fold2-no_scanner_dependence-seed805-d09a0f5085969fa4/cell_manifest.json,2936,45c9c827d233d8883004fc883d228d0938538d01f671465d080abfcd32e8f53f,results/scorpion/pathoalign_capacity_matched_ablations_v1/cells/fold_2/no_scanner_dependence/seed_805/fold2-no_scanner_dependence-seed805-d09a0f5085969fa4/attempts/attempt_001/checkpoint.pt,6208098,55157dc1ccaf0a08e3b4d20037858df09dada60c0f960ff175a64a674ee7252a,results/scorpion/pathoalign_capacity_matched_ablations_v1/cells/fold_2/no_scanner_dependence/seed_805/fold2-no_scanner_dependence-seed805-d09a0f5085969fa4/attempts/attempt_001/projected_features.npz,2851140,949900755629317e9594c98ad378b19bf85ce0eddac0083fe5a4a68fef6e0c41,results/scorpion/pathoalign_capacity_matched_ablations_v1/cells/fold_2/no_scanner_dependence/seed_805/fold2-no_scanner_dependence-seed805-d09a0f5085969fa4/attempts/attempt_001/metrics.json,765,c0b57a65b2a6024f3b4ae941c19feb8712196817452a596c0a010be5b74703ff,results/scorpion/pathoalign_capacity_matched_ablations_v1/cells/fold_2/no_scanner_dependence/seed_805/fold2-no_scanner_dependence-seed805-d09a0f5085969fa4/attempts/attempt_001/slide_metrics.csv,1630,14996c49577e446b244c5ff48c8ffadc0149233aa4c816f3c6083307991a1d25,results/scorpion/pathoalign_capacity_matched_ablations_v1/cells/fold_2/no_scanner_dependence/seed_805/fold2-no_scanner_dependence-seed805-d09a0f5085969fa4/attempts/attempt_001/training_history.csv,980,7047be56a09502a609e8f25dc41f4000aaf1f3b4cf93d6f8b01181611ba744cb
fold2-no_cross_covariance-seed805-d2399a2564e12b0b,no_cross_covariance,2,805,1,valid,59ba04450adf738aa2983dc40ecb4ff09ffa495f13d43c56edde5ec57707a2e1,0adea50f1ef22865969109f1834a3c175e3f8b43,20.377284499998495,101677056,results/scorpion/pathoalign_capacity_matched_ablations_v1/cells/fold_2/no_cross_covariance/seed_805/fold2-no_cross_covariance-seed805-d2399a2564e12b0b/cell_manifest.json,2934,9c8f9af24237ea9dfd9d72a9753c3b73d15568ef60b95f7760949e5d89374e56,results/scorpion/pathoalign_capacity_matched_ablations_v1/cells/fold_2/no_cross_covariance/seed_805/fold2-no_cross_covariance-seed805-d2399a2564e12b0b/attempts/attempt_001/checkpoint.pt,6208098,c2de846478978263a619f128863d598bdfd482680b8099202e62d490d74e8d01,results/scorpion/pathoalign_capacity_matched_ablations_v1/cells/fold_2/no_cross_covariance/seed_805/fold2-no_cross_covariance-seed805-d2399a2564e12b0b/attempts/attempt_001/projected_features.npz,2848106,8cb3353aa5466c0bd2122a7fcb442c2be505ea515fa4a3e9bae83740b6ce76ae,results/scorpion/pathoalign_capacity_matched_ablations_v1/cells/fold_2/no_cross_covariance/seed_805/fold2-no_cross_covariance-seed805-d2399a2564e12b0b/attempts/attempt_001/metrics.json,748,e5a68a16385b7958155bd58a51291c053df5c08fd5b8caba8deb40776d397e4a,results/scorpion/pathoalign_capacity_matched_ablations_v1/cells/fold_2/no_cross_covariance/seed_805/fold2-no_cross_covariance-seed805-d2399a2564e12b0b/attempts/attempt_001/slide_metrics.csv,1597,75aba32e2f89202b5767e4954b8b9f4fa5e4167a7d490d434a12f608a2ca3f89,results/scorpion/pathoalign_capacity_matched_ablations_v1/cells/fold_2/no_cross_covariance/seed_805/fold2-no_cross_covariance-seed805-d2399a2564e12b0b/attempts/attempt_001/training_history.csv,989,0993a4c19b09f2f3f13b50e8bd00ffa971d15731df93d21aa60be52332467d56
fold3-paired_reference-seed801-90951669e855c1d6,paired_reference,3,801,1,valid,59ba04450adf738aa2983dc40ecb4ff09ffa495f13d43c56edde5ec57707a2e1,0adea50f1ef22865969109f1834a3c175e3f8b43,9.848108399997727,91893760,results/scorpion/pathoalign_capacity_matched_ablations_v1/cells/fold_3/paired_reference/seed_801/fold3-paired_reference-seed801-90951669e855c1d6/cell_manifest.json,2927,0103033105236e30563de4568fb7a97453aa856409734f73a81e327680fe95a0,results/scorpion/pathoalign_capacity_matched_ablations_v1/cells/fold_3/paired_reference/seed_801/fold3-paired_reference-seed801-90951669e855c1d6/attempts/attempt_001/checkpoint.pt,4210786,6d27cb856aa02c7474a4575d941bf1c144389130ad0b231a8b0db154b72d61b9,results/scorpion/pathoalign_capacity_matched_ablations_v1/cells/fold_3/paired_reference/seed_801/fold3-paired_reference-seed801-90951669e855c1d6/attempts/attempt_001/projected_features.npz,2281575,98bbf52bc6a23e1c7f6435e633b0abda775f54d7cdfda611f772e04561cf165a,results/scorpion/pathoalign_capacity_matched_ablations_v1/cells/fold_3/paired_reference/seed_801/fold3-paired_reference-seed801-90951669e855c1d6/attempts/attempt_001/metrics.json,711,cf1a0d59c501d4f65101d5ce43b63870d641a7787c46eee2410b445a89ec7587,results/scorpion/pathoalign_capacity_matched_ablations_v1/cells/fold_3/paired_reference/seed_801/fold3-paired_reference-seed801-90951669e855c1d6/attempts/attempt_001/slide_metrics.csv,1368,d68dfdd9fa81040d9740d0534e080b787dbf3f438b0907c3f00e4b3152ff8277,results/scorpion/pathoalign_capacity_matched_ablations_v1/cells/fold_3/paired_reference/seed_801/fold3-paired_reference-seed801-90951669e855c1d6/attempts/attempt_001/training_history.csv,512,ddf7cbecef51968872f32a1be9e92ec410d3930646722acacdb5af29e3278a8d
fold3-two_branch_no_scanner_objectives-seed801-39cb95c1184e8545,two_branch_no_scanner_objectives,3,801,1,valid,59ba04450adf738aa2983dc40ecb4ff09ffa495f13d43c56edde5ec57707a2e1,0adea50f1ef22865969109f1834a3c175e3f8b43,17.924020099999325,101337088,results/scorpion/pathoalign_capacity_matched_ablations_v1/cells/fold_3/two_branch_no_scanner_objectives/seed_801/fold3-two_branch_no_scanner_objectives-seed801-39cb95c1184e8545/cell_manifest.json,2961,9491f3fd4e4644df7795b4da999e4101998549b13448e657f07a5fdca05afbe5,results/scorpion/pathoalign_capacity_matched_ablations_v1/cells/fold_3/two_branch_no_scanner_objectives/seed_801/fold3-two_branch_no_scanner_objectives-seed801-39cb95c1184e8545/attempts/attempt_001/checkpoint.pt,6208098,3f9c48f42b20d3277e6623204cfc09b3c2def65e35679043182f4e5e02f1d0f1,results/scorpion/pathoalign_capacity_matched_ablations_v1/cells/fold_3/two_branch_no_scanner_objectives/seed_801/fold3-two_branch_no_scanner_objectives-seed801-39cb95c1184e8545/attempts/attempt_001/projected_features.npz,2852410,c7ec2912a9183ffc36ee581a35517f3b7366a7aaa8ca29a5cdfbd4412503a4cd,results/scorpion/pathoalign_capacity_matched_ablations_v1/cells/fold_3/two_branch_no_scanner_objectives/seed_801/fold3-two_branch_no_scanner_objectives-seed801-39cb95c1184e8545/attempts/attempt_001/metrics.json,815,5146709355cf40c1749402367f63968f3469a236e066743bef17f4047f4fffae,results/scorpion/pathoalign_capacity_matched_ablations_v1/cells/fold_3/two_branch_no_scanner_objectives/seed_801/fold3-two_branch_no_scanner_objectives-seed801-39cb95c1184e8545/attempts/attempt_001/slide_metrics.csv,1693,86a76a0a1085462de8e2f5560163bd274bb60248527c4ed742aac33d96e08b04,results/scorpion/pathoalign_capacity_matched_ablations_v1/cells/fold_3/two_branch_no_scanner_objectives/seed_801/fold3-two_branch_no_scanner_objectives-seed801-39cb95c1184e8545/attempts/attempt_001/training_history.csv,1025,d9ddc7bb77b12555a9ad39bc12132450d1e6b5bfda18b818ad388fd2f2438ce6
fold3-pathoalign_dep20-seed801-7c9ffbf17c94d36f,pathoalign_dep20,3,801,1,valid,59ba04450adf738aa2983dc40ecb4ff09ffa495f13d43c56edde5ec57707a2e1,0adea50f1ef22865969109f1834a3c175e3f8b43,18.490909600001032,101337088,results/scorpion/pathoalign_capacity_matched_ablations_v1/cells/fold_3/pathoalign_dep20/seed_801/fold3-pathoalign_dep20-seed801-7c9ffbf17c94d36f/cell_manifest.json,2928,eb6f47a65ba51b07bee693fad7800cf7dcc25b1fb8499e3dbd4ef961c4bfe987,results/scorpion/pathoalign_capacity_matched_ablations_v1/cells/fold_3/pathoalign_dep20/seed_801/fold3-pathoalign_dep20-seed801-7c9ffbf17c94d36f/attempts/attempt_001/checkpoint.pt,6208098,7ec2e92b67ec89dd26ff3a1d8a837887eccc4c8c7746df237ade605aac63cae0,results/scorpion/pathoalign_capacity_matched_ablations_v1/cells/fold_3/pathoalign_dep20/seed_801/fold3-pathoalign_dep20-seed801-7c9ffbf17c94d36f/attempts/attempt_001/projected_features.npz,2850751,7bbecf0befb630f8c6dbe83e36e4c438b2f641fb8fc059a079abc11ff5eccf5c,results/scorpion/pathoalign_capacity_matched_ablations_v1/cells/fold_3/pathoalign_dep20/seed_801/fold3-pathoalign_dep20-seed801-7c9ffbf17c94d36f/attempts/attempt_001/metrics.json,768,9180d6ff3ca042b625d070c56b0b92d4e7ff43d03fc09039dfac57a77254813f,results/scorpion/pathoalign_capacity_matched_ablations_v1/cells/fold_3/pathoalign_dep20/seed_801/fold3-pathoalign_dep20-seed801-7c9ffbf17c94d36f/attempts/attempt_001/slide_metrics.csv,1396,6b90de0185c6abac96e9a3e87749d8d16c6a14cfdbce07635c3ed7dc8ec97597,results/scorpion/pathoalign_capacity_matched_ablations_v1/cells/fold_3/pathoalign_dep20/seed_801/fold3-pathoalign_dep20-seed801-7c9ffbf17c94d36f/attempts/attempt_001/training_history.csv,981,3d0604f5ba8fc9714133111a004fbe37abd1f30264bd77b79fcb8e82e2ffcc14
fold3-no_adversary-seed801-58f2c74c8a8759d3,no_adversary,3,801,1,valid,59ba04450adf738aa2983dc40ecb4ff09ffa495f13d43c56edde5ec57707a2e1,0adea50f1ef22865969109f1834a3c175e3f8b43,18.63056399999914,101337088,results/scorpion/pathoalign_capacity_matched_ablations_v1/cells/fold_3/no_adversary/seed_801/fold3-no_adversary-seed801-58f2c74c8a8759d3/cell_manifest.json,2919,80901f97d463df1a36a8180c447d1fc7f288288fa805cedab6b06533d129990a,results/scorpion/pathoalign_capacity_matched_ablations_v1/cells/fold_3/no_adversary/seed_801/fold3-no_adversary-seed801-58f2c74c8a8759d3/attempts/attempt_001/checkpoint.pt,6208098,a3a827f2f0e3610de0526912a005a2be0663954475357c6c501ef91777a0f3e3,results/scorpion/pathoalign_capacity_matched_ablations_v1/cells/fold_3/no_adversary/seed_801/fold3-no_adversary-seed801-58f2c74c8a8759d3/attempts/attempt_001/projected_features.npz,2849100,598a49a3caf2aa9ec3536330adb0ac4c4a42d4ce6e14c6fa3e0591da433ea21b,results/scorpion/pathoalign_capacity_matched_ablations_v1/cells/fold_3/no_adversary/seed_801/fold3-no_adversary-seed801-58f2c74c8a8759d3/attempts/attempt_001/metrics.json,744,225020057ff4e086946549dc69024227a487c550aba399e6d42cf428ed53498f,results/scorpion/pathoalign_capacity_matched_ablations_v1/cells/fold_3/no_adversary/seed_801/fold3-no_adversary-seed801-58f2c74c8a8759d3/attempts/attempt_001/slide_metrics.csv,1324,f96e1634f45f83084dd313c6be828eded280db9fd27564c715b7f300d26001e7,results/scorpion/pathoalign_capacity_matched_ablations_v1/cells/fold_3/no_adversary/seed_801/fold3-no_adversary-seed801-58f2c74c8a8759d3/attempts/attempt_001/training_history.csv,990,bdec7dcff38432fee6b8576fbd017a68ebcb5a1f2c46aa0c51c3e0683dfaf629
fold3-no_acquisition_classifier-seed801-bc140340287af636,no_acquisition_classifier,3,801,1,valid,59ba04450adf738aa2983dc40ecb4ff09ffa495f13d43c56edde5ec57707a2e1,0adea50f1ef22865969109f1834a3c175e3f8b43,21.12312390000079,101337088,results/scorpion/pathoalign_capacity_matched_ablations_v1/cells/fold_3/no_acquisition_classifier/seed_801/fold3-no_acquisition_classifier-seed801-bc140340287af636/cell_manifest.json,2947,ec1068f3a63d87b22502f6b942b465e20779dda82bedf312c8897e231e416ebd,results/scorpion/pathoalign_capacity_matched_ablations_v1/cells/fold_3/no_acquisition_classifier/seed_801/fold3-no_acquisition_classifier-seed801-bc140340287af636/attempts/attempt_001/checkpoint.pt,6208098,42d0c82d19ed47720b883e25336913a39de3afb5df335513a628ba24e8ddb564,results/scorpion/pathoalign_capacity_matched_ablations_v1/cells/fold_3/no_acquisition_classifier/seed_801/fold3-no_acquisition_classifier-seed801-bc140340287af636/attempts/attempt_001/projected_features.npz,2852370,9ca1e4a4b2cb9afcad0432d6511b0e816d2daf4aa24cfb57740bec9e15f66fd2,results/scorpion/pathoalign_capacity_matched_ablations_v1/cells/fold_3/no_acquisition_classifier/seed_801/fold3-no_acquisition_classifier-seed801-bc140340287af636/attempts/attempt_001/metrics.json,814,9f5c99eb9a306bdca08e45f44c04621176ef8406ba3090b617805c67946c05f2,results/scorpion/pathoalign_capacity_matched_ablations_v1/cells/fold_3/no_acquisition_classifier/seed_801/fold3-no_acquisition_classifier-seed801-bc140340287af636/attempts/attempt_001/slide_metrics.csv,1562,5f71f9b67a4641821a8e4d30d8a5425309106fc1125bef9d2fc959585b224377,results/scorpion/pathoalign_capacity_matched_ablations_v1/cells/fold_3/no_acquisition_classifier/seed_801/fold3-no_acquisition_classifier-seed801-bc140340287af636/attempts/attempt_001/training_history.csv,1031,505c6c68f18b5941f427c0923e84c332dc40b9fe3b917fd72540fe44d40e7f78
fold3-no_scanner_dependence-seed801-da4e61456e7f9d19,no_scanner_dependence,3,801,1,valid,59ba04450adf738aa2983dc40ecb4ff09ffa495f13d43c56edde5ec57707a2e1,0adea50f1ef22865969109f1834a3c175e3f8b43,21.06315960000211,101337088,results/scorpion/pathoalign_capacity_matched_ablations_v1/cells/fold_3/no_scanner_dependence/seed_801/fold3-no_scanner_dependence-seed801-da4e61456e7f9d19/cell_manifest.json,2938,70c32d8a02dd6de70b9ff72885d650d812ccb2e85887157d2278b0b8235853c1,results/scorpion/pathoalign_capacity_matched_ablations_v1/cells/fold_3/no_scanner_dependence/seed_801/fold3-no_scanner_dependence-seed801-da4e61456e7f9d19/attempts/attempt_001/checkpoint.pt,6208098,4fb7bc15badc33e7bdc90ae85362ea680fa6fe20c2070136e4ee806072d57ebd,results/scorpion/pathoalign_capacity_matched_ablations_v1/cells/fold_3/no_scanner_dependence/seed_801/fold3-no_scanner_dependence-seed801-da4e61456e7f9d19/attempts/attempt_001/projected_features.npz,2852245,fee10aa25a28ce4ea7a64b25d2c47e162d34851afd51f39c173b9bd1a3f97d5b,results/scorpion/pathoalign_capacity_matched_ablations_v1/cells/fold_3/no_scanner_dependence/seed_801/fold3-no_scanner_dependence-seed801-da4e61456e7f9d19/attempts/attempt_001/metrics.json,776,d19d0af7822384e90322c5dd7f0e38cb8450a546678a62cdb10d1a4f76d6c420,results/scorpion/pathoalign_capacity_matched_ablations_v1/cells/fold_3/no_scanner_dependence/seed_801/fold3-no_scanner_dependence-seed801-da4e61456e7f9d19/attempts/attempt_001/slide_metrics.csv,1492,608b49c444cbb476a801ea450616022aaa0038f54c236e0774a52e8b48498aba,results/scorpion/pathoalign_capacity_matched_ablations_v1/cells/fold_3/no_scanner_dependence/seed_801/fold3-no_scanner_dependence-seed801-da4e61456e7f9d19/attempts/attempt_001/training_history.csv,987,ecf9ec58977c0f7951c8702072c97b92a709211254383f56327637e79ec3dd44
fold3-no_cross_covariance-seed801-b8302fae70e48fab,no_cross_covariance,3,801,1,valid,59ba04450adf738aa2983dc40ecb4ff09ffa495f13d43c56edde5ec57707a2e1,0adea50f1ef22865969109f1834a3c175e3f8b43,21.733744600001955,101337088,results/scorpion/pathoalign_capacity_matched_ablations_v1/cells/fold_3/no_cross_covariance/seed_801/fold3-no_cross_covariance-seed801-b8302fae70e48fab/cell_manifest.json,2934,018adc6edce4973211bb6deed5cba8b71c9277d743aadcb1086fa91b4be26bb5,results/scorpion/pathoalign_capacity_matched_ablations_v1/cells/fold_3/no_cross_covariance/seed_801/fold3-no_cross_covariance-seed801-b8302fae70e48fab/attempts/attempt_001/checkpoint.pt,6208098,e6b48d41c4672ec286cc446365a73d1e256d96188979fafac19b4ddd0011dbd2,results/scorpion/pathoalign_capacity_matched_ablations_v1/cells/fold_3/no_cross_covariance/seed_801/fold3-no_cross_covariance-seed801-b8302fae70e48fab/attempts/attempt_001/projected_features.npz,2849952,cf15e26d3c3192d2af42a9982a4ea210512fdbb29ff5f01f04261b90d6ca28d7,results/scorpion/pathoalign_capacity_matched_ablations_v1/cells/fold_3/no_cross_covariance/seed_801/fold3-no_cross_covariance-seed801-b8302fae70e48fab/attempts/attempt_001/metrics.json,803,1c894cbea054e34c7caa0951869200b0580d600f4f0418c1ee2cd7f26163def4,results/scorpion/pathoalign_capacity_matched_ablations_v1/cells/fold_3/no_cross_covariance/seed_801/fold3-no_cross_covariance-seed801-b8302fae70e48fab/attempts/attempt_001/slide_metrics.csv,1459,26e75b5a1fed0ec551c685644dd28d76990a9653d0660d103ace2085f1d32810,results/scorpion/pathoalign_capacity_matched_ablations_v1/cells/fold_3/no_cross_covariance/seed_801/fold3-no_cross_covariance-seed801-b8302fae70e48fab/attempts/attempt_001/training_history.csv,986,b9301b61f5bbf2c81f35f2b943d5f01e8f27debaa1325f01611c820d8fe7acd0
fold3-paired_reference-seed802-a8936cf3d59a2ab0,paired_reference,3,802,1,valid,59ba04450adf738aa2983dc40ecb4ff09ffa495f13d43c56edde5ec57707a2e1,0adea50f1ef22865969109f1834a3c175e3f8b43,11.422853599997325,91893760,results/scorpion/pathoalign_capacity_matched_ablations_v1/cells/fold_3/paired_reference/seed_802/fold3-paired_reference-seed802-a8936cf3d59a2ab0/cell_manifest.json,2926,086f484759abac8d2b64985f17d638c3421790f04792a269b52e1ff429e331a9,results/scorpion/pathoalign_capacity_matched_ablations_v1/cells/fold_3/paired_reference/seed_802/fold3-paired_reference-seed802-a8936cf3d59a2ab0/attempts/attempt_001/checkpoint.pt,4210786,24c20d24f61bc64fb14c133825d440775857ce23e18a2f418ea23c7a749862bb,results/scorpion/pathoalign_capacity_matched_ablations_v1/cells/fold_3/paired_reference/seed_802/fold3-paired_reference-seed802-a8936cf3d59a2ab0/attempts/attempt_001/projected_features.npz,2281386,aadf5c3697c0096a510e74633b67540c4c12de44ca2e43ac1961cf590d19ffb6,results/scorpion/pathoalign_capacity_matched_ablations_v1/cells/fold_3/paired_reference/seed_802/fold3-paired_reference-seed802-a8936cf3d59a2ab0/attempts/attempt_001/metrics.json,710,bd911b1568c1dce8eb6585a24155b1c617606a38094e2cbb7db66776f9e23ea0,results/scorpion/pathoalign_capacity_matched_ablations_v1/cells/fold_3/paired_reference/seed_802/fold3-paired_reference-seed802-a8936cf3d59a2ab0/attempts/attempt_001/slide_metrics.csv,1368,3542ece31009e9becf079c3c670bcf02f9b49d67c5449cfe2fd13bfccc41fcf4,results/scorpion/pathoalign_capacity_matched_ablations_v1/cells/fold_3/paired_reference/seed_802/fold3-paired_reference-seed802-a8936cf3d59a2ab0/attempts/attempt_001/training_history.csv,512,d2329fdbec0a625ac314248d55356db1bfa85249442de595751269bf949d1397
fold3-two_branch_no_scanner_objectives-seed802-0bde4aa37011674d,two_branch_no_scanner_objectives,3,802,1,valid,59ba04450adf738aa2983dc40ecb4ff09ffa495f13d43c56edde5ec57707a2e1,0adea50f1ef22865969109f1834a3c175e3f8b43,20.605952300000354,101337088,results/scorpion/pathoalign_capacity_matched_ablations_v1/cells/fold_3/two_branch_no_scanner_objectives/seed_802/fold3-two_branch_no_scanner_objectives-seed802-0bde4aa37011674d/cell_manifest.json,2962,c07ba68317ccde03ab89a094adc1c05eaa03628540f5789176db0b9a9e070f2f,results/scorpion/pathoalign_capacity_matched_ablations_v1/cells/fold_3/two_branch_no_scanner_objectives/seed_802/fold3-two_branch_no_scanner_objectives-seed802-0bde4aa37011674d/attempts/attempt_001/checkpoint.pt,6208098,b7a9dec5761d1169687efcf10df0d4ea4a7f05e3f256794f9276b343ff36b6c4,results/scorpion/pathoalign_capacity_matched_ablations_v1/cells/fold_3/two_branch_no_scanner_objectives/seed_802/fold3-two_branch_no_scanner_objectives-seed802-0bde4aa37011674d/attempts/attempt_001/projected_features.npz,2852904,b21fe728251542e037e6ff62f23c753692bcc91cf12c32bb8a0072617e721f21,results/scorpion/pathoalign_capacity_matched_ablations_v1/cells/fold_3/two_branch_no_scanner_objectives/seed_802/fold3-two_branch_no_scanner_objectives-seed802-0bde4aa37011674d/attempts/attempt_001/metrics.json,783,2b0fc6f96531907d83c11059347af93a2cfc647f531f56cc1c36538fb1aa3a28,results/scorpion/pathoalign_capacity_matched_ablations_v1/cells/fold_3/two_branch_no_scanner_objectives/seed_802/fold3-two_branch_no_scanner_objectives-seed802-0bde4aa37011674d/attempts/attempt_001/slide_metrics.csv,1684,66ee6c1d9d5920ae43ea3010b7a689c9464d73d2bbddbe9fc3a442507008edd2,results/scorpion/pathoalign_capacity_matched_ablations_v1/cells/fold_3/two_branch_no_scanner_objectives/seed_802/fold3-two_branch_no_scanner_objectives-seed802-0bde4aa37011674d/attempts/attempt_001/training_history.csv,1037,311ba0ac64fde9531d1fe5445475ca22178c10fef367136f04923f83bd834b0d
fold3-pathoalign_dep20-seed802-0d826a14158b802c,pathoalign_dep20,3,802,1,valid,59ba04450adf738aa2983dc40ecb4ff09ffa495f13d43c56edde5ec57707a2e1,0adea50f1ef22865969109f1834a3c175e3f8b43,20.389199599998392,101337088,results/scorpion/pathoalign_capacity_matched_ablations_v1/cells/fold_3/pathoalign_dep20/seed_802/fold3-pathoalign_dep20-seed802-0d826a14158b802c/cell_manifest.json,2929,bbb912a2e7c947917e49e52ee27a6458403209cde2f73f180d9155a9fa8b46a8,results/scorpion/pathoalign_capacity_matched_ablations_v1/cells/fold_3/pathoalign_dep20/seed_802/fold3-pathoalign_dep20-seed802-0d826a14158b802c/attempts/attempt_001/checkpoint.pt,6208098,83eb83551a5b41e9477e564b487a1a744edbf54085fbdaea119b9665e487235b,results/scorpion/pathoalign_capacity_matched_ablations_v1/cells/fold_3/pathoalign_dep20/seed_802/fold3-pathoalign_dep20-seed802-0d826a14158b802c/attempts/attempt_001/projected_features.npz,2850444,5def4255f7432a2fe673a509c9b59cab8b57b827054513002620510da1b53779,results/scorpion/pathoalign_capacity_matched_ablations_v1/cells/fold_3/pathoalign_dep20/seed_802/fold3-pathoalign_dep20-seed802-0d826a14158b802c/attempts/attempt_001/metrics.json,765,3f1da0e95a28a286b79d4647f97ed3ddbbf46d58e79e92143a951fc03a5d9a3a,results/scorpion/pathoalign_capacity_matched_ablations_v1/cells/fold_3/pathoalign_dep20/seed_802/fold3-pathoalign_dep20-seed802-0d826a14158b802c/attempts/attempt_001/slide_metrics.csv,1399,c6d0894137edf95f56052ec926118e64ed935ed9d8e7905afd156457a55143c2,results/scorpion/pathoalign_capacity_matched_ablations_v1/cells/fold_3/pathoalign_dep20/seed_802/fold3-pathoalign_dep20-seed802-0d826a14158b802c/attempts/attempt_001/training_history.csv,984,a0663f1d0121dc7a5efdb94f4df416efb3804fda30e6d1a073c88d02574c89ee
fold3-no_adversary-seed802-59bdfd63f508ab86,no_adversary,3,802,1,valid,59ba04450adf738aa2983dc40ecb4ff09ffa495f13d43c56edde5ec57707a2e1,0adea50f1ef22865969109f1834a3c175e3f8b43,21.405312299997604,101337088,results/scorpion/pathoalign_capacity_matched_ablations_v1/cells/fold_3/no_adversary/seed_802/fold3-no_adversary-seed802-59bdfd63f508ab86/cell_manifest.json,2919,f49328c3acc8b635e8b0aa002f205a7e987bbef483b2708fd8070b980ebcff16,results/scorpion/pathoalign_capacity_matched_ablations_v1/cells/fold_3/no_adversary/seed_802/fold3-no_adversary-seed802-59bdfd63f508ab86/attempts/attempt_001/checkpoint.pt,6208098,4b572e23f84fe0867678624da487a6e484910ca76b5d31d6ab311dd89faebff3,results/scorpion/pathoalign_capacity_matched_ablations_v1/cells/fold_3/no_adversary/seed_802/fold3-no_adversary-seed802-59bdfd63f508ab86/attempts/attempt_001/projected_features.npz,2849220,daa0c7a52acd19349e34fc173c497eba8cbd01e9e7ec38ef3ed3281760fb8122,results/scorpion/pathoalign_capacity_matched_ablations_v1/cells/fold_3/no_adversary/seed_802/fold3-no_adversary-seed802-59bdfd63f508ab86/attempts/attempt_001/metrics.json,744,7f0d55b80360b7737b2dbe64830932ff67e6f59de65bf780c48b08f8aa637126,results/scorpion/pathoalign_capacity_matched_ablations_v1/cells/fold_3/no_adversary/seed_802/fold3-no_adversary-seed802-59bdfd63f508ab86/attempts/attempt_001/slide_metrics.csv,1326,10e194e6b990980514dfd3c5eb9fdce4ceee0d2a68b4a3b2feba2c885f440767,results/scorpion/pathoalign_capacity_matched_ablations_v1/cells/fold_3/no_adversary/seed_802/fold3-no_adversary-seed802-59bdfd63f508ab86/attempts/attempt_001/training_history.csv,981,5b73985189535c0a4b848be7bfdf89c4d15cfc74004da156362a4349ecfa68ca
fold3-no_acquisition_classifier-seed802-38024593e479b915,no_acquisition_classifier,3,802,1,valid,59ba04450adf738aa2983dc40ecb4ff09ffa495f13d43c56edde5ec57707a2e1,0adea50f1ef22865969109f1834a3c175e3f8b43,21.291704999999638,101337088,results/scorpion/pathoalign_capacity_matched_ablations_v1/cells/fold_3/no_acquisition_classifier/seed_802/fold3-no_acquisition_classifier-seed802-38024593e479b915/cell_manifest.json,2948,d2ea88c9819310d413178ca2f42a01915aee88492dae32f07d50c1a03bc94323,results/scorpion/pathoalign_capacity_matched_ablations_v1/cells/fold_3/no_acquisition_classifier/seed_802/fold3-no_acquisition_classifier-seed802-38024593e479b915/attempts/attempt_001/checkpoint.pt,6208098,bfd2d0e812a43af94975ed22d84326a895ec8703fa2384a6ea33d1daac2a474e,results/scorpion/pathoalign_capacity_matched_ablations_v1/cells/fold_3/no_acquisition_classifier/seed_802/fold3-no_acquisition_classifier-seed802-38024593e479b915/attempts/attempt_001/projected_features.npz,2852313,5b7b060417b2694aaa1f72e30c9b70de0bd92a7ccc48b597837e779e00ec8652,results/scorpion/pathoalign_capacity_matched_ablations_v1/cells/fold_3/no_acquisition_classifier/seed_802/fold3-no_acquisition_classifier-seed802-38024593e479b915/attempts/attempt_001/metrics.json,772,45b7774f61007a0b61d9a75bfd0ddb067091d126ed936cb82d7f01e8b659fcac,results/scorpion/pathoalign_capacity_matched_ablations_v1/cells/fold_3/no_acquisition_classifier/seed_802/fold3-no_acquisition_classifier-seed802-38024593e479b915/attempts/attempt_001/slide_metrics.csv,1565,36b86b0cc38921e5d67a7b6ae40263e0765c73e545737dd892c8bfc89282facb,results/scorpion/pathoalign_capacity_matched_ablations_v1/cells/fold_3/no_acquisition_classifier/seed_802/fold3-no_acquisition_classifier-seed802-38024593e479b915/attempts/attempt_001/training_history.csv,1029,1fc1473f826c2c0a708b1fa80261dee950c747a6b6c2c66c3a1aa28bd7c5cf05
fold3-no_scanner_dependence-seed802-8943c678795388b5,no_scanner_dependence,3,802,1,valid,59ba04450adf738aa2983dc40ecb4ff09ffa495f13d43c56edde5ec57707a2e1,0adea50f1ef22865969109f1834a3c175e3f8b43,19.38249110000106,101337088,results/scorpion/pathoalign_capacity_matched_ablations_v1/cells/fold_3/no_scanner_dependence/seed_802/fold3-no_scanner_dependence-seed802-8943c678795388b5/cell_manifest.json,2937,7d4dff28e0562f6c4696ce9575ef8dd428bd542db484fec57fd91f9c520c4763,results/scorpion/pathoalign_capacity_matched_ablations_v1/cells/fold_3/no_scanner_dependence/seed_802/fold3-no_scanner_dependence-seed802-8943c678795388b5/attempts/attempt_001/checkpoint.pt,6208098,40bb0fa122229742f669f4e4eadbc3a011c2534b52206d3647dd065165b32e8c,results/scorpion/pathoalign_capacity_matched_ablations_v1/cells/fold_3/no_scanner_dependence/seed_802/fold3-no_scanner_dependence-seed802-8943c678795388b5/attempts/attempt_001/projected_features.npz,2852281,2921ea6ef767b28de10d765316a75082095406691f6174fc2380286a8735e96a,results/scorpion/pathoalign_capacity_matched_ablations_v1/cells/fold_3/no_scanner_dependence/seed_802/fold3-no_scanner_dependence-seed802-8943c678795388b5/attempts/attempt_001/metrics.json,761,58ba3b7fa78b1d748728d54f756c03a22c6b087b7b76a4f17c74e2086f0e3175,results/scorpion/pathoalign_capacity_matched_ablations_v1/cells/fold_3/no_scanner_dependence/seed_802/fold3-no_scanner_dependence-seed802-8943c678795388b5/attempts/attempt_001/slide_metrics.csv,1493,2a3cdb2736e25a41cc910965ad6a1c8ac41a4fc1d6605759e49e993aa944040b,results/scorpion/pathoalign_capacity_matched_ablations_v1/cells/fold_3/no_scanner_dependence/seed_802/fold3-no_scanner_dependence-seed802-8943c678795388b5/attempts/attempt_001/training_history.csv,988,351d1cc049adcc900b209f1c227d00c7d919f1f4b05aaec284465cd6d47e3945
fold3-no_cross_covariance-seed802-892c9c1371aab2b2,no_cross_covariance,3,802,1,valid,59ba04450adf738aa2983dc40ecb4ff09ffa495f13d43c56edde5ec57707a2e1,0adea50f1ef22865969109f1834a3c175e3f8b43,22.160071599999355,101337088,results/scorpion/pathoalign_capacity_matched_ablations_v1/cells/fold_3/no_cross_covariance/seed_802/fold3-no_cross_covariance-seed802-892c9c1371aab2b2/cell_manifest.json,2935,f80e30817632e98afb99ef3cd4eab9beb26d20780202f188f0070f9c71fbe3cf,results/scorpion/pathoalign_capacity_matched_ablations_v1/cells/fold_3/no_cross_covariance/seed_802/fold3-no_cross_covariance-seed802-892c9c1371aab2b2/attempts/attempt_001/checkpoint.pt,6208098,74e0f38a1195cb2c97a3c23fb634540109b354b99e73c6d22bcdda68fd5cb796,results/scorpion/pathoalign_capacity_matched_ablations_v1/cells/fold_3/no_cross_covariance/seed_802/fold3-no_cross_covariance-seed802-892c9c1371aab2b2/attempts/attempt_001/projected_features.npz,2849915,e6cfaa0dd174af1c7bc1fed4c5839438abb39506526d92dba6baa18a713613c5,results/scorpion/pathoalign_capacity_matched_ablations_v1/cells/fold_3/no_cross_covariance/seed_802/fold3-no_cross_covariance-seed802-892c9c1371aab2b2/attempts/attempt_001/metrics.json,758,196af2f72515113e0485c106bd38f1c01dbe82f39a2d36bcb09a02f341089196,results/scorpion/pathoalign_capacity_matched_ablations_v1/cells/fold_3/no_cross_covariance/seed_802/fold3-no_cross_covariance-seed802-892c9c1371aab2b2/attempts/attempt_001/slide_metrics.csv,1455,6009bf47601a0e1bc05ea4e1988c77a692829a4959c452bc9701eadc6fb0d10b,results/scorpion/pathoalign_capacity_matched_ablations_v1/cells/fold_3/no_cross_covariance/seed_802/fold3-no_cross_covariance-seed802-892c9c1371aab2b2/attempts/attempt_001/training_history.csv,982,1629482f51c1bb80c4d9afd8155732714c236fc970b3ed9670a4bc67993846d8
fold3-paired_reference-seed803-290283f6842cf987,paired_reference,3,803,1,valid,59ba04450adf738aa2983dc40ecb4ff09ffa495f13d43c56edde5ec57707a2e1,0adea50f1ef22865969109f1834a3c175e3f8b43,12.056374399999186,91893760,results/scorpion/pathoalign_capacity_matched_ablations_v1/cells/fold_3/paired_reference/seed_803/fold3-paired_reference-seed803-290283f6842cf987/cell_manifest.json,2927,508bc0dc1ca83829d89b89e8100e9af46372089814f4a68caab8c6e067991072,results/scorpion/pathoalign_capacity_matched_ablations_v1/cells/fold_3/paired_reference/seed_803/fold3-paired_reference-seed803-290283f6842cf987/attempts/attempt_001/checkpoint.pt,4210786,41de12a0e03a6bfaa0d62cb2a9d46517fd4156919d8f64ee400ce90ace60c806,results/scorpion/pathoalign_capacity_matched_ablations_v1/cells/fold_3/paired_reference/seed_803/fold3-paired_reference-seed803-290283f6842cf987/attempts/attempt_001/projected_features.npz,2281549,386c01df62e07f911ffe02b97f67292c0f07d05325f77fe84631f680ff0ab361,results/scorpion/pathoalign_capacity_matched_ablations_v1/cells/fold_3/paired_reference/seed_803/fold3-paired_reference-seed803-290283f6842cf987/attempts/attempt_001/metrics.json,741,afc16e891c108c4e75d8cf54820d191616d846acef40a94fee469c050ade546e,results/scorpion/pathoalign_capacity_matched_ablations_v1/cells/fold_3/paired_reference/seed_803/fold3-paired_reference-seed803-290283f6842cf987/attempts/attempt_001/slide_metrics.csv,1367,4266d72ce4e6d13b50aae7e49e2034a71b9733a170eb562276bf77028efdf534,results/scorpion/pathoalign_capacity_matched_ablations_v1/cells/fold_3/paired_reference/seed_803/fold3-paired_reference-seed803-290283f6842cf987/attempts/attempt_001/training_history.csv,514,c652a9cc4f84e36c5fabed1e2e25c06812cdb25c0b0f73e744be92f499c20c0b
fold3-two_branch_no_scanner_objectives-seed803-1ab218dca527ac4d,two_branch_no_scanner_objectives,3,803,1,valid,59ba04450adf738aa2983dc40ecb4ff09ffa495f13d43c56edde5ec57707a2e1,0adea50f1ef22865969109f1834a3c175e3f8b43,20.299143100000947,101337088,results/scorpion/pathoalign_capacity_matched_ablations_v1/cells/fold_3/two_branch_no_scanner_objectives/seed_803/fold3-two_branch_no_scanner_objectives-seed803-1ab218dca527ac4d/cell_manifest.json,2961,39dcb5ab019bbe55a7e3c26ca7cb0100f4945761893dcac2cb792dbcfeca564a,results/scorpion/pathoalign_capacity_matched_ablations_v1/cells/fold_3/two_branch_no_scanner_objectives/seed_803/fold3-two_branch_no_scanner_objectives-seed803-1ab218dca527ac4d/attempts/attempt_001/checkpoint.pt,6208098,82d7a1162662056eb657435e8aba9f9610088a7ea41316cc945e623738e4a49f,results/scorpion/pathoalign_capacity_matched_ablations_v1/cells/fold_3/two_branch_no_scanner_objectives/seed_803/fold3-two_branch_no_scanner_objectives-seed803-1ab218dca527ac4d/attempts/attempt_001/projected_features.npz,2852773,6874cabc7944e0cbb343f8414bc36bd05dae32c67499b0c6e75752ff658de4cc,results/scorpion/pathoalign_capacity_matched_ablations_v1/cells/fold_3/two_branch_no_scanner_objectives/seed_803/fold3-two_branch_no_scanner_objectives-seed803-1ab218dca527ac4d/attempts/attempt_001/metrics.json,783,ed97da9f220ef59b938dce99f1af2303c2acfcfdbe02ca250df95becca5b623c,results/scorpion/pathoalign_capacity_matched_ablations_v1/cells/fold_3/two_branch_no_scanner_objectives/seed_803/fold3-two_branch_no_scanner_objectives-seed803-1ab218dca527ac4d/attempts/attempt_001/slide_metrics.csv,1687,55783f6a714c2184b44696c46eab50c2524c793e215eb34ceb6980d972900cc5,results/scorpion/pathoalign_capacity_matched_ablations_v1/cells/fold_3/two_branch_no_scanner_objectives/seed_803/fold3-two_branch_no_scanner_objectives-seed803-1ab218dca527ac4d/attempts/attempt_001/training_history.csv,1029,210f6f5325291494f939c88be8f6ba77fffbf1587c24f908a4aeed4af774f36f
fold3-pathoalign_dep20-seed803-7ac9296a09782eeb,pathoalign_dep20,3,803,1,valid,59ba04450adf738aa2983dc40ecb4ff09ffa495f13d43c56edde5ec57707a2e1,0adea50f1ef22865969109f1834a3c175e3f8b43,20.72742659999858,101337088,results/scorpion/pathoalign_capacity_matched_ablations_v1/cells/fold_3/pathoalign_dep20/seed_803/fold3-pathoalign_dep20-seed803-7ac9296a09782eeb/cell_manifest.json,2926,620362461c5037cff8f9eedaaab73cbf7dc8e1ca280e89fab1913effe49b3947,results/scorpion/pathoalign_capacity_matched_ablations_v1/cells/fold_3/pathoalign_dep20/seed_803/fold3-pathoalign_dep20-seed803-7ac9296a09782eeb/attempts/attempt_001/checkpoint.pt,6208098,b87344e32d05ed1fa9636028cde68408f367b3e28468872096b4e846bcd59d18,results/scorpion/pathoalign_capacity_matched_ablations_v1/cells/fold_3/pathoalign_dep20/seed_803/fold3-pathoalign_dep20-seed803-7ac9296a09782eeb/attempts/attempt_001/projected_features.npz,2850492,531983a716acafb13f1101362946201c35cb19e19a75994716e1f1548c13547b,results/scorpion/pathoalign_capacity_matched_ablations_v1/cells/fold_3/pathoalign_dep20/seed_803/fold3-pathoalign_dep20-seed803-7ac9296a09782eeb/attempts/attempt_001/metrics.json,766,118a386481ee1b8e41f921bc19bf13586877a5e6f34e52657fdbb26ba39b0269,results/scorpion/pathoalign_capacity_matched_ablations_v1/cells/fold_3/pathoalign_dep20/seed_803/fold3-pathoalign_dep20-seed803-7ac9296a09782eeb/attempts/attempt_001/slide_metrics.csv,1402,83eab56b2c4e90ce96fe0c1a53760c2c4df6e1be410b9a0aa6df82b7077a111c,results/scorpion/pathoalign_capacity_matched_ablations_v1/cells/fold_3/pathoalign_dep20/seed_803/fold3-pathoalign_dep20-seed803-7ac9296a09782eeb/attempts/attempt_001/training_history.csv,999,d64c8acbdd2a6c5a7647f4c1e05b9711d4da2736b87e8a3723770e4806c13b67
fold3-no_adversary-seed803-2933da8aad59bbc4,no_adversary,3,803,1,valid,59ba04450adf738aa2983dc40ecb4ff09ffa495f13d43c56edde5ec57707a2e1,0adea50f1ef22865969109f1834a3c175e3f8b43,20.598669200000586,101337088,results/scorpion/pathoalign_capacity_matched_ablations_v1/cells/fold_3/no_adversary/seed_803/fold3-no_adversary-seed803-2933da8aad59bbc4/cell_manifest.json,2922,a33b155f3b603c386e5708b25b537b092544dd5f9f1b45403730a068b788c308,results/scorpion/pathoalign_capacity_matched_ablations_v1/cells/fold_3/no_adversary/seed_803/fold3-no_adversary-seed803-2933da8aad59bbc4/attempts/attempt_001/checkpoint.pt,6208098,df9c67d330c2c1c76453d718dbf554b33dfdfbbed119ec0a5a512f0eb8ebf041,results/scorpion/pathoalign_capacity_matched_ablations_v1/cells/fold_3/no_adversary/seed_803/fold3-no_adversary-seed803-2933da8aad59bbc4/attempts/attempt_001/projected_features.npz,2849520,8a2bc54c06ffa157b82ffd859376096c7952e86523c5b4843ed343bb1ee490e7,results/scorpion/pathoalign_capacity_matched_ablations_v1/cells/fold_3/no_adversary/seed_803/fold3-no_adversary-seed803-2933da8aad59bbc4/attempts/attempt_001/metrics.json,758,b7c453f944e0476ca8770537ea73994a44500f3d832beb5786f7c358d81f7486,results/scorpion/pathoalign_capacity_matched_ablations_v1/cells/fold_3/no_adversary/seed_803/fold3-no_adversary-seed803-2933da8aad59bbc4/attempts/attempt_001/slide_metrics.csv,1325,feae0e421ad295a25ad0272eec433d4a928bd802ffc78dffffb0a324ccdb9052,results/scorpion/pathoalign_capacity_matched_ablations_v1/cells/fold_3/no_adversary/seed_803/fold3-no_adversary-seed803-2933da8aad59bbc4/attempts/attempt_001/training_history.csv,1007,479fe6a2b7f73163359ef792a1a13f1b1e011ef336028ede56029511714ae7d0
fold3-no_acquisition_classifier-seed803-f0628358fdcf4443,no_acquisition_classifier,3,803,1,valid,59ba04450adf738aa2983dc40ecb4ff09ffa495f13d43c56edde5ec57707a2e1,0adea50f1ef22865969109f1834a3c175e3f8b43,19.819364200000564,101337088,results/scorpion/pathoalign_capacity_matched_ablations_v1/cells/fold_3/no_acquisition_classifier/seed_803/fold3-no_acquisition_classifier-seed803-f0628358fdcf4443/cell_manifest.json,2948,03c9bb091d432fd3c5d7c36bc966cd037132937a30219e6b241fcfc7b28f8cc0,results/scorpion/pathoalign_capacity_matched_ablations_v1/cells/fold_3/no_acquisition_classifier/seed_803/fold3-no_acquisition_classifier-seed803-f0628358fdcf4443/attempts/attempt_001/checkpoint.pt,6208098,9b9e5518f5ae9ad781eb1d4519787ad95aa9c525fc8998474167504d87bf503b,results/scorpion/pathoalign_capacity_matched_ablations_v1/cells/fold_3/no_acquisition_classifier/seed_803/fold3-no_acquisition_classifier-seed803-f0628358fdcf4443/attempts/attempt_001/projected_features.npz,2852271,df50914a611c5388ceb3ed33175381ffce0fe05da477a76af91b69036385fe49,results/scorpion/pathoalign_capacity_matched_ablations_v1/cells/fold_3/no_acquisition_classifier/seed_803/fold3-no_acquisition_classifier-seed803-f0628358fdcf4443/attempts/attempt_001/metrics.json,786,7e4f58ea61bc79375d6d3e789765ad373794098b06cae8277994fd61df67ac19,results/scorpion/pathoalign_capacity_matched_ablations_v1/cells/fold_3/no_acquisition_classifier/seed_803/fold3-no_acquisition_classifier-seed803-f0628358fdcf4443/attempts/attempt_001/slide_metrics.csv,1562,198fac4aa2f0fb2d862e0d240c3ed6ca77038ff52076dc402b65f521b827f7b5,results/scorpion/pathoalign_capacity_matched_ablations_v1/cells/fold_3/no_acquisition_classifier/seed_803/fold3-no_acquisition_classifier-seed803-f0628358fdcf4443/attempts/attempt_001/training_history.csv,1030,02bf8d6fcd6287f5d0ebfb82a53ade02309b448030023b15a2d8e3283e019283
fold3-no_scanner_dependence-seed803-06d7508c1e3aaff3,no_scanner_dependence,3,803,1,valid,59ba04450adf738aa2983dc40ecb4ff09ffa495f13d43c56edde5ec57707a2e1,0adea50f1ef22865969109f1834a3c175e3f8b43,21.116617499999847,101337088,results/scorpion/pathoalign_capacity_matched_ablations_v1/cells/fold_3/no_scanner_dependence/seed_803/fold3-no_scanner_dependence-seed803-06d7508c1e3aaff3/cell_manifest.json,2939,d06d944d9ab7f3266162358943dd88ddc60c163d6bc56b67199aa02c4bccaeeb,results/scorpion/pathoalign_capacity_matched_ablations_v1/cells/fold_3/no_scanner_dependence/seed_803/fold3-no_scanner_dependence-seed803-06d7508c1e3aaff3/attempts/attempt_001/checkpoint.pt,6208098,03535e7453edab9d74ce685fec78bd7caeeb5349bacd7110635d82129410f2b1,results/scorpion/pathoalign_capacity_matched_ablations_v1/cells/fold_3/no_scanner_dependence/seed_803/fold3-no_scanner_dependence-seed803-06d7508c1e3aaff3/attempts/attempt_001/projected_features.npz,2852885,88622d04e26e064b30de5df9a7b5aaa89b553c1aabaed2c8273f7c8a281c5b46,results/scorpion/pathoalign_capacity_matched_ablations_v1/cells/fold_3/no_scanner_dependence/seed_803/fold3-no_scanner_dependence-seed803-06d7508c1e3aaff3/attempts/attempt_001/metrics.json,778,52c0259305f858991980dfa4b89e9b83f9990340a31643d2cc5535119733c150,results/scorpion/pathoalign_capacity_matched_ablations_v1/cells/fold_3/no_scanner_dependence/seed_803/fold3-no_scanner_dependence-seed803-06d7508c1e3aaff3/attempts/attempt_001/slide_metrics.csv,1492,c9ae333dded448d31e614071dbdf83fe07633a2c7b6acaaea479a613a93b8b02,results/scorpion/pathoalign_capacity_matched_ablations_v1/cells/fold_3/no_scanner_dependence/seed_803/fold3-no_scanner_dependence-seed803-06d7508c1e3aaff3/attempts/attempt_001/training_history.csv,1003,2a58c045ba4cc07ae9555d8e44a173e3004fe327608385c73128a91ad9087273
fold3-no_cross_covariance-seed803-3ebbc85e25a98533,no_cross_covariance,3,803,1,valid,59ba04450adf738aa2983dc40ecb4ff09ffa495f13d43c56edde5ec57707a2e1,0adea50f1ef22865969109f1834a3c175e3f8b43,21.067612399998325,101337088,results/scorpion/pathoalign_capacity_matched_ablations_v1/cells/fold_3/no_cross_covariance/seed_803/fold3-no_cross_covariance-seed803-3ebbc85e25a98533/cell_manifest.json,2933,26e79eabf52929ba8ccfa6614c7fca265be63976008d526035df4ce412e79622,results/scorpion/pathoalign_capacity_matched_ablations_v1/cells/fold_3/no_cross_covariance/seed_803/fold3-no_cross_covariance-seed803-3ebbc85e25a98533/attempts/attempt_001/checkpoint.pt,6208098,96f90ee6059272ab826eedfcd6805c582fdbe9aeb414b83a291f51803d6463e8,results/scorpion/pathoalign_capacity_matched_ablations_v1/cells/fold_3/no_cross_covariance/seed_803/fold3-no_cross_covariance-seed803-3ebbc85e25a98533/attempts/attempt_001/projected_features.npz,2849780,9399c9337173592e97bec0eb3b8262f5a9576e490ce4dcad0a6cf3edd49d8042,results/scorpion/pathoalign_capacity_matched_ablations_v1/cells/fold_3/no_cross_covariance/seed_803/fold3-no_cross_covariance-seed803-3ebbc85e25a98533/attempts/attempt_001/metrics.json,774,1e40ec413a9bb40d04b9c35a994f6341eb698494f172d870eedaa245cfcfeb74,results/scorpion/pathoalign_capacity_matched_ablations_v1/cells/fold_3/no_cross_covariance/seed_803/fold3-no_cross_covariance-seed803-3ebbc85e25a98533/attempts/attempt_001/slide_metrics.csv,1452,198a5e3b47cb25694295060183da46b7b9395e21438e983e55442db4507f249f,results/scorpion/pathoalign_capacity_matched_ablations_v1/cells/fold_3/no_cross_covariance/seed_803/fold3-no_cross_covariance-seed803-3ebbc85e25a98533/attempts/attempt_001/training_history.csv,988,6670f66655e87c793aa42c5ecdfa8735b2a2051b7cb3b211500639d89ce346b5
fold3-paired_reference-seed804-cf393fa022b18028,paired_reference,3,804,1,valid,59ba04450adf738aa2983dc40ecb4ff09ffa495f13d43c56edde5ec57707a2e1,0adea50f1ef22865969109f1834a3c175e3f8b43,12.281542299999273,91893760,results/scorpion/pathoalign_capacity_matched_ablations_v1/cells/fold_3/paired_reference/seed_804/fold3-paired_reference-seed804-cf393fa022b18028/cell_manifest.json,2928,2314dc211ca8b2eadacae724516cecc5e63ef4d5ecce832d74fcb8e336b2e60a,results/scorpion/pathoalign_capacity_matched_ablations_v1/cells/fold_3/paired_reference/seed_804/fold3-paired_reference-seed804-cf393fa022b18028/attempts/attempt_001/checkpoint.pt,4210786,525170c7e77530e058844dac9f6399feb5d524ace09e2014b9c679456d2397f2,results/scorpion/pathoalign_capacity_matched_ablations_v1/cells/fold_3/paired_reference/seed_804/fold3-paired_reference-seed804-cf393fa022b18028/attempts/attempt_001/projected_features.npz,2281649,e7101501c21a086d2e7360641a414d663ea413a1cd146591512af9bfe3923616,results/scorpion/pathoalign_capacity_matched_ablations_v1/cells/fold_3/paired_reference/seed_804/fold3-paired_reference-seed804-cf393fa022b18028/attempts/attempt_001/metrics.json,742,38137f112433eac98741f500f0d17a37887a90e6a7233579fb2914362a34c056,results/scorpion/pathoalign_capacity_matched_ablations_v1/cells/fold_3/paired_reference/seed_804/fold3-paired_reference-seed804-cf393fa022b18028/attempts/attempt_001/slide_metrics.csv,1368,7ab95954c6926119dc6205ac437ee12e7a5d08f11d40b1317b2a799f7fba8870,results/scorpion/pathoalign_capacity_matched_ablations_v1/cells/fold_3/paired_reference/seed_804/fold3-paired_reference-seed804-cf393fa022b18028/attempts/attempt_001/training_history.csv,512,df6686e1e3fef38001b8a96ea9bd1423ef0d474fb2eac02b5bf20cb67abb2e90
fold3-two_branch_no_scanner_objectives-seed804-561e5c6e1080d97d,two_branch_no_scanner_objectives,3,804,1,valid,59ba04450adf738aa2983dc40ecb4ff09ffa495f13d43c56edde5ec57707a2e1,0adea50f1ef22865969109f1834a3c175e3f8b43,18.80258110000068,101337088,results/scorpion/pathoalign_capacity_matched_ablations_v1/cells/fold_3/two_branch_no_scanner_objectives/seed_804/fold3-two_branch_no_scanner_objectives-seed804-561e5c6e1080d97d/cell_manifest.json,2960,047983817620a38a20d4e29edcd45d5cf4a4f191cb5254823b3c868413ddb1c8,results/scorpion/pathoalign_capacity_matched_ablations_v1/cells/fold_3/two_branch_no_scanner_objectives/seed_804/fold3-two_branch_no_scanner_objectives-seed804-561e5c6e1080d97d/attempts/attempt_001/checkpoint.pt,6208098,ee8f4b1b62dc953ddd1ec9625ae58aa0d6a92430f44d46379765fd398fc15094,results/scorpion/pathoalign_capacity_matched_ablations_v1/cells/fold_3/two_branch_no_scanner_objectives/seed_804/fold3-two_branch_no_scanner_objectives-seed804-561e5c6e1080d97d/attempts/attempt_001/projected_features.npz,2853171,4a857fe6d9f9f17013dcc17796c3ccd5570597996d15a28ccc4370697c06e154,results/scorpion/pathoalign_capacity_matched_ablations_v1/cells/fold_3/two_branch_no_scanner_objectives/seed_804/fold3-two_branch_no_scanner_objectives-seed804-561e5c6e1080d97d/attempts/attempt_001/metrics.json,798,75ba6fc990f5bab6ff0148021f787fde6813882974198800a0f623e7aca4867f,results/scorpion/pathoalign_capacity_matched_ablations_v1/cells/fold_3/two_branch_no_scanner_objectives/seed_804/fold3-two_branch_no_scanner_objectives-seed804-561e5c6e1080d97d/attempts/attempt_001/slide_metrics.csv,1686,bb16c1e6b13f1e19b26b17ac7d0aa8c40a1bb8ac616d99d8296a4efc0b38ad02,results/scorpion/pathoalign_capacity_matched_ablations_v1/cells/fold_3/two_branch_no_scanner_objectives/seed_804/fold3-two_branch_no_scanner_objectives-seed804-561e5c6e1080d97d/attempts/attempt_001/training_history.csv,1030,aeabad2078c469bfc7ed7747265a509892b9c57900b19d237498860e8c9f235e
fold3-pathoalign_dep20-seed804-341f43894202117e,pathoalign_dep20,3,804,1,valid,59ba04450adf738aa2983dc40ecb4ff09ffa495f13d43c56edde5ec57707a2e1,0adea50f1ef22865969109f1834a3c175e3f8b43,20.944466400000238,101337088,results/scorpion/pathoalign_capacity_matched_ablations_v1/cells/fold_3/pathoalign_dep20/seed_804/fold3-pathoalign_dep20-seed804-341f43894202117e/cell_manifest.json,2929,9d80987bf024b76882de67890f3e81b307d0d2e14876832c6c1c45a3b8a3a966,results/scorpion/pathoalign_capacity_matched_ablations_v1/cells/fold_3/pathoalign_dep20/seed_804/fold3-pathoalign_dep20-seed804-341f43894202117e/attempts/attempt_001/checkpoint.pt,6208098,529b1397f3f11db015e22a2265ab9b7d223ddf387a3e5a3f98d53597a14d317c,results/scorpion/pathoalign_capacity_matched_ablations_v1/cells/fold_3/pathoalign_dep20/seed_804/fold3-pathoalign_dep20-seed804-341f43894202117e/attempts/attempt_001/projected_features.npz,2851000,a9307fdc971e887fd9a3ad177dd50033a658bcd019b46b312138ec0431d869f0,results/scorpion/pathoalign_capacity_matched_ablations_v1/cells/fold_3/pathoalign_dep20/seed_804/fold3-pathoalign_dep20-seed804-341f43894202117e/attempts/attempt_001/metrics.json,767,7ceebc5ada4a0905c4e5ae77420059d38107de3e9810eae5706f010a8613fac8,results/scorpion/pathoalign_capacity_matched_ablations_v1/cells/fold_3/pathoalign_dep20/seed_804/fold3-pathoalign_dep20-seed804-341f43894202117e/attempts/attempt_001/slide_metrics.csv,1402,ff9a66ea0893f3d89cc4464e217ada5b6a972653b805720fdc0e4310a1d3256e,results/scorpion/pathoalign_capacity_matched_ablations_v1/cells/fold_3/pathoalign_dep20/seed_804/fold3-pathoalign_dep20-seed804-341f43894202117e/attempts/attempt_001/training_history.csv,999,09e6f70ab29822ae4cddd4e006fefbece4a21f480e985a63ea81401151f8c863
fold3-no_adversary-seed804-21bc92ae9bdbdda1,no_adversary,3,804,1,valid,59ba04450adf738aa2983dc40ecb4ff09ffa495f13d43c56edde5ec57707a2e1,0adea50f1ef22865969109f1834a3c175e3f8b43,20.03017230000114,101337088,results/scorpion/pathoalign_capacity_matched_ablations_v1/cells/fold_3/no_adversary/seed_804/fold3-no_adversary-seed804-21bc92ae9bdbdda1/cell_manifest.json,2921,ab2bbdd2c57354dd2f476106ff76eedac83e205115a7bc3668872ae0aa66a384,results/scorpion/pathoalign_capacity_matched_ablations_v1/cells/fold_3/no_adversary/seed_804/fold3-no_adversary-seed804-21bc92ae9bdbdda1/attempts/attempt_001/checkpoint.pt,6208098,8b41f8586013f8d7acc45cf5356712adb001ef4154825ac427f06322141dfb30,results/scorpion/pathoalign_capacity_matched_ablations_v1/cells/fold_3/no_adversary/seed_804/fold3-no_adversary-seed804-21bc92ae9bdbdda1/attempts/attempt_001/projected_features.npz,2849488,b8feb26aae94af58163b49d481c3b0428dd8da02fc2e68f4430728ffbea62c84,results/scorpion/pathoalign_capacity_matched_ablations_v1/cells/fold_3/no_adversary/seed_804/fold3-no_adversary-seed804-21bc92ae9bdbdda1/attempts/attempt_001/metrics.json,758,45d026923260b398784dc829b5fd9560ab746f5cafc3db548942591a9ec5acdf,results/scorpion/pathoalign_capacity_matched_ablations_v1/cells/fold_3/no_adversary/seed_804/fold3-no_adversary-seed804-21bc92ae9bdbdda1/attempts/attempt_001/slide_metrics.csv,1329,45767bae81b64b589ebbf119214dd73e9d5ab2019bdda62c15ced2e015862f6f,results/scorpion/pathoalign_capacity_matched_ablations_v1/cells/fold_3/no_adversary/seed_804/fold3-no_adversary-seed804-21bc92ae9bdbdda1/attempts/attempt_001/training_history.csv,1009,f04b8951b9e25db0e1a64cd7f8474ffe2ec5f87eaf151839702ef9fe4ddc5484
fold3-no_acquisition_classifier-seed804-51e3976b1a3f3140,no_acquisition_classifier,3,804,1,valid,59ba04450adf738aa2983dc40ecb4ff09ffa495f13d43c56edde5ec57707a2e1,0adea50f1ef22865969109f1834a3c175e3f8b43,21.052401000000827,101337088,results/scorpion/pathoalign_capacity_matched_ablations_v1/cells/fold_3/no_acquisition_classifier/seed_804/fold3-no_acquisition_classifier-seed804-51e3976b1a3f3140/cell_manifest.json,2946,57fb6455bb656397c97a978a505682b2481acd1af23bdc776ec523f9458ee22b,results/scorpion/pathoalign_capacity_matched_ablations_v1/cells/fold_3/no_acquisition_classifier/seed_804/fold3-no_acquisition_classifier-seed804-51e3976b1a3f3140/attempts/attempt_001/checkpoint.pt,6208098,bacbd2b99f2161376aa1be59859ff2e8742a7d53fca466dd0634f9b3aa42a84e,results/scorpion/pathoalign_capacity_matched_ablations_v1/cells/fold_3/no_acquisition_classifier/seed_804/fold3-no_acquisition_classifier-seed804-51e3976b1a3f3140/attempts/attempt_001/projected_features.npz,2852837,eaf54f35a6efc6690a5568a7dc322c8d79b266520c23948e577fb04b027ca1fe,results/scorpion/pathoalign_capacity_matched_ablations_v1/cells/fold_3/no_acquisition_classifier/seed_804/fold3-no_acquisition_classifier-seed804-51e3976b1a3f3140/attempts/attempt_001/metrics.json,784,d7f4b4f29e73cf8fc829d6d7f6970f68b7bf99ef0ba2dedfe551d45dbed536ba,results/scorpion/pathoalign_capacity_matched_ablations_v1/cells/fold_3/no_acquisition_classifier/seed_804/fold3-no_acquisition_classifier-seed804-51e3976b1a3f3140/attempts/attempt_001/slide_metrics.csv,1567,255981f42dc4ca295e3c6484560d0eca503a584689f44aa5bea0e7c8fe8d0806,results/scorpion/pathoalign_capacity_matched_ablations_v1/cells/fold_3/no_acquisition_classifier/seed_804/fold3-no_acquisition_classifier-seed804-51e3976b1a3f3140/attempts/attempt_001/training_history.csv,1028,cff98b2bde058d6a745c04b3fa09b4f5d746d87fc1fabde3b2e9dc9b56ad151f
fold3-no_scanner_dependence-seed804-22ec222bfbafda7c,no_scanner_dependence,3,804,1,valid,59ba04450adf738aa2983dc40ecb4ff09ffa495f13d43c56edde5ec57707a2e1,0adea50f1ef22865969109f1834a3c175e3f8b43,19.920275199998287,101337088,results/scorpion/pathoalign_capacity_matched_ablations_v1/cells/fold_3/no_scanner_dependence/seed_804/fold3-no_scanner_dependence-seed804-22ec222bfbafda7c/cell_manifest.json,2939,f9c22885f853d6f012a2d82ba349dd2fcc45ea6979347548b3686bcd9c5d50ed,results/scorpion/pathoalign_capacity_matched_ablations_v1/cells/fold_3/no_scanner_dependence/seed_804/fold3-no_scanner_dependence-seed804-22ec222bfbafda7c/attempts/attempt_001/checkpoint.pt,6208098,8e30fc23a08fbf4459f8982d20e960169c8ae0f58ab588abd0eb652fe5ef89d9,results/scorpion/pathoalign_capacity_matched_ablations_v1/cells/fold_3/no_scanner_dependence/seed_804/fold3-no_scanner_dependence-seed804-22ec222bfbafda7c/attempts/attempt_001/projected_features.npz,2852831,d48b92f34b0a86f32f30883695cb905311e223760f618c457ef064be810ce99a,results/scorpion/pathoalign_capacity_matched_ablations_v1/cells/fold_3/no_scanner_dependence/seed_804/fold3-no_scanner_dependence-seed804-22ec222bfbafda7c/attempts/attempt_001/metrics.json,809,4805b34ae660f766358776bbd7c38083799246d5c1140497d4362fc723611cde,results/scorpion/pathoalign_capacity_matched_ablations_v1/cells/fold_3/no_scanner_dependence/seed_804/fold3-no_scanner_dependence-seed804-22ec222bfbafda7c/attempts/attempt_001/slide_metrics.csv,1493,28b2b34348ebe028e76a200dcf41e7edf60cc691be6bed13f084d97e62cfd019,results/scorpion/pathoalign_capacity_matched_ablations_v1/cells/fold_3/no_scanner_dependence/seed_804/fold3-no_scanner_dependence-seed804-22ec222bfbafda7c/attempts/attempt_001/training_history.csv,1005,921ae855eed3399e9c7bbce723e7a1c291258dde375d65ad6195788fd32aa51b
fold3-no_cross_covariance-seed804-87e764ebb4dd039b,no_cross_covariance,3,804,1,valid,59ba04450adf738aa2983dc40ecb4ff09ffa495f13d43c56edde5ec57707a2e1,0adea50f1ef22865969109f1834a3c175e3f8b43,21.563626099999965,101337088,results/scorpion/pathoalign_capacity_matched_ablations_v1/cells/fold_3/no_cross_covariance/seed_804/fold3-no_cross_covariance-seed804-87e764ebb4dd039b/cell_manifest.json,2933,0733b1a8cafe7fe58017bc038dec09d1dadfbbaef9e5869e3fda67645647600c,results/scorpion/pathoalign_capacity_matched_ablations_v1/cells/fold_3/no_cross_covariance/seed_804/fold3-no_cross_covariance-seed804-87e764ebb4dd039b/attempts/attempt_001/checkpoint.pt,6208098,4f04776920d8920dd37cb5870e120c18de4aabcd23c2b73eedc0315406780707,results/scorpion/pathoalign_capacity_matched_ablations_v1/cells/fold_3/no_cross_covariance/seed_804/fold3-no_cross_covariance-seed804-87e764ebb4dd039b/attempts/attempt_001/projected_features.npz,2850354,4cc392b3788cef8b09e7335cd0d57ee7dcb7401ec6b2cafdcf63e815305156f2,results/scorpion/pathoalign_capacity_matched_ablations_v1/cells/fold_3/no_cross_covariance/seed_804/fold3-no_cross_covariance-seed804-87e764ebb4dd039b/attempts/attempt_001/metrics.json,774,9679e928d218b9f258d6b4ae99d0aa9634ba7c0da8a142dfef724886422b9981,results/scorpion/pathoalign_capacity_matched_ablations_v1/cells/fold_3/no_cross_covariance/seed_804/fold3-no_cross_covariance-seed804-87e764ebb4dd039b/attempts/attempt_001/slide_metrics.csv,1456,671106980a5e085a888a9e27e0d053461382206dbea41bf05701a86392e66fd6,results/scorpion/pathoalign_capacity_matched_ablations_v1/cells/fold_3/no_cross_covariance/seed_804/fold3-no_cross_covariance-seed804-87e764ebb4dd039b/attempts/attempt_001/training_history.csv,987,ab1f2d9c8abc9dea5d6a0d28a3c3ff480dd2c8b4277c0a82ae7bfa24086eee34
fold3-paired_reference-seed805-951a79460efa4366,paired_reference,3,805,1,valid,59ba04450adf738aa2983dc40ecb4ff09ffa495f13d43c56edde5ec57707a2e1,0adea50f1ef22865969109f1834a3c175e3f8b43,11.354312799998297,91893760,results/scorpion/pathoalign_capacity_matched_ablations_v1/cells/fold_3/paired_reference/seed_805/fold3-paired_reference-seed805-951a79460efa4366/cell_manifest.json,2927,9948cc2fd8ae106df9a824deda7d80c0ff0d410b619f2acf2d1988f6b3c0c004,results/scorpion/pathoalign_capacity_matched_ablations_v1/cells/fold_3/paired_reference/seed_805/fold3-paired_reference-seed805-951a79460efa4366/attempts/attempt_001/checkpoint.pt,4210786,32976b749d74e8706298d1cc1ca8ab34339a99b0b3fc9f6a2b72e3070e0acb19,results/scorpion/pathoalign_capacity_matched_ablations_v1/cells/fold_3/paired_reference/seed_805/fold3-paired_reference-seed805-951a79460efa4366/attempts/attempt_001/projected_features.npz,2281830,c1f74c8ccd4e5465092d24b9d8dcd8c2b731eb2109693c61cfeb80799eb38310,results/scorpion/pathoalign_capacity_matched_ablations_v1/cells/fold_3/paired_reference/seed_805/fold3-paired_reference-seed805-951a79460efa4366/attempts/attempt_001/metrics.json,742,250fc9db6d782fd5c99986641811bfa887abb8bf086c44f2fca210852a26ce6b,results/scorpion/pathoalign_capacity_matched_ablations_v1/cells/fold_3/paired_reference/seed_805/fold3-paired_reference-seed805-951a79460efa4366/attempts/attempt_001/slide_metrics.csv,1368,67391680ce6b7113507ebefcfce467ec99a5dff3ca3ed6cd0fb64837b21f5059,results/scorpion/pathoalign_capacity_matched_ablations_v1/cells/fold_3/paired_reference/seed_805/fold3-paired_reference-seed805-951a79460efa4366/attempts/attempt_001/training_history.csv,512,53535f193629906ad26228c653fbb08fd6255a1969f72d051a5995963bbf7e84
fold3-two_branch_no_scanner_objectives-seed805-b8d923b2ab5de251,two_branch_no_scanner_objectives,3,805,1,valid,59ba04450adf738aa2983dc40ecb4ff09ffa495f13d43c56edde5ec57707a2e1,0adea50f1ef22865969109f1834a3c175e3f8b43,21.495946499999263,101337088,results/scorpion/pathoalign_capacity_matched_ablations_v1/cells/fold_3/two_branch_no_scanner_objectives/seed_805/fold3-two_branch_no_scanner_objectives-seed805-b8d923b2ab5de251/cell_manifest.json,2960,557f8cc166f1a41bff7d4e4b384678a859fb47b248882eb1a13f35f078925534,results/scorpion/pathoalign_capacity_matched_ablations_v1/cells/fold_3/two_branch_no_scanner_objectives/seed_805/fold3-two_branch_no_scanner_objectives-seed805-b8d923b2ab5de251/attempts/attempt_001/checkpoint.pt,6208098,2d78702bb7bb17491b4c4881a343652ff3761580148a627e6f83b23a0c022609,results/scorpion/pathoalign_capacity_matched_ablations_v1/cells/fold_3/two_branch_no_scanner_objectives/seed_805/fold3-two_branch_no_scanner_objectives-seed805-b8d923b2ab5de251/attempts/attempt_001/projected_features.npz,2852381,dc7efab230e9ef0f92f1b14eb7aaefca14d733ba3ce38fe2829c30bea25ee8af,results/scorpion/pathoalign_capacity_matched_ablations_v1/cells/fold_3/two_branch_no_scanner_objectives/seed_805/fold3-two_branch_no_scanner_objectives-seed805-b8d923b2ab5de251/attempts/attempt_001/metrics.json,785,014e4cfa8c84319098b0b5e3d1d341c05233c73b019d3838330b8f611cb5c5f7,results/scorpion/pathoalign_capacity_matched_ablations_v1/cells/fold_3/two_branch_no_scanner_objectives/seed_805/fold3-two_branch_no_scanner_objectives-seed805-b8d923b2ab5de251/attempts/attempt_001/slide_metrics.csv,1681,ae7180bbcbd345487bff268083b64a4d2a4120c39b85156bebfcbc447f4f8787,results/scorpion/pathoalign_capacity_matched_ablations_v1/cells/fold_3/two_branch_no_scanner_objectives/seed_805/fold3-two_branch_no_scanner_objectives-seed805-b8d923b2ab5de251/attempts/attempt_001/training_history.csv,992,270ed5ae62ec913b7c9b36912bb63a3a7df75f45afaa7662e277219b0cfde934
fold3-pathoalign_dep20-seed805-2b019e59ff17579d,pathoalign_dep20,3,805,1,valid,59ba04450adf738aa2983dc40ecb4ff09ffa495f13d43c56edde5ec57707a2e1,0adea50f1ef22865969109f1834a3c175e3f8b43,21.000326000001223,101337088,results/scorpion/pathoalign_capacity_matched_ablations_v1/cells/fold_3/pathoalign_dep20/seed_805/fold3-pathoalign_dep20-seed805-2b019e59ff17579d/cell_manifest.json,2928,cc636628a6962855928f6f2544792937e5ee6e7cc0a19d324741517fb7c2097b,results/scorpion/pathoalign_capacity_matched_ablations_v1/cells/fold_3/pathoalign_dep20/seed_805/fold3-pathoalign_dep20-seed805-2b019e59ff17579d/attempts/attempt_001/checkpoint.pt,6208098,c67144e3ebb894cf219bea9c8b3c247c8a34507de701818cf380d542623e753a,results/scorpion/pathoalign_capacity_matched_ablations_v1/cells/fold_3/pathoalign_dep20/seed_805/fold3-pathoalign_dep20-seed805-2b019e59ff17579d/attempts/attempt_001/projected_features.npz,2850061,442a61e9c0f22d72d668901cd1e2df9caa233929e7f9e354dbe20d06d4cc2b17,results/scorpion/pathoalign_capacity_matched_ablations_v1/cells/fold_3/pathoalign_dep20/seed_805/fold3-pathoalign_dep20-seed805-2b019e59ff17579d/attempts/attempt_001/metrics.json,767,8f02000a7ffa4b0daebdaef587d299e53516c24f9d7614f5289c969f7e3b63d6,results/scorpion/pathoalign_capacity_matched_ablations_v1/cells/fold_3/pathoalign_dep20/seed_805/fold3-pathoalign_dep20-seed805-2b019e59ff17579d/attempts/attempt_001/slide_metrics.csv,1402,7778bbae1aaa9d856bad958d81a03fff7584e966179dfba5b393dc3ff538a22b,results/scorpion/pathoalign_capacity_matched_ablations_v1/cells/fold_3/pathoalign_dep20/seed_805/fold3-pathoalign_dep20-seed805-2b019e59ff17579d/attempts/attempt_001/training_history.csv,987,d617d35b6b95d38ae12f42436e0690276aedbeb03dde9a7c343a3705c28b3388
fold3-no_adversary-seed805-f349b1d8d23c6a4d,no_adversary,3,805,1,valid,59ba04450adf738aa2983dc40ecb4ff09ffa495f13d43c56edde5ec57707a2e1,0adea50f1ef22865969109f1834a3c175e3f8b43,21.096099700000195,101337088,results/scorpion/pathoalign_capacity_matched_ablations_v1/cells/fold_3/no_adversary/seed_805/fold3-no_adversary-seed805-f349b1d8d23c6a4d/cell_manifest.json,2920,c1526a8e3ff3cdf431b439c7fdd98512ea5ffd09a9c300d9658c73194b7766fa,results/scorpion/pathoalign_capacity_matched_ablations_v1/cells/fold_3/no_adversary/seed_805/fold3-no_adversary-seed805-f349b1d8d23c6a4d/attempts/attempt_001/checkpoint.pt,6208098,eff398f7fcccd27668999a551ba59829ab3f26385b7192c6b1a968fd5662954e,results/scorpion/pathoalign_capacity_matched_ablations_v1/cells/fold_3/no_adversary/seed_805/fold3-no_adversary-seed805-f349b1d8d23c6a4d/attempts/attempt_001/projected_features.npz,2849108,d068da8136b4301f668ead38ae2bd8c27b3fdcfb387ce2b8e629a71bb363c334,results/scorpion/pathoalign_capacity_matched_ablations_v1/cells/fold_3/no_adversary/seed_805/fold3-no_adversary-seed805-f349b1d8d23c6a4d/attempts/attempt_001/metrics.json,761,6b5608d75c13dfbe377ca2552c76596f41930ed96f254f9e686d5420a2b12917,results/scorpion/pathoalign_capacity_matched_ablations_v1/cells/fold_3/no_adversary/seed_805/fold3-no_adversary-seed805-f349b1d8d23c6a4d/attempts/attempt_001/slide_metrics.csv,1325,d599c7e5ce7a93cbd72407e67373f1a84cb75a60f6da6e6156dd65f5072b324c,results/scorpion/pathoalign_capacity_matched_ablations_v1/cells/fold_3/no_adversary/seed_805/fold3-no_adversary-seed805-f349b1d8d23c6a4d/attempts/attempt_001/training_history.csv,987,2cbbbdbf3596c8eb2c47799e108f0d080dd5fcf73523b585a6c4e06cb884b8ed
fold3-no_acquisition_classifier-seed805-e16210eeae5016b3,no_acquisition_classifier,3,805,1,valid,59ba04450adf738aa2983dc40ecb4ff09ffa495f13d43c56edde5ec57707a2e1,0adea50f1ef22865969109f1834a3c175e3f8b43,21.1046774000024,101337088,results/scorpion/pathoalign_capacity_matched_ablations_v1/cells/fold_3/no_acquisition_classifier/seed_805/fold3-no_acquisition_classifier-seed805-e16210eeae5016b3/cell_manifest.json,2945,5483fdf7ad60078d0e46d0cceb8b6958d84189ad8d100666eeec151b12fb4463,results/scorpion/pathoalign_capacity_matched_ablations_v1/cells/fold_3/no_acquisition_classifier/seed_805/fold3-no_acquisition_classifier-seed805-e16210eeae5016b3/attempts/attempt_001/checkpoint.pt,6208098,be02f06cf034762f5c606ae62d95fda8981ab618dc6514c276111c182b7ee9b1,results/scorpion/pathoalign_capacity_matched_ablations_v1/cells/fold_3/no_acquisition_classifier/seed_805/fold3-no_acquisition_classifier-seed805-e16210eeae5016b3/attempts/attempt_001/projected_features.npz,2852550,c672d41acb76817b6a9b42ad79306bb449aa4163ef344f00e7c66dea860253f3,results/scorpion/pathoalign_capacity_matched_ablations_v1/cells/fold_3/no_acquisition_classifier/seed_805/fold3-no_acquisition_classifier-seed805-e16210eeae5016b3/attempts/attempt_001/metrics.json,785,cc8fd925a97146143ce7807cdf3788a9e20ea32ad4299a864f9840464fd7dfde,results/scorpion/pathoalign_capacity_matched_ablations_v1/cells/fold_3/no_acquisition_classifier/seed_805/fold3-no_acquisition_classifier-seed805-e16210eeae5016b3/attempts/attempt_001/slide_metrics.csv,1563,043d5c8ccb16ff63747c23132dfbe42cd75a0c802422d5718ada50132ea770f5,results/scorpion/pathoalign_capacity_matched_ablations_v1/cells/fold_3/no_acquisition_classifier/seed_805/fold3-no_acquisition_classifier-seed805-e16210eeae5016b3/attempts/attempt_001/training_history.csv,1028,82a4d13159a4460e493edf04704e66b42e8c94b6ff046e7659343666c2964c8e
fold3-no_scanner_dependence-seed805-510b4cf305258514,no_scanner_dependence,3,805,1,valid,59ba04450adf738aa2983dc40ecb4ff09ffa495f13d43c56edde5ec57707a2e1,0adea50f1ef22865969109f1834a3c175e3f8b43,21.434516799999983,101337088,results/scorpion/pathoalign_capacity_matched_ablations_v1/cells/fold_3/no_scanner_dependence/seed_805/fold3-no_scanner_dependence-seed805-510b4cf305258514/cell_manifest.json,2937,b986bc2c06d5a98380abb81ddc93d9ba86ae8ae106a01ef286aaf2debe4cec57,results/scorpion/pathoalign_capacity_matched_ablations_v1/cells/fold_3/no_scanner_dependence/seed_805/fold3-no_scanner_dependence-seed805-510b4cf305258514/attempts/attempt_001/checkpoint.pt,6208098,9a034933375f5d796f5a3d13cbfcb7f7bcf9c3aaa54d8b72f606ba500f7e8903,results/scorpion/pathoalign_capacity_matched_ablations_v1/cells/fold_3/no_scanner_dependence/seed_805/fold3-no_scanner_dependence-seed805-510b4cf305258514/attempts/attempt_001/projected_features.npz,2852448,e99c8fb2954cba909b656049c6015b228011c88a57088ed147efaafe9d1e395d,results/scorpion/pathoalign_capacity_matched_ablations_v1/cells/fold_3/no_scanner_dependence/seed_805/fold3-no_scanner_dependence-seed805-510b4cf305258514/attempts/attempt_001/metrics.json,776,39b3fe614b419bbf537ae8b3579d23fa0134ea7415c182d356dff689efd93a6b,results/scorpion/pathoalign_capacity_matched_ablations_v1/cells/fold_3/no_scanner_dependence/seed_805/fold3-no_scanner_dependence-seed805-510b4cf305258514/attempts/attempt_001/slide_metrics.csv,1492,48d3de3f966f0ae1d29680950bef478d7e06d80ba71c582fb68af9b6869b6cd5,results/scorpion/pathoalign_capacity_matched_ablations_v1/cells/fold_3/no_scanner_dependence/seed_805/fold3-no_scanner_dependence-seed805-510b4cf305258514/attempts/attempt_001/training_history.csv,986,02cc198ac7035f32cb851d121394c2449093c854ef3b0f25625890e7e54ad1bd
fold3-no_cross_covariance-seed805-4d138245170954e5,no_cross_covariance,3,805,1,valid,59ba04450adf738aa2983dc40ecb4ff09ffa495f13d43c56edde5ec57707a2e1,0adea50f1ef22865969109f1834a3c175e3f8b43,19.878906399997504,101337088,results/scorpion/pathoalign_capacity_matched_ablations_v1/cells/fold_3/no_cross_covariance/seed_805/fold3-no_cross_covariance-seed805-4d138245170954e5/cell_manifest.json,2932,93b953c6e29f03edbdd10e579ef616beb039e80ab7e206944209b87e9ea5d28b,results/scorpion/pathoalign_capacity_matched_ablations_v1/cells/fold_3/no_cross_covariance/seed_805/fold3-no_cross_covariance-seed805-4d138245170954e5/attempts/attempt_001/checkpoint.pt,6208098,999b616f258b8602e332eb3542825da923e3d0503931abe69b9355af51dc88ee,results/scorpion/pathoalign_capacity_matched_ablations_v1/cells/fold_3/no_cross_covariance/seed_805/fold3-no_cross_covariance-seed805-4d138245170954e5/attempts/attempt_001/projected_features.npz,2849235,3505b2d75bae26f61db7458063e750f3017697e77212198756616b8d0355ea2d,results/scorpion/pathoalign_capacity_matched_ablations_v1/cells/fold_3/no_cross_covariance/seed_805/fold3-no_cross_covariance-seed805-4d138245170954e5/attempts/attempt_001/metrics.json,773,c313c7a5c3f9f8d2be5b67b82c26020d5851074f6e8d7fe5ea9c61a828dc913b,results/scorpion/pathoalign_capacity_matched_ablations_v1/cells/fold_3/no_cross_covariance/seed_805/fold3-no_cross_covariance-seed805-4d138245170954e5/attempts/attempt_001/slide_metrics.csv,1452,ed61abd2a76b7c15b6997f355ad8df7a8bad7260242808f636ad297dfde15a4f,results/scorpion/pathoalign_capacity_matched_ablations_v1/cells/fold_3/no_cross_covariance/seed_805/fold3-no_cross_covariance-seed805-4d138245170954e5/attempts/attempt_001/training_history.csv,974,62ce456801069b96eb00d0a44274338f7ee554419ceaa309cb7006a10f8d4578
fold4-paired_reference-seed801-4461c12c5fc6d887,paired_reference,4,801,1,valid,59ba04450adf738aa2983dc40ecb4ff09ffa495f13d43c56edde5ec57707a2e1,0adea50f1ef22865969109f1834a3c175e3f8b43,11.74642230000245,91893760,results/scorpion/pathoalign_capacity_matched_ablations_v1/cells/fold_4/paired_reference/seed_801/fold4-paired_reference-seed801-4461c12c5fc6d887/cell_manifest.json,2926,ec2b09663fbd0ac8d5beed9b03f48eba450c778b93d5c011eb06fd9cba5658cb,results/scorpion/pathoalign_capacity_matched_ablations_v1/cells/fold_4/paired_reference/seed_801/fold4-paired_reference-seed801-4461c12c5fc6d887/attempts/attempt_001/checkpoint.pt,4210786,35e753a85fbdfa329b2f6f104969ee8416812e4e54c61e96eaddfebf2597acbd,results/scorpion/pathoalign_capacity_matched_ablations_v1/cells/fold_4/paired_reference/seed_801/fold4-paired_reference-seed801-4461c12c5fc6d887/attempts/attempt_001/projected_features.npz,2281267,164fe945f7650d3c0700b7e7572a97cf9feac81a697b3e49a5a65eb6f01d6f01,results/scorpion/pathoalign_capacity_matched_ablations_v1/cells/fold_4/paired_reference/seed_801/fold4-paired_reference-seed801-4461c12c5fc6d887/attempts/attempt_001/metrics.json,741,f5d47bb55fe2edc43c2fb800a5301af76dc21c3e3285d4885007e8126953c4b6,results/scorpion/pathoalign_capacity_matched_ablations_v1/cells/fold_4/paired_reference/seed_801/fold4-paired_reference-seed801-4461c12c5fc6d887/attempts/attempt_001/slide_metrics.csv,1371,f49a2791af267039b88e6ec88085709420338ff5d35db9b95916beea287e4201,results/scorpion/pathoalign_capacity_matched_ablations_v1/cells/fold_4/paired_reference/seed_801/fold4-paired_reference-seed801-4461c12c5fc6d887/attempts/attempt_001/training_history.csv,511,3ded4d0518d54b5eb049412a26dc60a07a26316540f62cd034b6a519d7b5062d
fold4-two_branch_no_scanner_objectives-seed801-a62d6b3d20bd4762,two_branch_no_scanner_objectives,4,801,1,valid,59ba04450adf738aa2983dc40ecb4ff09ffa495f13d43c56edde5ec57707a2e1,0adea50f1ef22865969109f1834a3c175e3f8b43,21.704264500000136,101337088,results/scorpion/pathoalign_capacity_matched_ablations_v1/cells/fold_4/two_branch_no_scanner_objectives/seed_801/fold4-two_branch_no_scanner_objectives-seed801-a62d6b3d20bd4762/cell_manifest.json,2960,f3ef1ea7b7b2794ed574ea0901a7f0e5b39c41dbc717f8fd55d0de98539a5a9b,results/scorpion/pathoalign_capacity_matched_ablations_v1/cells/fold_4/two_branch_no_scanner_objectives/seed_801/fold4-two_branch_no_scanner_objectives-seed801-a62d6b3d20bd4762/attempts/attempt_001/checkpoint.pt,6208098,f944d34794bcf2d71c84b6aa66ca09e015db669e30be26eae18ffb2f74f99280,results/scorpion/pathoalign_capacity_matched_ablations_v1/cells/fold_4/two_branch_no_scanner_objectives/seed_801/fold4-two_branch_no_scanner_objectives-seed801-a62d6b3d20bd4762/attempts/attempt_001/projected_features.npz,2852909,8bbf02ed8a5c34ba0ef64b5a5cda7d4df1dcceb847b1e44d206a33f78070582c,results/scorpion/pathoalign_capacity_matched_ablations_v1/cells/fold_4/two_branch_no_scanner_objectives/seed_801/fold4-two_branch_no_scanner_objectives-seed801-a62d6b3d20bd4762/attempts/attempt_001/metrics.json,785,eac14938fb155205933bc8d27816980d3fb15ab21084481f1d10a240108d353f,results/scorpion/pathoalign_capacity_matched_ablations_v1/cells/fold_4/two_branch_no_scanner_objectives/seed_801/fold4-two_branch_no_scanner_objectives-seed801-a62d6b3d20bd4762/attempts/attempt_001/slide_metrics.csv,1685,2f12b896d021e190239677e0231e9ff124a93020e85e7f2f8ac2aacb848d9520,results/scorpion/pathoalign_capacity_matched_ablations_v1/cells/fold_4/two_branch_no_scanner_objectives/seed_801/fold4-two_branch_no_scanner_objectives-seed801-a62d6b3d20bd4762/attempts/attempt_001/training_history.csv,1022,132fe26c31d0c21e777cb30feebed7ec65b351009870de64759e51c4dc586be2
fold4-pathoalign_dep20-seed801-d00f0fff0e270121,pathoalign_dep20,4,801,1,valid,59ba04450adf738aa2983dc40ecb4ff09ffa495f13d43c56edde5ec57707a2e1,0adea50f1ef22865969109f1834a3c175e3f8b43,21.795398700000078,101337088,results/scorpion/pathoalign_capacity_matched_ablations_v1/cells/fold_4/pathoalign_dep20/seed_801/fold4-pathoalign_dep20-seed801-d00f0fff0e270121/cell_manifest.json,2928,5459b35754b080c7d44ef578f21de9fbf93f157a413f492f9659e568b4710f6d,results/scorpion/pathoalign_capacity_matched_ablations_v1/cells/fold_4/pathoalign_dep20/seed_801/fold4-pathoalign_dep20-seed801-d00f0fff0e270121/attempts/attempt_001/checkpoint.pt,6208098,38850e5eb9ec1f8f8ea4884e2ce2b869d1743ed4544311f0112a225e31850d9d,results/scorpion/pathoalign_capacity_matched_ablations_v1/cells/fold_4/pathoalign_dep20/seed_801/fold4-pathoalign_dep20-seed801-d00f0fff0e270121/attempts/attempt_001/projected_features.npz,2850224,a0634d4c8245378a498052c3f0d8496305738cd54312322204aa4dfe1dce163f,results/scorpion/pathoalign_capacity_matched_ablations_v1/cells/fold_4/pathoalign_dep20/seed_801/fold4-pathoalign_dep20-seed801-d00f0fff0e270121/attempts/attempt_001/metrics.json,767,61ede6e659fe7ee33e0dbdd36304c21b5cfd5661cf09314b960e2a12bd6c340d,results/scorpion/pathoalign_capacity_matched_ablations_v1/cells/fold_4/pathoalign_dep20/seed_801/fold4-pathoalign_dep20-seed801-d00f0fff0e270121/attempts/attempt_001/slide_metrics.csv,1401,6c4cd97dc749c871e83502f20723a186f4d6bd8669a329d9d1401fdc11b642c9,results/scorpion/pathoalign_capacity_matched_ablations_v1/cells/fold_4/pathoalign_dep20/seed_801/fold4-pathoalign_dep20-seed801-d00f0fff0e270121/attempts/attempt_001/training_history.csv,986,dfb48d487a6cbb48708729bc4e23f0224b372ac4eef5b3542bf39ace610929ed
fold4-no_adversary-seed801-0bd5f7e48c7f7996,no_adversary,4,801,1,valid,59ba04450adf738aa2983dc40ecb4ff09ffa495f13d43c56edde5ec57707a2e1,0adea50f1ef22865969109f1834a3c175e3f8b43,21.258140800000547,101337088,results/scorpion/pathoalign_capacity_matched_ablations_v1/cells/fold_4/no_adversary/seed_801/fold4-no_adversary-seed801-0bd5f7e48c7f7996/cell_manifest.json,2921,65e27afd0e8430cacd2ed44be9abd2b57250c329d5d272227a39bda2f175e71c,results/scorpion/pathoalign_capacity_matched_ablations_v1/cells/fold_4/no_adversary/seed_801/fold4-no_adversary-seed801-0bd5f7e48c7f7996/attempts/attempt_001/checkpoint.pt,6208098,1c2a260e799efb0e8acadc4a9b75f0529b841444426739e4f71010f8212da3fc,results/scorpion/pathoalign_capacity_matched_ablations_v1/cells/fold_4/no_adversary/seed_801/fold4-no_adversary-seed801-0bd5f7e48c7f7996/attempts/attempt_001/projected_features.npz,2849237,e63658778248397cdd9a6e1bc97dce7fd07c7daefa241e04d27c98c97fc8f6b7,results/scorpion/pathoalign_capacity_matched_ablations_v1/cells/fold_4/no_adversary/seed_801/fold4-no_adversary-seed801-0bd5f7e48c7f7996/attempts/attempt_001/metrics.json,759,5e189d8a1a1beb51c5466789fa2e5edd1fd087d938ecfd7a848f891da045f39d,results/scorpion/pathoalign_capacity_matched_ablations_v1/cells/fold_4/no_adversary/seed_801/fold4-no_adversary-seed801-0bd5f7e48c7f7996/attempts/attempt_001/slide_metrics.csv,1333,65c14f40bcf7f8693c97526f6e884072548e41a0d34d9298c3c1fec7e0e234bc,results/scorpion/pathoalign_capacity_matched_ablations_v1/cells/fold_4/no_adversary/seed_801/fold4-no_adversary-seed801-0bd5f7e48c7f7996/attempts/attempt_001/training_history.csv,985,f8fed71db68639db4b0c864f134217c7571bab3af76a73e7004e381322587750
fold4-no_acquisition_classifier-seed801-21f65f92184813bb,no_acquisition_classifier,4,801,1,valid,59ba04450adf738aa2983dc40ecb4ff09ffa495f13d43c56edde5ec57707a2e1,0adea50f1ef22865969109f1834a3c175e3f8b43,21.2546368000003,101337088,results/scorpion/pathoalign_capacity_matched_ablations_v1/cells/fold_4/no_acquisition_classifier/seed_801/fold4-no_acquisition_classifier-seed801-21f65f92184813bb/cell_manifest.json,2946,009d5e254a0fa3ba0299c616a5d651389959c4a9ff08c1c5bcce25d9c7e840f9,results/scorpion/pathoalign_capacity_matched_ablations_v1/cells/fold_4/no_acquisition_classifier/seed_801/fold4-no_acquisition_classifier-seed801-21f65f92184813bb/attempts/attempt_001/checkpoint.pt,6208098,34dd4c3ab8c6ccab10b007a3034962a056f63e0d8d98aeabc257e46ef2cf9ccd,results/scorpion/pathoalign_capacity_matched_ablations_v1/cells/fold_4/no_acquisition_classifier/seed_801/fold4-no_acquisition_classifier-seed801-21f65f92184813bb/attempts/attempt_001/projected_features.npz,2852252,d96472ccd251899ecfdae9aa282808712ced0bf2092546713374574dd0ca3b5d,results/scorpion/pathoalign_capacity_matched_ablations_v1/cells/fold_4/no_acquisition_classifier/seed_801/fold4-no_acquisition_classifier-seed801-21f65f92184813bb/attempts/attempt_001/metrics.json,786,17d5ad59da729928f1f52ede5df2e8643f109e416228e7ddea8d6a5086f20d33,results/scorpion/pathoalign_capacity_matched_ablations_v1/cells/fold_4/no_acquisition_classifier/seed_801/fold4-no_acquisition_classifier-seed801-21f65f92184813bb/attempts/attempt_001/slide_metrics.csv,1566,d972df255997f4f01f9fafbc55f948dba95c02415eed523b3a05c94df4ad6d3a,results/scorpion/pathoalign_capacity_matched_ablations_v1/cells/fold_4/no_acquisition_classifier/seed_801/fold4-no_acquisition_classifier-seed801-21f65f92184813bb/attempts/attempt_001/training_history.csv,1031,50886fbdc5698d187bd280afa9e51f5f83e4fee5cae01e534eea8881e6824f19
fold4-no_scanner_dependence-seed801-06ea1e99e85d426e,no_scanner_dependence,4,801,1,valid,59ba04450adf738aa2983dc40ecb4ff09ffa495f13d43c56edde5ec57707a2e1,0adea50f1ef22865969109f1834a3c175e3f8b43,19.551832099998137,101337088,results/scorpion/pathoalign_capacity_matched_ablations_v1/cells/fold_4/no_scanner_dependence/seed_801/fold4-no_scanner_dependence-seed801-06ea1e99e85d426e/cell_manifest.json,2936,a2a35f61c06bd898ed1e6910972c3caeb83f9b3d455ae9b7f045c91df65e42be,results/scorpion/pathoalign_capacity_matched_ablations_v1/cells/fold_4/no_scanner_dependence/seed_801/fold4-no_scanner_dependence-seed801-06ea1e99e85d426e/attempts/attempt_001/checkpoint.pt,6208098,73eb8b08dd89c96da468942ef1564ff76dc1db4cc3f59acb835a14ba0ac1fe26,results/scorpion/pathoalign_capacity_matched_ablations_v1/cells/fold_4/no_scanner_dependence/seed_801/fold4-no_scanner_dependence-seed801-06ea1e99e85d426e/attempts/attempt_001/projected_features.npz,2852694,0f8bd6332dd85af14eb3b78021b813b41791eb1e833f9bd72270e586c896be3d,results/scorpion/pathoalign_capacity_matched_ablations_v1/cells/fold_4/no_scanner_dependence/seed_801/fold4-no_scanner_dependence-seed801-06ea1e99e85d426e/attempts/attempt_001/metrics.json,777,2d8c86b784a14843e7c7c70f17633234c889c6360ca5e653e641f503d423eb0f,results/scorpion/pathoalign_capacity_matched_ablations_v1/cells/fold_4/no_scanner_dependence/seed_801/fold4-no_scanner_dependence-seed801-06ea1e99e85d426e/attempts/attempt_001/slide_metrics.csv,1490,d895b25326cd9aede7844f1b6038c7a6dc8efce007214a7b8e3c3f976c5ce8dd,results/scorpion/pathoalign_capacity_matched_ablations_v1/cells/fold_4/no_scanner_dependence/seed_801/fold4-no_scanner_dependence-seed801-06ea1e99e85d426e/attempts/attempt_001/training_history.csv,977,82c869d59701563b68aef0bcd1b4bdbf15635203384a97b19a6a9aeb1e7f562a
fold4-no_cross_covariance-seed801-216b247e13174294,no_cross_covariance,4,801,1,valid,59ba04450adf738aa2983dc40ecb4ff09ffa495f13d43c56edde5ec57707a2e1,0adea50f1ef22865969109f1834a3c175e3f8b43,20.178672100002586,101337088,results/scorpion/pathoalign_capacity_matched_ablations_v1/cells/fold_4/no_cross_covariance/seed_801/fold4-no_cross_covariance-seed801-216b247e13174294/cell_manifest.json,2934,0e468abf443f0d65155b4d66ec1911c4c1708236c2cedc417cd9ad1d7f0c6d70,results/scorpion/pathoalign_capacity_matched_ablations_v1/cells/fold_4/no_cross_covariance/seed_801/fold4-no_cross_covariance-seed801-216b247e13174294/attempts/attempt_001/checkpoint.pt,6208098,8284e5f46335c42e54f9d09185ff8590911d1fada409f3d90049bcb31abf6741,results/scorpion/pathoalign_capacity_matched_ablations_v1/cells/fold_4/no_cross_covariance/seed_801/fold4-no_cross_covariance-seed801-216b247e13174294/attempts/attempt_001/projected_features.npz,2849558,1c3a48d5e05250a88379c1fe826626f4e223e19aafb1fef1d06f2e7d04dde181,results/scorpion/pathoalign_capacity_matched_ablations_v1/cells/fold_4/no_cross_covariance/seed_801/fold4-no_cross_covariance-seed801-216b247e13174294/attempts/attempt_001/metrics.json,774,c8bc12c0040810df3a312e3646a4961ccb9821beeb8c86084d222c0ae2f90c16,results/scorpion/pathoalign_capacity_matched_ablations_v1/cells/fold_4/no_cross_covariance/seed_801/fold4-no_cross_covariance-seed801-216b247e13174294/attempts/attempt_001/slide_metrics.csv,1452,7240090e4208b6db6f46f7fba4315e57c559c7b97b124110f79701345c55364b,results/scorpion/pathoalign_capacity_matched_ablations_v1/cells/fold_4/no_cross_covariance/seed_801/fold4-no_cross_covariance-seed801-216b247e13174294/attempts/attempt_001/training_history.csv,984,73d562c45b6c283304ac1604c34671b180c87794bdc5b996fe2a800986b69847
fold4-paired_reference-seed802-45b2d79c737667e3,paired_reference,4,802,1,valid,59ba04450adf738aa2983dc40ecb4ff09ffa495f13d43c56edde5ec57707a2e1,0adea50f1ef22865969109f1834a3c175e3f8b43,10.775649600000179,91893760,results/scorpion/pathoalign_capacity_matched_ablations_v1/cells/fold_4/paired_reference/seed_802/fold4-paired_reference-seed802-45b2d79c737667e3/cell_manifest.json,2928,e5760830904d05fcbd505ad6ac84b2aa621b21693b127090965cc77b00977943,results/scorpion/pathoalign_capacity_matched_ablations_v1/cells/fold_4/paired_reference/seed_802/fold4-paired_reference-seed802-45b2d79c737667e3/attempts/attempt_001/checkpoint.pt,4210786,b7436846320dd583c8e7755d12483fa4cfc959579fdba092e0d1981f6ab2af86,results/scorpion/pathoalign_capacity_matched_ablations_v1/cells/fold_4/paired_reference/seed_802/fold4-paired_reference-seed802-45b2d79c737667e3/attempts/attempt_001/projected_features.npz,2281360,841394ef49e1eba8e436b38b92f91d413e747f84961cd98faf4a21f9205072fc,results/scorpion/pathoalign_capacity_matched_ablations_v1/cells/fold_4/paired_reference/seed_802/fold4-paired_reference-seed802-45b2d79c737667e3/attempts/attempt_001/metrics.json,742,ce09669557998abd298e93eb2446778351b519cabdb2f78feab987cc7a40cc64,results/scorpion/pathoalign_capacity_matched_ablations_v1/cells/fold_4/paired_reference/seed_802/fold4-paired_reference-seed802-45b2d79c737667e3/attempts/attempt_001/slide_metrics.csv,1369,f59c85fabd4807c7ed49c9b805b07dfe9504d26ac447513665dd49bf1e6e8c65,results/scorpion/pathoalign_capacity_matched_ablations_v1/cells/fold_4/paired_reference/seed_802/fold4-paired_reference-seed802-45b2d79c737667e3/attempts/attempt_001/training_history.csv,507,4761d271ffcae4b706bce2fdc08cbc893ed16b5c905f96d9d97e4bbac89a577e
fold4-two_branch_no_scanner_objectives-seed802-12df39ded51f6876,two_branch_no_scanner_objectives,4,802,1,valid,59ba04450adf738aa2983dc40ecb4ff09ffa495f13d43c56edde5ec57707a2e1,0adea50f1ef22865969109f1834a3c175e3f8b43,20.16862499999843,101337088,results/scorpion/pathoalign_capacity_matched_ablations_v1/cells/fold_4/two_branch_no_scanner_objectives/seed_802/fold4-two_branch_no_scanner_objectives-seed802-12df39ded51f6876/cell_manifest.json,2961,c00ff394e9adb0eb1b43e89761862aaa43d2b479983972d576265ea900630bbf,results/scorpion/pathoalign_capacity_matched_ablations_v1/cells/fold_4/two_branch_no_scanner_objectives/seed_802/fold4-two_branch_no_scanner_objectives-seed802-12df39ded51f6876/attempts/attempt_001/checkpoint.pt,6208098,18da10bd43c9a772311ec85bd49c5ffaa4940c98caf4a873ae7df82fc1fe20bf,results/scorpion/pathoalign_capacity_matched_ablations_v1/cells/fold_4/two_branch_no_scanner_objectives/seed_802/fold4-two_branch_no_scanner_objectives-seed802-12df39ded51f6876/attempts/attempt_001/projected_features.npz,2852928,8d7f66c396103211011e9e26d2fff2f2a4d0b072a860ff88a13d4a1e819fc19f,results/scorpion/pathoalign_capacity_matched_ablations_v1/cells/fold_4/two_branch_no_scanner_objectives/seed_802/fold4-two_branch_no_scanner_objectives-seed802-12df39ded51f6876/attempts/attempt_001/metrics.json,828,47938808a6a4290d68e0da178049419b3aef8912e2cdc9d879f1b852ede49c43,results/scorpion/pathoalign_capacity_matched_ablations_v1/cells/fold_4/two_branch_no_scanner_objectives/seed_802/fold4-two_branch_no_scanner_objectives-seed802-12df39ded51f6876/attempts/attempt_001/slide_metrics.csv,1692,57b3e0434632dae2b8666765fee3bc17ba076813c15b408690439682dd9fad8b,results/scorpion/pathoalign_capacity_matched_ablations_v1/cells/fold_4/two_branch_no_scanner_objectives/seed_802/fold4-two_branch_no_scanner_objectives-seed802-12df39ded51f6876/attempts/attempt_001/training_history.csv,1008,e8fa32623d75321a89edcf27372f468b83e6936f2de7622f05977e54c56e6335
fold4-pathoalign_dep20-seed802-9e46641cfac5dc8c,pathoalign_dep20,4,802,1,valid,59ba04450adf738aa2983dc40ecb4ff09ffa495f13d43c56edde5ec57707a2e1,0adea50f1ef22865969109f1834a3c175e3f8b43,21.44419689999995,101337088,results/scorpion/pathoalign_capacity_matched_ablations_v1/cells/fold_4/pathoalign_dep20/seed_802/fold4-pathoalign_dep20-seed802-9e46641cfac5dc8c/cell_manifest.json,2926,a29a642dddc686747119477f90fc8aab81d56a4c15b13796937408b41e6fcb4c,results/scorpion/pathoalign_capacity_matched_ablations_v1/cells/fold_4/pathoalign_dep20/seed_802/fold4-pathoalign_dep20-seed802-9e46641cfac5dc8c/attempts/attempt_001/checkpoint.pt,6208098,d86a70b48b2cda5a2d66039a50b214dfe1519d8281c07eba610831664376f627,results/scorpion/pathoalign_capacity_matched_ablations_v1/cells/fold_4/pathoalign_dep20/seed_802/fold4-pathoalign_dep20-seed802-9e46641cfac5dc8c/attempts/attempt_001/projected_features.npz,2850790,c6986af9cb8f67087eb2d90b27edf40d6606652a7dfe011d4cbc0308a4df15bc,results/scorpion/pathoalign_capacity_matched_ablations_v1/cells/fold_4/pathoalign_dep20/seed_802/fold4-pathoalign_dep20-seed802-9e46641cfac5dc8c/attempts/attempt_001/metrics.json,796,47f056d66840cc510e0c1123fcb7fed6ba76cbcb27da86db36ecb61ded79d924,results/scorpion/pathoalign_capacity_matched_ablations_v1/cells/fold_4/pathoalign_dep20/seed_802/fold4-pathoalign_dep20-seed802-9e46641cfac5dc8c/attempts/attempt_001/slide_metrics.csv,1404,3f89f4e346d8a6406a4279e96806be892ea5e8bf70247586d02cdb9ed5c35256,results/scorpion/pathoalign_capacity_matched_ablations_v1/cells/fold_4/pathoalign_dep20/seed_802/fold4-pathoalign_dep20-seed802-9e46641cfac5dc8c/attempts/attempt_001/training_history.csv,982,f6dde8e928ee939ef9b261898d74e17d565b0d39c2b10a66099d617aa0e63ddf
fold4-no_adversary-seed802-c630733f9e28c541,no_adversary,4,802,1,valid,59ba04450adf738aa2983dc40ecb4ff09ffa495f13d43c56edde5ec57707a2e1,0adea50f1ef22865969109f1834a3c175e3f8b43,21.941536299997097,101337088,results/scorpion/pathoalign_capacity_matched_ablations_v1/cells/fold_4/no_adversary/seed_802/fold4-no_adversary-seed802-c630733f9e28c541/cell_manifest.json,2920,4a585bad01d65fb0934a620a96fe8217efce042afa7e50f14a61ff31660023a8,results/scorpion/pathoalign_capacity_matched_ablations_v1/cells/fold_4/no_adversary/seed_802/fold4-no_adversary-seed802-c630733f9e28c541/attempts/attempt_001/checkpoint.pt,6208098,8ea53ef39b0569750c4230f07d3c92226dcaed55776946a2545bd8864503cd9d,results/scorpion/pathoalign_capacity_matched_ablations_v1/cells/fold_4/no_adversary/seed_802/fold4-no_adversary-seed802-c630733f9e28c541/attempts/attempt_001/projected_features.npz,2849645,5e19365eb893e739277f23d0dbdb3e6e6c431ea0da64eaee06a353eab33150af,results/scorpion/pathoalign_capacity_matched_ablations_v1/cells/fold_4/no_adversary/seed_802/fold4-no_adversary-seed802-c630733f9e28c541/attempts/attempt_001/metrics.json,788,b175b4d812f9c4e79de3d03992b6a3d6a7a00e116d225d679e5a17378133ba93,results/scorpion/pathoalign_capacity_matched_ablations_v1/cells/fold_4/no_adversary/seed_802/fold4-no_adversary-seed802-c630733f9e28c541/attempts/attempt_001/slide_metrics.csv,1332,94e75c17c3bc6457d46e6e3ab0a914f5f2ed9e93db89e7ac26bd840b08689212,results/scorpion/pathoalign_capacity_matched_ablations_v1/cells/fold_4/no_adversary/seed_802/fold4-no_adversary-seed802-c630733f9e28c541/attempts/attempt_001/training_history.csv,988,6fab631bb1fba7aeae76b2af5008c8ee596038ea51cc63c56a813ace76aefe60
fold4-no_acquisition_classifier-seed802-944fe8c24a042e3f,no_acquisition_classifier,4,802,1,valid,59ba04450adf738aa2983dc40ecb4ff09ffa495f13d43c56edde5ec57707a2e1,0adea50f1ef22865969109f1834a3c175e3f8b43,21.491914000001998,101337088,results/scorpion/pathoalign_capacity_matched_ablations_v1/cells/fold_4/no_acquisition_classifier/seed_802/fold4-no_acquisition_classifier-seed802-944fe8c24a042e3f/cell_manifest.json,2948,bee4eeedd156fae1321442288d6447fedf0a95b67cf3dd63f7b1922d77e13904,results/scorpion/pathoalign_capacity_matched_ablations_v1/cells/fold_4/no_acquisition_classifier/seed_802/fold4-no_acquisition_classifier-seed802-944fe8c24a042e3f/attempts/attempt_001/checkpoint.pt,6208098,a6231554cbb325b2c097f3a6f1563e07b8f757add1faf867a2dbde8ef811e3d5,results/scorpion/pathoalign_capacity_matched_ablations_v1/cells/fold_4/no_acquisition_classifier/seed_802/fold4-no_acquisition_classifier-seed802-944fe8c24a042e3f/attempts/attempt_001/projected_features.npz,2852510,8c6006a0ba8f6aa7c4dd8890f8220b635157060661654af5ef69b9f08fc7c926,results/scorpion/pathoalign_capacity_matched_ablations_v1/cells/fold_4/no_acquisition_classifier/seed_802/fold4-no_acquisition_classifier-seed802-944fe8c24a042e3f/attempts/attempt_001/metrics.json,814,e658b634fcb098591d2201ccc273230e31a740d4d670d0f6ed37dd89001ea64c,results/scorpion/pathoalign_capacity_matched_ablations_v1/cells/fold_4/no_acquisition_classifier/seed_802/fold4-no_acquisition_classifier-seed802-944fe8c24a042e3f/attempts/attempt_001/slide_metrics.csv,1568,a2b5a2a23fc671c02cac7a2d271c38787b6190fdca3374c4f31064c9bd568689,results/scorpion/pathoalign_capacity_matched_ablations_v1/cells/fold_4/no_acquisition_classifier/seed_802/fold4-no_acquisition_classifier-seed802-944fe8c24a042e3f/attempts/attempt_001/training_history.csv,1031,1de78991497bd39bffa3ea26bb0a9db4dab0512fe1b411580cbe4d913f579833
fold4-no_scanner_dependence-seed802-bb691d83920de525,no_scanner_dependence,4,802,1,valid,59ba04450adf738aa2983dc40ecb4ff09ffa495f13d43c56edde5ec57707a2e1,0adea50f1ef22865969109f1834a3c175e3f8b43,21.091777300000103,101337088,results/scorpion/pathoalign_capacity_matched_ablations_v1/cells/fold_4/no_scanner_dependence/seed_802/fold4-no_scanner_dependence-seed802-bb691d83920de525/cell_manifest.json,2940,32cdf1d17a8d652ff6fe41feed6eefb30a3409403f21ae34659ef39f1c0162ec,results/scorpion/pathoalign_capacity_matched_ablations_v1/cells/fold_4/no_scanner_dependence/seed_802/fold4-no_scanner_dependence-seed802-bb691d83920de525/attempts/attempt_001/checkpoint.pt,6208098,f91f94e5b01e92ed6f46dbabddef10a08410854a70d1bb47f434c05a676096bb,results/scorpion/pathoalign_capacity_matched_ablations_v1/cells/fold_4/no_scanner_dependence/seed_802/fold4-no_scanner_dependence-seed802-bb691d83920de525/attempts/attempt_001/projected_features.npz,2852480,cc7d3bd5456163b3348d0e4e2ac8b522e4cb3c5420f32ae47691f2fd0c768715,results/scorpion/pathoalign_capacity_matched_ablations_v1/cells/fold_4/no_scanner_dependence/seed_802/fold4-no_scanner_dependence-seed802-bb691d83920de525/attempts/attempt_001/metrics.json,776,23017765312c92b17caa14652253eadb4488ab02691824d4403550a445c6e71f,results/scorpion/pathoalign_capacity_matched_ablations_v1/cells/fold_4/no_scanner_dependence/seed_802/fold4-no_scanner_dependence-seed802-bb691d83920de525/attempts/attempt_001/slide_metrics.csv,1491,2855f3ba50a5fedac5ee33e38156a031f54d9bb25ccacb8efc3d2761ac8a8384,results/scorpion/pathoalign_capacity_matched_ablations_v1/cells/fold_4/no_scanner_dependence/seed_802/fold4-no_scanner_dependence-seed802-bb691d83920de525/attempts/attempt_001/training_history.csv,1006,7032901e2b08bfb4fc2c8b1c69c2921c9484e3bacc86de7c2a2c8e1a20a970eb
fold4-no_cross_covariance-seed802-d69c8848fca54f52,no_cross_covariance,4,802,1,valid,59ba04450adf738aa2983dc40ecb4ff09ffa495f13d43c56edde5ec57707a2e1,0adea50f1ef22865969109f1834a3c175e3f8b43,21.202764099998603,101337088,results/scorpion/pathoalign_capacity_matched_ablations_v1/cells/fold_4/no_cross_covariance/seed_802/fold4-no_cross_covariance-seed802-d69c8848fca54f52/cell_manifest.json,2934,4316d3e8320379e585f3f3b986e1653acb1f36725aeff97b308faae1c155d80d,results/scorpion/pathoalign_capacity_matched_ablations_v1/cells/fold_4/no_cross_covariance/seed_802/fold4-no_cross_covariance-seed802-d69c8848fca54f52/attempts/attempt_001/checkpoint.pt,6208098,caf1c28990946041167dabdbb6ae10e41613ceb4b57e2c6e83699b9a607a26e6,results/scorpion/pathoalign_capacity_matched_ablations_v1/cells/fold_4/no_cross_covariance/seed_802/fold4-no_cross_covariance-seed802-d69c8848fca54f52/attempts/attempt_001/projected_features.npz,2850052,5a96ad3c85586ebe05e3d65d8417496d10cc816cf039ae59f9296b0784ebc246,results/scorpion/pathoalign_capacity_matched_ablations_v1/cells/fold_4/no_cross_covariance/seed_802/fold4-no_cross_covariance-seed802-d69c8848fca54f52/attempts/attempt_001/metrics.json,803,4f4aafde7428cb810e8645099916303cfd2f2c5b2522caa6a77e9ebaad2581af,results/scorpion/pathoalign_capacity_matched_ablations_v1/cells/fold_4/no_cross_covariance/seed_802/fold4-no_cross_covariance-seed802-d69c8848fca54f52/attempts/attempt_001/slide_metrics.csv,1456,60e1a2789ef58f222648961a56a982decd8b0aaca6a2bd31b5b6f5b3f0e05425,results/scorpion/pathoalign_capacity_matched_ablations_v1/cells/fold_4/no_cross_covariance/seed_802/fold4-no_cross_covariance-seed802-d69c8848fca54f52/attempts/attempt_001/training_history.csv,985,05b5fcd180651a1a60407def310abdcc86dc9d8f8092f8f53dde23b3361a0b18
fold4-paired_reference-seed803-f318652b8d1d24b6,paired_reference,4,803,1,valid,59ba04450adf738aa2983dc40ecb4ff09ffa495f13d43c56edde5ec57707a2e1,0adea50f1ef22865969109f1834a3c175e3f8b43,10.62896499999988,91893760,results/scorpion/pathoalign_capacity_matched_ablations_v1/cells/fold_4/paired_reference/seed_803/fold4-paired_reference-seed803-f318652b8d1d24b6/cell_manifest.json,2927,93873205982eb248ebea834ebacdd6cc40a6f7ce9fc0d3fa6e3b869f2110a274,results/scorpion/pathoalign_capacity_matched_ablations_v1/cells/fold_4/paired_reference/seed_803/fold4-paired_reference-seed803-f318652b8d1d24b6/attempts/attempt_001/checkpoint.pt,4210786,351e8d7ddedd11f391a27bf1f70bb9d51874a667cbcbdf426d79e8b77876a175,results/scorpion/pathoalign_capacity_matched_ablations_v1/cells/fold_4/paired_reference/seed_803/fold4-paired_reference-seed803-f318652b8d1d24b6/attempts/attempt_001/projected_features.npz,2281758,fbe05918976db32ad463c6fc1f2ccf749df96cff4fac42b2b50761fe91f2fe2f,results/scorpion/pathoalign_capacity_matched_ablations_v1/cells/fold_4/paired_reference/seed_803/fold4-paired_reference-seed803-f318652b8d1d24b6/attempts/attempt_001/metrics.json,712,8d78b7ce26d1850d4b2bd5c1143ffa5e01356caece84dcf246b45536b0957788,results/scorpion/pathoalign_capacity_matched_ablations_v1/cells/fold_4/paired_reference/seed_803/fold4-paired_reference-seed803-f318652b8d1d24b6/attempts/attempt_001/slide_metrics.csv,1368,5f60f3d611389fc96e6210a23f41d456e6d5fafe0e7b3aecd275bd5a6e534685,results/scorpion/pathoalign_capacity_matched_ablations_v1/cells/fold_4/paired_reference/seed_803/fold4-paired_reference-seed803-f318652b8d1d24b6/attempts/attempt_001/training_history.csv,513,4259133d6140873f58193e61fc7a6ff559998a1e3fd572a32105a1235db78312
fold4-two_branch_no_scanner_objectives-seed803-46eb34f05a4b7be7,two_branch_no_scanner_objectives,4,803,1,valid,59ba04450adf738aa2983dc40ecb4ff09ffa495f13d43c56edde5ec57707a2e1,0adea50f1ef22865969109f1834a3c175e3f8b43,20.975300799997058,101337088,results/scorpion/pathoalign_capacity_matched_ablations_v1/cells/fold_4/two_branch_no_scanner_objectives/seed_803/fold4-two_branch_no_scanner_objectives-seed803-46eb34f05a4b7be7/cell_manifest.json,2962,3c29c4fc770f24ca75a602e4948eac62ead5946a99818acc15febdbcc9ab9b47,results/scorpion/pathoalign_capacity_matched_ablations_v1/cells/fold_4/two_branch_no_scanner_objectives/seed_803/fold4-two_branch_no_scanner_objectives-seed803-46eb34f05a4b7be7/attempts/attempt_001/checkpoint.pt,6208098,7205e8408f84fbde095378119d37797512cc8132b0292bf1be64a35f96e679cb,results/scorpion/pathoalign_capacity_matched_ablations_v1/cells/fold_4/two_branch_no_scanner_objectives/seed_803/fold4-two_branch_no_scanner_objectives-seed803-46eb34f05a4b7be7/attempts/attempt_001/projected_features.npz,2852310,799e9fb3870beac6d6be402fc519a28a11e2e810c8f049a77fc045dc54bc2b9d,results/scorpion/pathoalign_capacity_matched_ablations_v1/cells/fold_4/two_branch_no_scanner_objectives/seed_803/fold4-two_branch_no_scanner_objectives-seed803-46eb34f05a4b7be7/attempts/attempt_001/metrics.json,798,dcbd6ff9790f4ab364b17d0149f4caf9115d777671be2af9ee1461aa3732e4a6,results/scorpion/pathoalign_capacity_matched_ablations_v1/cells/fold_4/two_branch_no_scanner_objectives/seed_803/fold4-two_branch_no_scanner_objectives-seed803-46eb34f05a4b7be7/attempts/attempt_001/slide_metrics.csv,1690,d50504e815743d1fa5c5271934e8032a58d36e1f3b61a9bdd0d5a655aa01ae25,results/scorpion/pathoalign_capacity_matched_ablations_v1/cells/fold_4/two_branch_no_scanner_objectives/seed_803/fold4-two_branch_no_scanner_objectives-seed803-46eb34f05a4b7be7/attempts/attempt_001/training_history.csv,1023,405b8e43cc0f7f1f2388ece5ca2d3938a1b760c976de1f5dd078695e9fcfb6db
fold4-pathoalign_dep20-seed803-363ee1fe43090055,pathoalign_dep20,4,803,1,valid,59ba04450adf738aa2983dc40ecb4ff09ffa495f13d43c56edde5ec57707a2e1,0adea50f1ef22865969109f1834a3c175e3f8b43,21.78799650000292,101337088,results/scorpion/pathoalign_capacity_matched_ablations_v1/cells/fold_4/pathoalign_dep20/seed_803/fold4-pathoalign_dep20-seed803-363ee1fe43090055/cell_manifest.json,2927,777b4c16b9a912ebeb32f43fb669466e7eb7072aa63b9939df305397a91b3206,results/scorpion/pathoalign_capacity_matched_ablations_v1/cells/fold_4/pathoalign_dep20/seed_803/fold4-pathoalign_dep20-seed803-363ee1fe43090055/attempts/attempt_001/checkpoint.pt,6208098,affdd57afeeef24effd7e078e4b566a9d1114b84c04b1415fd347078ccd0c475,results/scorpion/pathoalign_capacity_matched_ablations_v1/cells/fold_4/pathoalign_dep20/seed_803/fold4-pathoalign_dep20-seed803-363ee1fe43090055/attempts/attempt_001/projected_features.npz,2850933,3652f4e2f7ceb293919fe6b496c7c2db2bd237df097f3018eaa9c867918994bf,results/scorpion/pathoalign_capacity_matched_ablations_v1/cells/fold_4/pathoalign_dep20/seed_803/fold4-pathoalign_dep20-seed803-363ee1fe43090055/attempts/attempt_001/metrics.json,768,4e00b3a40e25106359717299aeefb8d8903b9795b438ca65d093b7ceea75477c,results/scorpion/pathoalign_capacity_matched_ablations_v1/cells/fold_4/pathoalign_dep20/seed_803/fold4-pathoalign_dep20-seed803-363ee1fe43090055/attempts/attempt_001/slide_metrics.csv,1399,5bc724c4ffbe5a8b365b3b4d6b08d994b50bbda2b95bcf7b0eb76ddbb1a7f605,results/scorpion/pathoalign_capacity_matched_ablations_v1/cells/fold_4/pathoalign_dep20/seed_803/fold4-pathoalign_dep20-seed803-363ee1fe43090055/attempts/attempt_001/training_history.csv,986,1ee9d785a747b39053ec276ff23a3e3b88020ddb8ebaac4d62bad1955c29d070
fold4-no_adversary-seed803-7c76e28f445c155e,no_adversary,4,803,1,valid,59ba04450adf738aa2983dc40ecb4ff09ffa495f13d43c56edde5ec57707a2e1,0adea50f1ef22865969109f1834a3c175e3f8b43,20.11861190000127,101337088,results/scorpion/pathoalign_capacity_matched_ablations_v1/cells/fold_4/no_adversary/seed_803/fold4-no_adversary-seed803-7c76e28f445c155e/cell_manifest.json,2918,3237b493b4af50db492fadb902d025c39b028bef86fe991fec11f3a1c02c4b1e,results/scorpion/pathoalign_capacity_matched_ablations_v1/cells/fold_4/no_adversary/seed_803/fold4-no_adversary-seed803-7c76e28f445c155e/attempts/attempt_001/checkpoint.pt,6208098,9e262fad76cff73127f6a2f191888a47a298ecde7d1cf67220a0eef052ec54bb,results/scorpion/pathoalign_capacity_matched_ablations_v1/cells/fold_4/no_adversary/seed_803/fold4-no_adversary-seed803-7c76e28f445c155e/attempts/attempt_001/projected_features.npz,2849299,a33549ea3ee21bc07946b4efbea094ddd0c6fad9b4e0a4c9f18199323d03958e,results/scorpion/pathoalign_capacity_matched_ablations_v1/cells/fold_4/no_adversary/seed_803/fold4-no_adversary-seed803-7c76e28f445c155e/attempts/attempt_001/metrics.json,759,e5ae1b047bd27d5a7c713bb4b6ed887c4ceea4f333271a1a61fec906f236a182,results/scorpion/pathoalign_capacity_matched_ablations_v1/cells/fold_4/no_adversary/seed_803/fold4-no_adversary-seed803-7c76e28f445c155e/attempts/attempt_001/slide_metrics.csv,1326,6efb0d8da18c7e7332fa0e88ca0b013216882791f1cd22c2efafc37441cb20b6,results/scorpion/pathoalign_capacity_matched_ablations_v1/cells/fold_4/no_adversary/seed_803/fold4-no_adversary-seed803-7c76e28f445c155e/attempts/attempt_001/training_history.csv,989,36fd9f64b2cf52c739dad81760b03832b3ae5dc6e323145eb1d33518324f49a5
fold4-no_acquisition_classifier-seed803-c8fddade555579ba,no_acquisition_classifier,4,803,1,valid,59ba04450adf738aa2983dc40ecb4ff09ffa495f13d43c56edde5ec57707a2e1,0adea50f1ef22865969109f1834a3c175e3f8b43,20.424337899999955,101337088,results/scorpion/pathoalign_capacity_matched_ablations_v1/cells/fold_4/no_acquisition_classifier/seed_803/fold4-no_acquisition_classifier-seed803-c8fddade555579ba/cell_manifest.json,2946,81fc6f540a0b9693421f5d528546390f4947c7a480697b90898c058491cd907e,results/scorpion/pathoalign_capacity_matched_ablations_v1/cells/fold_4/no_acquisition_classifier/seed_803/fold4-no_acquisition_classifier-seed803-c8fddade555579ba/attempts/attempt_001/checkpoint.pt,6208098,19f86ddbd05a8fbe3ef83bc61c72256906ec8f07fd45eeaffeaab229919dbcfc,results/scorpion/pathoalign_capacity_matched_ablations_v1/cells/fold_4/no_acquisition_classifier/seed_803/fold4-no_acquisition_classifier-seed803-c8fddade555579ba/attempts/attempt_001/projected_features.npz,2852460,918b0564af11411c573354250f25e18a20d1f3f09722a11288b440c451901977,results/scorpion/pathoalign_capacity_matched_ablations_v1/cells/fold_4/no_acquisition_classifier/seed_803/fold4-no_acquisition_classifier-seed803-c8fddade555579ba/attempts/attempt_001/metrics.json,785,be56f4036074261edf21981b82635f030fb68fe2192ae06ad3f769b67e1f4882,results/scorpion/pathoalign_capacity_matched_ablations_v1/cells/fold_4/no_acquisition_classifier/seed_803/fold4-no_acquisition_classifier-seed803-c8fddade555579ba/attempts/attempt_001/slide_metrics.csv,1562,78ba7f4fe9d5dae9a9a00c485c181db5de9c236cb23e0695c087abb8d4ce7f01,results/scorpion/pathoalign_capacity_matched_ablations_v1/cells/fold_4/no_acquisition_classifier/seed_803/fold4-no_acquisition_classifier-seed803-c8fddade555579ba/attempts/attempt_001/training_history.csv,1028,ce53c8e89b5a6b21dd6c97a5aac8a4ecdf75f7eb47a6e448067b70b41aa96cb7
fold4-no_scanner_dependence-seed803-d812c81b7f1b64aa,no_scanner_dependence,4,803,1,valid,59ba04450adf738aa2983dc40ecb4ff09ffa495f13d43c56edde5ec57707a2e1,0adea50f1ef22865969109f1834a3c175e3f8b43,20.498990500000218,101337088,results/scorpion/pathoalign_capacity_matched_ablations_v1/cells/fold_4/no_scanner_dependence/seed_803/fold4-no_scanner_dependence-seed803-d812c81b7f1b64aa/cell_manifest.json,2938,668e750d9b725cd566c9c32c1e8ea7169c56eea26339336ffd21680d59414b50,results/scorpion/pathoalign_capacity_matched_ablations_v1/cells/fold_4/no_scanner_dependence/seed_803/fold4-no_scanner_dependence-seed803-d812c81b7f1b64aa/attempts/attempt_001/checkpoint.pt,6208098,4f5885cb663a531efe8b4946725ec87c183ed2d106917b8ee6f0d4f9d001273d,results/scorpion/pathoalign_capacity_matched_ablations_v1/cells/fold_4/no_scanner_dependence/seed_803/fold4-no_scanner_dependence-seed803-d812c81b7f1b64aa/attempts/attempt_001/projected_features.npz,2852612,926b2254c93558ee3a91f1a4d77135948df37178d542719d4319381a202519c5,results/scorpion/pathoalign_capacity_matched_ablations_v1/cells/fold_4/no_scanner_dependence/seed_803/fold4-no_scanner_dependence-seed803-d812c81b7f1b64aa/attempts/attempt_001/metrics.json,776,21ae2285b6280ae40c43acc10a62a49bd0dfac30c2063b0671a31e20b0b32d8f,results/scorpion/pathoalign_capacity_matched_ablations_v1/cells/fold_4/no_scanner_dependence/seed_803/fold4-no_scanner_dependence-seed803-d812c81b7f1b64aa/attempts/attempt_001/slide_metrics.csv,1493,66b4bde0f8801e63b6eefe5f8e8d64fded0eb8e6082e7a2a4f48e3c88d9be7c2,results/scorpion/pathoalign_capacity_matched_ablations_v1/cells/fold_4/no_scanner_dependence/seed_803/fold4-no_scanner_dependence-seed803-d812c81b7f1b64aa/attempts/attempt_001/training_history.csv,981,2d039c1184387bd1f1d3461f99928b384344817830e5cc00c56ed1d24e2d0676
fold4-no_cross_covariance-seed803-6febb1e51d4ca681,no_cross_covariance,4,803,1,valid,59ba04450adf738aa2983dc40ecb4ff09ffa495f13d43c56edde5ec57707a2e1,0adea50f1ef22865969109f1834a3c175e3f8b43,21.008530100003554,101337088,results/scorpion/pathoalign_capacity_matched_ablations_v1/cells/fold_4/no_cross_covariance/seed_803/fold4-no_cross_covariance-seed803-6febb1e51d4ca681/cell_manifest.json,2935,dbf4218e229bcd50fd7181faff90f62f37cc08d4add06caf897f242ebf5edb9f,results/scorpion/pathoalign_capacity_matched_ablations_v1/cells/fold_4/no_cross_covariance/seed_803/fold4-no_cross_covariance-seed803-6febb1e51d4ca681/attempts/attempt_001/checkpoint.pt,6208098,b9d27f45dfe4bdf39161f676e2fb91d5c9090a1c0cf4870483e3552f102ad252,results/scorpion/pathoalign_capacity_matched_ablations_v1/cells/fold_4/no_cross_covariance/seed_803/fold4-no_cross_covariance-seed803-6febb1e51d4ca681/attempts/attempt_001/projected_features.npz,2849839,e146677d4508457c4bbc9ca7f805800388731e71141e69911734ab23f28638bc,results/scorpion/pathoalign_capacity_matched_ablations_v1/cells/fold_4/no_cross_covariance/seed_803/fold4-no_cross_covariance-seed803-6febb1e51d4ca681/attempts/attempt_001/metrics.json,775,1c38030f3ca13816d804632f072fedd1ccf7aa1c7f95ef244a6e10d528935b50,results/scorpion/pathoalign_capacity_matched_ablations_v1/cells/fold_4/no_cross_covariance/seed_803/fold4-no_cross_covariance-seed803-6febb1e51d4ca681/attempts/attempt_001/slide_metrics.csv,1456,d11f3f3b6b1c02838f69231a8464880e10983b7f4ac5d365a976a7d02529d2ac,results/scorpion/pathoalign_capacity_matched_ablations_v1/cells/fold_4/no_cross_covariance/seed_803/fold4-no_cross_covariance-seed803-6febb1e51d4ca681/attempts/attempt_001/training_history.csv,986,73ac4ee05add2bcafd6076f12e54c585b0ba97869b57d9a953549f687b98e586
fold4-paired_reference-seed804-7a1232c48fb27bc0,paired_reference,4,804,1,valid,59ba04450adf738aa2983dc40ecb4ff09ffa495f13d43c56edde5ec57707a2e1,0adea50f1ef22865969109f1834a3c175e3f8b43,10.504143300000578,91893760,results/scorpion/pathoalign_capacity_matched_ablations_v1/cells/fold_4/paired_reference/seed_804/fold4-paired_reference-seed804-7a1232c48fb27bc0/cell_manifest.json,2927,17739e17389e4352ede912980bbfc5b2a1f34d29b7ec249caa5e9a7861ccfe24,results/scorpion/pathoalign_capacity_matched_ablations_v1/cells/fold_4/paired_reference/seed_804/fold4-paired_reference-seed804-7a1232c48fb27bc0/attempts/attempt_001/checkpoint.pt,4210786,2e01c96589d5bda5f58c5e3c393ee7dc5f0c0138d854d2db405195dfc6d86283,results/scorpion/pathoalign_capacity_matched_ablations_v1/cells/fold_4/paired_reference/seed_804/fold4-paired_reference-seed804-7a1232c48fb27bc0/attempts/attempt_001/projected_features.npz,2281404,84414334a163766bf52e8c0a6df696b7ce3078dcbe32d6413ffdfa28c2dc170f,results/scorpion/pathoalign_capacity_matched_ablations_v1/cells/fold_4/paired_reference/seed_804/fold4-paired_reference-seed804-7a1232c48fb27bc0/attempts/attempt_001/metrics.json,725,9bbc49e71d57b940acfb985c0aa506feefacda53298dd1dc58c16dd8f54a2345,results/scorpion/pathoalign_capacity_matched_ablations_v1/cells/fold_4/paired_reference/seed_804/fold4-paired_reference-seed804-7a1232c48fb27bc0/attempts/attempt_001/slide_metrics.csv,1371,203f01eb1573fd9142d306c3143f023f5dfef0de4a9b0a49ca62418ca948982b,results/scorpion/pathoalign_capacity_matched_ablations_v1/cells/fold_4/paired_reference/seed_804/fold4-paired_reference-seed804-7a1232c48fb27bc0/attempts/attempt_001/training_history.csv,503,7d5f034ff9ce23fd7600dc87fa6e50812a4835a969684ae6d1d323fb392a2320
fold4-two_branch_no_scanner_objectives-seed804-9fd3b69c49e55906,two_branch_no_scanner_objectives,4,804,1,valid,59ba04450adf738aa2983dc40ecb4ff09ffa495f13d43c56edde5ec57707a2e1,0adea50f1ef22865969109f1834a3c175e3f8b43,21.18981949999943,101337088,results/scorpion/pathoalign_capacity_matched_ablations_v1/cells/fold_4/two_branch_no_scanner_objectives/seed_804/fold4-two_branch_no_scanner_objectives-seed804-9fd3b69c49e55906/cell_manifest.json,2961,6d4a00b55c9e5959f4218c1f53f8605c0e0db3416ce0cb9b36ae27912276bc18,results/scorpion/pathoalign_capacity_matched_ablations_v1/cells/fold_4/two_branch_no_scanner_objectives/seed_804/fold4-two_branch_no_scanner_objectives-seed804-9fd3b69c49e55906/attempts/attempt_001/checkpoint.pt,6208098,007ab5b02777174b364176684fd925d4834a24db57b7084edf8dc3968cd31da2,results/scorpion/pathoalign_capacity_matched_ablations_v1/cells/fold_4/two_branch_no_scanner_objectives/seed_804/fold4-two_branch_no_scanner_objectives-seed804-9fd3b69c49e55906/attempts/attempt_001/projected_features.npz,2852759,6af243273a5a6796ca8b158ca72252dc955024401078c4591a1aaa83169d8d53,results/scorpion/pathoalign_capacity_matched_ablations_v1/cells/fold_4/two_branch_no_scanner_objectives/seed_804/fold4-two_branch_no_scanner_objectives-seed804-9fd3b69c49e55906/attempts/attempt_001/metrics.json,783,768c794e28462d55df877866d3f4fe42b1bb64f4e9be9529f3d8aae2e5550e02,results/scorpion/pathoalign_capacity_matched_ablations_v1/cells/fold_4/two_branch_no_scanner_objectives/seed_804/fold4-two_branch_no_scanner_objectives-seed804-9fd3b69c49e55906/attempts/attempt_001/slide_metrics.csv,1686,6978e4042969776319416795eea07087491a461c9c04ac219d9014160bf3a51f,results/scorpion/pathoalign_capacity_matched_ablations_v1/cells/fold_4/two_branch_no_scanner_objectives/seed_804/fold4-two_branch_no_scanner_objectives-seed804-9fd3b69c49e55906/attempts/attempt_001/training_history.csv,1007,22ef228d6edbb4501735c9052d09ef233d722e42e5ebdfdbcff4b326e4c2eaee
fold4-pathoalign_dep20-seed804-19cc2a4f69508554,pathoalign_dep20,4,804,1,valid,59ba04450adf738aa2983dc40ecb4ff09ffa495f13d43c56edde5ec57707a2e1,0adea50f1ef22865969109f1834a3c175e3f8b43,19.77398969999922,101337088,results/scorpion/pathoalign_capacity_matched_ablations_v1/cells/fold_4/pathoalign_dep20/seed_804/fold4-pathoalign_dep20-seed804-19cc2a4f69508554/cell_manifest.json,2927,7c83e2e094671e4e52887afd284044ec36b4a14924758b8499a1e31436f079dc,results/scorpion/pathoalign_capacity_matched_ablations_v1/cells/fold_4/pathoalign_dep20/seed_804/fold4-pathoalign_dep20-seed804-19cc2a4f69508554/attempts/attempt_001/checkpoint.pt,6208098,703f611b1a8bccb22db761b7cd18d706d1501450d4c7a82a08c4b2cc8711180d,results/scorpion/pathoalign_capacity_matched_ablations_v1/cells/fold_4/pathoalign_dep20/seed_804/fold4-pathoalign_dep20-seed804-19cc2a4f69508554/attempts/attempt_001/projected_features.npz,2850542,096a0e724bccbde298849fae5393d4705a5a96df5e96c354722336f4abd4bd9e,results/scorpion/pathoalign_capacity_matched_ablations_v1/cells/fold_4/pathoalign_dep20/seed_804/fold4-pathoalign_dep20-seed804-19cc2a4f69508554/attempts/attempt_001/metrics.json,798,ab64e6d15f5d70e501597ac5c0213b7d0bdf39293b1a406f267b2fe2952aaa12,results/scorpion/pathoalign_capacity_matched_ablations_v1/cells/fold_4/pathoalign_dep20/seed_804/fold4-pathoalign_dep20-seed804-19cc2a4f69508554/attempts/attempt_001/slide_metrics.csv,1407,75bb93b32bcd2af38a7913d53fd01e5bf3225929cd8a8a18f08b1440698d2de0,results/scorpion/pathoalign_capacity_matched_ablations_v1/cells/fold_4/pathoalign_dep20/seed_804/fold4-pathoalign_dep20-seed804-19cc2a4f69508554/attempts/attempt_001/training_history.csv,1041,51e5e0ea1f58943d9e50228241a7aa36b9d40df726053fd9ae420695249ca994
fold4-no_adversary-seed804-02d712e1ee52f379,no_adversary,4,804,1,valid,59ba04450adf738aa2983dc40ecb4ff09ffa495f13d43c56edde5ec57707a2e1,0adea50f1ef22865969109f1834a3c175e3f8b43,21.114151099998708,101337088,results/scorpion/pathoalign_capacity_matched_ablations_v1/cells/fold_4/no_adversary/seed_804/fold4-no_adversary-seed804-02d712e1ee52f379/cell_manifest.json,2922,0d20302a9ef4c0e6b57cdc262e6fc4fe5f9f167704082244521efae28ab2aac5,results/scorpion/pathoalign_capacity_matched_ablations_v1/cells/fold_4/no_adversary/seed_804/fold4-no_adversary-seed804-02d712e1ee52f379/attempts/attempt_001/checkpoint.pt,6208098,3ca4fab0d949b5d074bd1363bc507297c944999e021c447b7d370cd330477039,results/scorpion/pathoalign_capacity_matched_ablations_v1/cells/fold_4/no_adversary/seed_804/fold4-no_adversary-seed804-02d712e1ee52f379/attempts/attempt_001/projected_features.npz,2849464,984651e297f364243cbc85cd1c4997b4454b6234f13deb6fc7dc456d5f2ddcbe,results/scorpion/pathoalign_capacity_matched_ablations_v1/cells/fold_4/no_adversary/seed_804/fold4-no_adversary-seed804-02d712e1ee52f379/attempts/attempt_001/metrics.json,775,2aa93bcc6531a617814e137a7089511c4436fe6df48a395acdefc184a5bd8464,results/scorpion/pathoalign_capacity_matched_ablations_v1/cells/fold_4/no_adversary/seed_804/fold4-no_adversary-seed804-02d712e1ee52f379/attempts/attempt_001/slide_metrics.csv,1328,aa412d3fcd9851d4836a2a5c8333964a48bd072e0658774372ec357f3ff92e83,results/scorpion/pathoalign_capacity_matched_ablations_v1/cells/fold_4/no_adversary/seed_804/fold4-no_adversary-seed804-02d712e1ee52f379/attempts/attempt_001/training_history.csv,1004,c46f6433946b84d9e04b82158bd57176a9544f7647e34aff09e7232ec6e9d3dc
fold4-no_acquisition_classifier-seed804-73ca0ee229802323,no_acquisition_classifier,4,804,1,valid,59ba04450adf738aa2983dc40ecb4ff09ffa495f13d43c56edde5ec57707a2e1,0adea50f1ef22865969109f1834a3c175e3f8b43,22.24954340000113,101337088,results/scorpion/pathoalign_capacity_matched_ablations_v1/cells/fold_4/no_acquisition_classifier/seed_804/fold4-no_acquisition_classifier-seed804-73ca0ee229802323/cell_manifest.json,2947,71e2ffba21009e3af6a9bf66d5488515df30f0a3b1e8c825dd1538a8874216c7,results/scorpion/pathoalign_capacity_matched_ablations_v1/cells/fold_4/no_acquisition_classifier/seed_804/fold4-no_acquisition_classifier-seed804-73ca0ee229802323/attempts/attempt_001/checkpoint.pt,6208098,7c56648cffaec0d7dde453b479b03a7d89c0de50365193801124c6633430b787,results/scorpion/pathoalign_capacity_matched_ablations_v1/cells/fold_4/no_acquisition_classifier/seed_804/fold4-no_acquisition_classifier-seed804-73ca0ee229802323/attempts/attempt_001/projected_features.npz,2852368,de9cebbc766269abbe71281f2cc70bcc8ce5ac45d8a2c669609a11331b03b6bf,results/scorpion/pathoalign_capacity_matched_ablations_v1/cells/fold_4/no_acquisition_classifier/seed_804/fold4-no_acquisition_classifier-seed804-73ca0ee229802323/attempts/attempt_001/metrics.json,801,e25239fc233c9aa95cccb29df94421ba7165f5063f0f3cc3a4650e45d23c52a4,results/scorpion/pathoalign_capacity_matched_ablations_v1/cells/fold_4/no_acquisition_classifier/seed_804/fold4-no_acquisition_classifier-seed804-73ca0ee229802323/attempts/attempt_001/slide_metrics.csv,1567,19955cf95e043cf3176253155b8d583c5265ef1e7aaba45e97c8fab638ec4196,results/scorpion/pathoalign_capacity_matched_ablations_v1/cells/fold_4/no_acquisition_classifier/seed_804/fold4-no_acquisition_classifier-seed804-73ca0ee229802323/attempts/attempt_001/training_history.csv,1032,3d80ff4de58c63caf6304eac88e293e5f31ce7d5a54db2b2a69e54c4c91b836b
fold4-no_scanner_dependence-seed804-47d3d832770751bc,no_scanner_dependence,4,804,1,valid,59ba04450adf738aa2983dc40ecb4ff09ffa495f13d43c56edde5ec57707a2e1,0adea50f1ef22865969109f1834a3c175e3f8b43,21.90743950000251,101337088,results/scorpion/pathoalign_capacity_matched_ablations_v1/cells/fold_4/no_scanner_dependence/seed_804/fold4-no_scanner_dependence-seed804-47d3d832770751bc/cell_manifest.json,2938,63171fd31d59fbd351ad9188c4a2b42f8fb2aed2be20fe449cf9fca222eb5363,results/scorpion/pathoalign_capacity_matched_ablations_v1/cells/fold_4/no_scanner_dependence/seed_804/fold4-no_scanner_dependence-seed804-47d3d832770751bc/attempts/attempt_001/checkpoint.pt,6208098,3ea0b9d37529dc51fc27ca2bad3b1ea62956a93bd078415c75342df009c13937,results/scorpion/pathoalign_capacity_matched_ablations_v1/cells/fold_4/no_scanner_dependence/seed_804/fold4-no_scanner_dependence-seed804-47d3d832770751bc/attempts/attempt_001/projected_features.npz,2852850,783030fe982e546a189ad7f108594e309d30960d2b44915e57707e7ba431069a,results/scorpion/pathoalign_capacity_matched_ablations_v1/cells/fold_4/no_scanner_dependence/seed_804/fold4-no_scanner_dependence-seed804-47d3d832770751bc/attempts/attempt_001/metrics.json,807,eb65e7e3ce49c37367694a8091ae11407aed5c7fe07e83d4f5407606b97b928d,results/scorpion/pathoalign_capacity_matched_ablations_v1/cells/fold_4/no_scanner_dependence/seed_804/fold4-no_scanner_dependence-seed804-47d3d832770751bc/attempts/attempt_001/slide_metrics.csv,1491,687af0fd8608eada72b89326cfa3b6d348c37561a9f8cb3b20462aa49bb89b75,results/scorpion/pathoalign_capacity_matched_ablations_v1/cells/fold_4/no_scanner_dependence/seed_804/fold4-no_scanner_dependence-seed804-47d3d832770751bc/attempts/attempt_001/training_history.csv,1021,01104821916301d5b6a7bbee9bdb461a4af42e41f8631b452b99b935074a49a0
fold4-no_cross_covariance-seed804-883d392e8c92c6f1,no_cross_covariance,4,804,1,valid,59ba04450adf738aa2983dc40ecb4ff09ffa495f13d43c56edde5ec57707a2e1,0adea50f1ef22865969109f1834a3c175e3f8b43,21.21445709999898,101337088,results/scorpion/pathoalign_capacity_matched_ablations_v1/cells/fold_4/no_cross_covariance/seed_804/fold4-no_cross_covariance-seed804-883d392e8c92c6f1/cell_manifest.json,2935,2c21eec6cacd33e52bdb3ca814ff186130c2f97dc45a8f7c6951bd91622cf582,results/scorpion/pathoalign_capacity_matched_ablations_v1/cells/fold_4/no_cross_covariance/seed_804/fold4-no_cross_covariance-seed804-883d392e8c92c6f1/attempts/attempt_001/checkpoint.pt,6208098,4cc3c0b7ce2f4e5112d9e1e4cd65eb24bbf80418d1a1e1b69fb871ab2340a3ae,results/scorpion/pathoalign_capacity_matched_ablations_v1/cells/fold_4/no_cross_covariance/seed_804/fold4-no_cross_covariance-seed804-883d392e8c92c6f1/attempts/attempt_001/projected_features.npz,2849946,3578fefa09dbab15f66d2cb66e1ed428a45dd037cf3021755b12cd236daafd1a,results/scorpion/pathoalign_capacity_matched_ablations_v1/cells/fold_4/no_cross_covariance/seed_804/fold4-no_cross_covariance-seed804-883d392e8c92c6f1/attempts/attempt_001/metrics.json,802,daf3406de139c33edfc8ab824cdc1b7763a58fe1d48f9639962aa4c6ace8da55,results/scorpion/pathoalign_capacity_matched_ablations_v1/cells/fold_4/no_cross_covariance/seed_804/fold4-no_cross_covariance-seed804-883d392e8c92c6f1/attempts/attempt_001/slide_metrics.csv,1454,a92952c2afb05bb8f0d28621a8e691b3512abb2e21f8781957769bf2f8d9af59,results/scorpion/pathoalign_capacity_matched_ablations_v1/cells/fold_4/no_cross_covariance/seed_804/fold4-no_cross_covariance-seed804-883d392e8c92c6f1/attempts/attempt_001/training_history.csv,1003,0c35de5207e0f2336323221b666815a63ca2d2d5af82743dde426eaaf783f6df
fold4-paired_reference-seed805-b4584d212a42ea5b,paired_reference,4,805,1,valid,59ba04450adf738aa2983dc40ecb4ff09ffa495f13d43c56edde5ec57707a2e1,0adea50f1ef22865969109f1834a3c175e3f8b43,11.00387369999953,91893760,results/scorpion/pathoalign_capacity_matched_ablations_v1/cells/fold_4/paired_reference/seed_805/fold4-paired_reference-seed805-b4584d212a42ea5b/cell_manifest.json,2925,361b3a7ed86e407b1f3471bb91c71e0e306c079f2efc5fb8f14a99d880a1c018,results/scorpion/pathoalign_capacity_matched_ablations_v1/cells/fold_4/paired_reference/seed_805/fold4-paired_reference-seed805-b4584d212a42ea5b/attempts/attempt_001/checkpoint.pt,4210786,52e1b1d7da2bf02050d18bf5f1197b55bb697e803f45549239f81f46d35a1d55,results/scorpion/pathoalign_capacity_matched_ablations_v1/cells/fold_4/paired_reference/seed_805/fold4-paired_reference-seed805-b4584d212a42ea5b/attempts/attempt_001/projected_features.npz,2281825,253f0594bd47b4c59d2e73f025dc4f63631fbfdcc9816df4d8a48c83467c7fe8,results/scorpion/pathoalign_capacity_matched_ablations_v1/cells/fold_4/paired_reference/seed_805/fold4-paired_reference-seed805-b4584d212a42ea5b/attempts/attempt_001/metrics.json,710,0aa6cee97799b4bd690d094fe0d86527462de0704286011b9d9a0e55727b5cd2,results/scorpion/pathoalign_capacity_matched_ablations_v1/cells/fold_4/paired_reference/seed_805/fold4-paired_reference-seed805-b4584d212a42ea5b/attempts/attempt_001/slide_metrics.csv,1364,002443c4db12439c19d41d732e3a439c3eef14c21931476840398d6494bb2c92,results/scorpion/pathoalign_capacity_matched_ablations_v1/cells/fold_4/paired_reference/seed_805/fold4-paired_reference-seed805-b4584d212a42ea5b/attempts/attempt_001/training_history.csv,510,29edfca01ebd5930fd6be6e846cbcc07affa3651536c94bbd5b064d65553d377
fold4-two_branch_no_scanner_objectives-seed805-88b8fd237304f7f4,two_branch_no_scanner_objectives,4,805,1,valid,59ba04450adf738aa2983dc40ecb4ff09ffa495f13d43c56edde5ec57707a2e1,0adea50f1ef22865969109f1834a3c175e3f8b43,21.70081510000091,101337088,results/scorpion/pathoalign_capacity_matched_ablations_v1/cells/fold_4/two_branch_no_scanner_objectives/seed_805/fold4-two_branch_no_scanner_objectives-seed805-88b8fd237304f7f4/cell_manifest.json,2961,5aab3f39d7983da0439fa138243144eb64f2ba8b2a92aee7d31c5c522613ceb8,results/scorpion/pathoalign_capacity_matched_ablations_v1/cells/fold_4/two_branch_no_scanner_objectives/seed_805/fold4-two_branch_no_scanner_objectives-seed805-88b8fd237304f7f4/attempts/attempt_001/checkpoint.pt,6208098,84947b2722dc5aa788a9ced1811a15fccbcc5af353e85f94cd8cf00f8d1295c2,results/scorpion/pathoalign_capacity_matched_ablations_v1/cells/fold_4/two_branch_no_scanner_objectives/seed_805/fold4-two_branch_no_scanner_objectives-seed805-88b8fd237304f7f4/attempts/attempt_001/projected_features.npz,2852964,a61a01030469c51af8209f3a42c508c8a017a5155626db31ec2f37661370a4f9,results/scorpion/pathoalign_capacity_matched_ablations_v1/cells/fold_4/two_branch_no_scanner_objectives/seed_805/fold4-two_branch_no_scanner_objectives-seed805-88b8fd237304f7f4/attempts/attempt_001/metrics.json,799,da0da102a3998e380a15f80fb89c54d823ce09d49118bba63cf732250203990c,results/scorpion/pathoalign_capacity_matched_ablations_v1/cells/fold_4/two_branch_no_scanner_objectives/seed_805/fold4-two_branch_no_scanner_objectives-seed805-88b8fd237304f7f4/attempts/attempt_001/slide_metrics.csv,1690,55be06b56ef7d2b7e484d93a04cb7be80a4b206a93fba721b58858824c57fb91,results/scorpion/pathoalign_capacity_matched_ablations_v1/cells/fold_4/two_branch_no_scanner_objectives/seed_805/fold4-two_branch_no_scanner_objectives-seed805-88b8fd237304f7f4/attempts/attempt_001/training_history.csv,1028,5ed637e9aa2184f697cffa0c8f4db8f1400cab0dbcab1933c1ce90615dbf6b62
fold4-pathoalign_dep20-seed805-d0c12ca42f2c2ff3,pathoalign_dep20,4,805,1,valid,59ba04450adf738aa2983dc40ecb4ff09ffa495f13d43c56edde5ec57707a2e1,0adea50f1ef22865969109f1834a3c175e3f8b43,20.396411500001705,101337088,results/scorpion/pathoalign_capacity_matched_ablations_v1/cells/fold_4/pathoalign_dep20/seed_805/fold4-pathoalign_dep20-seed805-d0c12ca42f2c2ff3/cell_manifest.json,2929,c018d9dfeba623e0e0ea2f7033663a0968b195b5fcf4446a37a28b188baab692,results/scorpion/pathoalign_capacity_matched_ablations_v1/cells/fold_4/pathoalign_dep20/seed_805/fold4-pathoalign_dep20-seed805-d0c12ca42f2c2ff3/attempts/attempt_001/checkpoint.pt,6208098,0042ea013f950cdeee1554c9b804250d60b63d9bf0823938bf43f8e316e687c9,results/scorpion/pathoalign_capacity_matched_ablations_v1/cells/fold_4/pathoalign_dep20/seed_805/fold4-pathoalign_dep20-seed805-d0c12ca42f2c2ff3/attempts/attempt_001/projected_features.npz,2850210,b8505d7ffb77901cb87719ce197ff057abe4d1f1b0af162a463d42ee7cfe0318,results/scorpion/pathoalign_capacity_matched_ablations_v1/cells/fold_4/pathoalign_dep20/seed_805/fold4-pathoalign_dep20-seed805-d0c12ca42f2c2ff3/attempts/attempt_001/metrics.json,768,f5372d3da8d6e404c6d8c015f395252214fe2aa44eba9267f9651478f0c71ac5,results/scorpion/pathoalign_capacity_matched_ablations_v1/cells/fold_4/pathoalign_dep20/seed_805/fold4-pathoalign_dep20-seed805-d0c12ca42f2c2ff3/attempts/attempt_001/slide_metrics.csv,1402,0d0fcfcc4bcd603bb861c0c249e9c4f837bda8ae68a4a9cd7d90840a97301a35,results/scorpion/pathoalign_capacity_matched_ablations_v1/cells/fold_4/pathoalign_dep20/seed_805/fold4-pathoalign_dep20-seed805-d0c12ca42f2c2ff3/attempts/attempt_001/training_history.csv,988,e18f703bf373583845e836effe965e224463f5617540d50adf1cd749a2647c3c
fold4-no_adversary-seed805-41a9e60d5b3ddd65,no_adversary,4,805,1,valid,59ba04450adf738aa2983dc40ecb4ff09ffa495f13d43c56edde5ec57707a2e1,0adea50f1ef22865969109f1834a3c175e3f8b43,20.863644700002624,101337088,results/scorpion/pathoalign_capacity_matched_ablations_v1/cells/fold_4/no_adversary/seed_805/fold4-no_adversary-seed805-41a9e60d5b3ddd65/cell_manifest.json,2921,7d855bf2e861a2a91ebff23105aad7c813ae91d8b6945a82fdfe3e3e3b83d251,results/scorpion/pathoalign_capacity_matched_ablations_v1/cells/fold_4/no_adversary/seed_805/fold4-no_adversary-seed805-41a9e60d5b3ddd65/attempts/attempt_001/checkpoint.pt,6208098,c21661d337cd9212d021b7250edcbb59fbc3413f0f784558d771c06bc269a410,results/scorpion/pathoalign_capacity_matched_ablations_v1/cells/fold_4/no_adversary/seed_805/fold4-no_adversary-seed805-41a9e60d5b3ddd65/attempts/attempt_001/projected_features.npz,2849380,a170d9999f857e16352d15dbe70639a2a8a156563e001b1dbcf082697ef85bad,results/scorpion/pathoalign_capacity_matched_ablations_v1/cells/fold_4/no_adversary/seed_805/fold4-no_adversary-seed805-41a9e60d5b3ddd65/attempts/attempt_001/metrics.json,759,985966f7d755811d5802ce68ebc119ff18bcfbb812ba91d0f9a2b4726c6d657f,results/scorpion/pathoalign_capacity_matched_ablations_v1/cells/fold_4/no_adversary/seed_805/fold4-no_adversary-seed805-41a9e60d5b3ddd65/attempts/attempt_001/slide_metrics.csv,1329,4f3a4cbd4dc0aecf09cfbff566674295d9b77ddec43f45fc76e4573d73765175,results/scorpion/pathoalign_capacity_matched_ablations_v1/cells/fold_4/no_adversary/seed_805/fold4-no_adversary-seed805-41a9e60d5b3ddd65/attempts/attempt_001/training_history.csv,982,eb958003edd7ced61e10a06f874ca0dd15eb111861b76ac8fd4e3df8879e410f
fold4-no_acquisition_classifier-seed805-f52423b2dd52d7b4,no_acquisition_classifier,4,805,1,valid,59ba04450adf738aa2983dc40ecb4ff09ffa495f13d43c56edde5ec57707a2e1,0adea50f1ef22865969109f1834a3c175e3f8b43,21.028322000001936,101337088,results/scorpion/pathoalign_capacity_matched_ablations_v1/cells/fold_4/no_acquisition_classifier/seed_805/fold4-no_acquisition_classifier-seed805-f52423b2dd52d7b4/cell_manifest.json,2948,ed7bef3564238a3688dfb77c0090727ed37aba86d69f7162634bec030571c242,results/scorpion/pathoalign_capacity_matched_ablations_v1/cells/fold_4/no_acquisition_classifier/seed_805/fold4-no_acquisition_classifier-seed805-f52423b2dd52d7b4/attempts/attempt_001/checkpoint.pt,6208098,cfa0e8ff072375c2cca703343262117fedaad6626e21f16085b93608665af92b,results/scorpion/pathoalign_capacity_matched_ablations_v1/cells/fold_4/no_acquisition_classifier/seed_805/fold4-no_acquisition_classifier-seed805-f52423b2dd52d7b4/attempts/attempt_001/projected_features.npz,2852476,671a9758a0cbcc8e39aec3dea8803a1808085c06d5f530ea61f14310956903af,results/scorpion/pathoalign_capacity_matched_ablations_v1/cells/fold_4/no_acquisition_classifier/seed_805/fold4-no_acquisition_classifier-seed805-f52423b2dd52d7b4/attempts/attempt_001/metrics.json,786,603da82ecb088e97517588f535aac91c85fa146865692167a3a316105b63a24c,results/scorpion/pathoalign_capacity_matched_ablations_v1/cells/fold_4/no_acquisition_classifier/seed_805/fold4-no_acquisition_classifier-seed805-f52423b2dd52d7b4/attempts/attempt_001/slide_metrics.csv,1561,5ad12bba8237ed1286c1ee737cf4d8f6aad736bcc594f7e290b5daecf85589c7,results/scorpion/pathoalign_capacity_matched_ablations_v1/cells/fold_4/no_acquisition_classifier/seed_805/fold4-no_acquisition_classifier-seed805-f52423b2dd52d7b4/attempts/attempt_001/training_history.csv,1031,049c53334fe3732fdb2b7081d4df07ffd3b7a0cf071e425fc4107c56b41765de
fold4-no_scanner_dependence-seed805-515986d148d60792,no_scanner_dependence,4,805,1,valid,59ba04450adf738aa2983dc40ecb4ff09ffa495f13d43c56edde5ec57707a2e1,0adea50f1ef22865969109f1834a3c175e3f8b43,21.410697399998753,101337088,results/scorpion/pathoalign_capacity_matched_ablations_v1/cells/fold_4/no_scanner_dependence/seed_805/fold4-no_scanner_dependence-seed805-515986d148d60792/cell_manifest.json,2935,ca29041fa4d4b37578ea9f476b12eb66e06a5dc3c708fad76056d7cedfffed40,results/scorpion/pathoalign_capacity_matched_ablations_v1/cells/fold_4/no_scanner_dependence/seed_805/fold4-no_scanner_dependence-seed805-515986d148d60792/attempts/attempt_001/checkpoint.pt,6208098,8c76a171b61bf682944d5e7465377b4be2da245344f8fb77db7c38a5c25f619b,results/scorpion/pathoalign_capacity_matched_ablations_v1/cells/fold_4/no_scanner_dependence/seed_805/fold4-no_scanner_dependence-seed805-515986d148d60792/attempts/attempt_001/projected_features.npz,2852506,04aead151cc5834b9b1d3668faf405957af35b66169c1009d1bddfa06466aa2f,results/scorpion/pathoalign_capacity_matched_ablations_v1/cells/fold_4/no_scanner_dependence/seed_805/fold4-no_scanner_dependence-seed805-515986d148d60792/attempts/attempt_001/metrics.json,776,4d116a1c251ed74f8dd2efb46fd53b8b6950d0f5d31f4a9b5929ce282486bdb4,results/scorpion/pathoalign_capacity_matched_ablations_v1/cells/fold_4/no_scanner_dependence/seed_805/fold4-no_scanner_dependence-seed805-515986d148d60792/attempts/attempt_001/slide_metrics.csv,1491,8f806b91c02265a9f41622ad3b7fb1a7424075749f66fa36b45eca55df32aecd,results/scorpion/pathoalign_capacity_matched_ablations_v1/cells/fold_4/no_scanner_dependence/seed_805/fold4-no_scanner_dependence-seed805-515986d148d60792/attempts/attempt_001/training_history.csv,998,3ff3136750ea1562b181b9a18a330c28bc366c57f9b0d41576bb9b9f8405fe91
fold4-no_cross_covariance-seed805-505d5e948054e583,no_cross_covariance,4,805,1,valid,59ba04450adf738aa2983dc40ecb4ff09ffa495f13d43c56edde5ec57707a2e1,0adea50f1ef22865969109f1834a3c175e3f8b43,18.331016299998737,101337088,results/scorpion/pathoalign_capacity_matched_ablations_v1/cells/fold_4/no_cross_covariance/seed_805/fold4-no_cross_covariance-seed805-505d5e948054e583/cell_manifest.json,2934,a38723a41c4fa96da2379e1276bdb15f6c24b17df6a816ac82d6dc43f82c9e62,results/scorpion/pathoalign_capacity_matched_ablations_v1/cells/fold_4/no_cross_covariance/seed_805/fold4-no_cross_covariance-seed805-505d5e948054e583/attempts/attempt_001/checkpoint.pt,6208098,5cf05f3124f2c79c336d0a58ff6b695e6c2dd7032d28c9c58421b51548078a22,results/scorpion/pathoalign_capacity_matched_ablations_v1/cells/fold_4/no_cross_covariance/seed_805/fold4-no_cross_covariance-seed805-505d5e948054e583/attempts/attempt_001/projected_features.npz,2849542,fffe4844e5eb81046044fcb3c07769774520bc1c29afecf642a9145e8173cd38,results/scorpion/pathoalign_capacity_matched_ablations_v1/cells/fold_4/no_cross_covariance/seed_805/fold4-no_cross_covariance-seed805-505d5e948054e583/attempts/attempt_001/metrics.json,774,0b6e9b95981fed5ad254a23ae95067b8fdd48a69137dc57999f82b0a13e9ba4d,results/scorpion/pathoalign_capacity_matched_ablations_v1/cells/fold_4/no_cross_covariance/seed_805/fold4-no_cross_covariance-seed805-505d5e948054e583/attempts/attempt_001/slide_metrics.csv,1453,ad254a7a68f5b9dab11e8825c1dd3eef3fa735a51ab3ef47b7b0bb237cdead35,results/scorpion/pathoalign_capacity_matched_ablations_v1/cells/fold_4/no_cross_covariance/seed_805/fold4-no_cross_covariance-seed805-505d5e948054e583/attempts/attempt_001/training_history.csv,987,12f8e0f2b432e029553b29e9b323665ef3ba88428c7e1f4a026969174c919b25
